datetime,symbol,open,high,low,close,volume,year_month
2026-07-01 00:00:00,CME_MINI:NQ1!,30535.25,30553.75,30531.0,30545.75,535.0,2026-07
2026-07-01 00:01:00,CME_MINI:NQ1!,30543.0,30549.75,30533.0,30538.5,216.0,2026-07
2026-07-01 00:02:00,CME_MINI:NQ1!,30539.0,30548.25,30527.5,30527.5,232.0,2026-07
2026-07-01 00:03:00,CME_MINI:NQ1!,30527.5,30540.0,30522.25,30538.0,226.0,2026-07
2026-07-01 00:04:00,CME_MINI:NQ1!,30536.75,30537.25,30529.75,30536.75,87.0,2026-07
2026-07-01 00:05:00,CME_MINI:NQ1!,30534.75,30537.25,30514.75,30525.25,192.0,2026-07
2026-07-01 00:06:00,CME_MINI:NQ1!,30526.0,30540.0,30517.5,30519.0,215.0,2026-07
2026-07-01 00:07:00,CME_MINI:NQ1!,30520.75,30525.75,30517.75,30525.25,103.0,2026-07
2026-07-01 00:08:00,CME_MINI:NQ1!,30525.75,30534.75,30522.5,30532.5,131.0,2026-07
2026-07-01 00:09:00,CME_MINI:NQ1!,30533.0,30537.5,30526.5,30530.25,147.0,2026-07
2026-07-01 00:10:00,CME_MINI:NQ1!,30531.75,30545.0,30524.25,30544.5,280.0,2026-07
2026-07-01 00:11:00,CME_MINI:NQ1!,30541.25,30542.0,30526.75,30529.0,186.0,2026-07
2026-07-01 00:12:00,CME_MINI:NQ1!,30527.25,30536.0,30526.0,30531.25,126.0,2026-07
2026-07-01 00:13:00,CME_MINI:NQ1!,30528.5,30540.0,30526.25,30536.0,92.0,2026-07
2026-07-01 00:14:00,CME_MINI:NQ1!,30536.5,30537.0,30524.5,30528.25,177.0,2026-07
2026-07-01 00:15:00,CME_MINI:NQ1!,30531.0,30536.5,30518.5,30521.75,196.0,2026-07
2026-07-01 00:16:00,CME_MINI:NQ1!,30521.0,30533.5,30520.25,30532.75,93.0,2026-07
2026-07-01 00:17:00,CME_MINI:NQ1!,30532.25,30540.0,30528.75,30528.75,92.0,2026-07
2026-07-01 00:18:00,CME_MINI:NQ1!,30528.5,30528.75,30523.0,30527.0,73.0,2026-07
2026-07-01 00:19:00,CME_MINI:NQ1!,30527.75,30530.0,30519.0,30519.0,52.0,2026-07
2026-07-01 00:20:00,CME_MINI:NQ1!,30520.25,30530.75,30519.5,30529.0,69.0,2026-07
2026-07-01 00:21:00,CME_MINI:NQ1!,30530.25,30532.0,30516.25,30517.5,122.0,2026-07
2026-07-01 00:22:00,CME_MINI:NQ1!,30517.5,30518.25,30511.0,30514.0,178.0,2026-07
2026-07-01 00:23:00,CME_MINI:NQ1!,30514.5,30517.5,30508.75,30512.75,182.0,2026-07
2026-07-01 00:24:00,CME_MINI:NQ1!,30512.25,30521.75,30511.25,30515.75,175.0,2026-07
2026-07-01 00:25:00,CME_MINI:NQ1!,30513.75,30516.25,30507.0,30514.0,192.0,2026-07
2026-07-01 00:26:00,CME_MINI:NQ1!,30514.75,30516.25,30511.0,30512.5,53.0,2026-07
2026-07-01 00:27:00,CME_MINI:NQ1!,30510.75,30525.25,30510.5,30523.0,174.0,2026-07
2026-07-01 00:28:00,CME_MINI:NQ1!,30523.5,30536.75,30522.75,30536.75,177.0,2026-07
2026-07-01 00:29:00,CME_MINI:NQ1!,30536.5,30540.75,30532.25,30536.5,149.0,2026-07
2026-07-01 00:30:00,CME_MINI:NQ1!,30536.75,30542.5,30532.0,30540.0,119.0,2026-07
2026-07-01 00:31:00,CME_MINI:NQ1!,30539.25,30543.5,30534.75,30541.75,99.0,2026-07
2026-07-01 00:32:00,CME_MINI:NQ1!,30542.25,30545.75,30534.25,30543.0,139.0,2026-07
2026-07-01 00:33:00,CME_MINI:NQ1!,30543.75,30549.25,30540.75,30546.75,124.0,2026-07
2026-07-01 00:34:00,CME_MINI:NQ1!,30547.25,30547.25,30540.5,30541.0,55.0,2026-07
2026-07-01 00:35:00,CME_MINI:NQ1!,30541.5,30542.75,30527.5,30530.0,124.0,2026-07
2026-07-01 00:36:00,CME_MINI:NQ1!,30529.25,30540.75,30529.25,30536.75,121.0,2026-07
2026-07-01 00:37:00,CME_MINI:NQ1!,30536.0,30543.0,30535.25,30542.0,55.0,2026-07
2026-07-01 00:38:00,CME_MINI:NQ1!,30541.5,30547.0,30539.75,30541.25,106.0,2026-07
2026-07-01 00:39:00,CME_MINI:NQ1!,30543.0,30545.5,30538.0,30541.75,181.0,2026-07
2026-07-01 00:40:00,CME_MINI:NQ1!,30544.0,30548.25,30542.25,30545.5,78.0,2026-07
2026-07-01 00:41:00,CME_MINI:NQ1!,30544.5,30544.75,30538.5,30538.5,73.0,2026-07
2026-07-01 00:42:00,CME_MINI:NQ1!,30538.0,30541.75,30537.0,30540.5,22.0,2026-07
2026-07-01 00:43:00,CME_MINI:NQ1!,30539.0,30541.5,30538.25,30541.0,23.0,2026-07
2026-07-01 00:44:00,CME_MINI:NQ1!,30540.0,30540.0,30535.25,30538.0,38.0,2026-07
2026-07-01 00:45:00,CME_MINI:NQ1!,30539.75,30542.5,30534.25,30537.25,51.0,2026-07
2026-07-01 00:46:00,CME_MINI:NQ1!,30537.75,30543.5,30535.5,30538.75,38.0,2026-07
2026-07-01 00:47:00,CME_MINI:NQ1!,30539.0,30539.0,30533.0,30537.0,44.0,2026-07
2026-07-01 00:48:00,CME_MINI:NQ1!,30537.0,30537.75,30534.0,30537.0,18.0,2026-07
2026-07-01 00:49:00,CME_MINI:NQ1!,30537.25,30544.75,30537.25,30543.25,44.0,2026-07
2026-07-01 00:50:00,CME_MINI:NQ1!,30542.75,30543.5,30538.5,30541.25,31.0,2026-07
2026-07-01 00:51:00,CME_MINI:NQ1!,30540.5,30546.5,30539.75,30543.0,79.0,2026-07
2026-07-01 00:52:00,CME_MINI:NQ1!,30544.5,30547.0,30538.75,30545.5,117.0,2026-07
2026-07-01 00:53:00,CME_MINI:NQ1!,30543.75,30546.25,30538.25,30539.0,55.0,2026-07
2026-07-01 00:54:00,CME_MINI:NQ1!,30538.75,30538.75,30530.0,30530.75,84.0,2026-07
2026-07-01 00:55:00,CME_MINI:NQ1!,30531.25,30537.0,30531.0,30534.5,72.0,2026-07
2026-07-01 00:56:00,CME_MINI:NQ1!,30534.75,30535.5,30528.0,30534.25,61.0,2026-07
2026-07-01 00:57:00,CME_MINI:NQ1!,30533.5,30536.25,30531.25,30535.0,54.0,2026-07
2026-07-01 00:58:00,CME_MINI:NQ1!,30533.0,30533.75,30526.0,30527.0,42.0,2026-07
2026-07-01 00:59:00,CME_MINI:NQ1!,30527.0,30527.5,30523.75,30524.0,107.0,2026-07
2026-07-01 01:00:00,CME_MINI:NQ1!,30523.75,30527.0,30519.0,30520.5,153.0,2026-07
2026-07-01 01:01:00,CME_MINI:NQ1!,30524.25,30525.5,30519.0,30525.5,77.0,2026-07
2026-07-01 01:02:00,CME_MINI:NQ1!,30526.25,30530.25,30520.25,30523.25,82.0,2026-07
2026-07-01 01:03:00,CME_MINI:NQ1!,30524.0,30524.25,30517.25,30520.75,89.0,2026-07
2026-07-01 01:04:00,CME_MINI:NQ1!,30519.25,30519.25,30510.0,30510.0,175.0,2026-07
2026-07-01 01:05:00,CME_MINI:NQ1!,30509.75,30516.25,30507.25,30513.75,161.0,2026-07
2026-07-01 01:06:00,CME_MINI:NQ1!,30515.25,30518.5,30507.75,30510.0,138.0,2026-07
2026-07-01 01:07:00,CME_MINI:NQ1!,30508.75,30516.25,30508.5,30510.5,89.0,2026-07
2026-07-01 01:08:00,CME_MINI:NQ1!,30510.0,30510.0,30500.0,30502.5,133.0,2026-07
2026-07-01 01:09:00,CME_MINI:NQ1!,30502.75,30506.0,30496.25,30501.5,212.0,2026-07
2026-07-01 01:10:00,CME_MINI:NQ1!,30501.75,30502.0,30486.0,30491.25,352.0,2026-07
2026-07-01 01:11:00,CME_MINI:NQ1!,30492.0,30493.5,30487.5,30490.75,86.0,2026-07
2026-07-01 01:12:00,CME_MINI:NQ1!,30490.25,30495.75,30479.25,30479.5,279.0,2026-07
2026-07-01 01:13:00,CME_MINI:NQ1!,30479.5,30488.25,30471.75,30488.25,396.0,2026-07
2026-07-01 01:14:00,CME_MINI:NQ1!,30489.25,30500.25,30485.0,30497.25,304.0,2026-07
2026-07-01 01:15:00,CME_MINI:NQ1!,30500.0,30506.75,30494.25,30496.0,264.0,2026-07
2026-07-01 01:16:00,CME_MINI:NQ1!,30496.0,30496.25,30469.75,30474.25,318.0,2026-07
2026-07-01 01:17:00,CME_MINI:NQ1!,30475.0,30485.25,30466.75,30472.25,210.0,2026-07
2026-07-01 01:18:00,CME_MINI:NQ1!,30472.75,30482.5,30470.5,30476.0,469.0,2026-07
2026-07-01 01:19:00,CME_MINI:NQ1!,30477.0,30486.75,30474.75,30484.75,176.0,2026-07
2026-07-01 01:20:00,CME_MINI:NQ1!,30483.5,30489.25,30476.0,30487.75,223.0,2026-07
2026-07-01 01:21:00,CME_MINI:NQ1!,30487.5,30492.75,30482.25,30486.5,112.0,2026-07
2026-07-01 01:22:00,CME_MINI:NQ1!,30485.0,30498.0,30481.25,30493.25,150.0,2026-07
2026-07-01 01:23:00,CME_MINI:NQ1!,30494.25,30498.0,30492.0,30495.0,75.0,2026-07
2026-07-01 01:24:00,CME_MINI:NQ1!,30496.25,30498.0,30482.75,30485.75,103.0,2026-07
2026-07-01 01:25:00,CME_MINI:NQ1!,30485.0,30491.0,30478.5,30478.5,126.0,2026-07
2026-07-01 01:26:00,CME_MINI:NQ1!,30478.5,30491.5,30478.5,30490.0,107.0,2026-07
2026-07-01 01:27:00,CME_MINI:NQ1!,30489.25,30490.25,30482.5,30485.0,103.0,2026-07
2026-07-01 01:28:00,CME_MINI:NQ1!,30485.0,30491.0,30481.5,30490.0,107.0,2026-07
2026-07-01 01:29:00,CME_MINI:NQ1!,30490.25,30495.25,30486.0,30486.0,155.0,2026-07
2026-07-01 01:30:00,CME_MINI:NQ1!,30486.5,30504.0,30485.25,30488.5,237.0,2026-07
2026-07-01 01:31:00,CME_MINI:NQ1!,30487.75,30489.75,30470.75,30472.75,268.0,2026-07
2026-07-01 01:32:00,CME_MINI:NQ1!,30473.0,30487.75,30472.25,30483.25,104.0,2026-07
2026-07-01 01:33:00,CME_MINI:NQ1!,30483.75,30483.75,30473.75,30473.75,66.0,2026-07
2026-07-01 01:34:00,CME_MINI:NQ1!,30477.0,30481.75,30471.0,30476.25,162.0,2026-07
2026-07-01 01:35:00,CME_MINI:NQ1!,30477.0,30481.0,30473.25,30478.0,72.0,2026-07
2026-07-01 01:36:00,CME_MINI:NQ1!,30477.0,30479.75,30469.0,30476.75,149.0,2026-07
2026-07-01 01:37:00,CME_MINI:NQ1!,30477.25,30478.25,30468.0,30476.0,220.0,2026-07
2026-07-01 01:38:00,CME_MINI:NQ1!,30476.0,30486.5,30476.0,30480.75,151.0,2026-07
2026-07-01 01:39:00,CME_MINI:NQ1!,30481.5,30485.75,30479.0,30480.25,68.0,2026-07
2026-07-01 01:40:00,CME_MINI:NQ1!,30479.0,30484.25,30469.5,30478.25,101.0,2026-07
2026-07-01 01:41:00,CME_MINI:NQ1!,30479.5,30480.25,30474.0,30478.5,124.0,2026-07
2026-07-01 01:42:00,CME_MINI:NQ1!,30479.75,30481.0,30476.25,30476.5,84.0,2026-07
2026-07-01 01:43:00,CME_MINI:NQ1!,30476.75,30480.25,30476.75,30480.25,57.0,2026-07
2026-07-01 01:44:00,CME_MINI:NQ1!,30475.5,30476.25,30472.0,30474.75,81.0,2026-07
2026-07-01 01:45:00,CME_MINI:NQ1!,30474.75,30483.0,30469.5,30475.5,177.0,2026-07
2026-07-01 01:46:00,CME_MINI:NQ1!,30473.5,30477.5,30470.75,30474.25,49.0,2026-07
2026-07-01 01:47:00,CME_MINI:NQ1!,30476.25,30477.75,30470.5,30471.25,52.0,2026-07
2026-07-01 01:48:00,CME_MINI:NQ1!,30471.75,30472.25,30456.0,30460.25,377.0,2026-07
2026-07-01 01:49:00,CME_MINI:NQ1!,30459.75,30464.25,30456.25,30464.25,94.0,2026-07
2026-07-01 01:50:00,CME_MINI:NQ1!,30464.25,30464.75,30456.0,30457.75,88.0,2026-07
2026-07-01 01:51:00,CME_MINI:NQ1!,30456.5,30461.25,30455.5,30456.75,57.0,2026-07
2026-07-01 01:52:00,CME_MINI:NQ1!,30459.25,30460.0,30452.0,30459.25,124.0,2026-07
2026-07-01 01:53:00,CME_MINI:NQ1!,30459.5,30467.0,30458.5,30462.0,124.0,2026-07
2026-07-01 01:54:00,CME_MINI:NQ1!,30462.5,30463.25,30456.25,30463.25,69.0,2026-07
2026-07-01 01:55:00,CME_MINI:NQ1!,30462.0,30475.0,30462.0,30472.0,142.0,2026-07
2026-07-01 01:56:00,CME_MINI:NQ1!,30472.5,30479.25,30472.25,30473.25,152.0,2026-07
2026-07-01 01:57:00,CME_MINI:NQ1!,30472.75,30473.25,30458.25,30458.5,177.0,2026-07
2026-07-01 01:58:00,CME_MINI:NQ1!,30459.5,30460.0,30454.0,30459.5,57.0,2026-07
2026-07-01 01:59:00,CME_MINI:NQ1!,30459.5,30462.5,30450.5,30453.5,105.0,2026-07
2026-07-01 02:00:00,CME_MINI:NQ1!,30453.5,30456.25,30444.5,30446.75,197.0,2026-07
2026-07-01 02:01:00,CME_MINI:NQ1!,30448.75,30449.0,30434.0,30435.5,205.0,2026-07
2026-07-01 02:02:00,CME_MINI:NQ1!,30436.0,30438.25,30428.75,30432.25,207.0,2026-07
2026-07-01 02:03:00,CME_MINI:NQ1!,30433.5,30438.0,30428.75,30434.5,79.0,2026-07
2026-07-01 02:04:00,CME_MINI:NQ1!,30436.0,30438.25,30429.0,30430.25,83.0,2026-07
2026-07-01 02:05:00,CME_MINI:NQ1!,30430.5,30430.5,30414.5,30414.5,270.0,2026-07
2026-07-01 02:06:00,CME_MINI:NQ1!,30416.0,30416.0,30406.5,30406.5,291.0,2026-07
2026-07-01 02:07:00,CME_MINI:NQ1!,30407.0,30414.0,30405.5,30410.75,148.0,2026-07
2026-07-01 02:08:00,CME_MINI:NQ1!,30410.25,30410.25,30399.5,30406.25,160.0,2026-07
2026-07-01 02:09:00,CME_MINI:NQ1!,30403.75,30407.0,30395.75,30406.5,157.0,2026-07
2026-07-01 02:10:00,CME_MINI:NQ1!,30405.25,30408.25,30393.5,30395.75,220.0,2026-07
2026-07-01 02:11:00,CME_MINI:NQ1!,30397.5,30404.0,30395.75,30396.0,119.0,2026-07
2026-07-01 02:12:00,CME_MINI:NQ1!,30396.75,30403.75,30392.25,30401.75,129.0,2026-07
2026-07-01 02:13:00,CME_MINI:NQ1!,30402.5,30413.5,30393.0,30397.25,209.0,2026-07
2026-07-01 02:14:00,CME_MINI:NQ1!,30394.75,30395.5,30386.5,30392.5,284.0,2026-07
2026-07-01 02:15:00,CME_MINI:NQ1!,30391.25,30398.0,30367.75,30392.5,658.0,2026-07
2026-07-01 02:16:00,CME_MINI:NQ1!,30393.25,30402.25,30391.75,30399.0,228.0,2026-07
2026-07-01 02:17:00,CME_MINI:NQ1!,30399.5,30405.25,30397.5,30405.25,98.0,2026-07
2026-07-01 02:18:00,CME_MINI:NQ1!,30404.0,30409.5,30400.0,30401.0,154.0,2026-07
2026-07-01 02:19:00,CME_MINI:NQ1!,30401.5,30405.75,30395.5,30405.0,83.0,2026-07
2026-07-01 02:20:00,CME_MINI:NQ1!,30405.25,30405.25,30394.0,30403.5,225.0,2026-07
2026-07-01 02:21:00,CME_MINI:NQ1!,30402.75,30416.5,30402.0,30414.5,208.0,2026-07
2026-07-01 02:22:00,CME_MINI:NQ1!,30413.5,30417.25,30412.25,30416.0,97.0,2026-07
2026-07-01 02:23:00,CME_MINI:NQ1!,30414.75,30414.75,30408.5,30414.0,82.0,2026-07
2026-07-01 02:24:00,CME_MINI:NQ1!,30413.75,30415.25,30408.75,30409.75,119.0,2026-07
2026-07-01 02:25:00,CME_MINI:NQ1!,30410.75,30412.25,30403.25,30404.75,72.0,2026-07
2026-07-01 02:26:00,CME_MINI:NQ1!,30404.5,30423.0,30404.25,30419.75,152.0,2026-07
2026-07-01 02:27:00,CME_MINI:NQ1!,30419.5,30420.5,30410.0,30410.25,78.0,2026-07
2026-07-01 02:28:00,CME_MINI:NQ1!,30410.75,30417.25,30408.0,30412.5,60.0,2026-07
2026-07-01 02:29:00,CME_MINI:NQ1!,30413.5,30422.0,30410.5,30421.0,57.0,2026-07
2026-07-01 02:30:00,CME_MINI:NQ1!,30421.25,30424.75,30418.5,30421.25,96.0,2026-07
2026-07-01 02:31:00,CME_MINI:NQ1!,30421.25,30428.0,30411.5,30412.0,260.0,2026-07
2026-07-01 02:32:00,CME_MINI:NQ1!,30410.0,30416.25,30408.25,30413.75,81.0,2026-07
2026-07-01 02:33:00,CME_MINI:NQ1!,30413.25,30423.75,30410.75,30421.0,83.0,2026-07
2026-07-01 02:34:00,CME_MINI:NQ1!,30422.0,30423.0,30408.25,30408.25,76.0,2026-07
2026-07-01 02:35:00,CME_MINI:NQ1!,30410.0,30417.25,30409.25,30417.25,56.0,2026-07
2026-07-01 02:36:00,CME_MINI:NQ1!,30417.0,30421.5,30416.5,30416.5,77.0,2026-07
2026-07-01 02:37:00,CME_MINI:NQ1!,30416.75,30418.25,30415.0,30416.0,20.0,2026-07
2026-07-01 02:38:00,CME_MINI:NQ1!,30416.5,30421.5,30414.5,30421.5,45.0,2026-07
2026-07-01 02:39:00,CME_MINI:NQ1!,30421.0,30423.25,30419.5,30420.5,36.0,2026-07
2026-07-01 02:40:00,CME_MINI:NQ1!,30419.5,30421.75,30417.0,30421.5,42.0,2026-07
2026-07-01 02:41:00,CME_MINI:NQ1!,30422.25,30428.75,30420.75,30428.75,102.0,2026-07
2026-07-01 02:42:00,CME_MINI:NQ1!,30428.75,30433.5,30428.25,30433.5,134.0,2026-07
2026-07-01 02:43:00,CME_MINI:NQ1!,30433.25,30446.0,30433.25,30441.0,396.0,2026-07
2026-07-01 02:44:00,CME_MINI:NQ1!,30440.25,30441.25,30437.0,30440.0,86.0,2026-07
2026-07-01 02:45:00,CME_MINI:NQ1!,30440.75,30442.25,30436.0,30436.75,99.0,2026-07
2026-07-01 02:46:00,CME_MINI:NQ1!,30436.25,30438.75,30431.0,30434.5,130.0,2026-07
2026-07-01 02:47:00,CME_MINI:NQ1!,30435.0,30436.0,30428.75,30434.75,69.0,2026-07
2026-07-01 02:48:00,CME_MINI:NQ1!,30435.0,30441.5,30433.75,30435.5,45.0,2026-07
2026-07-01 02:49:00,CME_MINI:NQ1!,30435.0,30437.0,30433.0,30435.75,19.0,2026-07
2026-07-01 02:50:00,CME_MINI:NQ1!,30433.5,30436.5,30431.25,30433.0,34.0,2026-07
2026-07-01 02:51:00,CME_MINI:NQ1!,30433.5,30433.75,30428.5,30429.5,32.0,2026-07
2026-07-01 02:52:00,CME_MINI:NQ1!,30430.0,30432.75,30425.5,30430.0,82.0,2026-07
2026-07-01 02:53:00,CME_MINI:NQ1!,30429.75,30432.5,30424.75,30432.5,48.0,2026-07
2026-07-01 02:54:00,CME_MINI:NQ1!,30432.5,30439.25,30432.5,30437.5,67.0,2026-07
2026-07-01 02:55:00,CME_MINI:NQ1!,30437.75,30440.25,30435.25,30440.0,24.0,2026-07
2026-07-01 02:56:00,CME_MINI:NQ1!,30440.0,30441.25,30434.5,30435.75,48.0,2026-07
2026-07-01 02:57:00,CME_MINI:NQ1!,30435.25,30441.75,30435.25,30436.5,70.0,2026-07
2026-07-01 02:58:00,CME_MINI:NQ1!,30436.25,30439.0,30434.5,30439.0,19.0,2026-07
2026-07-01 02:59:00,CME_MINI:NQ1!,30438.0,30442.5,30437.75,30438.5,41.0,2026-07
2026-07-01 03:00:00,CME_MINI:NQ1!,30438.5,30444.0,30435.5,30438.0,169.0,2026-07
2026-07-01 03:01:00,CME_MINI:NQ1!,30437.0,30442.5,30432.75,30435.5,59.0,2026-07
2026-07-01 03:02:00,CME_MINI:NQ1!,30435.5,30448.25,30435.5,30441.75,112.0,2026-07
2026-07-01 03:03:00,CME_MINI:NQ1!,30442.25,30446.75,30441.25,30444.0,49.0,2026-07
2026-07-01 03:04:00,CME_MINI:NQ1!,30444.75,30445.25,30437.25,30437.25,51.0,2026-07
2026-07-01 03:05:00,CME_MINI:NQ1!,30439.75,30447.25,30438.0,30446.0,49.0,2026-07
2026-07-01 03:06:00,CME_MINI:NQ1!,30447.75,30449.75,30444.5,30449.25,60.0,2026-07
2026-07-01 03:07:00,CME_MINI:NQ1!,30449.75,30455.25,30449.0,30454.5,109.0,2026-07
2026-07-01 03:08:00,CME_MINI:NQ1!,30454.25,30455.0,30448.75,30451.25,116.0,2026-07
2026-07-01 03:09:00,CME_MINI:NQ1!,30451.0,30454.25,30448.5,30453.25,66.0,2026-07
2026-07-01 03:10:00,CME_MINI:NQ1!,30453.75,30457.0,30450.75,30454.75,64.0,2026-07
2026-07-01 03:11:00,CME_MINI:NQ1!,30455.0,30460.75,30454.25,30460.75,83.0,2026-07
2026-07-01 03:12:00,CME_MINI:NQ1!,30459.5,30462.5,30458.5,30460.25,73.0,2026-07
2026-07-01 03:13:00,CME_MINI:NQ1!,30459.75,30464.0,30459.5,30462.5,49.0,2026-07
2026-07-01 03:14:00,CME_MINI:NQ1!,30461.5,30465.0,30460.0,30462.25,49.0,2026-07
2026-07-01 03:15:00,CME_MINI:NQ1!,30461.75,30463.0,30459.0,30461.5,32.0,2026-07
2026-07-01 03:16:00,CME_MINI:NQ1!,30461.0,30466.0,30451.25,30452.0,93.0,2026-07
2026-07-01 03:17:00,CME_MINI:NQ1!,30451.0,30452.25,30443.5,30444.0,74.0,2026-07
2026-07-01 03:18:00,CME_MINI:NQ1!,30442.5,30447.25,30435.75,30446.0,204.0,2026-07
2026-07-01 03:19:00,CME_MINI:NQ1!,30447.0,30450.75,30443.5,30447.25,97.0,2026-07
2026-07-01 03:20:00,CME_MINI:NQ1!,30447.5,30448.0,30440.75,30445.0,106.0,2026-07
2026-07-01 03:21:00,CME_MINI:NQ1!,30446.0,30447.75,30437.0,30438.0,87.0,2026-07
2026-07-01 03:22:00,CME_MINI:NQ1!,30437.75,30440.0,30434.5,30435.5,56.0,2026-07
2026-07-01 03:23:00,CME_MINI:NQ1!,30435.25,30441.0,30434.75,30436.5,74.0,2026-07
2026-07-01 03:24:00,CME_MINI:NQ1!,30437.75,30438.5,30431.75,30435.0,75.0,2026-07
2026-07-01 03:25:00,CME_MINI:NQ1!,30434.75,30437.25,30429.5,30436.75,61.0,2026-07
2026-07-01 03:26:00,CME_MINI:NQ1!,30437.0,30445.5,30436.25,30436.5,129.0,2026-07
2026-07-01 03:27:00,CME_MINI:NQ1!,30436.25,30437.25,30433.0,30437.25,74.0,2026-07
2026-07-01 03:28:00,CME_MINI:NQ1!,30438.25,30442.5,30437.0,30438.5,60.0,2026-07
2026-07-01 03:29:00,CME_MINI:NQ1!,30437.0,30441.0,30435.0,30437.25,46.0,2026-07
2026-07-01 03:30:00,CME_MINI:NQ1!,30439.5,30446.0,30437.75,30443.5,86.0,2026-07
2026-07-01 03:31:00,CME_MINI:NQ1!,30443.5,30444.5,30431.75,30434.5,47.0,2026-07
2026-07-01 03:32:00,CME_MINI:NQ1!,30435.25,30439.25,30433.0,30438.75,31.0,2026-07
2026-07-01 03:33:00,CME_MINI:NQ1!,30438.75,30448.0,30438.75,30443.0,80.0,2026-07
2026-07-01 03:34:00,CME_MINI:NQ1!,30443.0,30444.75,30438.5,30442.25,40.0,2026-07
2026-07-01 03:35:00,CME_MINI:NQ1!,30443.75,30456.0,30443.75,30455.5,112.0,2026-07
2026-07-01 03:36:00,CME_MINI:NQ1!,30455.0,30461.75,30454.0,30459.0,115.0,2026-07
2026-07-01 03:37:00,CME_MINI:NQ1!,30459.25,30465.0,30457.25,30457.75,115.0,2026-07
2026-07-01 03:38:00,CME_MINI:NQ1!,30457.25,30465.5,30454.5,30459.25,95.0,2026-07
2026-07-01 03:39:00,CME_MINI:NQ1!,30458.75,30465.75,30458.75,30464.75,52.0,2026-07
2026-07-01 03:40:00,CME_MINI:NQ1!,30463.0,30468.0,30459.75,30464.0,68.0,2026-07
2026-07-01 03:41:00,CME_MINI:NQ1!,30463.0,30467.25,30456.5,30459.25,80.0,2026-07
2026-07-01 03:42:00,CME_MINI:NQ1!,30456.25,30456.25,30447.5,30449.0,117.0,2026-07
2026-07-01 03:43:00,CME_MINI:NQ1!,30447.75,30454.5,30447.75,30453.5,46.0,2026-07
2026-07-01 03:44:00,CME_MINI:NQ1!,30452.25,30453.0,30446.0,30448.75,43.0,2026-07
2026-07-01 03:45:00,CME_MINI:NQ1!,30450.25,30456.5,30449.75,30453.0,45.0,2026-07
2026-07-01 03:46:00,CME_MINI:NQ1!,30454.5,30464.75,30454.5,30463.75,69.0,2026-07
2026-07-01 03:47:00,CME_MINI:NQ1!,30464.0,30469.5,30464.0,30466.75,75.0,2026-07
2026-07-01 03:48:00,CME_MINI:NQ1!,30465.25,30466.5,30463.0,30465.0,38.0,2026-07
2026-07-01 03:49:00,CME_MINI:NQ1!,30464.5,30469.75,30464.5,30468.0,54.0,2026-07
2026-07-01 03:50:00,CME_MINI:NQ1!,30468.75,30473.25,30467.75,30472.0,83.0,2026-07
2026-07-01 03:51:00,CME_MINI:NQ1!,30471.25,30475.5,30470.0,30473.75,59.0,2026-07
2026-07-01 03:52:00,CME_MINI:NQ1!,30474.25,30477.75,30473.0,30473.25,57.0,2026-07
2026-07-01 03:53:00,CME_MINI:NQ1!,30473.25,30474.75,30470.75,30470.75,27.0,2026-07
2026-07-01 03:54:00,CME_MINI:NQ1!,30471.5,30473.0,30469.75,30470.0,48.0,2026-07
2026-07-01 03:55:00,CME_MINI:NQ1!,30469.75,30470.0,30461.0,30466.0,101.0,2026-07
2026-07-01 03:56:00,CME_MINI:NQ1!,30466.0,30469.0,30464.25,30469.0,57.0,2026-07
2026-07-01 03:57:00,CME_MINI:NQ1!,30469.5,30469.5,30466.25,30469.25,27.0,2026-07
2026-07-01 03:58:00,CME_MINI:NQ1!,30467.5,30469.25,30466.0,30466.75,40.0,2026-07
2026-07-01 03:59:00,CME_MINI:NQ1!,30466.5,30469.25,30465.5,30467.0,29.0,2026-07
2026-07-01 04:00:00,CME_MINI:NQ1!,30467.25,30467.5,30454.25,30455.25,105.0,2026-07
2026-07-01 04:01:00,CME_MINI:NQ1!,30454.0,30454.75,30446.75,30448.25,136.0,2026-07
2026-07-01 04:02:00,CME_MINI:NQ1!,30449.75,30450.25,30442.0,30443.0,96.0,2026-07
2026-07-01 04:03:00,CME_MINI:NQ1!,30443.25,30447.5,30442.25,30446.0,53.0,2026-07
2026-07-01 04:04:00,CME_MINI:NQ1!,30446.0,30453.75,30446.0,30452.25,56.0,2026-07
2026-07-01 04:05:00,CME_MINI:NQ1!,30451.25,30456.25,30451.0,30453.5,45.0,2026-07
2026-07-01 04:06:00,CME_MINI:NQ1!,30455.0,30455.75,30448.75,30449.25,38.0,2026-07
2026-07-01 04:07:00,CME_MINI:NQ1!,30449.75,30458.75,30447.75,30454.5,65.0,2026-07
2026-07-01 04:08:00,CME_MINI:NQ1!,30453.5,30454.75,30450.5,30453.25,28.0,2026-07
2026-07-01 04:09:00,CME_MINI:NQ1!,30452.25,30453.25,30449.25,30451.0,34.0,2026-07
2026-07-01 04:10:00,CME_MINI:NQ1!,30451.0,30454.5,30447.5,30447.5,45.0,2026-07
2026-07-01 04:11:00,CME_MINI:NQ1!,30449.75,30450.0,30445.5,30447.0,55.0,2026-07
2026-07-01 04:12:00,CME_MINI:NQ1!,30447.0,30448.75,30443.25,30445.5,91.0,2026-07
2026-07-01 04:13:00,CME_MINI:NQ1!,30445.5,30447.0,30444.25,30444.25,21.0,2026-07
2026-07-01 18:33:00,CME_MINI:NQ1!,30153.0,30161.75,30152.5,30160.0,298.0,2026-07
2026-07-01 18:34:00,CME_MINI:NQ1!,30159.0,30165.75,30157.0,30161.0,288.0,2026-07
2026-07-01 18:35:00,CME_MINI:NQ1!,30161.0,30174.75,30159.5,30170.0,485.0,2026-07
2026-07-01 18:36:00,CME_MINI:NQ1!,30170.5,30173.0,30155.75,30160.75,415.0,2026-07
2026-07-01 18:37:00,CME_MINI:NQ1!,30159.75,30166.25,30153.75,30154.0,318.0,2026-07
2026-07-01 18:38:00,CME_MINI:NQ1!,30153.5,30156.25,30149.0,30150.75,373.0,2026-07
2026-07-01 18:39:00,CME_MINI:NQ1!,30151.5,30158.25,30151.5,30154.25,337.0,2026-07
2026-07-01 18:40:00,CME_MINI:NQ1!,30154.75,30158.75,30148.0,30149.0,369.0,2026-07
2026-07-01 18:41:00,CME_MINI:NQ1!,30150.0,30150.0,30142.0,30142.25,403.0,2026-07
2026-07-01 18:42:00,CME_MINI:NQ1!,30142.25,30148.25,30141.75,30146.25,339.0,2026-07
2026-07-01 18:43:00,CME_MINI:NQ1!,30147.5,30149.25,30132.5,30144.5,729.0,2026-07
2026-07-01 18:44:00,CME_MINI:NQ1!,30144.25,30145.5,30136.5,30145.25,462.0,2026-07
2026-07-01 18:45:00,CME_MINI:NQ1!,30145.25,30145.5,30134.75,30136.25,386.0,2026-07
2026-07-01 18:46:00,CME_MINI:NQ1!,30137.0,30137.75,30126.25,30129.0,614.0,2026-07
2026-07-01 18:47:00,CME_MINI:NQ1!,30129.75,30130.75,30113.25,30115.75,892.0,2026-07
2026-07-01 18:48:00,CME_MINI:NQ1!,30115.5,30122.5,30109.25,30120.0,910.0,2026-07
2026-07-01 18:49:00,CME_MINI:NQ1!,30119.25,30127.0,30116.75,30122.25,505.0,2026-07
2026-07-01 18:50:00,CME_MINI:NQ1!,30122.75,30126.25,30118.5,30122.0,393.0,2026-07
2026-07-01 18:51:00,CME_MINI:NQ1!,30122.0,30135.0,30121.25,30128.25,508.0,2026-07
2026-07-01 18:52:00,CME_MINI:NQ1!,30128.0,30128.25,30117.25,30118.0,439.0,2026-07
2026-07-01 18:53:00,CME_MINI:NQ1!,30117.75,30120.75,30105.75,30115.0,1177.0,2026-07
2026-07-01 18:54:00,CME_MINI:NQ1!,30115.5,30117.75,30101.75,30102.75,570.0,2026-07
2026-07-01 18:55:00,CME_MINI:NQ1!,30102.5,30113.75,30100.0,30102.5,844.0,2026-07
2026-07-01 18:56:00,CME_MINI:NQ1!,30103.75,30113.25,30099.0,30110.5,504.0,2026-07
2026-07-01 18:57:00,CME_MINI:NQ1!,30110.25,30126.0,30108.25,30124.25,407.0,2026-07
2026-07-01 18:58:00,CME_MINI:NQ1!,30124.75,30133.25,30123.5,30127.5,711.0,2026-07
2026-07-01 18:59:00,CME_MINI:NQ1!,30128.75,30136.25,30128.75,30132.75,443.0,2026-07
2026-07-01 19:00:00,CME_MINI:NQ1!,30132.75,30152.75,30127.25,30137.75,1283.0,2026-07
2026-07-01 19:01:00,CME_MINI:NQ1!,30137.0,30142.5,30131.5,30140.75,475.0,2026-07
2026-07-01 19:02:00,CME_MINI:NQ1!,30142.0,30168.5,30140.5,30164.25,882.0,2026-07
2026-07-01 19:03:00,CME_MINI:NQ1!,30164.25,30167.0,30155.0,30164.5,551.0,2026-07
2026-07-01 19:04:00,CME_MINI:NQ1!,30163.5,30179.5,30163.5,30178.5,781.0,2026-07
2026-07-01 19:05:00,CME_MINI:NQ1!,30178.75,30195.5,30173.5,30194.25,1084.0,2026-07
2026-07-01 19:06:00,CME_MINI:NQ1!,30192.75,30201.0,30185.0,30201.0,683.0,2026-07
2026-07-01 19:07:00,CME_MINI:NQ1!,30201.5,30202.5,30186.5,30193.0,731.0,2026-07
2026-07-01 19:08:00,CME_MINI:NQ1!,30193.0,30202.5,30191.75,30202.0,466.0,2026-07
2026-07-01 19:09:00,CME_MINI:NQ1!,30202.0,30217.0,30202.0,30212.5,958.0,2026-07
2026-07-01 19:10:00,CME_MINI:NQ1!,30213.0,30214.25,30199.75,30209.0,833.0,2026-07
2026-07-01 19:11:00,CME_MINI:NQ1!,30208.75,30214.5,30190.25,30192.0,743.0,2026-07
2026-07-01 19:12:00,CME_MINI:NQ1!,30191.5,30195.25,30182.0,30186.5,687.0,2026-07
2026-07-01 19:13:00,CME_MINI:NQ1!,30186.75,30195.75,30186.25,30192.5,392.0,2026-07
2026-07-01 19:14:00,CME_MINI:NQ1!,30191.25,30198.5,30183.75,30186.75,398.0,2026-07
2026-07-01 19:15:00,CME_MINI:NQ1!,30187.25,30191.5,30179.25,30184.5,517.0,2026-07
2026-07-01 19:16:00,CME_MINI:NQ1!,30185.25,30198.0,30185.25,30193.75,403.0,2026-07
2026-07-01 19:17:00,CME_MINI:NQ1!,30193.75,30196.75,30180.0,30185.5,345.0,2026-07
2026-07-01 19:18:00,CME_MINI:NQ1!,30185.0,30186.0,30168.0,30175.0,589.0,2026-07
2026-07-01 19:19:00,CME_MINI:NQ1!,30175.0,30195.75,30174.75,30194.75,535.0,2026-07
2026-07-01 19:20:00,CME_MINI:NQ1!,30193.75,30201.25,30190.75,30195.25,595.0,2026-07
2026-07-01 19:21:00,CME_MINI:NQ1!,30195.25,30202.0,30195.25,30198.0,382.0,2026-07
2026-07-01 19:22:00,CME_MINI:NQ1!,30197.25,30205.75,30193.75,30201.5,527.0,2026-07
2026-07-01 19:23:00,CME_MINI:NQ1!,30201.0,30205.25,30196.75,30202.5,436.0,2026-07
2026-07-01 19:24:00,CME_MINI:NQ1!,30202.25,30210.75,30201.25,30206.5,454.0,2026-07
2026-07-01 19:25:00,CME_MINI:NQ1!,30207.0,30208.75,30172.75,30179.75,858.0,2026-07
2026-07-01 19:26:00,CME_MINI:NQ1!,30179.75,30183.75,30171.5,30174.75,693.0,2026-07
2026-07-01 19:27:00,CME_MINI:NQ1!,30174.5,30182.25,30173.0,30180.0,381.0,2026-07
2026-07-01 19:28:00,CME_MINI:NQ1!,30180.25,30190.25,30174.5,30190.0,463.0,2026-07
2026-07-01 19:29:00,CME_MINI:NQ1!,30190.5,30196.5,30189.5,30190.0,512.0,2026-07
2026-07-01 19:30:00,CME_MINI:NQ1!,30190.0,30231.5,30190.0,30225.5,1387.0,2026-07
2026-07-01 19:31:00,CME_MINI:NQ1!,30225.5,30225.5,30196.5,30210.25,1038.0,2026-07
2026-07-01 19:32:00,CME_MINI:NQ1!,30209.75,30216.5,30203.75,30211.75,508.0,2026-07
2026-07-01 19:33:00,CME_MINI:NQ1!,30211.5,30218.5,30206.5,30216.5,410.0,2026-07
2026-07-01 19:34:00,CME_MINI:NQ1!,30216.75,30219.0,30205.25,30213.25,509.0,2026-07
2026-07-01 19:35:00,CME_MINI:NQ1!,30213.25,30213.25,30183.0,30190.0,860.0,2026-07
2026-07-01 19:36:00,CME_MINI:NQ1!,30190.25,30191.5,30175.0,30181.0,599.0,2026-07
2026-07-01 19:37:00,CME_MINI:NQ1!,30181.0,30183.0,30171.5,30175.25,506.0,2026-07
2026-07-01 19:38:00,CME_MINI:NQ1!,30173.75,30175.5,30163.0,30166.0,845.0,2026-07
2026-07-01 19:39:00,CME_MINI:NQ1!,30165.5,30173.75,30164.0,30166.5,467.0,2026-07
2026-07-01 19:40:00,CME_MINI:NQ1!,30166.0,30169.75,30143.75,30146.5,978.0,2026-07
2026-07-01 19:41:00,CME_MINI:NQ1!,30146.5,30152.75,30137.5,30140.25,718.0,2026-07
2026-07-01 19:42:00,CME_MINI:NQ1!,30139.75,30144.0,30136.0,30142.0,448.0,2026-07
2026-07-01 19:43:00,CME_MINI:NQ1!,30141.5,30151.75,30137.25,30148.0,703.0,2026-07
2026-07-01 19:44:00,CME_MINI:NQ1!,30146.75,30156.5,30134.25,30143.25,770.0,2026-07
2026-07-01 19:45:00,CME_MINI:NQ1!,30143.5,30145.5,30129.25,30134.5,666.0,2026-07
2026-07-01 19:46:00,CME_MINI:NQ1!,30135.25,30143.5,30129.0,30133.75,605.0,2026-07
2026-07-01 19:47:00,CME_MINI:NQ1!,30134.5,30136.75,30128.5,30134.0,555.0,2026-07
2026-07-01 19:48:00,CME_MINI:NQ1!,30133.75,30139.75,30126.0,30127.0,656.0,2026-07
2026-07-01 19:49:00,CME_MINI:NQ1!,30127.75,30134.25,30122.0,30132.25,594.0,2026-07
2026-07-01 19:50:00,CME_MINI:NQ1!,30131.75,30161.75,30130.0,30143.5,1407.0,2026-07
2026-07-01 19:51:00,CME_MINI:NQ1!,30143.25,30143.25,30114.5,30116.75,886.0,2026-07
2026-07-01 19:52:00,CME_MINI:NQ1!,30117.0,30118.0,30104.75,30112.5,1028.0,2026-07
2026-07-01 19:53:00,CME_MINI:NQ1!,30112.0,30132.25,30104.5,30125.25,1240.0,2026-07
2026-07-01 19:54:00,CME_MINI:NQ1!,30125.5,30134.5,30094.5,30117.5,2376.0,2026-07
2026-07-01 19:55:00,CME_MINI:NQ1!,30117.5,30119.25,30100.0,30109.0,1760.0,2026-07
2026-07-01 19:56:00,CME_MINI:NQ1!,30108.0,30116.75,30104.5,30108.0,1295.0,2026-07
2026-07-01 19:57:00,CME_MINI:NQ1!,30108.5,30108.5,30054.0,30068.25,2457.0,2026-07
2026-07-01 19:58:00,CME_MINI:NQ1!,30068.25,30083.75,30066.75,30081.5,2801.0,2026-07
2026-07-01 19:59:00,CME_MINI:NQ1!,30081.0,30108.25,30079.25,30080.75,11476.0,2026-07
2026-07-01 20:00:00,CME_MINI:NQ1!,30080.75,30086.25,30042.0,30047.25,4355.0,2026-07
2026-07-01 20:01:00,CME_MINI:NQ1!,30046.0,30046.25,30023.75,30027.0,1846.0,2026-07
2026-07-01 20:02:00,CME_MINI:NQ1!,30028.0,30037.75,30020.0,30027.0,1533.0,2026-07
2026-07-01 20:03:00,CME_MINI:NQ1!,30027.5,30033.25,30008.5,30023.25,2042.0,2026-07
2026-07-01 20:04:00,CME_MINI:NQ1!,30023.75,30034.25,30013.0,30029.25,1318.0,2026-07
2026-07-01 20:05:00,CME_MINI:NQ1!,30029.75,30033.75,30016.0,30021.75,865.0,2026-07
2026-07-01 20:06:00,CME_MINI:NQ1!,30022.5,30046.75,30020.0,30042.75,978.0,2026-07
2026-07-01 20:07:00,CME_MINI:NQ1!,30042.5,30053.0,30035.75,30050.5,806.0,2026-07
2026-07-01 20:08:00,CME_MINI:NQ1!,30051.75,30055.75,30045.75,30051.0,554.0,2026-07
2026-07-01 20:09:00,CME_MINI:NQ1!,30051.0,30052.0,30040.0,30042.75,633.0,2026-07
2026-07-01 20:10:00,CME_MINI:NQ1!,30042.25,30058.0,30040.5,30055.75,492.0,2026-07
2026-07-01 20:11:00,CME_MINI:NQ1!,30055.75,30066.5,30051.5,30052.5,519.0,2026-07
2026-07-01 20:12:00,CME_MINI:NQ1!,30052.0,30054.5,30042.0,30052.75,322.0,2026-07
2026-07-01 20:13:00,CME_MINI:NQ1!,30052.75,30066.0,30052.5,30056.0,274.0,2026-07
2026-07-01 20:14:00,CME_MINI:NQ1!,30056.25,30069.25,30056.0,30060.75,359.0,2026-07
2026-07-01 20:15:00,CME_MINI:NQ1!,30060.25,30060.5,30047.25,30052.5,312.0,2026-07
2026-07-01 20:16:00,CME_MINI:NQ1!,30052.5,30054.75,30041.75,30043.0,158.0,2026-07
2026-07-01 20:17:00,CME_MINI:NQ1!,30043.0,30049.5,30037.0,30039.0,253.0,2026-07
2026-07-01 20:18:00,CME_MINI:NQ1!,30038.25,30045.25,30034.0,30037.0,498.0,2026-07
2026-07-01 20:19:00,CME_MINI:NQ1!,30037.5,30042.25,30031.75,30033.75,164.0,2026-07
2026-07-01 20:20:00,CME_MINI:NQ1!,30034.5,30038.25,30031.25,30032.75,189.0,2026-07
2026-07-01 20:21:00,CME_MINI:NQ1!,30032.5,30035.0,30026.25,30031.0,141.0,2026-07
2026-07-01 20:22:00,CME_MINI:NQ1!,30031.5,30047.25,30030.0,30044.0,196.0,2026-07
2026-07-01 20:23:00,CME_MINI:NQ1!,30042.5,30048.5,30042.5,30047.0,102.0,2026-07
2026-07-01 20:24:00,CME_MINI:NQ1!,30046.5,30057.75,30046.5,30055.75,215.0,2026-07
2026-07-01 20:25:00,CME_MINI:NQ1!,30056.0,30065.25,30055.75,30061.75,189.0,2026-07
2026-07-01 20:26:00,CME_MINI:NQ1!,30061.75,30062.5,30057.0,30057.0,186.0,2026-07
2026-07-01 20:27:00,CME_MINI:NQ1!,30056.75,30061.0,30048.25,30060.75,246.0,2026-07
2026-07-01 20:28:00,CME_MINI:NQ1!,30062.0,30062.0,30039.0,30049.25,274.0,2026-07
2026-07-01 20:29:00,CME_MINI:NQ1!,30050.0,30054.5,30045.25,30052.5,131.0,2026-07
2026-07-01 20:30:00,CME_MINI:NQ1!,30052.5,30053.5,30047.25,30049.75,107.0,2026-07
2026-07-01 20:31:00,CME_MINI:NQ1!,30047.0,30056.5,30040.75,30052.5,238.0,2026-07
2026-07-01 20:32:00,CME_MINI:NQ1!,30051.75,30057.75,30047.5,30048.75,138.0,2026-07
2026-07-01 20:33:00,CME_MINI:NQ1!,30048.5,30048.75,30042.75,30045.75,133.0,2026-07
2026-07-01 20:34:00,CME_MINI:NQ1!,30045.25,30046.0,30033.5,30036.75,159.0,2026-07
2026-07-01 20:35:00,CME_MINI:NQ1!,30036.75,30037.5,30025.5,30026.75,178.0,2026-07
2026-07-01 20:36:00,CME_MINI:NQ1!,30026.5,30030.0,30020.5,30030.0,223.0,2026-07
2026-07-01 20:37:00,CME_MINI:NQ1!,30029.5,30040.75,30029.0,30039.75,223.0,2026-07
2026-07-01 20:38:00,CME_MINI:NQ1!,30038.5,30039.75,30034.0,30037.0,205.0,2026-07
2026-07-01 20:39:00,CME_MINI:NQ1!,30036.25,30047.75,30034.5,30047.25,256.0,2026-07
2026-07-01 20:40:00,CME_MINI:NQ1!,30047.75,30049.75,30042.25,30045.75,203.0,2026-07
2026-07-01 20:41:00,CME_MINI:NQ1!,30045.0,30051.25,30044.75,30045.5,170.0,2026-07
2026-07-01 20:42:00,CME_MINI:NQ1!,30045.75,30051.25,30041.5,30050.5,91.0,2026-07
2026-07-01 20:43:00,CME_MINI:NQ1!,30050.0,30052.25,30045.75,30051.25,73.0,2026-07
2026-07-01 20:44:00,CME_MINI:NQ1!,30050.5,30053.75,30049.5,30051.75,76.0,2026-07
2026-07-01 20:45:00,CME_MINI:NQ1!,30052.75,30059.25,30051.25,30051.25,160.0,2026-07
2026-07-01 20:46:00,CME_MINI:NQ1!,30051.75,30054.75,30050.75,30051.75,78.0,2026-07
2026-07-01 20:47:00,CME_MINI:NQ1!,30052.5,30055.75,30051.0,30055.25,76.0,2026-07
2026-07-01 20:48:00,CME_MINI:NQ1!,30056.0,30058.0,30049.0,30057.25,228.0,2026-07
2026-07-01 20:49:00,CME_MINI:NQ1!,30057.5,30062.25,30054.5,30055.75,156.0,2026-07
2026-07-01 20:50:00,CME_MINI:NQ1!,30056.0,30056.0,30048.25,30054.75,140.0,2026-07
2026-07-01 20:51:00,CME_MINI:NQ1!,30055.25,30057.5,30050.5,30051.75,73.0,2026-07
2026-07-01 20:52:00,CME_MINI:NQ1!,30051.75,30057.25,30047.0,30047.0,128.0,2026-07
2026-07-01 20:53:00,CME_MINI:NQ1!,30045.25,30050.5,30042.25,30043.75,47.0,2026-07
2026-07-01 20:54:00,CME_MINI:NQ1!,30043.25,30045.75,30041.5,30045.75,65.0,2026-07
2026-07-01 20:55:00,CME_MINI:NQ1!,30046.75,30054.0,30043.75,30054.0,76.0,2026-07
2026-07-01 20:56:00,CME_MINI:NQ1!,30052.25,30052.5,30050.25,30050.5,41.0,2026-07
2026-07-01 20:57:00,CME_MINI:NQ1!,30048.75,30054.25,30048.75,30053.75,64.0,2026-07
2026-07-01 20:58:00,CME_MINI:NQ1!,30053.0,30066.5,30047.25,30066.5,220.0,2026-07
2026-07-01 20:59:00,CME_MINI:NQ1!,30067.5,30075.0,30060.0,30064.25,220.0,2026-07
2026-07-01 22:00:00,CME_MINI:NQ1!,30089.75,30105.0,30077.5,30080.75,442.0,2026-07
2026-07-01 22:01:00,CME_MINI:NQ1!,30083.25,30099.25,30072.0,30096.5,193.0,2026-07
2026-07-01 22:02:00,CME_MINI:NQ1!,30098.0,30109.75,30083.5,30083.75,240.0,2026-07
2026-07-01 22:03:00,CME_MINI:NQ1!,30083.75,30093.25,30071.0,30077.25,193.0,2026-07
2026-07-01 22:04:00,CME_MINI:NQ1!,30079.25,30079.25,30064.0,30071.5,195.0,2026-07
2026-07-01 22:05:00,CME_MINI:NQ1!,30071.0,30079.25,30064.0,30070.75,155.0,2026-07
2026-07-01 22:06:00,CME_MINI:NQ1!,30070.5,30079.5,30070.5,30076.0,53.0,2026-07
2026-07-01 22:07:00,CME_MINI:NQ1!,30078.0,30084.5,30078.0,30082.5,84.0,2026-07
2026-07-01 22:08:00,CME_MINI:NQ1!,30082.5,30099.5,30082.5,30092.0,235.0,2026-07
2026-07-01 22:09:00,CME_MINI:NQ1!,30090.0,30091.25,30075.25,30079.75,95.0,2026-07
2026-07-01 22:10:00,CME_MINI:NQ1!,30080.75,30081.75,30073.0,30074.25,42.0,2026-07
2026-07-01 22:11:00,CME_MINI:NQ1!,30072.5,30072.5,30067.25,30068.25,41.0,2026-07
2026-07-01 22:12:00,CME_MINI:NQ1!,30068.5,30070.75,30065.25,30068.25,40.0,2026-07
2026-07-01 22:13:00,CME_MINI:NQ1!,30066.75,30066.75,30057.25,30058.5,93.0,2026-07
2026-07-01 22:14:00,CME_MINI:NQ1!,30058.25,30062.5,30052.25,30052.25,66.0,2026-07
2026-07-01 22:15:00,CME_MINI:NQ1!,30054.5,30062.25,30054.0,30062.25,48.0,2026-07
2026-07-01 22:16:00,CME_MINI:NQ1!,30060.0,30062.0,30055.75,30058.5,31.0,2026-07
2026-07-01 22:17:00,CME_MINI:NQ1!,30058.5,30058.75,30051.5,30057.75,96.0,2026-07
2026-07-01 22:18:00,CME_MINI:NQ1!,30059.25,30064.0,30058.25,30060.75,43.0,2026-07
2026-07-01 22:19:00,CME_MINI:NQ1!,30063.25,30068.5,30059.5,30068.5,41.0,2026-07
2026-07-01 22:20:00,CME_MINI:NQ1!,30068.5,30084.0,30068.5,30083.5,135.0,2026-07
2026-07-01 22:21:00,CME_MINI:NQ1!,30086.0,30097.0,30086.0,30093.0,152.0,2026-07
2026-07-01 22:22:00,CME_MINI:NQ1!,30094.0,30094.0,30090.5,30092.75,178.0,2026-07
2026-07-01 22:23:00,CME_MINI:NQ1!,30093.75,30094.0,30090.0,30090.0,47.0,2026-07
2026-07-01 22:24:00,CME_MINI:NQ1!,30089.75,30094.0,30088.75,30093.0,99.0,2026-07
2026-07-01 22:25:00,CME_MINI:NQ1!,30094.0,30100.0,30090.75,30096.75,219.0,2026-07
2026-07-01 22:26:00,CME_MINI:NQ1!,30097.75,30098.25,30092.0,30097.0,60.0,2026-07
2026-07-01 22:27:00,CME_MINI:NQ1!,30094.0,30098.5,30092.25,30096.5,34.0,2026-07
2026-07-01 22:28:00,CME_MINI:NQ1!,30096.5,30099.75,30093.75,30098.0,45.0,2026-07
2026-07-01 22:29:00,CME_MINI:NQ1!,30097.0,30102.5,30093.25,30094.75,72.0,2026-07
2026-07-01 22:30:00,CME_MINI:NQ1!,30095.0,30103.0,30092.5,30100.0,71.0,2026-07
2026-07-01 22:31:00,CME_MINI:NQ1!,30099.25,30099.25,30091.75,30093.25,78.0,2026-07
2026-07-01 22:32:00,CME_MINI:NQ1!,30093.0,30104.0,30093.0,30102.75,79.0,2026-07
2026-07-01 22:33:00,CME_MINI:NQ1!,30102.75,30112.5,30102.5,30111.25,160.0,2026-07
2026-07-01 22:34:00,CME_MINI:NQ1!,30110.75,30113.0,30106.25,30109.25,233.0,2026-07
2026-07-01 22:35:00,CME_MINI:NQ1!,30108.25,30110.5,30105.75,30109.0,51.0,2026-07
2026-07-01 22:36:00,CME_MINI:NQ1!,30110.0,30113.0,30101.0,30104.25,113.0,2026-07
2026-07-01 22:37:00,CME_MINI:NQ1!,30105.0,30108.25,30102.5,30104.25,88.0,2026-07
2026-07-01 22:38:00,CME_MINI:NQ1!,30104.75,30106.0,30101.5,30103.0,41.0,2026-07
2026-07-01 22:39:00,CME_MINI:NQ1!,30102.75,30108.0,30102.0,30107.5,25.0,2026-07
2026-07-01 22:40:00,CME_MINI:NQ1!,30108.25,30110.0,30105.0,30107.75,50.0,2026-07
2026-07-01 22:41:00,CME_MINI:NQ1!,30106.25,30111.5,30105.75,30105.75,66.0,2026-07
2026-07-01 22:42:00,CME_MINI:NQ1!,30106.75,30107.25,30103.25,30105.75,29.0,2026-07
2026-07-01 22:43:00,CME_MINI:NQ1!,30106.75,30110.25,30106.25,30108.0,20.0,2026-07
2026-07-01 22:44:00,CME_MINI:NQ1!,30108.75,30108.75,30101.0,30102.75,47.0,2026-07
2026-07-01 22:45:00,CME_MINI:NQ1!,30104.75,30106.5,30101.75,30103.5,34.0,2026-07
2026-07-01 22:46:00,CME_MINI:NQ1!,30103.75,30103.75,30089.25,30089.5,136.0,2026-07
2026-07-01 22:47:00,CME_MINI:NQ1!,30089.5,30092.5,30087.0,30087.0,56.0,2026-07
2026-07-01 22:48:00,CME_MINI:NQ1!,30088.5,30091.0,30088.0,30088.0,35.0,2026-07
2026-07-01 22:49:00,CME_MINI:NQ1!,30088.5,30093.0,30088.0,30090.5,41.0,2026-07
2026-07-01 22:50:00,CME_MINI:NQ1!,30090.25,30091.5,30081.25,30084.5,59.0,2026-07
2026-07-01 22:51:00,CME_MINI:NQ1!,30085.0,30091.0,30083.75,30088.75,41.0,2026-07
2026-07-01 22:52:00,CME_MINI:NQ1!,30089.75,30092.75,30089.75,30092.75,22.0,2026-07
2026-07-01 22:53:00,CME_MINI:NQ1!,30093.5,30094.0,30090.0,30092.5,31.0,2026-07
2026-07-01 22:54:00,CME_MINI:NQ1!,30094.0,30094.5,30084.0,30085.75,76.0,2026-07
2026-07-01 22:55:00,CME_MINI:NQ1!,30085.0,30093.0,30084.25,30093.0,85.0,2026-07
2026-07-01 22:56:00,CME_MINI:NQ1!,30093.0,30110.5,30093.0,30110.25,188.0,2026-07
2026-07-01 22:57:00,CME_MINI:NQ1!,30110.25,30112.5,30105.75,30109.75,74.0,2026-07
2026-07-01 22:58:00,CME_MINI:NQ1!,30111.0,30118.0,30108.25,30111.0,158.0,2026-07
2026-07-01 22:59:00,CME_MINI:NQ1!,30109.5,30113.0,30106.25,30107.25,91.0,2026-07
2026-07-01 23:00:00,CME_MINI:NQ1!,30108.25,30111.0,30096.25,30096.25,108.0,2026-07
2026-07-01 23:01:00,CME_MINI:NQ1!,30095.0,30103.5,30092.25,30100.75,127.0,2026-07
2026-07-01 23:02:00,CME_MINI:NQ1!,30100.25,30102.75,30092.25,30102.75,81.0,2026-07
2026-07-01 23:03:00,CME_MINI:NQ1!,30101.0,30101.0,30092.5,30100.0,62.0,2026-07
2026-07-01 23:04:00,CME_MINI:NQ1!,30100.0,30100.5,30093.5,30093.5,45.0,2026-07
2026-07-01 23:05:00,CME_MINI:NQ1!,30092.5,30093.75,30085.75,30089.0,43.0,2026-07
2026-07-01 23:06:00,CME_MINI:NQ1!,30088.25,30091.0,30085.75,30089.25,48.0,2026-07
2026-07-01 23:07:00,CME_MINI:NQ1!,30090.5,30092.75,30085.5,30086.0,43.0,2026-07
2026-07-01 23:08:00,CME_MINI:NQ1!,30085.25,30088.5,30082.5,30086.5,61.0,2026-07
2026-07-01 23:09:00,CME_MINI:NQ1!,30088.0,30093.0,30075.75,30080.0,265.0,2026-07
2026-07-01 23:10:00,CME_MINI:NQ1!,30081.75,30087.5,30080.5,30083.5,74.0,2026-07
2026-07-01 23:11:00,CME_MINI:NQ1!,30084.0,30084.0,30077.0,30079.5,84.0,2026-07
2026-07-01 23:12:00,CME_MINI:NQ1!,30080.5,30082.5,30076.5,30080.0,73.0,2026-07
2026-07-01 23:13:00,CME_MINI:NQ1!,30081.0,30082.25,30063.75,30066.75,149.0,2026-07
2026-07-01 23:14:00,CME_MINI:NQ1!,30068.25,30069.0,30060.75,30063.5,104.0,2026-07
2026-07-01 23:15:00,CME_MINI:NQ1!,30063.0,30068.5,30056.25,30065.0,109.0,2026-07
2026-07-01 23:16:00,CME_MINI:NQ1!,30064.75,30064.75,30059.5,30061.5,72.0,2026-07
2026-07-01 23:17:00,CME_MINI:NQ1!,30063.25,30065.0,30058.25,30061.0,74.0,2026-07
2026-07-01 23:18:00,CME_MINI:NQ1!,30062.5,30062.75,30054.0,30057.0,51.0,2026-07
2026-07-01 23:19:00,CME_MINI:NQ1!,30056.25,30060.75,30055.0,30059.5,30.0,2026-07
2026-07-01 23:20:00,CME_MINI:NQ1!,30059.5,30060.0,30056.75,30059.75,21.0,2026-07
2026-07-01 23:21:00,CME_MINI:NQ1!,30061.0,30063.75,30054.25,30062.0,76.0,2026-07
2026-07-01 23:22:00,CME_MINI:NQ1!,30063.25,30068.75,30063.25,30067.5,126.0,2026-07
2026-07-01 23:23:00,CME_MINI:NQ1!,30067.25,30068.75,30065.0,30067.5,138.0,2026-07
2026-07-01 23:24:00,CME_MINI:NQ1!,30068.5,30069.0,30056.25,30057.25,117.0,2026-07
2026-07-01 23:25:00,CME_MINI:NQ1!,30058.75,30066.75,30058.25,30064.5,57.0,2026-07
2026-07-01 23:26:00,CME_MINI:NQ1!,30063.75,30068.75,30063.75,30065.75,27.0,2026-07
2026-07-01 23:27:00,CME_MINI:NQ1!,30064.75,30064.75,30060.5,30063.0,42.0,2026-07
2026-07-01 23:28:00,CME_MINI:NQ1!,30063.0,30068.5,30062.0,30068.5,42.0,2026-07
2026-07-01 23:29:00,CME_MINI:NQ1!,30067.0,30068.75,30065.75,30067.25,29.0,2026-07
2026-07-01 23:30:00,CME_MINI:NQ1!,30068.75,30068.75,30064.0,30064.5,36.0,2026-07
2026-07-01 23:31:00,CME_MINI:NQ1!,30065.5,30068.75,30065.5,30067.5,50.0,2026-07
2026-07-01 23:32:00,CME_MINI:NQ1!,30067.0,30067.25,30062.75,30062.75,28.0,2026-07
2026-07-01 23:33:00,CME_MINI:NQ1!,30061.25,30063.75,30060.25,30063.25,36.0,2026-07
2026-07-01 23:34:00,CME_MINI:NQ1!,30063.5,30065.0,30048.5,30048.75,270.0,2026-07
2026-07-01 23:35:00,CME_MINI:NQ1!,30049.5,30050.5,30041.5,30047.75,154.0,2026-07
2026-07-01 23:36:00,CME_MINI:NQ1!,30048.5,30072.25,30044.25,30065.0,217.0,2026-07
2026-07-01 23:37:00,CME_MINI:NQ1!,30065.75,30067.25,30060.0,30064.5,108.0,2026-07
2026-07-01 23:38:00,CME_MINI:NQ1!,30065.25,30073.25,30065.25,30073.0,32.0,2026-07
2026-07-01 23:39:00,CME_MINI:NQ1!,30073.25,30075.0,30067.75,30069.0,54.0,2026-07
2026-07-01 23:40:00,CME_MINI:NQ1!,30069.0,30070.25,30065.25,30065.75,40.0,2026-07
2026-07-01 23:41:00,CME_MINI:NQ1!,30067.0,30075.25,30067.0,30072.5,51.0,2026-07
2026-07-01 23:42:00,CME_MINI:NQ1!,30071.75,30073.25,30066.75,30069.0,48.0,2026-07
2026-07-01 23:43:00,CME_MINI:NQ1!,30069.0,30071.25,30063.75,30065.75,86.0,2026-07
2026-07-01 23:44:00,CME_MINI:NQ1!,30066.0,30071.75,30066.0,30071.75,26.0,2026-07
2026-07-01 23:45:00,CME_MINI:NQ1!,30073.75,30073.75,30038.0,30051.75,224.0,2026-07
2026-07-01 23:46:00,CME_MINI:NQ1!,30052.0,30052.25,30029.25,30033.5,177.0,2026-07
2026-07-01 23:47:00,CME_MINI:NQ1!,30034.5,30046.25,30031.0,30043.0,90.0,2026-07
2026-07-01 23:48:00,CME_MINI:NQ1!,30043.75,30052.75,30033.75,30033.75,109.0,2026-07
2026-07-01 23:49:00,CME_MINI:NQ1!,30035.5,30035.5,30022.75,30026.0,152.0,2026-07
2026-07-01 23:50:00,CME_MINI:NQ1!,30026.25,30031.0,30010.25,30019.75,195.0,2026-07
2026-07-01 23:51:00,CME_MINI:NQ1!,30021.0,30032.0,30020.25,30027.5,105.0,2026-07
2026-07-01 23:52:00,CME_MINI:NQ1!,30026.0,30042.75,30022.25,30038.5,88.0,2026-07
2026-07-01 23:53:00,CME_MINI:NQ1!,30040.75,30055.0,30040.75,30044.75,169.0,2026-07
2026-07-01 23:54:00,CME_MINI:NQ1!,30044.0,30054.5,30044.0,30048.5,96.0,2026-07
2026-07-01 23:55:00,CME_MINI:NQ1!,30048.25,30052.5,30038.75,30038.75,127.0,2026-07
2026-07-01 23:56:00,CME_MINI:NQ1!,30038.75,30047.25,30037.75,30044.25,74.0,2026-07
2026-07-01 23:57:00,CME_MINI:NQ1!,30041.25,30043.5,30035.25,30037.75,60.0,2026-07
2026-07-01 23:58:00,CME_MINI:NQ1!,30037.25,30042.25,30035.5,30041.25,56.0,2026-07
2026-07-01 23:59:00,CME_MINI:NQ1!,30043.0,30050.0,30037.5,30042.75,101.0,2026-07
2026-07-02 00:00:00,CME_MINI:NQ1!,30046.0,30046.0,30011.0,30015.75,407.0,2026-07
2026-07-02 00:01:00,CME_MINI:NQ1!,30014.75,30015.75,29979.25,29986.0,623.0,2026-07
2026-07-02 00:02:00,CME_MINI:NQ1!,29984.75,30003.75,29970.25,29998.75,380.0,2026-07
2026-07-02 00:03:00,CME_MINI:NQ1!,30001.0,30001.25,29958.0,29965.0,307.0,2026-07
2026-07-02 00:04:00,CME_MINI:NQ1!,29965.0,29981.5,29952.5,29957.25,357.0,2026-07
2026-07-02 00:05:00,CME_MINI:NQ1!,29956.75,29983.0,29956.0,29979.0,402.0,2026-07
2026-07-02 00:06:00,CME_MINI:NQ1!,29978.5,29996.0,29969.0,29974.75,427.0,2026-07
2026-07-02 00:07:00,CME_MINI:NQ1!,29972.25,29990.25,29972.25,29987.5,143.0,2026-07
2026-07-02 00:08:00,CME_MINI:NQ1!,29986.75,30000.75,29979.5,30000.0,140.0,2026-07
2026-07-02 00:09:00,CME_MINI:NQ1!,29998.0,30003.75,29991.75,29999.25,139.0,2026-07
2026-07-02 00:10:00,CME_MINI:NQ1!,29996.25,30031.25,29996.25,30029.25,275.0,2026-07
2026-07-02 00:11:00,CME_MINI:NQ1!,30027.75,30040.25,30020.25,30024.5,196.0,2026-07
2026-07-02 00:12:00,CME_MINI:NQ1!,30021.25,30029.25,29994.75,30000.75,179.0,2026-07
2026-07-02 00:13:00,CME_MINI:NQ1!,30005.75,30012.0,29991.0,30002.0,193.0,2026-07
2026-07-02 00:14:00,CME_MINI:NQ1!,30002.0,30008.25,29996.5,29998.75,95.0,2026-07
2026-07-02 00:15:00,CME_MINI:NQ1!,30002.0,30010.5,29995.0,30000.5,188.0,2026-07
2026-07-02 00:16:00,CME_MINI:NQ1!,29999.0,30009.0,29994.75,30005.5,136.0,2026-07
2026-07-02 00:17:00,CME_MINI:NQ1!,30000.25,30012.25,29995.0,30002.5,168.0,2026-07
2026-07-02 00:18:00,CME_MINI:NQ1!,30004.5,30010.5,29990.5,29992.0,110.0,2026-07
2026-07-02 00:19:00,CME_MINI:NQ1!,29991.0,29994.25,29977.25,29978.25,188.0,2026-07
2026-07-02 00:20:00,CME_MINI:NQ1!,29981.5,29995.25,29975.75,29995.25,115.0,2026-07
2026-07-02 00:21:00,CME_MINI:NQ1!,29991.25,30019.5,29985.5,30017.5,191.0,2026-07
2026-07-02 00:22:00,CME_MINI:NQ1!,30015.5,30024.5,30011.0,30021.75,123.0,2026-07
2026-07-02 00:23:00,CME_MINI:NQ1!,30020.5,30043.0,30020.5,30034.25,233.0,2026-07
2026-07-02 00:24:00,CME_MINI:NQ1!,30035.0,30050.0,30035.0,30045.75,161.0,2026-07
2026-07-02 00:25:00,CME_MINI:NQ1!,30046.25,30052.75,30040.5,30047.5,118.0,2026-07
2026-07-02 00:26:00,CME_MINI:NQ1!,30047.5,30047.5,30036.5,30045.25,59.0,2026-07
2026-07-02 00:27:00,CME_MINI:NQ1!,30045.25,30047.75,30031.75,30035.25,90.0,2026-07
2026-07-02 00:28:00,CME_MINI:NQ1!,30034.75,30049.0,30024.75,30046.0,161.0,2026-07
2026-07-02 00:29:00,CME_MINI:NQ1!,30043.75,30068.0,30042.0,30062.5,329.0,2026-07
2026-07-02 00:30:00,CME_MINI:NQ1!,30063.25,30065.0,30045.0,30045.0,137.0,2026-07
2026-07-02 00:31:00,CME_MINI:NQ1!,30045.0,30058.0,30041.75,30056.5,84.0,2026-07
2026-07-02 00:32:00,CME_MINI:NQ1!,30053.75,30058.0,30040.0,30041.5,70.0,2026-07
2026-07-02 00:33:00,CME_MINI:NQ1!,30041.5,30052.0,30037.75,30051.75,70.0,2026-07
2026-07-02 00:34:00,CME_MINI:NQ1!,30052.25,30059.0,30046.25,30048.0,131.0,2026-07
2026-07-02 00:35:00,CME_MINI:NQ1!,30051.25,30065.25,30046.25,30061.75,132.0,2026-07
2026-07-02 00:36:00,CME_MINI:NQ1!,30062.75,30080.75,30061.0,30070.75,286.0,2026-07
2026-07-02 00:37:00,CME_MINI:NQ1!,30069.25,30075.0,30063.0,30069.0,167.0,2026-07
2026-07-02 00:38:00,CME_MINI:NQ1!,30068.5,30073.75,30065.75,30068.25,80.0,2026-07
2026-07-02 00:39:00,CME_MINI:NQ1!,30063.5,30067.0,30055.75,30060.5,135.0,2026-07
2026-07-02 00:40:00,CME_MINI:NQ1!,30060.0,30069.0,30050.5,30051.75,121.0,2026-07
2026-07-02 00:41:00,CME_MINI:NQ1!,30053.5,30054.5,30039.5,30039.5,171.0,2026-07
2026-07-02 00:42:00,CME_MINI:NQ1!,30041.5,30043.25,30026.25,30027.0,196.0,2026-07
2026-07-02 00:43:00,CME_MINI:NQ1!,30026.0,30027.5,30011.75,30020.0,170.0,2026-07
2026-07-02 00:44:00,CME_MINI:NQ1!,30020.5,30023.0,30011.0,30013.0,130.0,2026-07
2026-07-02 00:45:00,CME_MINI:NQ1!,30012.25,30022.0,30006.5,30010.0,147.0,2026-07
2026-07-02 00:46:00,CME_MINI:NQ1!,30012.75,30033.0,30011.5,30029.75,153.0,2026-07
2026-07-02 00:47:00,CME_MINI:NQ1!,30029.75,30030.0,30019.5,30020.75,115.0,2026-07
2026-07-02 00:48:00,CME_MINI:NQ1!,30019.5,30029.5,30014.25,30020.0,169.0,2026-07
2026-07-02 00:49:00,CME_MINI:NQ1!,30021.75,30055.0,30021.75,30051.0,162.0,2026-07
2026-07-02 00:50:00,CME_MINI:NQ1!,30052.0,30058.75,30043.0,30050.5,127.0,2026-07
2026-07-02 00:51:00,CME_MINI:NQ1!,30049.5,30072.25,30048.5,30070.75,160.0,2026-07
2026-07-02 00:52:00,CME_MINI:NQ1!,30068.5,30085.0,30066.0,30078.5,183.0,2026-07
2026-07-02 00:53:00,CME_MINI:NQ1!,30079.5,30092.25,30078.75,30090.0,200.0,2026-07
2026-07-02 00:54:00,CME_MINI:NQ1!,30089.0,30097.25,30083.5,30097.25,183.0,2026-07
2026-07-02 00:55:00,CME_MINI:NQ1!,30095.5,30111.5,30093.25,30106.75,429.0,2026-07
2026-07-02 00:56:00,CME_MINI:NQ1!,30106.25,30111.25,30100.75,30109.5,106.0,2026-07
2026-07-02 00:57:00,CME_MINI:NQ1!,30110.0,30117.25,30100.5,30111.75,227.0,2026-07
2026-07-02 00:58:00,CME_MINI:NQ1!,30109.75,30110.75,30099.75,30104.0,123.0,2026-07
2026-07-02 00:59:00,CME_MINI:NQ1!,30098.5,30111.0,30096.0,30110.25,104.0,2026-07
2026-07-02 01:00:00,CME_MINI:NQ1!,30110.5,30124.25,30098.0,30124.25,242.0,2026-07
2026-07-02 01:01:00,CME_MINI:NQ1!,30124.0,30130.0,30108.5,30113.25,178.0,2026-07
2026-07-02 01:02:00,CME_MINI:NQ1!,30112.75,30128.0,30109.5,30124.25,107.0,2026-07
2026-07-02 01:03:00,CME_MINI:NQ1!,30123.75,30136.25,30119.75,30135.25,157.0,2026-07
2026-07-02 01:04:00,CME_MINI:NQ1!,30132.5,30147.75,30130.75,30146.0,187.0,2026-07
2026-07-02 01:05:00,CME_MINI:NQ1!,30147.25,30152.75,30144.0,30147.5,189.0,2026-07
2026-07-02 01:06:00,CME_MINI:NQ1!,30147.75,30166.75,30144.25,30166.25,264.0,2026-07
2026-07-02 01:07:00,CME_MINI:NQ1!,30165.0,30167.75,30159.5,30163.5,133.0,2026-07
2026-07-02 01:08:00,CME_MINI:NQ1!,30164.0,30174.5,30163.0,30173.5,311.0,2026-07
2026-07-02 01:09:00,CME_MINI:NQ1!,30174.0,30188.0,30174.0,30183.0,406.0,2026-07
2026-07-02 01:10:00,CME_MINI:NQ1!,30182.0,30189.5,30174.75,30187.5,175.0,2026-07
2026-07-02 01:11:00,CME_MINI:NQ1!,30185.5,30185.5,30172.25,30175.25,176.0,2026-07
2026-07-02 01:12:00,CME_MINI:NQ1!,30177.0,30188.25,30177.0,30182.5,105.0,2026-07
2026-07-02 01:13:00,CME_MINI:NQ1!,30183.0,30186.75,30178.0,30183.75,99.0,2026-07
2026-07-02 01:14:00,CME_MINI:NQ1!,30182.75,30191.0,30178.0,30186.75,105.0,2026-07
2026-07-02 01:15:00,CME_MINI:NQ1!,30186.5,30189.75,30166.25,30167.0,162.0,2026-07
2026-07-02 01:16:00,CME_MINI:NQ1!,30167.75,30191.5,30167.5,30186.0,190.0,2026-07
2026-07-02 01:17:00,CME_MINI:NQ1!,30186.0,30199.0,30183.75,30186.0,216.0,2026-07
2026-07-02 01:18:00,CME_MINI:NQ1!,30188.0,30192.5,30187.25,30192.0,84.0,2026-07
2026-07-02 01:19:00,CME_MINI:NQ1!,30191.0,30193.25,30187.0,30193.0,73.0,2026-07
2026-07-02 01:20:00,CME_MINI:NQ1!,30190.75,30196.5,30188.75,30188.75,134.0,2026-07
2026-07-02 01:21:00,CME_MINI:NQ1!,30189.5,30190.0,30182.0,30187.0,116.0,2026-07
2026-07-02 01:22:00,CME_MINI:NQ1!,30182.75,30189.75,30180.25,30184.5,71.0,2026-07
2026-07-02 01:23:00,CME_MINI:NQ1!,30186.75,30191.75,30184.0,30189.75,78.0,2026-07
2026-07-02 01:24:00,CME_MINI:NQ1!,30188.5,30195.75,30187.75,30195.75,63.0,2026-07
2026-07-02 01:25:00,CME_MINI:NQ1!,30195.25,30201.0,30191.25,30198.5,160.0,2026-07
2026-07-02 01:26:00,CME_MINI:NQ1!,30198.25,30205.25,30196.0,30198.75,166.0,2026-07
2026-07-02 01:27:00,CME_MINI:NQ1!,30197.5,30197.75,30179.25,30182.5,154.0,2026-07
2026-07-02 01:28:00,CME_MINI:NQ1!,30183.75,30188.5,30177.5,30188.5,152.0,2026-07
2026-07-02 01:29:00,CME_MINI:NQ1!,30189.0,30198.75,30185.0,30194.25,143.0,2026-07
2026-07-02 01:30:00,CME_MINI:NQ1!,30195.25,30207.5,30191.75,30197.75,214.0,2026-07
2026-07-02 01:31:00,CME_MINI:NQ1!,30197.25,30209.25,30190.0,30198.25,125.0,2026-07
2026-07-02 01:32:00,CME_MINI:NQ1!,30199.75,30207.5,30191.5,30197.75,224.0,2026-07
2026-07-02 01:33:00,CME_MINI:NQ1!,30196.75,30202.5,30189.75,30191.0,85.0,2026-07
2026-07-02 01:34:00,CME_MINI:NQ1!,30189.5,30198.5,30189.25,30196.0,86.0,2026-07
2026-07-02 01:35:00,CME_MINI:NQ1!,30195.75,30200.75,30192.0,30200.0,49.0,2026-07
2026-07-02 01:36:00,CME_MINI:NQ1!,30197.5,30208.0,30197.5,30208.0,80.0,2026-07
2026-07-02 01:37:00,CME_MINI:NQ1!,30208.75,30221.75,30208.5,30219.25,231.0,2026-07
2026-07-02 01:38:00,CME_MINI:NQ1!,30217.25,30219.0,30208.5,30209.75,136.0,2026-07
2026-07-02 01:39:00,CME_MINI:NQ1!,30209.75,30229.0,30206.5,30226.75,202.0,2026-07
2026-07-02 01:40:00,CME_MINI:NQ1!,30225.75,30226.75,30219.75,30223.75,93.0,2026-07
2026-07-02 01:41:00,CME_MINI:NQ1!,30224.25,30224.25,30215.5,30217.75,61.0,2026-07
2026-07-02 01:42:00,CME_MINI:NQ1!,30217.5,30217.5,30208.25,30211.25,116.0,2026-07
2026-07-02 01:43:00,CME_MINI:NQ1!,30210.25,30221.75,30208.0,30217.75,88.0,2026-07
2026-07-02 01:44:00,CME_MINI:NQ1!,30219.75,30221.0,30210.75,30215.0,65.0,2026-07
2026-07-02 01:45:00,CME_MINI:NQ1!,30214.0,30214.0,30200.75,30210.5,105.0,2026-07
2026-07-02 01:46:00,CME_MINI:NQ1!,30212.5,30217.25,30209.75,30215.5,53.0,2026-07
2026-07-02 01:47:00,CME_MINI:NQ1!,30216.75,30223.0,30212.0,30213.25,117.0,2026-07
2026-07-02 01:48:00,CME_MINI:NQ1!,30212.5,30226.75,30211.0,30226.75,105.0,2026-07
2026-07-02 01:49:00,CME_MINI:NQ1!,30226.25,30226.75,30215.0,30217.25,66.0,2026-07
2026-07-02 01:50:00,CME_MINI:NQ1!,30216.75,30222.75,30214.25,30217.75,84.0,2026-07
2026-07-02 01:51:00,CME_MINI:NQ1!,30217.75,30222.25,30210.0,30213.5,156.0,2026-07
2026-07-02 01:52:00,CME_MINI:NQ1!,30212.75,30215.25,30209.25,30210.0,48.0,2026-07
2026-07-02 01:53:00,CME_MINI:NQ1!,30210.5,30210.5,30201.75,30206.75,81.0,2026-07
2026-07-02 01:54:00,CME_MINI:NQ1!,30208.75,30213.0,30204.0,30205.75,109.0,2026-07
2026-07-02 01:55:00,CME_MINI:NQ1!,30206.5,30208.0,30201.0,30202.0,72.0,2026-07
2026-07-02 01:56:00,CME_MINI:NQ1!,30202.25,30211.5,30201.25,30209.5,58.0,2026-07
2026-07-02 01:57:00,CME_MINI:NQ1!,30208.0,30211.25,30207.0,30208.0,41.0,2026-07
2026-07-02 01:58:00,CME_MINI:NQ1!,30205.0,30208.25,30197.25,30198.75,80.0,2026-07
2026-07-02 01:59:00,CME_MINI:NQ1!,30198.0,30205.25,30197.0,30203.75,71.0,2026-07
2026-07-02 02:00:00,CME_MINI:NQ1!,30203.75,30205.25,30191.75,30205.25,147.0,2026-07
2026-07-02 02:01:00,CME_MINI:NQ1!,30203.5,30203.5,30193.75,30197.5,93.0,2026-07
2026-07-02 02:02:00,CME_MINI:NQ1!,30198.25,30204.0,30190.0,30192.0,125.0,2026-07
2026-07-02 02:03:00,CME_MINI:NQ1!,30192.75,30199.25,30192.25,30193.5,83.0,2026-07
2026-07-02 02:04:00,CME_MINI:NQ1!,30193.5,30205.75,30191.0,30204.75,78.0,2026-07
2026-07-02 02:05:00,CME_MINI:NQ1!,30203.75,30208.0,30202.0,30206.75,87.0,2026-07
2026-07-02 02:06:00,CME_MINI:NQ1!,30207.0,30218.75,30206.0,30218.25,193.0,2026-07
2026-07-02 02:07:00,CME_MINI:NQ1!,30215.5,30219.5,30206.5,30210.0,115.0,2026-07
2026-07-02 02:08:00,CME_MINI:NQ1!,30210.0,30212.5,30205.0,30211.5,85.0,2026-07
2026-07-02 02:09:00,CME_MINI:NQ1!,30211.75,30220.0,30211.75,30217.25,83.0,2026-07
2026-07-02 02:10:00,CME_MINI:NQ1!,30215.75,30216.75,30207.25,30212.0,46.0,2026-07
2026-07-02 02:11:00,CME_MINI:NQ1!,30212.5,30216.75,30209.25,30216.25,40.0,2026-07
2026-07-02 02:12:00,CME_MINI:NQ1!,30216.0,30227.0,30216.0,30223.0,165.0,2026-07
2026-07-02 02:13:00,CME_MINI:NQ1!,30222.0,30230.0,30221.5,30226.5,105.0,2026-07
2026-07-02 02:14:00,CME_MINI:NQ1!,30225.25,30230.25,30224.75,30228.5,64.0,2026-07
2026-07-02 02:15:00,CME_MINI:NQ1!,30230.0,30239.5,30229.75,30237.5,218.0,2026-07
2026-07-02 02:16:00,CME_MINI:NQ1!,30236.75,30237.75,30228.75,30228.75,90.0,2026-07
2026-07-02 02:17:00,CME_MINI:NQ1!,30230.5,30235.25,30224.0,30226.5,80.0,2026-07
2026-07-02 02:18:00,CME_MINI:NQ1!,30227.0,30227.0,30216.75,30221.25,126.0,2026-07
2026-07-02 02:19:00,CME_MINI:NQ1!,30224.25,30225.0,30215.0,30218.0,56.0,2026-07
2026-07-02 02:20:00,CME_MINI:NQ1!,30217.25,30218.5,30211.0,30211.5,72.0,2026-07
2026-07-02 02:21:00,CME_MINI:NQ1!,30212.5,30219.0,30211.0,30213.0,84.0,2026-07
2026-07-02 02:22:00,CME_MINI:NQ1!,30217.0,30219.0,30198.75,30200.5,112.0,2026-07
2026-07-02 02:23:00,CME_MINI:NQ1!,30199.75,30204.0,30196.75,30199.0,86.0,2026-07
2026-07-02 02:24:00,CME_MINI:NQ1!,30199.0,30199.5,30185.5,30189.5,168.0,2026-07
2026-07-02 02:25:00,CME_MINI:NQ1!,30190.75,30198.5,30189.25,30193.75,104.0,2026-07
2026-07-02 02:26:00,CME_MINI:NQ1!,30194.5,30203.0,30191.5,30203.0,85.0,2026-07
2026-07-02 02:27:00,CME_MINI:NQ1!,30203.5,30207.0,30200.75,30202.0,93.0,2026-07
2026-07-02 02:28:00,CME_MINI:NQ1!,30203.75,30205.0,30199.5,30203.0,66.0,2026-07
2026-07-02 02:29:00,CME_MINI:NQ1!,30199.25,30199.25,30191.0,30191.0,84.0,2026-07
2026-07-02 02:30:00,CME_MINI:NQ1!,30193.25,30194.0,30183.0,30189.75,214.0,2026-07
2026-07-02 02:31:00,CME_MINI:NQ1!,30191.25,30196.0,30180.75,30187.5,141.0,2026-07
2026-07-02 02:32:00,CME_MINI:NQ1!,30188.25,30204.0,30186.25,30204.0,140.0,2026-07
2026-07-02 02:33:00,CME_MINI:NQ1!,30201.75,30208.25,30201.75,30206.0,131.0,2026-07
2026-07-02 02:34:00,CME_MINI:NQ1!,30205.25,30214.25,30204.75,30212.75,106.0,2026-07
2026-07-02 02:35:00,CME_MINI:NQ1!,30212.25,30215.25,30208.0,30214.0,83.0,2026-07
2026-07-02 02:36:00,CME_MINI:NQ1!,30214.75,30218.0,30198.0,30198.5,165.0,2026-07
2026-07-02 02:37:00,CME_MINI:NQ1!,30198.75,30206.25,30197.25,30203.5,71.0,2026-07
2026-07-02 02:38:00,CME_MINI:NQ1!,30203.25,30203.5,30200.0,30201.25,19.0,2026-07
2026-07-02 02:39:00,CME_MINI:NQ1!,30201.25,30207.5,30197.75,30201.0,45.0,2026-07
2026-07-02 02:40:00,CME_MINI:NQ1!,30200.25,30200.75,30195.25,30200.0,45.0,2026-07
2026-07-02 02:41:00,CME_MINI:NQ1!,30201.0,30207.5,30199.75,30206.0,71.0,2026-07
2026-07-02 02:42:00,CME_MINI:NQ1!,30204.25,30208.5,30201.75,30206.5,33.0,2026-07
2026-07-02 02:43:00,CME_MINI:NQ1!,30204.25,30204.25,30197.5,30202.5,39.0,2026-07
2026-07-02 02:44:00,CME_MINI:NQ1!,30203.75,30209.25,30203.75,30208.25,33.0,2026-07
2026-07-02 02:45:00,CME_MINI:NQ1!,30209.25,30216.25,30204.75,30215.0,93.0,2026-07
2026-07-02 02:46:00,CME_MINI:NQ1!,30216.25,30230.0,30215.5,30224.5,214.0,2026-07
2026-07-02 02:47:00,CME_MINI:NQ1!,30224.0,30224.75,30218.5,30221.0,53.0,2026-07
2026-07-02 02:48:00,CME_MINI:NQ1!,30220.0,30220.0,30214.75,30218.75,57.0,2026-07
2026-07-02 02:49:00,CME_MINI:NQ1!,30217.75,30217.75,30203.0,30203.5,132.0,2026-07
2026-07-02 02:50:00,CME_MINI:NQ1!,30204.75,30208.0,30199.75,30203.75,104.0,2026-07
2026-07-02 02:51:00,CME_MINI:NQ1!,30203.75,30204.5,30198.0,30203.75,56.0,2026-07
2026-07-02 02:52:00,CME_MINI:NQ1!,30202.25,30203.75,30197.5,30199.25,41.0,2026-07
2026-07-02 02:53:00,CME_MINI:NQ1!,30198.75,30200.0,30191.25,30192.0,71.0,2026-07
2026-07-02 02:54:00,CME_MINI:NQ1!,30192.5,30199.0,30191.5,30194.0,55.0,2026-07
2026-07-02 02:55:00,CME_MINI:NQ1!,30196.75,30202.75,30191.25,30200.5,130.0,2026-07
2026-07-02 02:56:00,CME_MINI:NQ1!,30203.0,30209.25,30199.75,30199.75,113.0,2026-07
2026-07-02 02:57:00,CME_MINI:NQ1!,30200.0,30206.75,30200.0,30206.5,33.0,2026-07
2026-07-02 02:58:00,CME_MINI:NQ1!,30206.0,30214.5,30204.75,30211.75,129.0,2026-07
2026-07-02 02:59:00,CME_MINI:NQ1!,30212.5,30212.5,30202.5,30207.5,53.0,2026-07
2026-07-02 03:00:00,CME_MINI:NQ1!,30208.25,30212.75,30204.5,30210.25,38.0,2026-07
2026-07-02 03:01:00,CME_MINI:NQ1!,30209.5,30211.5,30200.0,30203.75,38.0,2026-07
2026-07-02 03:02:00,CME_MINI:NQ1!,30203.25,30204.0,30198.0,30198.5,31.0,2026-07
2026-07-02 03:03:00,CME_MINI:NQ1!,30197.5,30198.0,30193.5,30193.5,42.0,2026-07
2026-07-02 03:04:00,CME_MINI:NQ1!,30193.5,30193.75,30188.25,30188.75,100.0,2026-07
2026-07-02 03:05:00,CME_MINI:NQ1!,30190.0,30191.25,30181.25,30188.75,117.0,2026-07
2026-07-02 03:06:00,CME_MINI:NQ1!,30189.5,30193.0,30186.0,30189.0,62.0,2026-07
2026-07-02 03:07:00,CME_MINI:NQ1!,30187.5,30189.0,30184.0,30184.5,40.0,2026-07
2026-07-02 03:08:00,CME_MINI:NQ1!,30184.75,30185.0,30174.75,30174.75,178.0,2026-07
2026-07-02 03:09:00,CME_MINI:NQ1!,30176.75,30177.75,30158.5,30160.5,270.0,2026-07
2026-07-02 03:10:00,CME_MINI:NQ1!,30160.25,30170.0,30158.25,30164.0,211.0,2026-07
2026-07-02 03:11:00,CME_MINI:NQ1!,30164.0,30171.25,30163.0,30166.0,59.0,2026-07
2026-07-02 03:12:00,CME_MINI:NQ1!,30167.25,30174.5,30163.25,30172.0,53.0,2026-07
2026-07-02 03:13:00,CME_MINI:NQ1!,30173.75,30176.75,30169.0,30175.5,63.0,2026-07
2026-07-02 03:14:00,CME_MINI:NQ1!,30175.75,30183.0,30175.0,30178.0,68.0,2026-07
2026-07-02 03:15:00,CME_MINI:NQ1!,30177.75,30184.75,30177.5,30182.0,68.0,2026-07
2026-07-02 03:16:00,CME_MINI:NQ1!,30182.5,30185.0,30179.25,30180.5,47.0,2026-07
2026-07-02 03:17:00,CME_MINI:NQ1!,30180.75,30180.75,30171.75,30174.25,51.0,2026-07
2026-07-02 03:18:00,CME_MINI:NQ1!,30173.75,30173.75,30164.75,30166.0,62.0,2026-07
2026-07-02 03:19:00,CME_MINI:NQ1!,30166.5,30170.25,30165.75,30170.0,42.0,2026-07
2026-07-02 03:20:00,CME_MINI:NQ1!,30172.0,30172.25,30162.5,30163.0,57.0,2026-07
2026-07-02 03:21:00,CME_MINI:NQ1!,30161.0,30161.5,30150.25,30152.0,193.0,2026-07
2026-07-02 03:22:00,CME_MINI:NQ1!,30152.25,30158.0,30148.5,30149.0,54.0,2026-07
2026-07-02 03:23:00,CME_MINI:NQ1!,30150.5,30150.5,30143.0,30144.5,94.0,2026-07
2026-07-02 03:24:00,CME_MINI:NQ1!,30143.75,30148.0,30138.0,30148.0,105.0,2026-07
2026-07-02 03:25:00,CME_MINI:NQ1!,30148.0,30152.75,30135.5,30137.0,93.0,2026-07
2026-07-02 03:26:00,CME_MINI:NQ1!,30135.5,30139.25,30134.5,30138.5,83.0,2026-07
2026-07-02 03:27:00,CME_MINI:NQ1!,30137.5,30160.0,30136.0,30159.5,195.0,2026-07
2026-07-02 03:28:00,CME_MINI:NQ1!,30159.5,30163.25,30155.5,30158.5,100.0,2026-07
2026-07-02 03:29:00,CME_MINI:NQ1!,30160.0,30160.0,30148.0,30151.0,92.0,2026-07
2026-07-02 03:30:00,CME_MINI:NQ1!,30151.25,30168.0,30148.5,30166.25,133.0,2026-07
2026-07-02 03:31:00,CME_MINI:NQ1!,30165.5,30175.0,30163.5,30172.5,94.0,2026-07
2026-07-02 03:32:00,CME_MINI:NQ1!,30170.25,30178.0,30160.75,30172.0,227.0,2026-07
2026-07-02 03:33:00,CME_MINI:NQ1!,30173.0,30193.75,30172.5,30187.0,231.0,2026-07
2026-07-02 03:34:00,CME_MINI:NQ1!,30186.5,30191.25,30185.5,30187.0,67.0,2026-07
2026-07-02 03:35:00,CME_MINI:NQ1!,30185.5,30190.0,30180.0,30190.0,91.0,2026-07
2026-07-02 03:36:00,CME_MINI:NQ1!,30190.75,30197.0,30178.75,30179.75,117.0,2026-07
2026-07-02 03:37:00,CME_MINI:NQ1!,30179.75,30181.5,30172.0,30174.75,107.0,2026-07
2026-07-02 03:38:00,CME_MINI:NQ1!,30175.5,30180.5,30173.5,30177.0,73.0,2026-07
2026-07-02 03:39:00,CME_MINI:NQ1!,30176.0,30176.0,30162.25,30166.0,110.0,2026-07
2026-07-02 03:40:00,CME_MINI:NQ1!,30167.25,30171.5,30163.25,30167.5,58.0,2026-07
2026-07-02 03:41:00,CME_MINI:NQ1!,30164.25,30164.25,30151.25,30155.25,96.0,2026-07
2026-07-02 03:42:00,CME_MINI:NQ1!,30155.5,30159.75,30154.0,30159.75,47.0,2026-07
2026-07-02 03:43:00,CME_MINI:NQ1!,30159.75,30165.5,30154.25,30155.5,54.0,2026-07
2026-07-02 03:44:00,CME_MINI:NQ1!,30153.5,30159.5,30145.0,30158.0,85.0,2026-07
2026-07-02 03:45:00,CME_MINI:NQ1!,30157.75,30159.25,30145.5,30145.5,52.0,2026-07
2026-07-02 03:46:00,CME_MINI:NQ1!,30144.25,30149.75,30139.0,30146.0,135.0,2026-07
2026-07-02 03:47:00,CME_MINI:NQ1!,30147.5,30152.75,30138.75,30148.5,142.0,2026-07
2026-07-02 03:48:00,CME_MINI:NQ1!,30148.0,30148.25,30141.25,30142.5,50.0,2026-07
2026-07-02 03:49:00,CME_MINI:NQ1!,30141.25,30158.25,30138.25,30158.0,119.0,2026-07
2026-07-02 03:50:00,CME_MINI:NQ1!,30156.75,30170.5,30155.75,30158.25,174.0,2026-07
2026-07-02 03:51:00,CME_MINI:NQ1!,30159.25,30162.0,30154.25,30160.0,54.0,2026-07
2026-07-02 03:52:00,CME_MINI:NQ1!,30160.75,30168.5,30160.75,30163.75,32.0,2026-07
2026-07-02 18:19:00,CME_MINI:NQ1!,29421.75,29431.5,29413.25,29425.5,774.0,2026-07
2026-07-02 18:20:00,CME_MINI:NQ1!,29425.25,29454.25,29422.25,29450.75,704.0,2026-07
2026-07-02 18:21:00,CME_MINI:NQ1!,29450.25,29459.25,29433.75,29441.5,566.0,2026-07
2026-07-02 18:22:00,CME_MINI:NQ1!,29441.25,29460.25,29435.75,29445.5,521.0,2026-07
2026-07-02 18:23:00,CME_MINI:NQ1!,29446.25,29446.25,29430.0,29443.75,535.0,2026-07
2026-07-02 18:24:00,CME_MINI:NQ1!,29442.75,29455.0,29441.0,29450.25,658.0,2026-07
2026-07-02 18:25:00,CME_MINI:NQ1!,29450.25,29474.75,29446.75,29448.25,828.0,2026-07
2026-07-02 18:26:00,CME_MINI:NQ1!,29446.5,29462.25,29437.75,29459.5,647.0,2026-07
2026-07-02 18:27:00,CME_MINI:NQ1!,29459.25,29473.0,29456.0,29469.5,542.0,2026-07
2026-07-02 18:28:00,CME_MINI:NQ1!,29469.25,29488.25,29466.75,29479.25,665.0,2026-07
2026-07-02 18:29:00,CME_MINI:NQ1!,29479.5,29489.25,29469.0,29488.0,808.0,2026-07
2026-07-02 18:30:00,CME_MINI:NQ1!,29487.75,29504.25,29480.75,29495.75,948.0,2026-07
2026-07-02 18:31:00,CME_MINI:NQ1!,29495.0,29515.0,29491.5,29514.0,774.0,2026-07
2026-07-02 18:32:00,CME_MINI:NQ1!,29514.25,29515.0,29493.75,29507.25,602.0,2026-07
2026-07-02 18:33:00,CME_MINI:NQ1!,29509.0,29525.0,29509.0,29513.5,964.0,2026-07
2026-07-02 18:34:00,CME_MINI:NQ1!,29513.5,29514.0,29470.5,29481.5,1129.0,2026-07
2026-07-02 18:35:00,CME_MINI:NQ1!,29481.5,29505.75,29474.75,29482.0,913.0,2026-07
2026-07-02 18:36:00,CME_MINI:NQ1!,29482.75,29488.0,29465.75,29469.5,618.0,2026-07
2026-07-02 18:37:00,CME_MINI:NQ1!,29470.5,29489.5,29464.25,29487.75,480.0,2026-07
2026-07-02 18:38:00,CME_MINI:NQ1!,29487.0,29500.25,29482.0,29484.0,594.0,2026-07
2026-07-02 18:39:00,CME_MINI:NQ1!,29482.75,29498.25,29474.75,29491.75,366.0,2026-07
2026-07-02 18:40:00,CME_MINI:NQ1!,29492.25,29496.75,29479.0,29485.5,479.0,2026-07
2026-07-02 18:41:00,CME_MINI:NQ1!,29486.75,29489.75,29469.75,29473.5,549.0,2026-07
2026-07-02 18:42:00,CME_MINI:NQ1!,29474.25,29489.0,29474.25,29485.0,296.0,2026-07
2026-07-02 18:43:00,CME_MINI:NQ1!,29485.25,29500.0,29478.5,29494.5,562.0,2026-07
2026-07-02 18:44:00,CME_MINI:NQ1!,29495.25,29501.0,29477.5,29481.0,454.0,2026-07
2026-07-02 18:45:00,CME_MINI:NQ1!,29480.75,29482.25,29439.25,29446.5,1266.0,2026-07
2026-07-02 18:46:00,CME_MINI:NQ1!,29447.25,29453.25,29440.5,29444.0,629.0,2026-07
2026-07-02 18:47:00,CME_MINI:NQ1!,29443.75,29473.0,29442.75,29469.25,677.0,2026-07
2026-07-02 18:48:00,CME_MINI:NQ1!,29469.5,29491.0,29466.75,29489.25,625.0,2026-07
2026-07-02 18:49:00,CME_MINI:NQ1!,29489.0,29500.75,29487.5,29493.75,795.0,2026-07
2026-07-02 18:50:00,CME_MINI:NQ1!,29494.5,29500.25,29480.0,29498.0,687.0,2026-07
2026-07-02 18:51:00,CME_MINI:NQ1!,29499.0,29516.0,29495.0,29502.5,1013.0,2026-07
2026-07-02 18:52:00,CME_MINI:NQ1!,29502.75,29528.0,29501.0,29516.0,781.0,2026-07
2026-07-02 18:53:00,CME_MINI:NQ1!,29517.0,29517.0,29492.0,29498.5,712.0,2026-07
2026-07-02 18:54:00,CME_MINI:NQ1!,29498.25,29501.25,29483.75,29484.5,658.0,2026-07
2026-07-02 18:55:00,CME_MINI:NQ1!,29485.5,29491.5,29471.25,29488.0,630.0,2026-07
2026-07-02 18:56:00,CME_MINI:NQ1!,29489.25,29498.75,29455.25,29462.75,887.0,2026-07
2026-07-02 18:57:00,CME_MINI:NQ1!,29463.75,29488.0,29458.75,29478.5,760.0,2026-07
2026-07-02 18:58:00,CME_MINI:NQ1!,29478.75,29494.75,29470.0,29479.5,629.0,2026-07
2026-07-02 18:59:00,CME_MINI:NQ1!,29479.0,29489.0,29465.5,29489.0,513.0,2026-07
2026-07-02 19:00:00,CME_MINI:NQ1!,29488.75,29503.25,29454.75,29455.25,1168.0,2026-07
2026-07-02 19:01:00,CME_MINI:NQ1!,29456.0,29464.25,29442.75,29455.75,1048.0,2026-07
2026-07-02 19:02:00,CME_MINI:NQ1!,29455.5,29470.5,29450.25,29464.25,569.0,2026-07
2026-07-02 19:03:00,CME_MINI:NQ1!,29464.5,29470.75,29451.5,29456.0,473.0,2026-07
2026-07-02 19:04:00,CME_MINI:NQ1!,29455.25,29461.75,29398.5,29402.75,1577.0,2026-07
2026-07-02 19:05:00,CME_MINI:NQ1!,29403.5,29417.25,29382.75,29390.25,1187.0,2026-07
2026-07-02 19:06:00,CME_MINI:NQ1!,29390.0,29427.0,29381.5,29413.0,1373.0,2026-07
2026-07-02 19:07:00,CME_MINI:NQ1!,29413.25,29424.25,29388.25,29409.75,1056.0,2026-07
2026-07-02 19:08:00,CME_MINI:NQ1!,29407.5,29418.0,29400.75,29405.75,519.0,2026-07
2026-07-02 19:09:00,CME_MINI:NQ1!,29404.25,29414.0,29397.25,29397.25,467.0,2026-07
2026-07-02 19:10:00,CME_MINI:NQ1!,29398.75,29408.25,29381.75,29401.25,693.0,2026-07
2026-07-02 19:11:00,CME_MINI:NQ1!,29402.5,29412.0,29398.25,29404.25,478.0,2026-07
2026-07-02 19:12:00,CME_MINI:NQ1!,29404.25,29415.25,29395.5,29407.25,444.0,2026-07
2026-07-02 19:13:00,CME_MINI:NQ1!,29408.25,29425.25,29404.25,29413.25,521.0,2026-07
2026-07-02 19:14:00,CME_MINI:NQ1!,29412.75,29424.75,29406.0,29413.0,514.0,2026-07
2026-07-02 19:15:00,CME_MINI:NQ1!,29412.5,29422.75,29403.75,29409.25,461.0,2026-07
2026-07-02 19:16:00,CME_MINI:NQ1!,29410.5,29411.0,29392.75,29396.75,522.0,2026-07
2026-07-02 19:17:00,CME_MINI:NQ1!,29397.0,29403.0,29393.0,29395.75,401.0,2026-07
2026-07-02 19:18:00,CME_MINI:NQ1!,29395.75,29399.0,29380.75,29391.0,506.0,2026-07
2026-07-02 19:19:00,CME_MINI:NQ1!,29391.25,29413.75,29390.75,29394.75,635.0,2026-07
2026-07-02 19:20:00,CME_MINI:NQ1!,29395.25,29401.5,29378.25,29379.25,525.0,2026-07
2026-07-02 19:21:00,CME_MINI:NQ1!,29378.5,29383.5,29370.25,29374.0,508.0,2026-07
2026-07-02 19:22:00,CME_MINI:NQ1!,29374.0,29379.0,29359.0,29361.75,806.0,2026-07
2026-07-02 19:23:00,CME_MINI:NQ1!,29361.75,29375.75,29354.75,29362.0,631.0,2026-07
2026-07-02 19:24:00,CME_MINI:NQ1!,29363.25,29368.5,29357.0,29362.5,476.0,2026-07
2026-07-02 19:25:00,CME_MINI:NQ1!,29363.0,29367.0,29351.25,29356.25,687.0,2026-07
2026-07-02 19:26:00,CME_MINI:NQ1!,29355.5,29374.75,29349.5,29370.25,586.0,2026-07
2026-07-02 19:27:00,CME_MINI:NQ1!,29370.75,29388.25,29367.75,29382.0,761.0,2026-07
2026-07-02 19:28:00,CME_MINI:NQ1!,29381.25,29427.75,29377.75,29422.25,1331.0,2026-07
2026-07-02 19:29:00,CME_MINI:NQ1!,29422.25,29445.0,29418.25,29421.75,1239.0,2026-07
2026-07-02 19:30:00,CME_MINI:NQ1!,29422.5,29445.5,29412.0,29444.25,1030.0,2026-07
2026-07-02 19:31:00,CME_MINI:NQ1!,29443.75,29455.25,29424.0,29434.0,967.0,2026-07
2026-07-02 19:32:00,CME_MINI:NQ1!,29434.5,29453.0,29429.0,29439.0,778.0,2026-07
2026-07-02 19:33:00,CME_MINI:NQ1!,29438.5,29465.25,29438.5,29457.75,981.0,2026-07
2026-07-02 19:34:00,CME_MINI:NQ1!,29457.75,29468.75,29450.0,29461.0,746.0,2026-07
2026-07-02 19:35:00,CME_MINI:NQ1!,29462.0,29475.5,29454.75,29466.25,720.0,2026-07
2026-07-02 19:36:00,CME_MINI:NQ1!,29466.25,29469.5,29436.5,29440.25,875.0,2026-07
2026-07-02 19:37:00,CME_MINI:NQ1!,29440.75,29454.0,29426.0,29454.0,782.0,2026-07
2026-07-02 19:38:00,CME_MINI:NQ1!,29452.5,29467.25,29451.75,29454.5,745.0,2026-07
2026-07-02 19:39:00,CME_MINI:NQ1!,29453.75,29463.0,29446.0,29458.25,576.0,2026-07
2026-07-02 19:40:00,CME_MINI:NQ1!,29458.5,29461.5,29439.75,29458.25,578.0,2026-07
2026-07-02 19:41:00,CME_MINI:NQ1!,29459.25,29460.25,29443.25,29444.25,632.0,2026-07
2026-07-02 19:42:00,CME_MINI:NQ1!,29445.5,29450.75,29429.5,29444.75,547.0,2026-07
2026-07-02 19:43:00,CME_MINI:NQ1!,29445.5,29461.25,29439.75,29451.5,550.0,2026-07
2026-07-02 19:44:00,CME_MINI:NQ1!,29451.25,29463.5,29444.5,29454.25,642.0,2026-07
2026-07-02 19:45:00,CME_MINI:NQ1!,29454.5,29461.5,29446.0,29453.0,650.0,2026-07
2026-07-02 19:46:00,CME_MINI:NQ1!,29453.0,29456.5,29435.0,29442.5,723.0,2026-07
2026-07-02 19:47:00,CME_MINI:NQ1!,29441.5,29454.0,29433.0,29438.75,564.0,2026-07
2026-07-02 19:48:00,CME_MINI:NQ1!,29437.5,29452.5,29436.0,29446.0,726.0,2026-07
2026-07-02 19:49:00,CME_MINI:NQ1!,29445.75,29452.25,29432.0,29449.75,842.0,2026-07
2026-07-02 19:50:00,CME_MINI:NQ1!,29451.25,29525.0,29451.25,29502.25,2636.0,2026-07
2026-07-02 19:51:00,CME_MINI:NQ1!,29503.25,29508.5,29485.75,29504.5,1380.0,2026-07
2026-07-02 19:52:00,CME_MINI:NQ1!,29505.25,29508.75,29490.5,29498.75,1286.0,2026-07
2026-07-02 19:53:00,CME_MINI:NQ1!,29499.0,29516.75,29493.0,29502.25,1379.0,2026-07
2026-07-02 19:54:00,CME_MINI:NQ1!,29502.5,29535.0,29497.0,29533.5,1483.0,2026-07
2026-07-02 19:55:00,CME_MINI:NQ1!,29533.25,29539.5,29508.5,29531.0,2300.0,2026-07
2026-07-02 19:56:00,CME_MINI:NQ1!,29530.25,29549.0,29524.5,29544.75,1642.0,2026-07
2026-07-02 19:57:00,CME_MINI:NQ1!,29546.25,29564.25,29542.0,29558.5,1888.0,2026-07
2026-07-02 19:58:00,CME_MINI:NQ1!,29558.25,29578.75,29556.75,29574.75,2111.0,2026-07
2026-07-02 19:59:00,CME_MINI:NQ1!,29575.0,29588.0,29532.0,29538.25,9997.0,2026-07
2026-07-02 20:00:00,CME_MINI:NQ1!,29538.0,29552.25,29524.75,29539.0,3530.0,2026-07
2026-07-02 20:01:00,CME_MINI:NQ1!,29539.5,29549.25,29531.25,29541.5,1509.0,2026-07
2026-07-02 20:02:00,CME_MINI:NQ1!,29541.0,29550.25,29540.25,29547.0,774.0,2026-07
2026-07-02 20:03:00,CME_MINI:NQ1!,29546.25,29553.0,29536.25,29549.0,756.0,2026-07
2026-07-02 20:04:00,CME_MINI:NQ1!,29549.25,29552.0,29531.5,29533.0,426.0,2026-07
2026-07-02 20:05:00,CME_MINI:NQ1!,29533.5,29534.75,29514.0,29529.0,1116.0,2026-07
2026-07-02 20:06:00,CME_MINI:NQ1!,29528.75,29531.0,29521.0,29524.5,472.0,2026-07
2026-07-02 20:07:00,CME_MINI:NQ1!,29524.25,29537.25,29523.75,29532.75,321.0,2026-07
2026-07-02 20:08:00,CME_MINI:NQ1!,29533.5,29548.75,29533.5,29535.5,680.0,2026-07
2026-07-02 20:09:00,CME_MINI:NQ1!,29534.75,29544.25,29529.75,29541.0,421.0,2026-07
2026-07-02 20:10:00,CME_MINI:NQ1!,29540.0,29543.25,29524.75,29526.0,567.0,2026-07
2026-07-02 20:11:00,CME_MINI:NQ1!,29526.5,29537.5,29526.5,29531.5,221.0,2026-07
2026-07-02 20:12:00,CME_MINI:NQ1!,29531.0,29540.25,29529.25,29538.5,352.0,2026-07
2026-07-02 20:13:00,CME_MINI:NQ1!,29538.25,29543.0,29535.0,29540.5,283.0,2026-07
2026-07-02 20:14:00,CME_MINI:NQ1!,29541.0,29552.75,29541.0,29545.5,365.0,2026-07
2026-07-02 20:15:00,CME_MINI:NQ1!,29546.25,29557.75,29546.25,29553.25,433.0,2026-07
2026-07-02 20:16:00,CME_MINI:NQ1!,29553.5,29556.75,29552.0,29553.25,231.0,2026-07
2026-07-02 20:17:00,CME_MINI:NQ1!,29552.75,29554.5,29546.0,29549.0,262.0,2026-07
2026-07-02 20:18:00,CME_MINI:NQ1!,29549.25,29560.25,29548.0,29559.25,362.0,2026-07
2026-07-02 20:19:00,CME_MINI:NQ1!,29560.25,29561.75,29539.75,29541.25,405.0,2026-07
2026-07-02 20:20:00,CME_MINI:NQ1!,29541.5,29546.5,29533.0,29534.75,234.0,2026-07
2026-07-02 20:21:00,CME_MINI:NQ1!,29535.25,29545.5,29534.75,29545.0,295.0,2026-07
2026-07-02 20:22:00,CME_MINI:NQ1!,29545.0,29546.5,29540.25,29542.25,126.0,2026-07
2026-07-02 20:23:00,CME_MINI:NQ1!,29542.5,29545.25,29541.0,29543.5,98.0,2026-07
2026-07-02 20:24:00,CME_MINI:NQ1!,29544.25,29544.25,29534.75,29536.75,99.0,2026-07
2026-07-02 20:25:00,CME_MINI:NQ1!,29536.75,29547.75,29535.75,29547.25,119.0,2026-07
2026-07-02 20:26:00,CME_MINI:NQ1!,29548.0,29557.5,29545.0,29547.0,330.0,2026-07
2026-07-02 20:27:00,CME_MINI:NQ1!,29547.0,29547.0,29539.75,29542.0,114.0,2026-07
2026-07-02 20:28:00,CME_MINI:NQ1!,29541.5,29544.25,29540.5,29543.75,62.0,2026-07
2026-07-02 20:29:00,CME_MINI:NQ1!,29544.0,29549.5,29542.75,29548.0,147.0,2026-07
2026-07-02 20:30:00,CME_MINI:NQ1!,29549.5,29551.5,29540.25,29541.0,156.0,2026-07
2026-07-02 20:31:00,CME_MINI:NQ1!,29540.5,29548.0,29539.0,29547.5,165.0,2026-07
2026-07-02 20:32:00,CME_MINI:NQ1!,29548.0,29553.75,29543.5,29548.25,315.0,2026-07
2026-07-02 20:33:00,CME_MINI:NQ1!,29548.5,29552.0,29541.75,29550.5,223.0,2026-07
2026-07-02 20:34:00,CME_MINI:NQ1!,29551.25,29557.25,29551.0,29557.0,90.0,2026-07
2026-07-02 20:35:00,CME_MINI:NQ1!,29556.75,29564.75,29556.5,29561.0,229.0,2026-07
2026-07-02 20:36:00,CME_MINI:NQ1!,29560.25,29563.0,29556.25,29557.75,101.0,2026-07
2026-07-02 20:37:00,CME_MINI:NQ1!,29556.25,29561.25,29555.0,29555.25,77.0,2026-07
2026-07-02 20:38:00,CME_MINI:NQ1!,29554.5,29557.25,29545.5,29547.25,107.0,2026-07
2026-07-02 20:39:00,CME_MINI:NQ1!,29546.5,29553.5,29545.75,29552.0,79.0,2026-07
2026-07-02 20:40:00,CME_MINI:NQ1!,29552.25,29554.5,29550.0,29553.5,119.0,2026-07
2026-07-02 20:41:00,CME_MINI:NQ1!,29553.75,29553.75,29549.5,29552.25,38.0,2026-07
2026-07-02 20:42:00,CME_MINI:NQ1!,29552.0,29554.5,29552.0,29553.0,29.0,2026-07
2026-07-02 20:43:00,CME_MINI:NQ1!,29554.0,29554.0,29545.25,29545.75,88.0,2026-07
2026-07-02 20:44:00,CME_MINI:NQ1!,29546.25,29547.0,29537.75,29541.75,201.0,2026-07
2026-07-02 20:45:00,CME_MINI:NQ1!,29542.25,29547.75,29542.0,29547.75,139.0,2026-07
2026-07-02 20:46:00,CME_MINI:NQ1!,29548.5,29552.75,29547.75,29552.5,78.0,2026-07
2026-07-02 20:47:00,CME_MINI:NQ1!,29551.75,29553.5,29549.0,29551.25,139.0,2026-07
2026-07-02 20:48:00,CME_MINI:NQ1!,29551.25,29558.5,29550.0,29550.75,169.0,2026-07
2026-07-02 20:49:00,CME_MINI:NQ1!,29551.25,29555.75,29551.0,29553.75,102.0,2026-07
2026-07-02 20:50:00,CME_MINI:NQ1!,29554.0,29557.5,29554.0,29557.0,96.0,2026-07
2026-07-02 20:51:00,CME_MINI:NQ1!,29556.75,29557.5,29553.25,29553.25,74.0,2026-07
2026-07-02 20:52:00,CME_MINI:NQ1!,29553.75,29556.25,29553.25,29555.5,75.0,2026-07
2026-07-02 20:53:00,CME_MINI:NQ1!,29556.25,29557.25,29554.25,29554.5,61.0,2026-07
2026-07-02 20:54:00,CME_MINI:NQ1!,29554.5,29558.0,29554.25,29556.5,102.0,2026-07
2026-07-02 20:55:00,CME_MINI:NQ1!,29557.0,29557.5,29552.25,29555.0,92.0,2026-07
2026-07-02 20:56:00,CME_MINI:NQ1!,29555.0,29555.75,29548.0,29550.0,150.0,2026-07
2026-07-02 20:57:00,CME_MINI:NQ1!,29551.0,29558.75,29545.0,29549.5,210.0,2026-07
2026-07-02 20:58:00,CME_MINI:NQ1!,29549.0,29557.0,29536.25,29555.25,224.0,2026-07
2026-07-02 20:59:00,CME_MINI:NQ1!,29555.75,29557.0,29549.25,29551.75,126.0,2026-07
2026-07-02 22:00:00,CME_MINI:NQ1!,29566.0,29585.0,29566.0,29574.0,287.0,2026-07
2026-07-02 22:01:00,CME_MINI:NQ1!,29572.75,29580.5,29567.75,29570.25,119.0,2026-07
2026-07-02 22:02:00,CME_MINI:NQ1!,29568.25,29578.75,29568.25,29578.5,39.0,2026-07
2026-07-02 22:03:00,CME_MINI:NQ1!,29576.75,29589.0,29576.75,29587.25,78.0,2026-07
2026-07-02 22:04:00,CME_MINI:NQ1!,29586.5,29586.5,29571.75,29577.75,69.0,2026-07
2026-07-02 22:05:00,CME_MINI:NQ1!,29574.75,29582.0,29559.25,29576.5,189.0,2026-07
2026-07-02 22:06:00,CME_MINI:NQ1!,29579.75,29589.75,29574.5,29585.25,112.0,2026-07
2026-07-02 22:07:00,CME_MINI:NQ1!,29586.75,29591.5,29585.25,29588.75,49.0,2026-07
2026-07-02 22:08:00,CME_MINI:NQ1!,29587.25,29587.25,29582.0,29585.25,33.0,2026-07
2026-07-02 22:09:00,CME_MINI:NQ1!,29585.75,29589.25,29583.75,29584.5,39.0,2026-07
2026-07-02 22:10:00,CME_MINI:NQ1!,29584.75,29586.5,29580.5,29582.5,23.0,2026-07
2026-07-02 22:11:00,CME_MINI:NQ1!,29587.0,29589.75,29583.25,29583.25,34.0,2026-07
2026-07-02 22:12:00,CME_MINI:NQ1!,29584.5,29584.5,29578.5,29580.75,38.0,2026-07
2026-07-02 22:13:00,CME_MINI:NQ1!,29579.25,29582.25,29576.75,29577.0,31.0,2026-07
2026-07-02 22:14:00,CME_MINI:NQ1!,29575.0,29580.25,29575.0,29580.25,16.0,2026-07
2026-07-02 22:15:00,CME_MINI:NQ1!,29581.0,29594.25,29581.0,29592.0,77.0,2026-07
2026-07-02 22:16:00,CME_MINI:NQ1!,29590.0,29595.75,29589.0,29590.75,118.0,2026-07
2026-07-02 22:17:00,CME_MINI:NQ1!,29591.25,29594.5,29590.25,29594.0,47.0,2026-07
2026-07-02 22:18:00,CME_MINI:NQ1!,29594.0,29595.0,29586.25,29588.25,67.0,2026-07
2026-07-02 22:19:00,CME_MINI:NQ1!,29587.0,29588.0,29585.5,29588.0,13.0,2026-07
2026-07-02 22:20:00,CME_MINI:NQ1!,29587.25,29592.75,29587.25,29590.5,21.0,2026-07
2026-07-02 22:21:00,CME_MINI:NQ1!,29588.25,29592.0,29584.25,29592.0,58.0,2026-07
2026-07-02 22:22:00,CME_MINI:NQ1!,29592.0,29594.25,29590.0,29590.5,31.0,2026-07
2026-07-02 22:23:00,CME_MINI:NQ1!,29592.0,29598.0,29592.0,29593.75,38.0,2026-07
2026-07-02 22:24:00,CME_MINI:NQ1!,29593.5,29596.5,29591.0,29592.25,51.0,2026-07
2026-07-02 22:25:00,CME_MINI:NQ1!,29592.0,29592.0,29582.25,29586.75,69.0,2026-07
2026-07-02 22:26:00,CME_MINI:NQ1!,29586.0,29589.5,29585.75,29586.0,19.0,2026-07
2026-07-02 22:27:00,CME_MINI:NQ1!,29587.25,29591.0,29587.0,29588.5,25.0,2026-07
2026-07-02 22:28:00,CME_MINI:NQ1!,29588.5,29593.25,29588.25,29591.75,19.0,2026-07
2026-07-02 22:29:00,CME_MINI:NQ1!,29592.25,29592.25,29576.75,29578.5,114.0,2026-07
2026-07-02 22:30:00,CME_MINI:NQ1!,29578.25,29578.25,29569.25,29570.75,89.0,2026-07
2026-07-02 22:31:00,CME_MINI:NQ1!,29568.75,29578.0,29568.0,29575.5,77.0,2026-07
2026-07-02 22:32:00,CME_MINI:NQ1!,29575.25,29579.5,29574.25,29579.5,42.0,2026-07
2026-07-02 22:33:00,CME_MINI:NQ1!,29578.5,29585.5,29577.0,29585.5,45.0,2026-07
2026-07-02 22:34:00,CME_MINI:NQ1!,29586.25,29599.5,29584.5,29596.25,172.0,2026-07
2026-07-02 22:35:00,CME_MINI:NQ1!,29595.75,29596.0,29590.5,29594.0,82.0,2026-07
2026-07-02 22:36:00,CME_MINI:NQ1!,29593.5,29608.0,29593.5,29605.5,202.0,2026-07
2026-07-02 22:37:00,CME_MINI:NQ1!,29606.5,29608.0,29605.0,29606.5,85.0,2026-07
2026-07-02 22:38:00,CME_MINI:NQ1!,29607.0,29613.0,29607.0,29611.5,93.0,2026-07
2026-07-02 22:39:00,CME_MINI:NQ1!,29611.5,29620.0,29609.0,29615.75,145.0,2026-07
2026-07-02 22:40:00,CME_MINI:NQ1!,29614.5,29614.5,29609.25,29612.75,46.0,2026-07
2026-07-02 22:41:00,CME_MINI:NQ1!,29614.5,29617.25,29611.75,29616.5,44.0,2026-07
2026-07-02 22:42:00,CME_MINI:NQ1!,29616.5,29616.5,29612.0,29614.25,20.0,2026-07
2026-07-02 22:43:00,CME_MINI:NQ1!,29614.75,29619.0,29612.5,29619.0,18.0,2026-07
2026-07-02 22:44:00,CME_MINI:NQ1!,29617.5,29621.5,29617.0,29620.5,36.0,2026-07
2026-07-02 22:45:00,CME_MINI:NQ1!,29620.5,29621.25,29616.25,29619.75,37.0,2026-07
2026-07-02 22:46:00,CME_MINI:NQ1!,29618.25,29619.25,29614.0,29615.25,37.0,2026-07
2026-07-02 22:47:00,CME_MINI:NQ1!,29617.5,29617.75,29612.0,29616.75,19.0,2026-07
2026-07-02 22:48:00,CME_MINI:NQ1!,29614.25,29616.25,29613.25,29614.25,42.0,2026-07
2026-07-02 22:49:00,CME_MINI:NQ1!,29615.5,29615.75,29614.5,29615.5,8.0,2026-07
2026-07-02 22:50:00,CME_MINI:NQ1!,29614.0,29614.5,29610.5,29613.5,40.0,2026-07
2026-07-02 22:51:00,CME_MINI:NQ1!,29612.25,29614.5,29611.5,29613.0,11.0,2026-07
2026-07-02 22:52:00,CME_MINI:NQ1!,29612.0,29613.0,29610.25,29612.75,17.0,2026-07
2026-07-02 22:53:00,CME_MINI:NQ1!,29612.0,29612.75,29609.5,29611.75,35.0,2026-07
2026-07-02 22:54:00,CME_MINI:NQ1!,29612.25,29615.25,29611.0,29614.75,23.0,2026-07
2026-07-02 22:55:00,CME_MINI:NQ1!,29615.5,29622.0,29615.5,29620.0,49.0,2026-07
2026-07-02 22:56:00,CME_MINI:NQ1!,29619.25,29622.25,29617.25,29617.25,39.0,2026-07
2026-07-02 22:57:00,CME_MINI:NQ1!,29615.25,29620.0,29614.0,29620.0,28.0,2026-07
2026-07-02 22:58:00,CME_MINI:NQ1!,29619.5,29619.5,29614.5,29615.25,48.0,2026-07
2026-07-02 22:59:00,CME_MINI:NQ1!,29619.25,29619.25,29617.0,29618.75,11.0,2026-07
2026-07-02 23:00:00,CME_MINI:NQ1!,29615.75,29617.0,29610.75,29615.5,47.0,2026-07
2026-07-02 23:01:00,CME_MINI:NQ1!,29614.75,29617.25,29614.75,29614.75,13.0,2026-07
2026-07-02 23:02:00,CME_MINI:NQ1!,29613.5,29613.5,29606.25,29609.0,74.0,2026-07
2026-07-02 23:03:00,CME_MINI:NQ1!,29607.25,29609.0,29602.0,29605.25,95.0,2026-07
2026-07-02 23:04:00,CME_MINI:NQ1!,29604.25,29604.25,29595.0,29598.75,125.0,2026-07
2026-07-02 23:05:00,CME_MINI:NQ1!,29599.5,29602.75,29596.25,29599.5,74.0,2026-07
2026-07-02 23:06:00,CME_MINI:NQ1!,29601.0,29601.0,29586.0,29586.0,130.0,2026-07
2026-07-02 23:07:00,CME_MINI:NQ1!,29588.25,29588.5,29576.5,29582.25,112.0,2026-07
2026-07-02 23:08:00,CME_MINI:NQ1!,29582.75,29591.5,29581.0,29591.0,58.0,2026-07
2026-07-02 23:09:00,CME_MINI:NQ1!,29589.0,29591.0,29578.25,29583.5,78.0,2026-07
2026-07-02 23:10:00,CME_MINI:NQ1!,29583.5,29589.25,29583.0,29583.0,32.0,2026-07
2026-07-02 23:11:00,CME_MINI:NQ1!,29581.25,29584.5,29578.0,29579.5,31.0,2026-07
2026-07-02 23:12:00,CME_MINI:NQ1!,29583.0,29584.25,29571.0,29572.25,120.0,2026-07
2026-07-02 23:13:00,CME_MINI:NQ1!,29573.25,29574.0,29553.75,29557.0,301.0,2026-07
2026-07-02 23:14:00,CME_MINI:NQ1!,29557.75,29566.75,29556.75,29558.5,86.0,2026-07
2026-07-02 23:15:00,CME_MINI:NQ1!,29560.5,29566.75,29558.5,29565.0,73.0,2026-07
2026-07-02 23:16:00,CME_MINI:NQ1!,29566.0,29581.25,29561.0,29579.25,124.0,2026-07
2026-07-02 23:17:00,CME_MINI:NQ1!,29578.25,29579.5,29568.25,29569.75,101.0,2026-07
2026-07-02 23:18:00,CME_MINI:NQ1!,29571.25,29573.75,29567.0,29570.5,57.0,2026-07
2026-07-02 23:19:00,CME_MINI:NQ1!,29572.25,29572.25,29552.0,29559.5,224.0,2026-07
2026-07-02 23:20:00,CME_MINI:NQ1!,29560.25,29568.5,29557.0,29562.5,97.0,2026-07
2026-07-02 23:21:00,CME_MINI:NQ1!,29564.0,29571.25,29562.5,29567.75,78.0,2026-07
2026-07-02 23:22:00,CME_MINI:NQ1!,29567.75,29590.25,29563.75,29588.5,136.0,2026-07
2026-07-02 23:23:00,CME_MINI:NQ1!,29587.25,29597.75,29585.75,29586.0,176.0,2026-07
2026-07-02 23:24:00,CME_MINI:NQ1!,29585.75,29602.5,29585.75,29595.75,126.0,2026-07
2026-07-02 23:25:00,CME_MINI:NQ1!,29594.75,29602.5,29591.5,29599.25,86.0,2026-07
2026-07-02 23:26:00,CME_MINI:NQ1!,29597.0,29606.5,29593.75,29603.5,95.0,2026-07
2026-07-02 23:27:00,CME_MINI:NQ1!,29601.25,29602.25,29597.75,29598.75,21.0,2026-07
2026-07-02 23:28:00,CME_MINI:NQ1!,29600.25,29608.0,29600.0,29602.25,76.0,2026-07
2026-07-02 23:29:00,CME_MINI:NQ1!,29604.0,29607.5,29599.5,29602.0,46.0,2026-07
2026-07-02 23:30:00,CME_MINI:NQ1!,29600.0,29600.0,29580.25,29591.0,232.0,2026-07
2026-07-02 23:31:00,CME_MINI:NQ1!,29593.0,29596.25,29592.0,29594.75,42.0,2026-07
2026-07-02 23:32:00,CME_MINI:NQ1!,29598.0,29605.75,29597.75,29604.25,65.0,2026-07
2026-07-02 23:33:00,CME_MINI:NQ1!,29605.75,29607.75,29598.75,29600.0,60.0,2026-07
2026-07-02 23:34:00,CME_MINI:NQ1!,29602.5,29618.75,29601.75,29613.5,221.0,2026-07
2026-07-02 23:35:00,CME_MINI:NQ1!,29613.75,29616.75,29609.25,29612.25,58.0,2026-07
2026-07-02 23:36:00,CME_MINI:NQ1!,29612.5,29613.25,29604.0,29605.0,58.0,2026-07
2026-07-02 23:37:00,CME_MINI:NQ1!,29604.75,29605.75,29599.25,29605.0,58.0,2026-07
2026-07-02 23:38:00,CME_MINI:NQ1!,29607.0,29607.25,29598.0,29598.0,16.0,2026-07
2026-07-02 23:39:00,CME_MINI:NQ1!,29596.25,29596.25,29575.5,29582.5,151.0,2026-07
2026-07-02 23:40:00,CME_MINI:NQ1!,29582.5,29589.75,29578.0,29586.25,65.0,2026-07
2026-07-02 23:41:00,CME_MINI:NQ1!,29588.5,29592.0,29574.25,29577.25,35.0,2026-07
2026-07-02 23:42:00,CME_MINI:NQ1!,29576.25,29578.5,29573.25,29578.25,43.0,2026-07
2026-07-02 23:43:00,CME_MINI:NQ1!,29575.0,29582.75,29572.0,29582.5,31.0,2026-07
2026-07-02 23:44:00,CME_MINI:NQ1!,29583.0,29584.75,29571.25,29571.25,54.0,2026-07
2026-07-02 23:45:00,CME_MINI:NQ1!,29573.0,29597.5,29565.5,29592.25,134.0,2026-07
2026-07-02 23:46:00,CME_MINI:NQ1!,29593.75,29610.5,29593.75,29598.5,156.0,2026-07
2026-07-02 23:47:00,CME_MINI:NQ1!,29593.25,29605.5,29590.5,29599.75,91.0,2026-07
2026-07-02 23:48:00,CME_MINI:NQ1!,29601.5,29602.25,29592.5,29597.5,31.0,2026-07
2026-07-02 23:49:00,CME_MINI:NQ1!,29600.75,29603.75,29595.75,29598.5,26.0,2026-07
2026-07-02 23:50:00,CME_MINI:NQ1!,29596.75,29604.0,29587.75,29600.75,36.0,2026-07
2026-07-02 23:51:00,CME_MINI:NQ1!,29598.5,29603.0,29594.25,29599.5,34.0,2026-07
2026-07-02 23:52:00,CME_MINI:NQ1!,29596.5,29601.5,29594.0,29598.75,26.0,2026-07
2026-07-02 23:53:00,CME_MINI:NQ1!,29596.25,29599.25,29582.75,29584.75,40.0,2026-07
2026-07-02 23:54:00,CME_MINI:NQ1!,29586.25,29600.5,29574.75,29600.5,142.0,2026-07
2026-07-02 23:55:00,CME_MINI:NQ1!,29599.25,29600.0,29594.75,29596.25,13.0,2026-07
2026-07-02 23:56:00,CME_MINI:NQ1!,29595.5,29598.75,29594.25,29598.5,28.0,2026-07
2026-07-02 23:57:00,CME_MINI:NQ1!,29596.5,29601.25,29592.5,29599.0,20.0,2026-07
2026-07-02 23:58:00,CME_MINI:NQ1!,29593.0,29603.75,29592.5,29603.5,56.0,2026-07
2026-07-02 23:59:00,CME_MINI:NQ1!,29601.5,29603.0,29598.0,29600.5,22.0,2026-07
2026-07-03 00:00:00,CME_MINI:NQ1!,29598.75,29638.75,29590.75,29628.75,359.0,2026-07
2026-07-03 00:01:00,CME_MINI:NQ1!,29625.75,29632.25,29574.75,29581.25,323.0,2026-07
2026-07-03 00:02:00,CME_MINI:NQ1!,29581.0,29586.75,29567.5,29575.25,158.0,2026-07
2026-07-03 00:03:00,CME_MINI:NQ1!,29575.75,29595.0,29567.5,29593.5,114.0,2026-07
2026-07-03 00:04:00,CME_MINI:NQ1!,29593.75,29599.0,29584.75,29591.0,159.0,2026-07
2026-07-03 00:05:00,CME_MINI:NQ1!,29589.0,29595.0,29573.25,29582.75,117.0,2026-07
2026-07-03 00:06:00,CME_MINI:NQ1!,29578.5,29597.5,29554.25,29583.0,290.0,2026-07
2026-07-03 00:07:00,CME_MINI:NQ1!,29581.0,29581.0,29559.25,29572.0,126.0,2026-07
2026-07-03 00:08:00,CME_MINI:NQ1!,29569.0,29574.75,29558.0,29568.5,76.0,2026-07
2026-07-03 00:09:00,CME_MINI:NQ1!,29570.0,29570.0,29552.0,29552.25,62.0,2026-07
2026-07-03 00:10:00,CME_MINI:NQ1!,29552.25,29559.25,29541.0,29551.25,189.0,2026-07
2026-07-03 00:11:00,CME_MINI:NQ1!,29552.75,29566.0,29544.0,29561.0,69.0,2026-07
2026-07-03 00:12:00,CME_MINI:NQ1!,29558.25,29573.5,29558.25,29561.25,64.0,2026-07
2026-07-03 00:13:00,CME_MINI:NQ1!,29559.0,29616.25,29559.0,29609.75,352.0,2026-07
2026-07-03 00:14:00,CME_MINI:NQ1!,29605.0,29618.0,29604.25,29617.0,117.0,2026-07
2026-07-03 00:15:00,CME_MINI:NQ1!,29615.0,29621.25,29582.0,29590.75,280.0,2026-07
2026-07-03 00:16:00,CME_MINI:NQ1!,29592.5,29602.25,29577.5,29595.25,150.0,2026-07
2026-07-03 00:17:00,CME_MINI:NQ1!,29592.25,29604.75,29575.75,29579.5,150.0,2026-07
2026-07-03 00:18:00,CME_MINI:NQ1!,29579.25,29586.75,29570.0,29576.25,108.0,2026-07
2026-07-03 00:19:00,CME_MINI:NQ1!,29579.0,29591.25,29577.5,29589.25,82.0,2026-07
2026-07-03 00:20:00,CME_MINI:NQ1!,29591.75,29599.75,29581.0,29595.0,77.0,2026-07
2026-07-03 00:21:00,CME_MINI:NQ1!,29596.75,29610.0,29589.0,29590.0,80.0,2026-07
2026-07-03 00:22:00,CME_MINI:NQ1!,29588.5,29591.25,29576.5,29581.25,41.0,2026-07
2026-07-03 00:23:00,CME_MINI:NQ1!,29581.75,29589.0,29578.5,29582.25,30.0,2026-07
2026-07-03 00:24:00,CME_MINI:NQ1!,29586.0,29589.0,29580.0,29586.25,41.0,2026-07
2026-07-03 00:25:00,CME_MINI:NQ1!,29590.25,29596.5,29571.5,29574.5,53.0,2026-07
2026-07-03 00:26:00,CME_MINI:NQ1!,29573.75,29578.5,29567.75,29578.5,53.0,2026-07
2026-07-03 00:27:00,CME_MINI:NQ1!,29578.5,29585.25,29558.0,29565.25,146.0,2026-07
2026-07-03 00:28:00,CME_MINI:NQ1!,29567.25,29576.0,29561.0,29566.0,83.0,2026-07
2026-07-03 00:29:00,CME_MINI:NQ1!,29563.5,29572.0,29560.0,29561.5,68.0,2026-07
2026-07-03 00:30:00,CME_MINI:NQ1!,29561.25,29564.0,29536.0,29541.5,173.0,2026-07
2026-07-03 00:31:00,CME_MINI:NQ1!,29539.75,29563.25,29534.0,29563.25,176.0,2026-07
2026-07-03 00:32:00,CME_MINI:NQ1!,29561.5,29562.25,29547.5,29547.5,89.0,2026-07
2026-07-03 00:33:00,CME_MINI:NQ1!,29549.75,29551.25,29537.0,29541.0,61.0,2026-07
2026-07-03 00:34:00,CME_MINI:NQ1!,29546.75,29556.25,29537.0,29541.0,73.0,2026-07
2026-07-03 00:35:00,CME_MINI:NQ1!,29536.25,29562.0,29534.75,29558.5,77.0,2026-07
2026-07-03 00:36:00,CME_MINI:NQ1!,29560.5,29569.0,29551.75,29565.75,101.0,2026-07
2026-07-03 00:37:00,CME_MINI:NQ1!,29567.25,29577.75,29558.0,29574.5,120.0,2026-07
2026-07-03 00:38:00,CME_MINI:NQ1!,29574.75,29601.5,29573.25,29575.5,192.0,2026-07
2026-07-03 00:39:00,CME_MINI:NQ1!,29572.75,29577.75,29564.75,29571.5,55.0,2026-07
2026-07-03 00:40:00,CME_MINI:NQ1!,29570.5,29576.0,29560.0,29566.75,57.0,2026-07
2026-07-03 00:41:00,CME_MINI:NQ1!,29568.75,29575.75,29565.5,29568.25,39.0,2026-07
2026-07-03 00:42:00,CME_MINI:NQ1!,29569.25,29569.25,29544.25,29553.75,133.0,2026-07
2026-07-03 00:43:00,CME_MINI:NQ1!,29553.5,29553.5,29541.0,29548.0,58.0,2026-07
2026-07-03 00:44:00,CME_MINI:NQ1!,29552.0,29560.0,29552.0,29554.5,59.0,2026-07
2026-07-03 00:45:00,CME_MINI:NQ1!,29552.75,29557.0,29534.75,29536.25,99.0,2026-07
2026-07-03 00:46:00,CME_MINI:NQ1!,29538.0,29558.5,29532.0,29555.75,100.0,2026-07
2026-07-03 00:47:00,CME_MINI:NQ1!,29558.0,29565.0,29549.25,29560.75,34.0,2026-07
2026-07-03 00:48:00,CME_MINI:NQ1!,29559.5,29568.5,29550.25,29550.25,61.0,2026-07
2026-07-03 00:49:00,CME_MINI:NQ1!,29552.0,29567.25,29549.75,29564.5,41.0,2026-07
2026-07-03 00:50:00,CME_MINI:NQ1!,29564.5,29568.0,29559.5,29562.0,40.0,2026-07
2026-07-03 00:51:00,CME_MINI:NQ1!,29562.25,29562.25,29549.5,29558.75,91.0,2026-07
2026-07-03 00:52:00,CME_MINI:NQ1!,29564.0,29572.25,29550.0,29552.0,166.0,2026-07
2026-07-03 00:53:00,CME_MINI:NQ1!,29556.0,29556.0,29532.5,29538.75,59.0,2026-07
2026-07-03 00:54:00,CME_MINI:NQ1!,29542.75,29550.0,29539.25,29547.25,70.0,2026-07
2026-07-03 00:55:00,CME_MINI:NQ1!,29545.25,29551.0,29538.75,29542.25,67.0,2026-07
2026-07-03 00:56:00,CME_MINI:NQ1!,29541.75,29546.25,29533.0,29545.0,49.0,2026-07
2026-07-03 00:57:00,CME_MINI:NQ1!,29548.75,29548.75,29533.75,29534.25,36.0,2026-07
2026-07-03 00:58:00,CME_MINI:NQ1!,29538.0,29538.0,29522.0,29526.0,195.0,2026-07
2026-07-03 00:59:00,CME_MINI:NQ1!,29527.0,29546.0,29527.0,29536.5,112.0,2026-07
2026-07-03 01:00:00,CME_MINI:NQ1!,29539.5,29552.25,29535.25,29550.5,79.0,2026-07
2026-07-03 01:01:00,CME_MINI:NQ1!,29549.25,29557.25,29539.25,29543.0,97.0,2026-07
2026-07-03 01:02:00,CME_MINI:NQ1!,29546.0,29576.25,29545.5,29574.0,116.0,2026-07
2026-07-03 01:03:00,CME_MINI:NQ1!,29576.25,29604.75,29572.0,29603.75,193.0,2026-07
2026-07-03 01:04:00,CME_MINI:NQ1!,29601.5,29625.75,29601.0,29623.25,119.0,2026-07
2026-07-03 01:05:00,CME_MINI:NQ1!,29622.5,29671.75,29617.0,29670.0,591.0,2026-07
2026-07-03 01:06:00,CME_MINI:NQ1!,29669.75,29684.25,29661.5,29672.5,363.0,2026-07
2026-07-03 01:07:00,CME_MINI:NQ1!,29670.75,29688.25,29665.25,29684.5,406.0,2026-07
2026-07-03 01:08:00,CME_MINI:NQ1!,29680.75,29692.25,29677.25,29683.0,167.0,2026-07
2026-07-03 01:09:00,CME_MINI:NQ1!,29680.0,29697.5,29671.0,29686.75,273.0,2026-07
2026-07-03 01:10:00,CME_MINI:NQ1!,29685.75,29686.0,29669.5,29676.5,148.0,2026-07
2026-07-03 01:11:00,CME_MINI:NQ1!,29669.75,29684.25,29669.25,29676.5,66.0,2026-07
2026-07-03 01:12:00,CME_MINI:NQ1!,29676.25,29677.5,29659.5,29662.0,113.0,2026-07
2026-07-03 01:13:00,CME_MINI:NQ1!,29660.5,29667.5,29657.0,29662.75,57.0,2026-07
2026-07-03 01:14:00,CME_MINI:NQ1!,29663.75,29685.0,29663.0,29673.0,180.0,2026-07
2026-07-03 01:15:00,CME_MINI:NQ1!,29673.5,29680.0,29663.5,29665.5,107.0,2026-07
2026-07-03 01:16:00,CME_MINI:NQ1!,29664.75,29666.25,29646.75,29651.0,141.0,2026-07
2026-07-03 01:17:00,CME_MINI:NQ1!,29653.25,29655.25,29646.5,29651.75,58.0,2026-07
2026-07-03 01:18:00,CME_MINI:NQ1!,29655.0,29666.0,29647.75,29666.0,100.0,2026-07
2026-07-03 01:19:00,CME_MINI:NQ1!,29667.5,29677.25,29655.5,29660.0,99.0,2026-07
2026-07-03 01:20:00,CME_MINI:NQ1!,29662.0,29674.5,29662.0,29668.75,63.0,2026-07
2026-07-03 01:21:00,CME_MINI:NQ1!,29669.5,29679.25,29669.25,29673.5,63.0,2026-07
2026-07-03 01:22:00,CME_MINI:NQ1!,29673.5,29680.5,29670.0,29678.25,63.0,2026-07
2026-07-03 01:23:00,CME_MINI:NQ1!,29678.25,29679.25,29661.0,29661.5,97.0,2026-07
2026-07-03 01:24:00,CME_MINI:NQ1!,29663.0,29673.75,29658.0,29672.0,68.0,2026-07
2026-07-03 01:25:00,CME_MINI:NQ1!,29666.25,29671.5,29660.0,29663.75,33.0,2026-07
2026-07-03 01:26:00,CME_MINI:NQ1!,29661.25,29668.75,29656.75,29663.75,54.0,2026-07
2026-07-03 01:27:00,CME_MINI:NQ1!,29660.25,29667.0,29652.25,29662.5,64.0,2026-07
2026-07-03 01:28:00,CME_MINI:NQ1!,29661.25,29672.0,29661.25,29667.0,53.0,2026-07
2026-07-03 01:29:00,CME_MINI:NQ1!,29667.0,29667.0,29655.0,29655.0,45.0,2026-07
2026-07-03 01:30:00,CME_MINI:NQ1!,29655.0,29660.75,29643.25,29660.75,104.0,2026-07
2026-07-03 01:31:00,CME_MINI:NQ1!,29662.25,29669.75,29652.25,29656.75,58.0,2026-07
2026-07-03 01:32:00,CME_MINI:NQ1!,29657.25,29662.75,29652.5,29662.75,37.0,2026-07
2026-07-03 01:33:00,CME_MINI:NQ1!,29661.25,29670.75,29660.0,29662.5,76.0,2026-07
2026-07-03 01:34:00,CME_MINI:NQ1!,29659.0,29666.5,29653.25,29664.75,55.0,2026-07
2026-07-03 01:35:00,CME_MINI:NQ1!,29666.25,29673.0,29658.25,29661.75,57.0,2026-07
2026-07-03 01:36:00,CME_MINI:NQ1!,29662.25,29662.25,29648.75,29653.25,33.0,2026-07
2026-07-03 01:37:00,CME_MINI:NQ1!,29653.0,29656.75,29649.25,29654.0,38.0,2026-07
2026-07-03 01:38:00,CME_MINI:NQ1!,29655.5,29660.5,29647.5,29649.5,53.0,2026-07
2026-07-03 01:39:00,CME_MINI:NQ1!,29653.75,29666.25,29653.75,29662.5,29.0,2026-07
2026-07-03 01:40:00,CME_MINI:NQ1!,29664.0,29674.5,29661.0,29674.5,178.0,2026-07
2026-07-03 01:41:00,CME_MINI:NQ1!,29673.25,29683.25,29671.75,29676.25,211.0,2026-07
2026-07-03 01:42:00,CME_MINI:NQ1!,29674.75,29677.0,29663.25,29663.5,69.0,2026-07
2026-07-03 01:43:00,CME_MINI:NQ1!,29664.0,29673.0,29661.75,29673.0,69.0,2026-07
2026-07-03 01:44:00,CME_MINI:NQ1!,29673.0,29678.25,29671.75,29675.0,57.0,2026-07
2026-07-03 01:45:00,CME_MINI:NQ1!,29675.75,29676.5,29659.75,29666.25,89.0,2026-07
2026-07-03 01:46:00,CME_MINI:NQ1!,29666.25,29674.75,29666.25,29668.5,83.0,2026-07
2026-07-03 01:47:00,CME_MINI:NQ1!,29669.5,29676.5,29666.5,29673.75,65.0,2026-07
2026-07-03 01:48:00,CME_MINI:NQ1!,29676.5,29690.5,29673.5,29685.5,214.0,2026-07
2026-07-03 01:49:00,CME_MINI:NQ1!,29685.5,29690.5,29684.0,29684.0,165.0,2026-07
2026-07-03 01:50:00,CME_MINI:NQ1!,29686.0,29689.0,29679.75,29688.25,113.0,2026-07
2026-07-03 01:51:00,CME_MINI:NQ1!,29688.25,29690.0,29670.5,29673.25,78.0,2026-07
2026-07-03 01:52:00,CME_MINI:NQ1!,29669.75,29687.75,29666.75,29687.75,162.0,2026-07
2026-07-03 01:53:00,CME_MINI:NQ1!,29690.0,29695.25,29685.5,29691.75,138.0,2026-07
2026-07-03 01:54:00,CME_MINI:NQ1!,29690.25,29695.25,29688.0,29695.25,103.0,2026-07
2026-07-03 01:55:00,CME_MINI:NQ1!,29694.25,29699.5,29692.25,29695.5,108.0,2026-07
2026-07-03 01:56:00,CME_MINI:NQ1!,29693.25,29696.75,29688.25,29696.75,73.0,2026-07
2026-07-03 01:57:00,CME_MINI:NQ1!,29696.75,29698.5,29690.5,29696.0,72.0,2026-07
2026-07-03 01:58:00,CME_MINI:NQ1!,29694.5,29696.0,29683.25,29683.25,100.0,2026-07
2026-07-03 01:59:00,CME_MINI:NQ1!,29683.0,29688.5,29678.75,29682.5,77.0,2026-07
2026-07-03 02:00:00,CME_MINI:NQ1!,29684.75,29689.25,29681.75,29685.0,44.0,2026-07
2026-07-03 02:01:00,CME_MINI:NQ1!,29685.0,29692.5,29680.5,29692.5,66.0,2026-07
2026-07-03 02:02:00,CME_MINI:NQ1!,29693.0,29693.0,29686.25,29688.5,24.0,2026-07
2026-07-03 02:03:00,CME_MINI:NQ1!,29689.75,29691.5,29684.75,29691.5,35.0,2026-07
2026-07-03 02:04:00,CME_MINI:NQ1!,29692.0,29695.25,29686.75,29691.5,77.0,2026-07
2026-07-03 02:05:00,CME_MINI:NQ1!,29685.25,29703.0,29685.0,29695.0,118.0,2026-07
2026-07-03 02:06:00,CME_MINI:NQ1!,29694.0,29704.5,29693.5,29698.75,87.0,2026-07
2026-07-03 02:07:00,CME_MINI:NQ1!,29697.75,29705.0,29697.75,29700.5,58.0,2026-07
2026-07-03 02:08:00,CME_MINI:NQ1!,29701.0,29712.0,29699.5,29709.5,202.0,2026-07
2026-07-03 02:09:00,CME_MINI:NQ1!,29709.75,29716.5,29708.5,29715.0,116.0,2026-07
2026-07-03 02:10:00,CME_MINI:NQ1!,29714.25,29715.75,29698.0,29698.75,126.0,2026-07
2026-07-03 02:11:00,CME_MINI:NQ1!,29696.75,29703.25,29696.75,29699.75,82.0,2026-07
2026-07-03 02:12:00,CME_MINI:NQ1!,29698.75,29699.75,29690.25,29690.5,65.0,2026-07
2026-07-03 02:13:00,CME_MINI:NQ1!,29692.25,29696.25,29688.75,29695.5,74.0,2026-07
2026-07-03 02:14:00,CME_MINI:NQ1!,29694.0,29696.5,29692.75,29695.0,33.0,2026-07
2026-07-03 02:15:00,CME_MINI:NQ1!,29695.5,29699.0,29693.5,29695.5,48.0,2026-07
2026-07-03 02:16:00,CME_MINI:NQ1!,29697.25,29705.75,29695.0,29703.25,45.0,2026-07
2026-07-03 02:17:00,CME_MINI:NQ1!,29705.0,29712.0,29698.25,29711.0,51.0,2026-07
2026-07-03 02:18:00,CME_MINI:NQ1!,29712.75,29714.0,29706.25,29712.25,35.0,2026-07
2026-07-03 02:19:00,CME_MINI:NQ1!,29712.5,29712.5,29702.0,29703.75,61.0,2026-07
2026-07-03 02:20:00,CME_MINI:NQ1!,29705.5,29718.0,29703.0,29717.75,110.0,2026-07
2026-07-03 02:21:00,CME_MINI:NQ1!,29718.0,29718.25,29713.0,29715.75,35.0,2026-07
2026-07-03 02:22:00,CME_MINI:NQ1!,29716.5,29717.5,29713.0,29714.5,24.0,2026-07
2026-07-03 02:23:00,CME_MINI:NQ1!,29716.5,29720.0,29716.5,29718.0,33.0,2026-07
2026-07-03 02:24:00,CME_MINI:NQ1!,29718.5,29720.0,29714.0,29717.75,63.0,2026-07
2026-07-03 02:25:00,CME_MINI:NQ1!,29718.75,29728.0,29717.75,29725.75,95.0,2026-07
2026-07-03 02:26:00,CME_MINI:NQ1!,29724.75,29727.25,29720.25,29723.0,74.0,2026-07
2026-07-03 02:27:00,CME_MINI:NQ1!,29723.5,29724.75,29718.75,29721.0,76.0,2026-07
2026-07-03 02:28:00,CME_MINI:NQ1!,29724.25,29730.0,29722.75,29726.5,82.0,2026-07
2026-07-03 02:29:00,CME_MINI:NQ1!,29726.5,29732.0,29725.75,29729.75,71.0,2026-07
2026-07-03 02:30:00,CME_MINI:NQ1!,29728.0,29732.0,29716.0,29720.0,137.0,2026-07
2026-07-03 02:31:00,CME_MINI:NQ1!,29721.0,29726.5,29720.0,29723.75,71.0,2026-07
2026-07-03 02:32:00,CME_MINI:NQ1!,29726.0,29726.75,29717.0,29719.75,40.0,2026-07
2026-07-03 02:33:00,CME_MINI:NQ1!,29720.0,29729.25,29720.0,29722.0,44.0,2026-07
2026-07-03 02:34:00,CME_MINI:NQ1!,29720.75,29725.5,29720.75,29721.75,18.0,2026-07
2026-07-03 02:35:00,CME_MINI:NQ1!,29720.0,29721.75,29712.0,29714.0,79.0,2026-07
2026-07-03 02:36:00,CME_MINI:NQ1!,29713.25,29718.25,29711.25,29712.5,44.0,2026-07
2026-07-03 02:37:00,CME_MINI:NQ1!,29711.75,29712.0,29707.5,29708.5,75.0,2026-07
2026-07-03 02:38:00,CME_MINI:NQ1!,29708.75,29716.75,29708.25,29716.75,26.0,2026-07
2026-07-03 02:39:00,CME_MINI:NQ1!,29717.75,29722.0,29707.25,29712.5,134.0,2026-07
2026-07-03 02:40:00,CME_MINI:NQ1!,29713.0,29716.0,29710.0,29710.0,31.0,2026-07
2026-07-03 02:41:00,CME_MINI:NQ1!,29709.5,29714.0,29708.75,29712.75,44.0,2026-07
2026-07-03 02:42:00,CME_MINI:NQ1!,29712.5,29715.0,29707.75,29710.5,53.0,2026-07
2026-07-03 02:43:00,CME_MINI:NQ1!,29708.0,29713.0,29706.25,29709.0,41.0,2026-07
2026-07-03 02:44:00,CME_MINI:NQ1!,29710.5,29724.25,29710.5,29723.75,43.0,2026-07
2026-07-03 02:45:00,CME_MINI:NQ1!,29725.5,29734.0,29724.75,29729.0,129.0,2026-07
2026-07-03 02:46:00,CME_MINI:NQ1!,29730.0,29733.0,29726.0,29728.5,37.0,2026-07
2026-07-03 02:47:00,CME_MINI:NQ1!,29728.75,29740.75,29728.75,29740.75,103.0,2026-07
2026-07-03 02:48:00,CME_MINI:NQ1!,29739.75,29739.75,29732.0,29734.25,52.0,2026-07
2026-07-03 02:49:00,CME_MINI:NQ1!,29735.0,29741.75,29734.25,29741.75,55.0,2026-07
2026-07-03 02:50:00,CME_MINI:NQ1!,29740.5,29744.0,29733.0,29733.0,62.0,2026-07
2026-07-03 02:51:00,CME_MINI:NQ1!,29733.5,29741.0,29733.25,29741.0,32.0,2026-07
2026-07-03 02:52:00,CME_MINI:NQ1!,29741.5,29744.5,29739.5,29742.0,55.0,2026-07
2026-07-03 02:53:00,CME_MINI:NQ1!,29741.25,29747.75,29740.0,29747.75,95.0,2026-07
2026-07-03 02:54:00,CME_MINI:NQ1!,29746.25,29748.5,29737.0,29742.5,123.0,2026-07
2026-07-03 02:55:00,CME_MINI:NQ1!,29744.25,29746.0,29741.75,29743.5,33.0,2026-07
2026-07-03 02:56:00,CME_MINI:NQ1!,29745.0,29745.25,29736.25,29745.0,67.0,2026-07
2026-07-03 02:57:00,CME_MINI:NQ1!,29743.5,29748.0,29743.25,29747.0,28.0,2026-07
2026-07-03 02:58:00,CME_MINI:NQ1!,29747.25,29755.75,29747.25,29752.0,135.0,2026-07
2026-07-03 02:59:00,CME_MINI:NQ1!,29750.75,29752.75,29748.75,29750.75,52.0,2026-07
2026-07-03 03:00:00,CME_MINI:NQ1!,29749.75,29750.5,29742.0,29742.0,105.0,2026-07
2026-07-03 03:01:00,CME_MINI:NQ1!,29741.0,29747.25,29739.75,29746.0,67.0,2026-07
2026-07-03 03:02:00,CME_MINI:NQ1!,29745.75,29750.5,29743.25,29747.5,66.0,2026-07
2026-07-03 03:03:00,CME_MINI:NQ1!,29748.5,29752.25,29747.5,29751.25,70.0,2026-07
2026-07-03 03:04:00,CME_MINI:NQ1!,29750.0,29750.75,29746.5,29747.25,27.0,2026-07
2026-07-03 03:05:00,CME_MINI:NQ1!,29747.0,29750.25,29742.5,29750.25,69.0,2026-07
2026-07-03 03:06:00,CME_MINI:NQ1!,29749.25,29755.25,29741.75,29743.75,117.0,2026-07
2026-07-03 03:07:00,CME_MINI:NQ1!,29743.5,29743.5,29735.75,29737.75,65.0,2026-07
2026-07-03 03:08:00,CME_MINI:NQ1!,29740.25,29742.25,29736.25,29742.0,47.0,2026-07
2026-07-03 03:09:00,CME_MINI:NQ1!,29740.75,29744.75,29737.5,29742.25,72.0,2026-07
2026-07-03 03:10:00,CME_MINI:NQ1!,29741.75,29743.5,29734.0,29736.0,34.0,2026-07
2026-07-03 03:11:00,CME_MINI:NQ1!,29735.75,29740.0,29735.75,29737.5,53.0,2026-07
2026-07-03 03:12:00,CME_MINI:NQ1!,29735.5,29736.75,29734.75,29735.5,10.0,2026-07
2026-07-03 03:13:00,CME_MINI:NQ1!,29735.75,29740.5,29730.75,29740.5,75.0,2026-07
2026-07-03 03:14:00,CME_MINI:NQ1!,29740.25,29746.5,29740.25,29746.25,43.0,2026-07
2026-07-03 03:15:00,CME_MINI:NQ1!,29746.75,29754.25,29745.0,29753.0,66.0,2026-07
2026-07-03 03:16:00,CME_MINI:NQ1!,29752.25,29756.25,29752.0,29752.0,46.0,2026-07
2026-07-03 03:17:00,CME_MINI:NQ1!,29752.5,29755.0,29749.0,29754.5,39.0,2026-07
2026-07-03 03:18:00,CME_MINI:NQ1!,29755.0,29755.0,29749.75,29751.25,20.0,2026-07
2026-07-03 03:19:00,CME_MINI:NQ1!,29751.5,29752.75,29747.75,29752.0,36.0,2026-07
2026-07-03 03:20:00,CME_MINI:NQ1!,29750.5,29758.0,29750.5,29756.0,43.0,2026-07
2026-07-03 03:21:00,CME_MINI:NQ1!,29756.75,29756.75,29752.0,29753.25,42.0,2026-07
2026-07-03 03:22:00,CME_MINI:NQ1!,29752.25,29755.75,29752.25,29755.25,8.0,2026-07
2026-07-03 03:23:00,CME_MINI:NQ1!,29756.25,29757.5,29748.5,29749.0,26.0,2026-07
2026-07-03 03:24:00,CME_MINI:NQ1!,29748.0,29749.5,29745.75,29746.0,35.0,2026-07
2026-07-03 03:25:00,CME_MINI:NQ1!,29745.0,29750.0,29743.75,29744.5,53.0,2026-07
2026-07-03 03:26:00,CME_MINI:NQ1!,29745.0,29749.0,29742.0,29749.0,21.0,2026-07
2026-07-03 03:27:00,CME_MINI:NQ1!,29749.0,29755.0,29748.0,29753.5,22.0,2026-07
2026-07-03 03:28:00,CME_MINI:NQ1!,29753.75,29755.25,29752.25,29755.25,22.0,2026-07
2026-07-03 03:29:00,CME_MINI:NQ1!,29754.5,29761.75,29754.0,29761.0,95.0,2026-07
2026-07-03 03:30:00,CME_MINI:NQ1!,29760.75,29773.5,29760.75,29770.0,200.0,2026-07
2026-07-03 03:31:00,CME_MINI:NQ1!,29770.75,29775.25,29766.75,29767.25,88.0,2026-07
2026-07-03 03:32:00,CME_MINI:NQ1!,29765.5,29766.5,29759.0,29764.5,50.0,2026-07
2026-07-03 03:33:00,CME_MINI:NQ1!,29763.5,29764.5,29758.5,29760.25,41.0,2026-07
2026-07-03 03:34:00,CME_MINI:NQ1!,29758.0,29761.75,29753.25,29755.25,54.0,2026-07
2026-07-03 03:35:00,CME_MINI:NQ1!,29758.5,29759.75,29747.5,29747.75,66.0,2026-07
2026-07-03 03:36:00,CME_MINI:NQ1!,29748.25,29751.0,29745.25,29747.0,60.0,2026-07
2026-07-03 03:37:00,CME_MINI:NQ1!,29747.25,29749.5,29736.25,29739.0,86.0,2026-07
2026-07-03 03:38:00,CME_MINI:NQ1!,29738.5,29743.75,29735.25,29743.75,67.0,2026-07
2026-07-03 08:39:00,CME_MINI:NQ1!,29862.0,29866.0,29855.75,29865.5,86.0,2026-07
2026-07-03 08:40:00,CME_MINI:NQ1!,29865.25,29865.25,29858.75,29862.75,38.0,2026-07
2026-07-03 08:41:00,CME_MINI:NQ1!,29862.5,29869.25,29862.25,29868.5,54.0,2026-07
2026-07-03 08:42:00,CME_MINI:NQ1!,29867.25,29873.25,29863.75,29868.25,93.0,2026-07
2026-07-03 08:43:00,CME_MINI:NQ1!,29867.25,29870.25,29866.0,29867.0,38.0,2026-07
2026-07-03 08:44:00,CME_MINI:NQ1!,29866.5,29870.0,29863.75,29870.0,27.0,2026-07
2026-07-03 08:45:00,CME_MINI:NQ1!,29870.5,29870.5,29866.25,29866.25,27.0,2026-07
2026-07-03 08:46:00,CME_MINI:NQ1!,29865.0,29865.25,29850.5,29850.5,167.0,2026-07
2026-07-03 08:47:00,CME_MINI:NQ1!,29850.25,29854.75,29847.0,29851.5,151.0,2026-07
2026-07-03 08:48:00,CME_MINI:NQ1!,29852.5,29854.5,29842.75,29847.75,109.0,2026-07
2026-07-03 08:49:00,CME_MINI:NQ1!,29848.5,29848.75,29832.0,29832.0,78.0,2026-07
2026-07-03 08:50:00,CME_MINI:NQ1!,29833.0,29845.0,29831.25,29844.75,114.0,2026-07
2026-07-03 08:51:00,CME_MINI:NQ1!,29846.0,29846.5,29838.25,29843.75,64.0,2026-07
2026-07-03 08:52:00,CME_MINI:NQ1!,29842.5,29843.25,29837.0,29842.75,27.0,2026-07
2026-07-03 08:53:00,CME_MINI:NQ1!,29843.0,29846.5,29842.0,29843.25,23.0,2026-07
2026-07-03 08:54:00,CME_MINI:NQ1!,29842.0,29848.25,29841.0,29846.0,16.0,2026-07
2026-07-03 08:55:00,CME_MINI:NQ1!,29847.0,29848.5,29843.0,29847.5,23.0,2026-07
2026-07-03 08:56:00,CME_MINI:NQ1!,29849.25,29854.0,29848.25,29852.5,45.0,2026-07
2026-07-03 08:57:00,CME_MINI:NQ1!,29852.75,29852.75,29848.25,29848.25,7.0,2026-07
2026-07-03 08:58:00,CME_MINI:NQ1!,29854.0,29856.0,29846.25,29847.25,25.0,2026-07
2026-07-03 08:59:00,CME_MINI:NQ1!,29848.75,29848.75,29845.25,29848.5,33.0,2026-07
2026-07-03 09:00:00,CME_MINI:NQ1!,29848.75,29849.25,29841.5,29841.5,26.0,2026-07
2026-07-03 09:01:00,CME_MINI:NQ1!,29840.75,29842.25,29833.25,29834.0,67.0,2026-07
2026-07-03 09:02:00,CME_MINI:NQ1!,29834.0,29840.25,29831.0,29838.5,104.0,2026-07
2026-07-03 09:03:00,CME_MINI:NQ1!,29839.5,29841.25,29834.0,29840.5,20.0,2026-07
2026-07-03 09:04:00,CME_MINI:NQ1!,29839.75,29844.0,29836.25,29837.25,24.0,2026-07
2026-07-03 09:05:00,CME_MINI:NQ1!,29835.25,29841.0,29835.25,29835.75,17.0,2026-07
2026-07-03 09:06:00,CME_MINI:NQ1!,29837.75,29840.0,29829.0,29829.25,122.0,2026-07
2026-07-03 09:07:00,CME_MINI:NQ1!,29829.25,29839.5,29827.75,29838.5,99.0,2026-07
2026-07-03 09:08:00,CME_MINI:NQ1!,29840.5,29842.5,29838.75,29842.5,8.0,2026-07
2026-07-03 09:09:00,CME_MINI:NQ1!,29842.75,29842.75,29837.0,29840.25,9.0,2026-07
2026-07-03 09:10:00,CME_MINI:NQ1!,29838.75,29842.25,29838.75,29841.0,13.0,2026-07
2026-07-03 09:11:00,CME_MINI:NQ1!,29844.0,29853.75,29844.0,29852.0,68.0,2026-07
2026-07-03 09:12:00,CME_MINI:NQ1!,29853.0,29861.25,29851.25,29859.5,44.0,2026-07
2026-07-03 09:13:00,CME_MINI:NQ1!,29859.5,29873.75,29859.5,29870.25,125.0,2026-07
2026-07-03 09:14:00,CME_MINI:NQ1!,29871.75,29878.0,29869.0,29877.25,97.0,2026-07
2026-07-03 09:15:00,CME_MINI:NQ1!,29878.0,29884.25,29876.0,29879.25,208.0,2026-07
2026-07-03 09:16:00,CME_MINI:NQ1!,29878.0,29878.0,29866.5,29867.75,147.0,2026-07
2026-07-03 09:17:00,CME_MINI:NQ1!,29867.0,29883.5,29867.0,29882.75,179.0,2026-07
2026-07-03 09:18:00,CME_MINI:NQ1!,29882.0,29885.0,29880.25,29884.25,52.0,2026-07
2026-07-03 09:19:00,CME_MINI:NQ1!,29885.0,29885.5,29878.0,29879.75,78.0,2026-07
2026-07-03 09:20:00,CME_MINI:NQ1!,29879.25,29885.0,29879.25,29885.0,44.0,2026-07
2026-07-03 09:21:00,CME_MINI:NQ1!,29885.0,29887.75,29882.0,29884.0,90.0,2026-07
2026-07-03 09:22:00,CME_MINI:NQ1!,29886.25,29886.25,29876.75,29878.25,47.0,2026-07
2026-07-03 09:23:00,CME_MINI:NQ1!,29881.5,29885.0,29880.25,29884.75,39.0,2026-07
2026-07-03 09:24:00,CME_MINI:NQ1!,29885.75,29892.75,29885.0,29889.0,116.0,2026-07
2026-07-03 09:25:00,CME_MINI:NQ1!,29887.25,29889.75,29884.25,29889.25,55.0,2026-07
2026-07-03 09:26:00,CME_MINI:NQ1!,29889.75,29893.0,29882.25,29885.0,80.0,2026-07
2026-07-03 09:27:00,CME_MINI:NQ1!,29884.0,29884.0,29875.25,29882.75,109.0,2026-07
2026-07-03 09:28:00,CME_MINI:NQ1!,29882.75,29891.0,29882.75,29890.0,46.0,2026-07
2026-07-03 09:29:00,CME_MINI:NQ1!,29889.5,29889.75,29883.25,29887.25,38.0,2026-07
2026-07-03 09:30:00,CME_MINI:NQ1!,29887.25,29888.5,29884.0,29887.5,38.0,2026-07
2026-07-03 09:31:00,CME_MINI:NQ1!,29887.5,29892.5,29885.5,29892.5,54.0,2026-07
2026-07-03 09:32:00,CME_MINI:NQ1!,29892.5,29897.25,29891.25,29892.5,149.0,2026-07
2026-07-03 09:33:00,CME_MINI:NQ1!,29893.0,29893.0,29882.25,29884.75,78.0,2026-07
2026-07-03 09:34:00,CME_MINI:NQ1!,29882.0,29882.0,29876.25,29877.75,69.0,2026-07
2026-07-03 09:35:00,CME_MINI:NQ1!,29877.5,29879.75,29873.75,29877.25,30.0,2026-07
2026-07-03 09:36:00,CME_MINI:NQ1!,29877.0,29883.0,29876.75,29882.5,30.0,2026-07
2026-07-03 09:37:00,CME_MINI:NQ1!,29883.75,29883.75,29878.0,29880.0,29.0,2026-07
2026-07-03 09:38:00,CME_MINI:NQ1!,29879.0,29879.0,29871.0,29873.75,63.0,2026-07
2026-07-03 09:39:00,CME_MINI:NQ1!,29872.25,29876.25,29870.75,29873.75,47.0,2026-07
2026-07-03 09:40:00,CME_MINI:NQ1!,29874.75,29877.5,29870.0,29876.5,70.0,2026-07
2026-07-03 09:41:00,CME_MINI:NQ1!,29874.75,29877.0,29874.0,29876.0,16.0,2026-07
2026-07-03 09:42:00,CME_MINI:NQ1!,29877.25,29877.25,29873.75,29873.75,5.0,2026-07
2026-07-03 09:43:00,CME_MINI:NQ1!,29874.25,29889.0,29874.25,29889.0,73.0,2026-07
2026-07-03 09:44:00,CME_MINI:NQ1!,29887.75,29900.25,29887.75,29895.75,97.0,2026-07
2026-07-03 09:45:00,CME_MINI:NQ1!,29895.75,29897.0,29891.25,29895.0,46.0,2026-07
2026-07-03 09:46:00,CME_MINI:NQ1!,29896.0,29898.5,29894.5,29896.25,20.0,2026-07
2026-07-03 09:47:00,CME_MINI:NQ1!,29897.5,29899.0,29892.25,29893.25,45.0,2026-07
2026-07-03 09:48:00,CME_MINI:NQ1!,29894.75,29895.0,29884.5,29884.5,136.0,2026-07
2026-07-03 09:49:00,CME_MINI:NQ1!,29884.0,29884.0,29875.0,29879.5,133.0,2026-07
2026-07-03 09:50:00,CME_MINI:NQ1!,29880.0,29883.25,29876.0,29877.25,60.0,2026-07
2026-07-03 09:51:00,CME_MINI:NQ1!,29877.25,29879.0,29873.0,29873.0,31.0,2026-07
2026-07-03 09:52:00,CME_MINI:NQ1!,29875.0,29876.75,29872.5,29876.0,23.0,2026-07
2026-07-03 09:53:00,CME_MINI:NQ1!,29875.25,29875.25,29869.75,29870.5,70.0,2026-07
2026-07-03 09:54:00,CME_MINI:NQ1!,29873.25,29874.25,29873.25,29874.25,8.0,2026-07
2026-07-03 09:55:00,CME_MINI:NQ1!,29874.25,29875.25,29872.0,29872.0,20.0,2026-07
2026-07-03 09:56:00,CME_MINI:NQ1!,29872.5,29878.5,29867.75,29869.5,65.0,2026-07
2026-07-03 09:57:00,CME_MINI:NQ1!,29869.0,29874.25,29869.0,29870.5,23.0,2026-07
2026-07-03 09:58:00,CME_MINI:NQ1!,29870.75,29872.5,29868.25,29871.0,17.0,2026-07
2026-07-03 09:59:00,CME_MINI:NQ1!,29870.0,29875.0,29870.0,29870.5,14.0,2026-07
2026-07-03 10:00:00,CME_MINI:NQ1!,29869.75,29870.0,29863.0,29866.0,56.0,2026-07
2026-07-03 10:01:00,CME_MINI:NQ1!,29864.5,29867.75,29863.75,29867.75,31.0,2026-07
2026-07-03 10:02:00,CME_MINI:NQ1!,29866.25,29866.25,29856.0,29861.5,57.0,2026-07
2026-07-03 10:03:00,CME_MINI:NQ1!,29861.75,29865.75,29861.25,29865.25,17.0,2026-07
2026-07-03 10:04:00,CME_MINI:NQ1!,29867.75,29870.25,29867.75,29870.0,22.0,2026-07
2026-07-03 10:05:00,CME_MINI:NQ1!,29871.75,29874.25,29870.0,29874.25,40.0,2026-07
2026-07-03 10:06:00,CME_MINI:NQ1!,29874.0,29874.5,29871.75,29872.5,21.0,2026-07
2026-07-03 10:07:00,CME_MINI:NQ1!,29871.75,29872.75,29870.0,29871.75,19.0,2026-07
2026-07-03 10:08:00,CME_MINI:NQ1!,29872.5,29877.75,29872.25,29876.5,30.0,2026-07
2026-07-03 10:09:00,CME_MINI:NQ1!,29873.25,29875.5,29869.25,29875.0,45.0,2026-07
2026-07-03 10:10:00,CME_MINI:NQ1!,29873.5,29880.75,29871.0,29879.0,45.0,2026-07
2026-07-03 10:11:00,CME_MINI:NQ1!,29880.75,29880.75,29878.0,29880.0,15.0,2026-07
2026-07-03 10:12:00,CME_MINI:NQ1!,29880.25,29882.5,29877.5,29881.0,26.0,2026-07
2026-07-03 10:13:00,CME_MINI:NQ1!,29882.25,29883.25,29880.75,29881.5,22.0,2026-07
2026-07-03 10:14:00,CME_MINI:NQ1!,29880.75,29880.75,29876.5,29879.0,29.0,2026-07
2026-07-03 10:15:00,CME_MINI:NQ1!,29879.25,29879.25,29875.5,29876.5,21.0,2026-07
2026-07-03 10:16:00,CME_MINI:NQ1!,29875.5,29878.25,29872.75,29872.75,15.0,2026-07
2026-07-03 10:17:00,CME_MINI:NQ1!,29872.0,29872.5,29869.0,29871.5,15.0,2026-07
2026-07-03 10:18:00,CME_MINI:NQ1!,29871.5,29872.75,29871.5,29872.75,17.0,2026-07
2026-07-03 10:19:00,CME_MINI:NQ1!,29871.75,29874.5,29870.25,29874.5,9.0,2026-07
2026-07-03 10:20:00,CME_MINI:NQ1!,29872.75,29873.0,29869.5,29869.5,11.0,2026-07
2026-07-03 10:21:00,CME_MINI:NQ1!,29872.25,29878.75,29872.25,29878.75,12.0,2026-07
2026-07-03 10:22:00,CME_MINI:NQ1!,29878.5,29878.5,29876.0,29878.5,24.0,2026-07
2026-07-03 10:23:00,CME_MINI:NQ1!,29876.75,29879.5,29875.75,29876.75,14.0,2026-07
2026-07-03 10:24:00,CME_MINI:NQ1!,29875.25,29875.25,29864.5,29872.5,76.0,2026-07
2026-07-03 10:25:00,CME_MINI:NQ1!,29872.0,29872.0,29869.5,29869.5,4.0,2026-07
2026-07-03 10:26:00,CME_MINI:NQ1!,29871.25,29872.25,29871.25,29872.25,2.0,2026-07
2026-07-03 10:27:00,CME_MINI:NQ1!,29872.75,29880.5,29872.75,29878.25,28.0,2026-07
2026-07-03 10:29:00,CME_MINI:NQ1!,29876.5,29876.5,29876.5,29876.5,1.0,2026-07
2026-07-03 10:30:00,CME_MINI:NQ1!,29878.75,29878.75,29876.25,29876.5,13.0,2026-07
2026-07-03 10:31:00,CME_MINI:NQ1!,29878.5,29878.75,29877.75,29878.25,11.0,2026-07
2026-07-03 10:32:00,CME_MINI:NQ1!,29878.25,29879.0,29876.0,29879.0,17.0,2026-07
2026-07-03 10:33:00,CME_MINI:NQ1!,29877.25,29884.0,29874.5,29883.5,44.0,2026-07
2026-07-03 10:34:00,CME_MINI:NQ1!,29882.25,29882.25,29879.0,29880.25,12.0,2026-07
2026-07-03 10:35:00,CME_MINI:NQ1!,29880.25,29883.0,29875.75,29881.5,69.0,2026-07
2026-07-03 10:36:00,CME_MINI:NQ1!,29881.75,29881.75,29871.25,29871.5,85.0,2026-07
2026-07-03 10:37:00,CME_MINI:NQ1!,29872.5,29873.25,29867.25,29872.75,69.0,2026-07
2026-07-03 10:38:00,CME_MINI:NQ1!,29872.0,29872.0,29865.0,29869.0,93.0,2026-07
2026-07-03 10:39:00,CME_MINI:NQ1!,29869.75,29870.25,29866.0,29867.25,39.0,2026-07
2026-07-03 10:40:00,CME_MINI:NQ1!,29866.75,29879.0,29866.75,29870.75,159.0,2026-07
2026-07-03 10:41:00,CME_MINI:NQ1!,29868.5,29871.0,29867.25,29871.0,39.0,2026-07
2026-07-03 10:42:00,CME_MINI:NQ1!,29870.5,29874.25,29867.0,29874.0,57.0,2026-07
2026-07-03 10:43:00,CME_MINI:NQ1!,29874.75,29882.5,29874.5,29881.5,35.0,2026-07
2026-07-03 10:44:00,CME_MINI:NQ1!,29882.0,29892.5,29881.5,29892.5,362.0,2026-07
2026-07-03 10:45:00,CME_MINI:NQ1!,29893.25,29894.5,29891.0,29891.75,35.0,2026-07
2026-07-03 10:46:00,CME_MINI:NQ1!,29892.0,29892.0,29888.25,29888.75,25.0,2026-07
2026-07-03 10:47:00,CME_MINI:NQ1!,29888.25,29888.25,29879.0,29880.25,49.0,2026-07
2026-07-03 10:48:00,CME_MINI:NQ1!,29881.5,29883.25,29881.0,29883.25,8.0,2026-07
2026-07-03 10:49:00,CME_MINI:NQ1!,29883.0,29885.5,29881.0,29885.5,34.0,2026-07
2026-07-03 10:50:00,CME_MINI:NQ1!,29885.0,29887.0,29883.5,29883.5,14.0,2026-07
2026-07-03 10:51:00,CME_MINI:NQ1!,29883.5,29887.25,29883.5,29887.0,13.0,2026-07
2026-07-03 10:52:00,CME_MINI:NQ1!,29888.0,29888.0,29884.0,29885.75,24.0,2026-07
2026-07-03 10:53:00,CME_MINI:NQ1!,29886.5,29888.5,29884.0,29885.5,19.0,2026-07
2026-07-03 10:54:00,CME_MINI:NQ1!,29886.5,29888.25,29885.5,29885.5,16.0,2026-07
2026-07-03 10:55:00,CME_MINI:NQ1!,29886.5,29886.75,29884.0,29886.75,28.0,2026-07
2026-07-03 10:56:00,CME_MINI:NQ1!,29886.0,29888.5,29886.0,29888.0,10.0,2026-07
2026-07-03 10:57:00,CME_MINI:NQ1!,29888.25,29889.25,29886.5,29887.75,17.0,2026-07
2026-07-03 10:58:00,CME_MINI:NQ1!,29885.25,29886.25,29879.75,29880.75,35.0,2026-07
2026-07-03 10:59:00,CME_MINI:NQ1!,29883.0,29883.25,29879.5,29879.5,37.0,2026-07
2026-07-03 11:00:00,CME_MINI:NQ1!,29880.75,29882.75,29868.0,29869.5,131.0,2026-07
2026-07-03 11:01:00,CME_MINI:NQ1!,29870.5,29874.0,29869.0,29873.25,40.0,2026-07
2026-07-03 11:02:00,CME_MINI:NQ1!,29872.0,29875.0,29872.0,29875.0,21.0,2026-07
2026-07-03 11:03:00,CME_MINI:NQ1!,29873.75,29877.0,29872.75,29876.75,34.0,2026-07
2026-07-03 11:04:00,CME_MINI:NQ1!,29875.25,29879.0,29875.25,29878.0,8.0,2026-07
2026-07-03 11:05:00,CME_MINI:NQ1!,29878.0,29878.0,29870.75,29871.75,23.0,2026-07
2026-07-03 11:06:00,CME_MINI:NQ1!,29872.25,29878.0,29872.25,29874.75,38.0,2026-07
2026-07-03 11:07:00,CME_MINI:NQ1!,29873.25,29874.5,29873.25,29874.0,12.0,2026-07
2026-07-03 11:08:00,CME_MINI:NQ1!,29871.75,29876.0,29871.25,29873.25,8.0,2026-07
2026-07-03 11:09:00,CME_MINI:NQ1!,29874.25,29876.25,29872.5,29876.25,8.0,2026-07
2026-07-03 11:10:00,CME_MINI:NQ1!,29877.25,29877.25,29874.75,29875.0,4.0,2026-07
2026-07-03 11:11:00,CME_MINI:NQ1!,29873.25,29880.25,29872.75,29877.0,56.0,2026-07
2026-07-03 11:12:00,CME_MINI:NQ1!,29877.75,29883.0,29877.0,29883.0,35.0,2026-07
2026-07-03 11:13:00,CME_MINI:NQ1!,29882.5,29889.0,29882.5,29889.0,25.0,2026-07
2026-07-03 11:14:00,CME_MINI:NQ1!,29888.75,29890.75,29884.75,29886.0,35.0,2026-07
2026-07-03 11:15:00,CME_MINI:NQ1!,29888.0,29889.0,29881.75,29884.0,34.0,2026-07
2026-07-03 11:16:00,CME_MINI:NQ1!,29884.0,29888.0,29883.75,29885.75,41.0,2026-07
2026-07-03 11:17:00,CME_MINI:NQ1!,29886.25,29889.5,29886.25,29889.5,9.0,2026-07
2026-07-03 11:18:00,CME_MINI:NQ1!,29888.5,29888.5,29881.5,29883.5,28.0,2026-07
2026-07-03 11:19:00,CME_MINI:NQ1!,29882.75,29885.0,29879.5,29880.0,11.0,2026-07
2026-07-03 11:20:00,CME_MINI:NQ1!,29881.75,29884.25,29880.75,29880.75,8.0,2026-07
2026-07-03 11:21:00,CME_MINI:NQ1!,29881.0,29883.75,29880.75,29882.25,12.0,2026-07
2026-07-03 11:22:00,CME_MINI:NQ1!,29882.0,29882.0,29881.0,29881.0,4.0,2026-07
2026-07-03 11:23:00,CME_MINI:NQ1!,29882.25,29884.0,29881.25,29881.75,11.0,2026-07
2026-07-03 11:24:00,CME_MINI:NQ1!,29882.75,29885.0,29882.0,29882.5,10.0,2026-07
2026-07-03 11:25:00,CME_MINI:NQ1!,29881.5,29883.5,29877.75,29883.5,25.0,2026-07
2026-07-03 11:26:00,CME_MINI:NQ1!,29878.75,29879.25,29877.0,29878.25,21.0,2026-07
2026-07-03 11:27:00,CME_MINI:NQ1!,29876.5,29877.0,29870.0,29873.75,65.0,2026-07
2026-07-03 11:28:00,CME_MINI:NQ1!,29873.0,29875.25,29868.0,29869.5,49.0,2026-07
2026-07-03 11:29:00,CME_MINI:NQ1!,29868.0,29874.5,29866.75,29873.25,73.0,2026-07
2026-07-03 11:30:00,CME_MINI:NQ1!,29873.5,29876.75,29872.0,29873.75,71.0,2026-07
2026-07-03 11:31:00,CME_MINI:NQ1!,29872.75,29876.5,29872.0,29873.25,37.0,2026-07
2026-07-03 11:32:00,CME_MINI:NQ1!,29873.75,29882.25,29873.5,29882.0,43.0,2026-07
2026-07-03 11:33:00,CME_MINI:NQ1!,29883.25,29889.25,29883.25,29887.5,96.0,2026-07
2026-07-03 11:34:00,CME_MINI:NQ1!,29888.0,29890.0,29885.5,29887.25,40.0,2026-07
2026-07-03 11:35:00,CME_MINI:NQ1!,29887.5,29888.75,29883.0,29884.25,33.0,2026-07
2026-07-03 11:36:00,CME_MINI:NQ1!,29888.0,29889.5,29885.0,29888.25,31.0,2026-07
2026-07-03 11:37:00,CME_MINI:NQ1!,29887.25,29887.25,29884.5,29884.5,13.0,2026-07
2026-07-03 11:38:00,CME_MINI:NQ1!,29884.75,29885.0,29882.75,29883.0,19.0,2026-07
2026-07-03 11:39:00,CME_MINI:NQ1!,29882.0,29884.25,29879.5,29879.5,12.0,2026-07
2026-07-03 11:40:00,CME_MINI:NQ1!,29880.5,29881.75,29879.25,29881.5,15.0,2026-07
2026-07-03 11:41:00,CME_MINI:NQ1!,29883.5,29886.5,29882.75,29884.75,26.0,2026-07
2026-07-03 11:42:00,CME_MINI:NQ1!,29883.0,29883.0,29875.75,29877.25,66.0,2026-07
2026-07-03 11:43:00,CME_MINI:NQ1!,29877.75,29878.25,29876.0,29877.25,20.0,2026-07
2026-07-03 11:44:00,CME_MINI:NQ1!,29877.5,29879.5,29870.0,29875.5,82.0,2026-07
2026-07-03 11:45:00,CME_MINI:NQ1!,29874.75,29878.75,29874.75,29875.5,64.0,2026-07
2026-07-03 11:46:00,CME_MINI:NQ1!,29875.25,29878.0,29875.25,29877.5,31.0,2026-07
2026-07-03 11:47:00,CME_MINI:NQ1!,29878.75,29884.0,29878.75,29880.0,58.0,2026-07
2026-07-03 11:48:00,CME_MINI:NQ1!,29880.75,29881.0,29876.0,29876.0,15.0,2026-07
2026-07-03 11:49:00,CME_MINI:NQ1!,29877.0,29880.25,29876.0,29878.75,18.0,2026-07
2026-07-03 11:50:00,CME_MINI:NQ1!,29877.75,29883.25,29876.5,29883.25,18.0,2026-07
2026-07-03 11:51:00,CME_MINI:NQ1!,29883.0,29885.0,29882.5,29883.0,24.0,2026-07
2026-07-03 11:52:00,CME_MINI:NQ1!,29883.25,29885.5,29882.25,29884.5,21.0,2026-07
2026-07-03 11:53:00,CME_MINI:NQ1!,29884.0,29886.0,29884.0,29884.25,8.0,2026-07
2026-07-03 11:54:00,CME_MINI:NQ1!,29886.25,29895.0,29886.25,29894.0,122.0,2026-07
2026-07-03 11:55:00,CME_MINI:NQ1!,29895.0,29904.25,29892.75,29903.0,166.0,2026-07
2026-07-03 11:56:00,CME_MINI:NQ1!,29903.5,29908.0,29901.75,29902.0,104.0,2026-07
2026-07-03 11:57:00,CME_MINI:NQ1!,29903.25,29903.75,29895.75,29897.25,61.0,2026-07
2026-07-03 11:58:00,CME_MINI:NQ1!,29897.25,29898.5,29891.5,29891.5,74.0,2026-07
2026-07-03 11:59:00,CME_MINI:NQ1!,29893.75,29903.25,29893.5,29903.25,61.0,2026-07
2026-07-03 12:00:00,CME_MINI:NQ1!,29902.75,29920.0,29902.75,29914.75,308.0,2026-07
2026-07-03 12:01:00,CME_MINI:NQ1!,29915.5,29918.0,29914.5,29917.0,50.0,2026-07
2026-07-03 12:02:00,CME_MINI:NQ1!,29918.25,29918.25,29912.25,29914.75,42.0,2026-07
2026-07-03 12:03:00,CME_MINI:NQ1!,29916.5,29917.75,29909.0,29912.25,66.0,2026-07
2026-07-03 12:04:00,CME_MINI:NQ1!,29914.25,29916.5,29908.75,29910.5,139.0,2026-07
2026-07-03 12:05:00,CME_MINI:NQ1!,29910.75,29915.5,29908.25,29909.25,42.0,2026-07
2026-07-03 12:06:00,CME_MINI:NQ1!,29910.0,29919.75,29908.25,29919.25,160.0,2026-07
2026-07-03 12:07:00,CME_MINI:NQ1!,29919.5,29924.25,29912.5,29914.0,132.0,2026-07
2026-07-03 12:08:00,CME_MINI:NQ1!,29913.5,29915.75,29911.75,29915.25,48.0,2026-07
2026-07-03 12:09:00,CME_MINI:NQ1!,29914.5,29917.0,29906.5,29910.0,84.0,2026-07
2026-07-03 12:10:00,CME_MINI:NQ1!,29910.5,29910.5,29906.5,29909.0,59.0,2026-07
2026-07-03 12:11:00,CME_MINI:NQ1!,29906.75,29907.25,29899.75,29899.75,104.0,2026-07
2026-07-03 12:12:00,CME_MINI:NQ1!,29899.5,29902.25,29881.75,29881.75,272.0,2026-07
2026-07-03 12:13:00,CME_MINI:NQ1!,29881.75,29897.0,29881.0,29891.25,182.0,2026-07
2026-07-03 12:14:00,CME_MINI:NQ1!,29891.5,29892.5,29885.75,29887.25,85.0,2026-07
2026-07-03 12:15:00,CME_MINI:NQ1!,29885.0,29890.25,29882.25,29886.25,84.0,2026-07
2026-07-03 12:16:00,CME_MINI:NQ1!,29887.75,29893.0,29887.75,29892.5,54.0,2026-07
2026-07-03 12:17:00,CME_MINI:NQ1!,29893.0,29895.5,29890.75,29895.5,34.0,2026-07
2026-07-03 12:18:00,CME_MINI:NQ1!,29895.75,29896.0,29885.0,29885.5,24.0,2026-07
2026-07-03 12:19:00,CME_MINI:NQ1!,29886.5,29886.5,29875.5,29878.25,54.0,2026-07
2026-07-03 12:20:00,CME_MINI:NQ1!,29877.5,29883.25,29876.5,29879.25,46.0,2026-07
2026-07-03 12:21:00,CME_MINI:NQ1!,29877.75,29881.5,29877.75,29880.5,21.0,2026-07
2026-07-03 12:22:00,CME_MINI:NQ1!,29881.75,29882.25,29879.75,29881.0,10.0,2026-07
2026-07-03 12:23:00,CME_MINI:NQ1!,29881.75,29885.75,29881.0,29883.75,22.0,2026-07
2026-07-03 12:24:00,CME_MINI:NQ1!,29882.25,29884.5,29881.25,29882.25,21.0,2026-07
2026-07-03 12:25:00,CME_MINI:NQ1!,29883.5,29886.5,29881.25,29883.75,20.0,2026-07
2026-07-03 12:26:00,CME_MINI:NQ1!,29883.75,29885.0,29880.75,29881.25,24.0,2026-07
2026-07-03 12:27:00,CME_MINI:NQ1!,29883.0,29883.75,29877.75,29883.75,22.0,2026-07
2026-07-03 12:28:00,CME_MINI:NQ1!,29884.5,29885.75,29883.5,29884.25,13.0,2026-07
2026-07-03 12:29:00,CME_MINI:NQ1!,29883.25,29885.5,29882.75,29885.5,5.0,2026-07
2026-07-03 12:30:00,CME_MINI:NQ1!,29885.25,29888.0,29884.5,29884.5,15.0,2026-07
2026-07-03 12:31:00,CME_MINI:NQ1!,29886.0,29888.5,29882.75,29883.75,58.0,2026-07
2026-07-03 12:32:00,CME_MINI:NQ1!,29885.5,29890.0,29883.75,29885.25,31.0,2026-07
2026-07-03 12:33:00,CME_MINI:NQ1!,29883.75,29890.0,29880.0,29890.0,55.0,2026-07
2026-07-03 12:34:00,CME_MINI:NQ1!,29890.0,29890.0,29886.25,29886.75,13.0,2026-07
2026-07-03 12:35:00,CME_MINI:NQ1!,29885.0,29885.5,29877.75,29883.25,59.0,2026-07
2026-07-03 12:36:00,CME_MINI:NQ1!,29884.5,29891.25,29884.5,29888.75,41.0,2026-07
2026-07-03 12:37:00,CME_MINI:NQ1!,29888.0,29893.5,29887.75,29893.5,27.0,2026-07
2026-07-03 12:38:00,CME_MINI:NQ1!,29894.0,29894.0,29888.25,29888.5,34.0,2026-07
2026-07-03 12:39:00,CME_MINI:NQ1!,29888.75,29892.5,29886.5,29892.5,32.0,2026-07
2026-07-03 12:40:00,CME_MINI:NQ1!,29891.25,29894.5,29889.25,29889.25,19.0,2026-07
2026-07-03 12:41:00,CME_MINI:NQ1!,29890.5,29890.5,29885.0,29890.5,28.0,2026-07
2026-07-03 12:42:00,CME_MINI:NQ1!,29891.5,29893.5,29891.25,29892.0,8.0,2026-07
2026-07-03 12:43:00,CME_MINI:NQ1!,29887.75,29887.75,29881.0,29883.25,27.0,2026-07
2026-07-03 12:44:00,CME_MINI:NQ1!,29882.75,29884.5,29882.75,29884.25,4.0,2026-07
2026-07-03 12:45:00,CME_MINI:NQ1!,29885.0,29891.0,29884.5,29890.5,23.0,2026-07
2026-07-03 12:46:00,CME_MINI:NQ1!,29889.25,29890.25,29889.25,29890.25,3.0,2026-07
2026-07-03 12:47:00,CME_MINI:NQ1!,29889.5,29893.5,29889.5,29893.0,15.0,2026-07
2026-07-03 12:48:00,CME_MINI:NQ1!,29891.75,29896.0,29891.0,29894.5,43.0,2026-07
2026-07-03 12:49:00,CME_MINI:NQ1!,29893.5,29897.0,29892.25,29894.75,30.0,2026-07
2026-07-03 12:50:00,CME_MINI:NQ1!,29894.75,29904.5,29894.5,29902.75,155.0,2026-07
2026-07-03 12:51:00,CME_MINI:NQ1!,29903.5,29903.5,29890.25,29892.75,107.0,2026-07
2026-07-03 12:52:00,CME_MINI:NQ1!,29892.5,29893.75,29890.0,29892.5,22.0,2026-07
2026-07-03 12:53:00,CME_MINI:NQ1!,29894.75,29894.75,29891.5,29892.25,16.0,2026-07
2026-07-03 12:54:00,CME_MINI:NQ1!,29892.75,29897.5,29892.25,29897.5,36.0,2026-07
2026-07-03 12:55:00,CME_MINI:NQ1!,29898.25,29903.0,29897.0,29900.75,57.0,2026-07
2026-07-03 12:56:00,CME_MINI:NQ1!,29901.5,29902.25,29900.0,29901.0,26.0,2026-07
2026-07-03 12:57:00,CME_MINI:NQ1!,29898.5,29904.0,29895.5,29902.25,60.0,2026-07
2026-07-03 12:58:00,CME_MINI:NQ1!,29901.0,29902.0,29897.75,29901.0,35.0,2026-07
2026-07-03 12:59:00,CME_MINI:NQ1!,29900.5,29903.0,29900.0,29903.0,32.0,2026-07
2026-07-03 13:00:00,CME_MINI:NQ1!,29902.5,29918.0,29902.0,29911.5,223.0,2026-07
2026-07-03 13:01:00,CME_MINI:NQ1!,29911.0,29918.5,29910.5,29913.25,123.0,2026-07
2026-07-03 13:02:00,CME_MINI:NQ1!,29914.0,29916.75,29911.5,29912.0,65.0,2026-07
2026-07-03 13:03:00,CME_MINI:NQ1!,29910.0,29912.5,29904.0,29911.25,164.0,2026-07
2026-07-03 13:04:00,CME_MINI:NQ1!,29912.0,29917.25,29907.5,29909.75,117.0,2026-07
2026-07-03 13:05:00,CME_MINI:NQ1!,29909.25,29912.5,29890.25,29892.5,204.0,2026-07
2026-07-03 13:06:00,CME_MINI:NQ1!,29891.75,29898.5,29890.5,29898.25,83.0,2026-07
2026-07-03 13:07:00,CME_MINI:NQ1!,29898.5,29903.0,29896.0,29902.0,69.0,2026-07
2026-07-03 13:08:00,CME_MINI:NQ1!,29901.25,29904.25,29900.5,29902.0,24.0,2026-07
2026-07-03 13:09:00,CME_MINI:NQ1!,29901.75,29902.75,29898.0,29900.0,32.0,2026-07
2026-07-03 13:10:00,CME_MINI:NQ1!,29901.5,29907.75,29901.5,29903.25,30.0,2026-07
2026-07-03 13:11:00,CME_MINI:NQ1!,29903.25,29903.25,29892.0,29894.5,55.0,2026-07
2026-07-03 13:12:00,CME_MINI:NQ1!,29893.0,29894.25,29890.0,29893.0,59.0,2026-07
2026-07-03 13:13:00,CME_MINI:NQ1!,29892.75,29892.75,29887.5,29892.0,81.0,2026-07
2026-07-03 13:14:00,CME_MINI:NQ1!,29890.25,29892.5,29886.75,29889.25,36.0,2026-07
2026-07-03 13:15:00,CME_MINI:NQ1!,29890.25,29895.0,29890.25,29892.5,51.0,2026-07
2026-07-03 13:16:00,CME_MINI:NQ1!,29893.0,29898.75,29892.5,29896.0,60.0,2026-07
2026-07-03 13:17:00,CME_MINI:NQ1!,29896.25,29904.5,29894.75,29894.75,132.0,2026-07
2026-07-03 13:18:00,CME_MINI:NQ1!,29895.5,29898.75,29889.5,29891.25,114.0,2026-07
2026-07-03 13:19:00,CME_MINI:NQ1!,29889.75,29904.75,29888.5,29903.25,114.0,2026-07
2026-07-03 13:20:00,CME_MINI:NQ1!,29904.0,29924.25,29903.75,29913.5,361.0,2026-07
2026-07-03 13:21:00,CME_MINI:NQ1!,29913.5,29914.75,29906.75,29909.75,124.0,2026-07
2026-07-03 13:22:00,CME_MINI:NQ1!,29910.25,29912.75,29908.75,29908.75,20.0,2026-07
2026-07-03 13:23:00,CME_MINI:NQ1!,29907.75,29912.25,29902.25,29910.25,102.0,2026-07
2026-07-03 13:24:00,CME_MINI:NQ1!,29910.25,29911.0,29906.25,29910.25,40.0,2026-07
2026-07-03 13:25:00,CME_MINI:NQ1!,29910.75,29911.5,29903.25,29906.0,87.0,2026-07
2026-07-03 13:26:00,CME_MINI:NQ1!,29906.5,29911.25,29905.5,29911.0,50.0,2026-07
2026-07-03 13:27:00,CME_MINI:NQ1!,29912.25,29917.75,29912.25,29917.75,96.0,2026-07
2026-07-03 13:28:00,CME_MINI:NQ1!,29916.5,29919.75,29914.0,29917.0,58.0,2026-07
2026-07-03 13:29:00,CME_MINI:NQ1!,29915.5,29920.5,29915.5,29920.0,109.0,2026-07
2026-07-03 13:30:00,CME_MINI:NQ1!,29921.0,29948.75,29921.0,29940.75,806.0,2026-07
2026-07-03 13:31:00,CME_MINI:NQ1!,29941.25,29954.25,29934.5,29948.25,563.0,2026-07
2026-07-03 13:32:00,CME_MINI:NQ1!,29947.25,29952.5,29945.0,29947.0,344.0,2026-07
2026-07-03 13:33:00,CME_MINI:NQ1!,29948.0,29955.25,29938.5,29950.5,500.0,2026-07
2026-07-03 13:34:00,CME_MINI:NQ1!,29951.5,29952.5,29926.25,29930.0,574.0,2026-07
2026-07-03 13:35:00,CME_MINI:NQ1!,29930.25,29938.75,29930.25,29935.75,255.0,2026-07
2026-07-03 13:36:00,CME_MINI:NQ1!,29934.75,29935.75,29926.75,29929.0,133.0,2026-07
2026-07-03 13:37:00,CME_MINI:NQ1!,29928.0,29929.75,29922.0,29922.75,256.0,2026-07
2026-07-03 13:38:00,CME_MINI:NQ1!,29923.25,29923.5,29908.0,29909.5,363.0,2026-07
2026-07-03 13:39:00,CME_MINI:NQ1!,29909.25,29914.5,29903.5,29913.5,345.0,2026-07
2026-07-03 13:40:00,CME_MINI:NQ1!,29913.25,29925.0,29912.5,29922.25,286.0,2026-07
2026-07-03 13:41:00,CME_MINI:NQ1!,29923.25,29924.75,29917.0,29917.25,134.0,2026-07
2026-07-03 13:42:00,CME_MINI:NQ1!,29917.75,29940.75,29912.25,29932.5,397.0,2026-07
2026-07-03 13:43:00,CME_MINI:NQ1!,29932.25,29938.5,29929.5,29934.25,146.0,2026-07
2026-07-03 13:44:00,CME_MINI:NQ1!,29934.0,29935.75,29926.5,29929.0,139.0,2026-07
2026-07-03 13:45:00,CME_MINI:NQ1!,29930.5,29944.0,29930.0,29938.0,313.0,2026-07
2026-07-03 13:46:00,CME_MINI:NQ1!,29939.0,29942.0,29937.75,29938.5,150.0,2026-07
2026-07-03 13:47:00,CME_MINI:NQ1!,29937.5,29939.0,29925.25,29929.0,165.0,2026-07
2026-07-03 13:48:00,CME_MINI:NQ1!,29928.5,29933.0,29914.75,29920.0,245.0,2026-07
2026-07-03 13:49:00,CME_MINI:NQ1!,29920.0,29921.25,29913.75,29919.25,191.0,2026-07
2026-07-03 13:50:00,CME_MINI:NQ1!,29919.75,29925.0,29916.5,29919.75,106.0,2026-07
2026-07-03 13:51:00,CME_MINI:NQ1!,29919.25,29934.75,29919.25,29931.0,226.0,2026-07
2026-07-03 13:52:00,CME_MINI:NQ1!,29934.25,29934.25,29923.0,29924.5,87.0,2026-07
2026-07-03 13:53:00,CME_MINI:NQ1!,29923.5,29928.5,29923.0,29927.75,58.0,2026-07
2026-07-03 13:54:00,CME_MINI:NQ1!,29928.5,29929.0,29913.75,29920.0,139.0,2026-07
2026-07-03 13:55:00,CME_MINI:NQ1!,29920.0,29923.5,29916.5,29919.75,95.0,2026-07
2026-07-03 13:56:00,CME_MINI:NQ1!,29920.75,29932.0,29920.75,29928.0,155.0,2026-07
2026-07-03 13:57:00,CME_MINI:NQ1!,29927.25,29936.0,29927.0,29933.0,106.0,2026-07
2026-07-03 13:58:00,CME_MINI:NQ1!,29933.5,29934.5,29927.75,29932.75,107.0,2026-07
2026-07-03 13:59:00,CME_MINI:NQ1!,29934.0,29940.0,29932.0,29940.0,148.0,2026-07
2026-07-03 14:00:00,CME_MINI:NQ1!,29940.0,29945.0,29936.0,29942.0,174.0,2026-07
2026-07-03 14:01:00,CME_MINI:NQ1!,29942.0,29946.25,29934.25,29937.5,260.0,2026-07
2026-07-03 14:02:00,CME_MINI:NQ1!,29938.5,29940.0,29933.5,29935.25,90.0,2026-07
2026-07-03 14:03:00,CME_MINI:NQ1!,29935.0,29935.5,29925.75,29928.25,148.0,2026-07
2026-07-03 14:04:00,CME_MINI:NQ1!,29928.0,29933.0,29925.25,29930.5,52.0,2026-07
2026-07-03 14:05:00,CME_MINI:NQ1!,29932.0,29935.75,29927.0,29933.75,161.0,2026-07
2026-07-03 14:06:00,CME_MINI:NQ1!,29932.75,29932.75,29922.0,29923.5,100.0,2026-07
2026-07-03 14:07:00,CME_MINI:NQ1!,29923.5,29924.25,29916.75,29917.5,137.0,2026-07
2026-07-03 14:08:00,CME_MINI:NQ1!,29918.25,29921.25,29913.0,29915.75,198.0,2026-07
2026-07-03 14:09:00,CME_MINI:NQ1!,29916.75,29919.0,29911.0,29917.0,138.0,2026-07
2026-07-03 14:10:00,CME_MINI:NQ1!,29917.75,29917.75,29910.5,29911.5,102.0,2026-07
2026-07-03 14:11:00,CME_MINI:NQ1!,29910.75,29911.25,29905.75,29908.5,182.0,2026-07
2026-07-03 14:12:00,CME_MINI:NQ1!,29907.25,29913.0,29900.75,29903.0,229.0,2026-07
2026-07-03 14:13:00,CME_MINI:NQ1!,29903.75,29906.0,29900.25,29903.25,114.0,2026-07
2026-07-03 14:14:00,CME_MINI:NQ1!,29902.75,29905.75,29898.5,29901.0,192.0,2026-07
2026-07-03 14:15:00,CME_MINI:NQ1!,29901.25,29907.0,29895.25,29900.0,186.0,2026-07
2026-07-03 14:16:00,CME_MINI:NQ1!,29901.5,29916.25,29899.75,29914.5,233.0,2026-07
2026-07-03 14:17:00,CME_MINI:NQ1!,29913.5,29924.25,29913.25,29921.25,235.0,2026-07
2026-07-03 14:18:00,CME_MINI:NQ1!,29921.25,29922.5,29910.0,29911.0,148.0,2026-07
2026-07-03 14:19:00,CME_MINI:NQ1!,29910.25,29910.25,29901.25,29905.0,193.0,2026-07
2026-07-03 14:20:00,CME_MINI:NQ1!,29905.75,29910.0,29899.0,29901.25,140.0,2026-07
2026-07-03 14:21:00,CME_MINI:NQ1!,29902.0,29904.75,29888.5,29895.5,343.0,2026-07
2026-07-03 14:22:00,CME_MINI:NQ1!,29895.25,29916.0,29893.75,29914.0,346.0,2026-07
2026-07-03 14:23:00,CME_MINI:NQ1!,29915.0,29920.5,29909.25,29909.75,150.0,2026-07
2026-07-03 14:24:00,CME_MINI:NQ1!,29911.0,29920.0,29909.25,29914.0,109.0,2026-07
2026-07-03 14:25:00,CME_MINI:NQ1!,29914.5,29920.75,29914.5,29920.75,56.0,2026-07
2026-07-03 14:26:00,CME_MINI:NQ1!,29920.75,29922.75,29917.0,29917.25,65.0,2026-07
2026-07-03 14:27:00,CME_MINI:NQ1!,29917.5,29920.25,29910.25,29911.75,113.0,2026-07
2026-07-03 14:28:00,CME_MINI:NQ1!,29912.75,29913.0,29908.0,29910.5,94.0,2026-07
2026-07-03 14:29:00,CME_MINI:NQ1!,29910.75,29913.5,29906.5,29907.5,139.0,2026-07
2026-07-03 14:30:00,CME_MINI:NQ1!,29907.75,29911.75,29899.5,29906.5,323.0,2026-07
2026-07-03 14:31:00,CME_MINI:NQ1!,29908.25,29913.0,29906.25,29908.75,66.0,2026-07
2026-07-03 14:32:00,CME_MINI:NQ1!,29910.0,29910.25,29905.0,29908.0,57.0,2026-07
2026-07-03 14:33:00,CME_MINI:NQ1!,29908.5,29912.25,29905.0,29911.0,142.0,2026-07
2026-07-03 14:34:00,CME_MINI:NQ1!,29910.5,29914.25,29905.5,29907.5,62.0,2026-07
2026-07-03 14:35:00,CME_MINI:NQ1!,29905.75,29909.5,29901.25,29907.0,87.0,2026-07
2026-07-03 14:36:00,CME_MINI:NQ1!,29908.0,29910.0,29907.5,29907.5,38.0,2026-07
2026-07-03 14:37:00,CME_MINI:NQ1!,29909.75,29909.75,29901.5,29902.0,62.0,2026-07
2026-07-03 14:38:00,CME_MINI:NQ1!,29902.5,29905.25,29899.75,29903.25,64.0,2026-07
2026-07-03 14:39:00,CME_MINI:NQ1!,29904.0,29906.5,29901.0,29906.0,34.0,2026-07
2026-07-03 14:40:00,CME_MINI:NQ1!,29906.25,29913.0,29905.75,29912.25,93.0,2026-07
2026-07-03 14:41:00,CME_MINI:NQ1!,29913.0,29913.5,29908.0,29912.25,90.0,2026-07
2026-07-03 14:42:00,CME_MINI:NQ1!,29911.0,29928.0,29909.5,29922.5,350.0,2026-07
2026-07-03 14:43:00,CME_MINI:NQ1!,29922.25,29923.75,29908.25,29908.25,170.0,2026-07
2026-07-03 14:44:00,CME_MINI:NQ1!,29906.25,29909.25,29901.5,29905.25,105.0,2026-07
2026-07-03 14:45:00,CME_MINI:NQ1!,29905.5,29909.25,29900.25,29908.5,108.0,2026-07
2026-07-03 14:46:00,CME_MINI:NQ1!,29907.75,29911.75,29907.5,29911.5,88.0,2026-07
2026-07-03 14:47:00,CME_MINI:NQ1!,29908.0,29920.0,29906.25,29917.5,92.0,2026-07
2026-07-03 14:48:00,CME_MINI:NQ1!,29917.5,29919.5,29908.5,29912.0,60.0,2026-07
2026-07-03 14:49:00,CME_MINI:NQ1!,29911.5,29913.0,29909.5,29912.75,32.0,2026-07
2026-07-03 14:50:00,CME_MINI:NQ1!,29911.0,29918.25,29907.5,29916.25,89.0,2026-07
2026-07-03 14:51:00,CME_MINI:NQ1!,29917.25,29921.0,29910.75,29913.75,138.0,2026-07
2026-07-03 14:52:00,CME_MINI:NQ1!,29912.5,29923.5,29911.5,29922.5,83.0,2026-07
2026-07-03 14:53:00,CME_MINI:NQ1!,29922.5,29922.5,29916.75,29918.0,60.0,2026-07
2026-07-03 14:54:00,CME_MINI:NQ1!,29919.5,29926.25,29917.0,29924.25,76.0,2026-07
2026-07-03 14:55:00,CME_MINI:NQ1!,29924.5,29929.0,29918.75,29919.75,103.0,2026-07
2026-07-03 14:56:00,CME_MINI:NQ1!,29919.25,29919.25,29914.0,29918.0,69.0,2026-07
2026-07-03 14:57:00,CME_MINI:NQ1!,29918.75,29921.25,29917.75,29921.0,30.0,2026-07
2026-07-03 14:58:00,CME_MINI:NQ1!,29920.75,29921.75,29919.0,29919.5,62.0,2026-07
2026-07-03 14:59:00,CME_MINI:NQ1!,29919.0,29924.25,29918.0,29918.5,109.0,2026-07
2026-07-03 15:00:00,CME_MINI:NQ1!,29919.0,29922.5,29910.25,29914.0,221.0,2026-07
2026-07-03 15:01:00,CME_MINI:NQ1!,29914.25,29915.0,29911.25,29914.0,60.0,2026-07
2026-07-03 15:02:00,CME_MINI:NQ1!,29914.25,29915.75,29910.75,29914.75,67.0,2026-07
2026-07-03 15:03:00,CME_MINI:NQ1!,29914.25,29916.0,29902.0,29909.0,215.0,2026-07
2026-07-03 15:04:00,CME_MINI:NQ1!,29909.0,29913.25,29906.75,29908.0,91.0,2026-07
2026-07-03 15:05:00,CME_MINI:NQ1!,29908.0,29911.0,29906.0,29909.5,148.0,2026-07
2026-07-03 15:06:00,CME_MINI:NQ1!,29908.25,29910.25,29905.25,29908.0,36.0,2026-07
2026-07-03 15:07:00,CME_MINI:NQ1!,29908.75,29913.25,29907.75,29913.0,50.0,2026-07
2026-07-03 15:08:00,CME_MINI:NQ1!,29912.5,29913.0,29910.25,29911.0,19.0,2026-07
2026-07-03 15:09:00,CME_MINI:NQ1!,29910.25,29910.25,29904.75,29908.0,101.0,2026-07
2026-07-03 15:10:00,CME_MINI:NQ1!,29908.0,29917.5,29907.5,29916.25,90.0,2026-07
2026-07-03 15:11:00,CME_MINI:NQ1!,29917.0,29918.5,29912.75,29917.75,117.0,2026-07
2026-07-03 15:12:00,CME_MINI:NQ1!,29916.0,29917.0,29911.0,29914.25,71.0,2026-07
2026-07-03 15:13:00,CME_MINI:NQ1!,29914.75,29914.75,29908.25,29909.0,61.0,2026-07
2026-07-03 15:14:00,CME_MINI:NQ1!,29909.5,29912.25,29909.25,29911.25,32.0,2026-07
2026-07-03 15:15:00,CME_MINI:NQ1!,29911.0,29915.0,29910.25,29912.0,37.0,2026-07
2026-07-03 15:16:00,CME_MINI:NQ1!,29912.75,29921.5,29912.75,29921.5,100.0,2026-07
2026-07-03 15:17:00,CME_MINI:NQ1!,29920.75,29925.0,29918.5,29919.0,92.0,2026-07
2026-07-03 15:18:00,CME_MINI:NQ1!,29919.25,29921.5,29916.0,29917.5,96.0,2026-07
2026-07-03 15:19:00,CME_MINI:NQ1!,29917.25,29921.0,29917.25,29921.0,22.0,2026-07
2026-07-03 15:20:00,CME_MINI:NQ1!,29921.5,29922.75,29914.0,29915.0,40.0,2026-07
2026-07-03 15:21:00,CME_MINI:NQ1!,29914.75,29917.75,29913.5,29915.5,56.0,2026-07
2026-07-03 15:22:00,CME_MINI:NQ1!,29916.0,29919.75,29911.25,29913.5,66.0,2026-07
2026-07-03 15:23:00,CME_MINI:NQ1!,29913.25,29915.0,29910.75,29911.25,50.0,2026-07
2026-07-03 15:24:00,CME_MINI:NQ1!,29910.25,29910.75,29906.0,29909.75,92.0,2026-07
2026-07-03 15:25:00,CME_MINI:NQ1!,29910.25,29912.0,29906.0,29911.5,72.0,2026-07
2026-07-03 15:26:00,CME_MINI:NQ1!,29912.0,29912.0,29902.25,29902.25,91.0,2026-07
2026-07-03 15:27:00,CME_MINI:NQ1!,29902.0,29903.5,29897.75,29901.5,122.0,2026-07
2026-07-03 15:28:00,CME_MINI:NQ1!,29901.0,29903.75,29898.25,29901.5,64.0,2026-07
2026-07-03 15:29:00,CME_MINI:NQ1!,29902.5,29904.25,29898.0,29899.25,60.0,2026-07
2026-07-03 15:30:00,CME_MINI:NQ1!,29900.0,29901.0,29885.0,29890.0,310.0,2026-07
2026-07-03 15:31:00,CME_MINI:NQ1!,29892.0,29896.0,29887.25,29894.75,106.0,2026-07
2026-07-03 15:32:00,CME_MINI:NQ1!,29896.75,29899.25,29895.0,29895.75,87.0,2026-07
2026-07-03 15:33:00,CME_MINI:NQ1!,29896.0,29900.25,29896.0,29897.0,55.0,2026-07
2026-07-03 15:34:00,CME_MINI:NQ1!,29897.0,29897.0,29891.5,29894.25,104.0,2026-07
2026-07-03 15:35:00,CME_MINI:NQ1!,29894.75,29898.75,29890.5,29898.25,58.0,2026-07
2026-07-03 15:36:00,CME_MINI:NQ1!,29898.25,29902.75,29898.25,29900.5,98.0,2026-07
2026-07-03 15:37:00,CME_MINI:NQ1!,29901.25,29904.75,29899.5,29900.0,85.0,2026-07
2026-07-03 15:38:00,CME_MINI:NQ1!,29899.0,29902.0,29897.75,29900.25,48.0,2026-07
2026-07-03 15:39:00,CME_MINI:NQ1!,29899.75,29899.75,29894.75,29895.75,55.0,2026-07
2026-07-03 15:40:00,CME_MINI:NQ1!,29893.75,29895.0,29890.75,29894.25,79.0,2026-07
2026-07-03 15:41:00,CME_MINI:NQ1!,29895.0,29898.5,29893.0,29893.0,44.0,2026-07
2026-07-03 15:42:00,CME_MINI:NQ1!,29892.75,29893.25,29888.25,29891.0,78.0,2026-07
2026-07-03 15:43:00,CME_MINI:NQ1!,29890.75,29896.25,29884.5,29895.5,183.0,2026-07
2026-07-03 15:44:00,CME_MINI:NQ1!,29896.25,29897.25,29892.75,29895.0,49.0,2026-07
2026-07-03 15:45:00,CME_MINI:NQ1!,29895.75,29898.5,29892.0,29895.5,69.0,2026-07
2026-07-03 15:46:00,CME_MINI:NQ1!,29893.75,29897.25,29893.75,29895.25,56.0,2026-07
2026-07-03 15:47:00,CME_MINI:NQ1!,29896.0,29907.75,29896.0,29906.75,196.0,2026-07
2026-07-03 15:48:00,CME_MINI:NQ1!,29907.5,29912.0,29906.0,29908.5,136.0,2026-07
2026-07-03 15:49:00,CME_MINI:NQ1!,29908.75,29911.75,29908.25,29908.25,33.0,2026-07
2026-07-03 15:50:00,CME_MINI:NQ1!,29908.25,29908.75,29905.25,29908.25,65.0,2026-07
2026-07-03 15:51:00,CME_MINI:NQ1!,29909.0,29911.75,29906.75,29911.75,39.0,2026-07
2026-07-03 15:52:00,CME_MINI:NQ1!,29910.5,29913.0,29908.75,29908.75,33.0,2026-07
2026-07-03 15:53:00,CME_MINI:NQ1!,29909.0,29909.75,29904.0,29908.25,56.0,2026-07
2026-07-03 15:54:00,CME_MINI:NQ1!,29907.5,29912.25,29907.5,29910.5,36.0,2026-07
2026-07-03 15:55:00,CME_MINI:NQ1!,29910.5,29911.25,29908.75,29910.5,29.0,2026-07
2026-07-03 15:56:00,CME_MINI:NQ1!,29910.5,29911.25,29909.5,29911.25,20.0,2026-07
2026-07-03 15:57:00,CME_MINI:NQ1!,29910.5,29911.25,29905.75,29906.0,38.0,2026-07
2026-07-03 15:58:00,CME_MINI:NQ1!,29905.25,29907.5,29904.5,29905.75,33.0,2026-07
2026-07-03 15:59:00,CME_MINI:NQ1!,29906.5,29907.25,29904.0,29906.0,54.0,2026-07
2026-07-03 16:00:00,CME_MINI:NQ1!,29907.25,29907.75,29899.25,29901.5,108.0,2026-07
2026-07-03 16:01:00,CME_MINI:NQ1!,29903.25,29906.0,29901.25,29906.0,39.0,2026-07
2026-07-03 16:02:00,CME_MINI:NQ1!,29906.25,29906.25,29901.75,29901.75,20.0,2026-07
2026-07-03 16:03:00,CME_MINI:NQ1!,29901.75,29903.75,29900.75,29903.0,31.0,2026-07
2026-07-03 16:04:00,CME_MINI:NQ1!,29902.5,29903.0,29900.5,29900.5,28.0,2026-07
2026-07-03 16:05:00,CME_MINI:NQ1!,29900.0,29902.75,29899.0,29901.75,70.0,2026-07
2026-07-03 16:06:00,CME_MINI:NQ1!,29902.0,29904.0,29902.0,29903.5,22.0,2026-07
2026-07-03 16:07:00,CME_MINI:NQ1!,29904.0,29905.0,29900.0,29900.0,34.0,2026-07
2026-07-03 16:08:00,CME_MINI:NQ1!,29900.75,29903.5,29898.5,29900.0,29.0,2026-07
2026-07-03 16:09:00,CME_MINI:NQ1!,29899.5,29905.5,29899.5,29905.25,27.0,2026-07
2026-07-03 16:10:00,CME_MINI:NQ1!,29905.0,29907.5,29902.5,29902.5,46.0,2026-07
2026-07-03 16:11:00,CME_MINI:NQ1!,29902.5,29902.5,29899.5,29899.5,22.0,2026-07
2026-07-03 16:12:00,CME_MINI:NQ1!,29900.5,29903.0,29896.0,29902.75,70.0,2026-07
2026-07-03 16:13:00,CME_MINI:NQ1!,29902.25,29903.25,29899.5,29900.25,23.0,2026-07
2026-07-03 16:14:00,CME_MINI:NQ1!,29898.5,29899.0,29894.5,29894.5,37.0,2026-07
2026-07-03 16:15:00,CME_MINI:NQ1!,29896.25,29900.0,29895.75,29900.0,44.0,2026-07
2026-07-03 16:16:00,CME_MINI:NQ1!,29899.5,29908.0,29898.75,29908.0,56.0,2026-07
2026-07-03 16:17:00,CME_MINI:NQ1!,29907.0,29910.75,29906.5,29907.0,73.0,2026-07
2026-07-03 16:18:00,CME_MINI:NQ1!,29908.5,29910.5,29907.25,29907.25,40.0,2026-07
2026-07-03 16:19:00,CME_MINI:NQ1!,29906.75,29907.25,29903.25,29903.75,30.0,2026-07
2026-07-03 16:20:00,CME_MINI:NQ1!,29904.25,29905.0,29900.75,29905.0,84.0,2026-07
2026-07-03 16:21:00,CME_MINI:NQ1!,29907.0,29915.5,29906.25,29906.5,108.0,2026-07
2026-07-03 16:22:00,CME_MINI:NQ1!,29906.0,29906.0,29895.25,29897.5,138.0,2026-07
2026-07-03 16:23:00,CME_MINI:NQ1!,29897.75,29900.5,29896.75,29900.5,41.0,2026-07
2026-07-03 16:24:00,CME_MINI:NQ1!,29900.25,29902.25,29899.25,29901.0,40.0,2026-07
2026-07-03 16:25:00,CME_MINI:NQ1!,29900.0,29907.25,29900.0,29905.25,41.0,2026-07
2026-07-03 16:26:00,CME_MINI:NQ1!,29904.75,29904.75,29902.5,29903.75,11.0,2026-07
2026-07-03 16:27:00,CME_MINI:NQ1!,29902.75,29904.0,29900.0,29902.5,71.0,2026-07
2026-07-03 16:28:00,CME_MINI:NQ1!,29902.5,29902.5,29900.0,29902.0,36.0,2026-07
2026-07-03 16:29:00,CME_MINI:NQ1!,29902.0,29903.25,29900.0,29900.5,25.0,2026-07
2026-07-03 16:30:00,CME_MINI:NQ1!,29901.5,29903.0,29898.5,29902.0,81.0,2026-07
2026-07-03 16:31:00,CME_MINI:NQ1!,29902.25,29902.75,29898.5,29900.0,65.0,2026-07
2026-07-03 16:32:00,CME_MINI:NQ1!,29900.0,29900.0,29890.75,29896.75,156.0,2026-07
2026-07-03 16:33:00,CME_MINI:NQ1!,29896.25,29900.75,29895.5,29899.75,44.0,2026-07
2026-07-03 16:34:00,CME_MINI:NQ1!,29898.0,29904.5,29898.0,29904.5,34.0,2026-07
2026-07-03 16:35:00,CME_MINI:NQ1!,29904.0,29906.75,29902.5,29906.25,52.0,2026-07
2026-07-03 16:36:00,CME_MINI:NQ1!,29906.0,29907.0,29901.25,29907.0,44.0,2026-07
2026-07-03 16:37:00,CME_MINI:NQ1!,29907.25,29908.0,29903.5,29903.5,22.0,2026-07
2026-07-03 16:38:00,CME_MINI:NQ1!,29904.25,29908.25,29904.0,29908.25,20.0,2026-07
2026-07-03 16:39:00,CME_MINI:NQ1!,29907.75,29918.0,29907.0,29916.75,150.0,2026-07
2026-07-03 16:40:00,CME_MINI:NQ1!,29917.25,29917.25,29911.75,29915.5,39.0,2026-07
2026-07-03 16:41:00,CME_MINI:NQ1!,29916.25,29920.25,29915.75,29918.0,45.0,2026-07
2026-07-03 16:42:00,CME_MINI:NQ1!,29917.75,29918.5,29914.0,29917.0,29.0,2026-07
2026-07-03 16:43:00,CME_MINI:NQ1!,29917.5,29920.5,29916.0,29919.0,70.0,2026-07
2026-07-03 16:44:00,CME_MINI:NQ1!,29919.5,29925.0,29917.5,29922.0,86.0,2026-07
2026-07-03 16:45:00,CME_MINI:NQ1!,29921.5,29923.5,29913.75,29919.25,130.0,2026-07
2026-07-03 16:46:00,CME_MINI:NQ1!,29919.25,29921.0,29917.25,29920.0,40.0,2026-07
2026-07-03 16:47:00,CME_MINI:NQ1!,29918.25,29918.75,29908.25,29911.75,140.0,2026-07
2026-07-03 16:48:00,CME_MINI:NQ1!,29911.75,29911.75,29903.0,29903.0,94.0,2026-07
2026-07-03 16:49:00,CME_MINI:NQ1!,29903.5,29904.25,29899.75,29903.75,82.0,2026-07
2026-07-03 16:50:00,CME_MINI:NQ1!,29901.75,29905.75,29899.75,29905.25,47.0,2026-07
2026-07-03 16:51:00,CME_MINI:NQ1!,29905.0,29905.75,29897.75,29900.0,78.0,2026-07
2026-07-03 16:52:00,CME_MINI:NQ1!,29899.0,29902.75,29899.0,29902.5,69.0,2026-07
2026-07-03 16:53:00,CME_MINI:NQ1!,29902.0,29905.75,29896.75,29903.5,203.0,2026-07
2026-07-03 16:54:00,CME_MINI:NQ1!,29903.25,29905.25,29903.0,29905.0,29.0,2026-07
2026-07-03 16:55:00,CME_MINI:NQ1!,29904.25,29906.75,29897.75,29906.75,102.0,2026-07
2026-07-03 16:56:00,CME_MINI:NQ1!,29906.75,29908.75,29904.5,29908.75,32.0,2026-07
2026-07-03 16:57:00,CME_MINI:NQ1!,29908.75,29908.75,29903.5,29906.5,27.0,2026-07
2026-07-03 16:58:00,CME_MINI:NQ1!,29905.5,29906.0,29902.75,29904.0,29.0,2026-07
2026-07-03 16:59:00,CME_MINI:NQ1!,29904.75,29912.5,29901.0,29901.75,202.0,2026-07
2026-07-05 22:00:00,CME_MINI:NQ1!,29930.25,29979.5,29905.25,29912.5,697.0,2026-07
2026-07-05 22:01:00,CME_MINI:NQ1!,29913.5,29925.25,29911.0,29919.25,234.0,2026-07
2026-07-05 22:02:00,CME_MINI:NQ1!,29917.0,29936.25,29915.0,29932.75,218.0,2026-07
2026-07-05 22:03:00,CME_MINI:NQ1!,29930.25,29938.5,29920.25,29920.25,198.0,2026-07
2026-07-05 22:04:00,CME_MINI:NQ1!,29923.0,29924.25,29877.5,29889.0,372.0,2026-07
2026-07-05 22:05:00,CME_MINI:NQ1!,29889.0,29893.5,29860.75,29889.0,544.0,2026-07
2026-07-05 22:06:00,CME_MINI:NQ1!,29890.75,29897.75,29880.5,29886.0,182.0,2026-07
2026-07-05 22:07:00,CME_MINI:NQ1!,29884.25,29897.0,29882.25,29896.25,97.0,2026-07
2026-07-05 22:08:00,CME_MINI:NQ1!,29894.25,29894.25,29862.0,29878.0,270.0,2026-07
2026-07-05 22:09:00,CME_MINI:NQ1!,29878.0,29887.0,29874.75,29879.5,104.0,2026-07
2026-07-05 22:10:00,CME_MINI:NQ1!,29881.75,29885.0,29874.5,29882.5,77.0,2026-07
2026-07-05 22:11:00,CME_MINI:NQ1!,29882.75,29890.5,29879.5,29888.5,110.0,2026-07
2026-07-05 22:12:00,CME_MINI:NQ1!,29889.0,29899.5,29882.5,29888.0,134.0,2026-07
2026-07-05 22:13:00,CME_MINI:NQ1!,29889.5,29896.75,29886.75,29895.5,82.0,2026-07
2026-07-05 22:14:00,CME_MINI:NQ1!,29895.25,29902.0,29892.25,29901.5,87.0,2026-07
2026-07-05 22:15:00,CME_MINI:NQ1!,29899.5,29899.5,29894.5,29899.25,40.0,2026-07
2026-07-05 22:16:00,CME_MINI:NQ1!,29897.25,29921.0,29890.0,29916.5,241.0,2026-07
2026-07-05 22:17:00,CME_MINI:NQ1!,29914.0,29918.0,29907.25,29911.5,132.0,2026-07
2026-07-05 22:18:00,CME_MINI:NQ1!,29909.25,29913.0,29893.0,29896.0,190.0,2026-07
2026-07-05 22:19:00,CME_MINI:NQ1!,29894.25,29909.25,29890.0,29903.25,167.0,2026-07
2026-07-05 22:20:00,CME_MINI:NQ1!,29905.25,29939.0,29902.25,29929.5,330.0,2026-07
2026-07-05 22:21:00,CME_MINI:NQ1!,29931.0,29933.75,29922.5,29927.25,76.0,2026-07
2026-07-05 22:22:00,CME_MINI:NQ1!,29928.0,29948.75,29928.0,29942.0,243.0,2026-07
2026-07-05 22:23:00,CME_MINI:NQ1!,29941.5,29947.25,29926.0,29931.5,232.0,2026-07
2026-07-05 22:24:00,CME_MINI:NQ1!,29931.5,29943.75,29926.0,29937.0,65.0,2026-07
2026-07-05 22:25:00,CME_MINI:NQ1!,29937.0,29937.0,29927.25,29930.25,40.0,2026-07
2026-07-05 22:26:00,CME_MINI:NQ1!,29930.25,29932.25,29923.5,29924.5,45.0,2026-07
2026-07-05 22:27:00,CME_MINI:NQ1!,29923.0,29931.0,29922.5,29924.25,60.0,2026-07
2026-07-05 22:28:00,CME_MINI:NQ1!,29927.5,29943.5,29927.0,29942.25,94.0,2026-07
2026-07-05 22:29:00,CME_MINI:NQ1!,29941.5,29944.25,29935.25,29936.0,67.0,2026-07
2026-07-05 22:30:00,CME_MINI:NQ1!,29936.75,29943.25,29934.0,29938.25,42.0,2026-07
2026-07-05 22:31:00,CME_MINI:NQ1!,29938.75,29948.75,29938.75,29945.25,131.0,2026-07
2026-07-05 22:32:00,CME_MINI:NQ1!,29945.0,29957.25,29943.0,29956.25,191.0,2026-07
2026-07-05 22:33:00,CME_MINI:NQ1!,29957.25,29959.25,29950.25,29951.5,107.0,2026-07
2026-07-05 22:34:00,CME_MINI:NQ1!,29950.0,29957.0,29947.75,29952.25,59.0,2026-07
2026-07-05 22:35:00,CME_MINI:NQ1!,29953.25,29953.25,29945.5,29946.5,84.0,2026-07
2026-07-05 22:36:00,CME_MINI:NQ1!,29946.0,29971.75,29940.0,29958.25,420.0,2026-07
2026-07-05 22:37:00,CME_MINI:NQ1!,29959.75,29966.5,29958.75,29962.5,118.0,2026-07
2026-07-05 22:38:00,CME_MINI:NQ1!,29961.75,29967.0,29959.25,29965.25,60.0,2026-07
2026-07-05 22:39:00,CME_MINI:NQ1!,29964.5,29966.0,29960.25,29963.25,92.0,2026-07
2026-07-05 22:40:00,CME_MINI:NQ1!,29960.75,29968.5,29957.75,29963.0,164.0,2026-07
2026-07-05 22:41:00,CME_MINI:NQ1!,29965.5,29968.25,29959.5,29965.0,101.0,2026-07
2026-07-05 22:42:00,CME_MINI:NQ1!,29966.25,29971.0,29964.75,29966.25,96.0,2026-07
2026-07-05 22:43:00,CME_MINI:NQ1!,29967.75,29969.5,29958.0,29969.5,89.0,2026-07
2026-07-05 22:44:00,CME_MINI:NQ1!,29968.75,29973.25,29965.5,29971.0,76.0,2026-07
2026-07-05 22:45:00,CME_MINI:NQ1!,29969.75,29976.25,29969.0,29972.75,124.0,2026-07
2026-07-05 22:46:00,CME_MINI:NQ1!,29973.0,29978.5,29972.25,29975.0,95.0,2026-07
2026-07-05 22:47:00,CME_MINI:NQ1!,29975.5,29979.0,29973.25,29975.0,72.0,2026-07
2026-07-05 22:48:00,CME_MINI:NQ1!,29976.0,29976.0,29970.25,29972.5,55.0,2026-07
2026-07-05 22:49:00,CME_MINI:NQ1!,29970.75,29975.0,29962.25,29968.5,139.0,2026-07
2026-07-05 22:50:00,CME_MINI:NQ1!,29968.25,29968.25,29960.25,29964.75,69.0,2026-07
2026-07-05 22:51:00,CME_MINI:NQ1!,29963.0,29967.5,29961.5,29963.5,38.0,2026-07
2026-07-05 22:52:00,CME_MINI:NQ1!,29962.0,29964.5,29954.0,29957.75,198.0,2026-07
2026-07-05 22:53:00,CME_MINI:NQ1!,29958.0,29961.5,29954.5,29956.75,88.0,2026-07
2026-07-05 22:54:00,CME_MINI:NQ1!,29957.25,29960.25,29953.75,29958.75,94.0,2026-07
2026-07-05 22:55:00,CME_MINI:NQ1!,29958.75,29962.5,29946.75,29952.0,157.0,2026-07
2026-07-05 22:56:00,CME_MINI:NQ1!,29951.0,29953.25,29946.0,29948.5,76.0,2026-07
2026-07-05 22:57:00,CME_MINI:NQ1!,29949.25,29950.5,29944.25,29945.0,78.0,2026-07
2026-07-05 22:58:00,CME_MINI:NQ1!,29946.0,29948.25,29941.5,29946.0,59.0,2026-07
2026-07-05 22:59:00,CME_MINI:NQ1!,29946.0,29947.75,29943.5,29946.0,46.0,2026-07
2026-07-05 23:00:00,CME_MINI:NQ1!,29946.5,29949.25,29933.5,29949.25,170.0,2026-07
2026-07-05 23:01:00,CME_MINI:NQ1!,29948.25,29955.5,29947.25,29953.5,159.0,2026-07
2026-07-05 23:02:00,CME_MINI:NQ1!,29953.25,29961.25,29952.5,29956.75,154.0,2026-07
2026-07-05 23:03:00,CME_MINI:NQ1!,29957.75,29959.75,29949.25,29952.0,95.0,2026-07
2026-07-05 23:04:00,CME_MINI:NQ1!,29951.25,29952.25,29943.25,29951.5,79.0,2026-07
2026-07-05 23:05:00,CME_MINI:NQ1!,29952.25,29960.25,29950.5,29954.25,69.0,2026-07
2026-07-05 23:06:00,CME_MINI:NQ1!,29951.25,29951.5,29945.0,29949.25,30.0,2026-07
2026-07-05 23:07:00,CME_MINI:NQ1!,29949.5,29950.25,29947.25,29949.75,14.0,2026-07
2026-07-05 23:08:00,CME_MINI:NQ1!,29948.75,29951.25,29947.5,29951.25,25.0,2026-07
2026-07-05 23:09:00,CME_MINI:NQ1!,29950.25,29954.25,29944.75,29946.75,84.0,2026-07
2026-07-05 23:10:00,CME_MINI:NQ1!,29945.75,29945.75,29926.5,29931.75,244.0,2026-07
2026-07-05 23:11:00,CME_MINI:NQ1!,29930.25,29936.5,29929.5,29935.0,64.0,2026-07
2026-07-05 23:12:00,CME_MINI:NQ1!,29936.25,29994.5,29936.25,29992.0,545.0,2026-07
2026-07-05 23:13:00,CME_MINI:NQ1!,29992.0,30008.25,29982.75,29982.75,718.0,2026-07
2026-07-05 23:14:00,CME_MINI:NQ1!,29981.0,29993.75,29968.0,29990.25,185.0,2026-07
2026-07-05 23:15:00,CME_MINI:NQ1!,29988.0,30002.5,29987.5,29995.75,230.0,2026-07
2026-07-05 23:16:00,CME_MINI:NQ1!,29996.0,30001.0,29994.75,29994.75,67.0,2026-07
2026-07-05 23:17:00,CME_MINI:NQ1!,29997.25,30003.75,29992.25,29994.5,86.0,2026-07
2026-07-05 23:18:00,CME_MINI:NQ1!,29994.75,29996.25,29988.0,29989.25,86.0,2026-07
2026-07-05 23:19:00,CME_MINI:NQ1!,29990.75,29995.0,29984.75,29989.75,66.0,2026-07
2026-07-05 23:20:00,CME_MINI:NQ1!,29991.75,29991.75,29985.0,29986.25,44.0,2026-07
2026-07-05 23:21:00,CME_MINI:NQ1!,29987.75,29992.0,29981.75,29988.5,55.0,2026-07
2026-07-05 23:22:00,CME_MINI:NQ1!,29990.5,29992.0,29984.0,29985.25,28.0,2026-07
2026-07-05 23:23:00,CME_MINI:NQ1!,29985.75,29988.5,29982.75,29982.75,23.0,2026-07
2026-07-05 23:24:00,CME_MINI:NQ1!,29984.25,29986.0,29979.25,29980.75,66.0,2026-07
2026-07-05 23:25:00,CME_MINI:NQ1!,29981.0,29983.75,29975.75,29977.75,48.0,2026-07
2026-07-05 23:26:00,CME_MINI:NQ1!,29980.0,29984.5,29977.5,29984.25,42.0,2026-07
2026-07-05 23:27:00,CME_MINI:NQ1!,29984.5,29990.0,29984.5,29988.25,55.0,2026-07
2026-07-05 23:28:00,CME_MINI:NQ1!,29988.5,29995.5,29988.25,29993.5,109.0,2026-07
2026-07-05 23:29:00,CME_MINI:NQ1!,29993.25,29995.0,29983.75,29985.25,83.0,2026-07
2026-07-05 23:30:00,CME_MINI:NQ1!,29983.5,29998.0,29974.0,29995.5,218.0,2026-07
2026-07-05 23:31:00,CME_MINI:NQ1!,29995.25,30011.25,29994.25,30004.0,205.0,2026-07
2026-07-05 23:32:00,CME_MINI:NQ1!,30004.25,30007.75,30002.0,30005.75,73.0,2026-07
2026-07-05 23:33:00,CME_MINI:NQ1!,30007.25,30007.25,30001.25,30001.5,75.0,2026-07
2026-07-05 23:34:00,CME_MINI:NQ1!,30001.75,30003.75,29998.75,30002.75,61.0,2026-07
2026-07-05 23:35:00,CME_MINI:NQ1!,30002.75,30004.0,29999.5,30001.5,27.0,2026-07
2026-07-05 23:36:00,CME_MINI:NQ1!,30001.0,30001.0,29980.0,29985.75,227.0,2026-07
2026-07-05 23:37:00,CME_MINI:NQ1!,29987.25,29988.0,29983.25,29986.0,31.0,2026-07
2026-07-05 23:38:00,CME_MINI:NQ1!,29986.75,29988.0,29984.5,29986.25,29.0,2026-07
2026-07-05 23:39:00,CME_MINI:NQ1!,29988.25,29988.5,29979.0,29982.5,55.0,2026-07
2026-07-05 23:40:00,CME_MINI:NQ1!,29984.25,29985.0,29977.75,29981.75,39.0,2026-07
2026-07-05 23:41:00,CME_MINI:NQ1!,29983.75,29988.25,29979.0,29984.5,61.0,2026-07
2026-07-05 23:42:00,CME_MINI:NQ1!,29984.5,29984.75,29976.75,29979.0,52.0,2026-07
2026-07-05 23:43:00,CME_MINI:NQ1!,29978.5,29979.0,29975.25,29976.75,43.0,2026-07
2026-07-05 23:44:00,CME_MINI:NQ1!,29977.5,29978.25,29970.75,29976.0,162.0,2026-07
2026-07-05 23:45:00,CME_MINI:NQ1!,29974.5,29975.0,29963.75,29975.0,136.0,2026-07
2026-07-05 23:46:00,CME_MINI:NQ1!,29972.0,29997.25,29972.0,29988.25,208.0,2026-07
2026-07-05 23:47:00,CME_MINI:NQ1!,29989.25,29992.0,29981.0,29982.5,66.0,2026-07
2026-07-05 23:48:00,CME_MINI:NQ1!,29983.75,29994.25,29983.75,29992.75,107.0,2026-07
2026-07-05 23:49:00,CME_MINI:NQ1!,29991.25,29995.0,29987.75,29991.5,53.0,2026-07
2026-07-05 23:50:00,CME_MINI:NQ1!,29988.75,30005.5,29986.75,29999.25,199.0,2026-07
2026-07-05 23:51:00,CME_MINI:NQ1!,29998.5,30005.75,29993.75,30001.75,106.0,2026-07
2026-07-05 23:52:00,CME_MINI:NQ1!,30000.5,30000.5,29992.75,29995.25,61.0,2026-07
2026-07-05 23:53:00,CME_MINI:NQ1!,29996.5,29998.5,29991.0,29997.75,62.0,2026-07
2026-07-05 23:54:00,CME_MINI:NQ1!,29998.0,30001.25,29991.75,29991.75,57.0,2026-07
2026-07-05 23:55:00,CME_MINI:NQ1!,29991.75,29992.5,29982.0,29984.75,112.0,2026-07
2026-07-05 23:56:00,CME_MINI:NQ1!,29989.0,29989.0,29964.75,29985.0,247.0,2026-07
2026-07-05 23:57:00,CME_MINI:NQ1!,29983.25,29991.75,29982.25,29988.75,87.0,2026-07
2026-07-05 23:58:00,CME_MINI:NQ1!,29990.25,29990.75,29984.25,29989.5,60.0,2026-07
2026-07-05 23:59:00,CME_MINI:NQ1!,29990.0,29990.0,29983.25,29983.75,60.0,2026-07
2026-07-06 00:00:00,CME_MINI:NQ1!,29987.75,29988.75,29946.25,29947.75,443.0,2026-07
2026-07-06 00:01:00,CME_MINI:NQ1!,29948.25,29948.5,29915.25,29916.75,494.0,2026-07
2026-07-06 00:02:00,CME_MINI:NQ1!,29915.0,29934.5,29900.0,29931.25,495.0,2026-07
2026-07-06 00:03:00,CME_MINI:NQ1!,29932.0,29945.0,29930.5,29938.5,276.0,2026-07
2026-07-06 00:04:00,CME_MINI:NQ1!,29940.0,29953.25,29929.75,29948.5,229.0,2026-07
2026-07-06 00:05:00,CME_MINI:NQ1!,29950.25,29954.0,29933.25,29937.25,175.0,2026-07
2026-07-06 00:06:00,CME_MINI:NQ1!,29940.0,29948.0,29928.5,29931.5,170.0,2026-07
2026-07-06 00:07:00,CME_MINI:NQ1!,29934.0,29950.0,29929.0,29943.75,122.0,2026-07
2026-07-06 00:08:00,CME_MINI:NQ1!,29946.0,29962.75,29943.75,29955.75,202.0,2026-07
2026-07-06 00:09:00,CME_MINI:NQ1!,29958.75,29971.5,29955.25,29967.0,207.0,2026-07
2026-07-06 00:10:00,CME_MINI:NQ1!,29964.25,29964.5,29946.0,29955.0,188.0,2026-07
2026-07-06 00:11:00,CME_MINI:NQ1!,29955.0,29961.0,29949.5,29954.0,98.0,2026-07
2026-07-06 00:12:00,CME_MINI:NQ1!,29953.75,29964.5,29948.0,29963.5,119.0,2026-07
2026-07-06 00:13:00,CME_MINI:NQ1!,29962.5,29975.75,29961.75,29973.75,113.0,2026-07
2026-07-06 00:14:00,CME_MINI:NQ1!,29973.25,29982.75,29967.25,29982.75,162.0,2026-07
2026-07-06 00:15:00,CME_MINI:NQ1!,29982.5,30004.75,29978.25,30001.5,354.0,2026-07
2026-07-06 00:16:00,CME_MINI:NQ1!,30001.25,30004.0,29994.25,29997.5,205.0,2026-07
2026-07-06 00:17:00,CME_MINI:NQ1!,29996.75,30000.0,29990.5,29995.0,81.0,2026-07
2026-07-06 00:18:00,CME_MINI:NQ1!,29992.75,30001.0,29982.25,29988.5,144.0,2026-07
2026-07-06 00:19:00,CME_MINI:NQ1!,29987.75,29992.25,29976.5,29979.5,100.0,2026-07
2026-07-06 00:20:00,CME_MINI:NQ1!,29980.5,29985.75,29972.0,29980.75,120.0,2026-07
2026-07-06 00:21:00,CME_MINI:NQ1!,29979.0,29982.5,29972.75,29981.0,97.0,2026-07
2026-07-06 00:22:00,CME_MINI:NQ1!,29977.75,29979.5,29960.0,29962.25,180.0,2026-07
2026-07-06 00:23:00,CME_MINI:NQ1!,29963.5,29966.0,29954.0,29960.25,146.0,2026-07
2026-07-06 00:24:00,CME_MINI:NQ1!,29960.5,29963.25,29950.0,29957.25,110.0,2026-07
2026-07-06 00:25:00,CME_MINI:NQ1!,29961.5,29964.5,29942.0,29943.0,110.0,2026-07
2026-07-06 00:26:00,CME_MINI:NQ1!,29943.5,29944.0,29928.5,29928.5,223.0,2026-07
2026-07-06 00:27:00,CME_MINI:NQ1!,29927.25,29935.5,29919.5,29919.75,257.0,2026-07
2026-07-06 00:28:00,CME_MINI:NQ1!,29922.25,29927.5,29908.75,29921.25,183.0,2026-07
2026-07-06 00:29:00,CME_MINI:NQ1!,29925.75,29925.75,29879.75,29882.75,456.0,2026-07
2026-07-06 00:30:00,CME_MINI:NQ1!,29882.25,29897.25,29845.0,29888.5,680.0,2026-07
2026-07-06 00:31:00,CME_MINI:NQ1!,29890.5,29900.0,29875.25,29892.0,404.0,2026-07
2026-07-06 00:32:00,CME_MINI:NQ1!,29894.0,29909.0,29884.0,29885.75,274.0,2026-07
2026-07-06 00:33:00,CME_MINI:NQ1!,29885.5,29901.0,29875.25,29878.0,217.0,2026-07
2026-07-06 00:34:00,CME_MINI:NQ1!,29876.25,29899.75,29876.25,29898.0,179.0,2026-07
2026-07-06 00:35:00,CME_MINI:NQ1!,29898.0,29900.0,29885.25,29888.0,104.0,2026-07
2026-07-06 00:36:00,CME_MINI:NQ1!,29887.25,29906.75,29882.25,29906.25,186.0,2026-07
2026-07-06 00:37:00,CME_MINI:NQ1!,29908.0,29923.75,29904.25,29921.75,224.0,2026-07
2026-07-06 00:38:00,CME_MINI:NQ1!,29921.75,29926.75,29918.25,29922.75,69.0,2026-07
2026-07-06 00:39:00,CME_MINI:NQ1!,29923.5,29928.5,29915.5,29917.0,90.0,2026-07
2026-07-06 00:40:00,CME_MINI:NQ1!,29918.5,29931.25,29908.0,29926.0,202.0,2026-07
2026-07-06 00:41:00,CME_MINI:NQ1!,29924.0,29934.0,29923.25,29931.75,124.0,2026-07
2026-07-06 00:42:00,CME_MINI:NQ1!,29932.0,29938.0,29927.5,29931.75,123.0,2026-07
2026-07-06 00:43:00,CME_MINI:NQ1!,29935.0,29944.25,29932.75,29943.0,158.0,2026-07
2026-07-06 00:44:00,CME_MINI:NQ1!,29941.5,29944.5,29931.75,29933.75,143.0,2026-07
2026-07-06 00:45:00,CME_MINI:NQ1!,29937.5,29960.75,29937.5,29957.75,275.0,2026-07
2026-07-06 00:46:00,CME_MINI:NQ1!,29960.25,29969.75,29959.5,29966.25,152.0,2026-07
2026-07-06 00:47:00,CME_MINI:NQ1!,29963.75,29965.0,29955.25,29957.75,113.0,2026-07
2026-07-06 00:48:00,CME_MINI:NQ1!,29956.0,29964.25,29954.0,29959.5,56.0,2026-07
2026-07-06 00:49:00,CME_MINI:NQ1!,29961.25,29963.75,29944.25,29944.25,156.0,2026-07
2026-07-06 00:50:00,CME_MINI:NQ1!,29942.75,29944.0,29929.75,29939.25,164.0,2026-07
2026-07-06 00:51:00,CME_MINI:NQ1!,29938.75,29943.75,29937.25,29939.25,54.0,2026-07
2026-07-06 00:52:00,CME_MINI:NQ1!,29936.5,29936.5,29916.5,29925.75,161.0,2026-07
2026-07-06 00:53:00,CME_MINI:NQ1!,29925.5,29940.0,29920.25,29936.0,243.0,2026-07
2026-07-06 00:54:00,CME_MINI:NQ1!,29936.25,29937.75,29929.0,29936.25,85.0,2026-07
2026-07-06 00:55:00,CME_MINI:NQ1!,29937.5,29951.5,29924.75,29929.5,330.0,2026-07
2026-07-06 00:56:00,CME_MINI:NQ1!,29929.25,29933.25,29927.25,29930.5,70.0,2026-07
2026-07-06 00:57:00,CME_MINI:NQ1!,29932.5,29937.25,29919.25,29921.75,144.0,2026-07
2026-07-06 00:58:00,CME_MINI:NQ1!,29920.5,29928.25,29914.5,29923.0,132.0,2026-07
2026-07-06 00:59:00,CME_MINI:NQ1!,29921.75,29932.5,29921.5,29928.25,81.0,2026-07
2026-07-06 01:00:00,CME_MINI:NQ1!,29926.5,29932.0,29906.5,29913.75,197.0,2026-07
2026-07-06 01:01:00,CME_MINI:NQ1!,29912.0,29921.5,29904.5,29919.25,101.0,2026-07
2026-07-06 01:02:00,CME_MINI:NQ1!,29918.75,29922.75,29905.25,29917.5,147.0,2026-07
2026-07-06 01:03:00,CME_MINI:NQ1!,29920.0,29926.0,29902.0,29913.75,182.0,2026-07
2026-07-06 01:04:00,CME_MINI:NQ1!,29916.75,29916.75,29892.5,29894.5,188.0,2026-07
2026-07-06 01:05:00,CME_MINI:NQ1!,29893.25,29902.0,29888.0,29894.25,131.0,2026-07
2026-07-06 01:06:00,CME_MINI:NQ1!,29891.75,29894.25,29875.0,29879.25,237.0,2026-07
2026-07-06 01:07:00,CME_MINI:NQ1!,29880.5,29889.0,29875.25,29889.0,153.0,2026-07
2026-07-06 01:08:00,CME_MINI:NQ1!,29890.0,29900.0,29884.25,29900.0,184.0,2026-07
2026-07-06 01:09:00,CME_MINI:NQ1!,29901.5,29905.5,29891.0,29904.25,131.0,2026-07
2026-07-06 01:10:00,CME_MINI:NQ1!,29904.0,29908.0,29881.0,29881.0,226.0,2026-07
2026-07-06 01:11:00,CME_MINI:NQ1!,29885.0,29886.5,29867.5,29871.75,171.0,2026-07
2026-07-06 01:12:00,CME_MINI:NQ1!,29871.5,29885.0,29867.25,29883.0,141.0,2026-07
2026-07-06 01:13:00,CME_MINI:NQ1!,29884.25,29893.75,29879.5,29890.0,145.0,2026-07
2026-07-06 01:14:00,CME_MINI:NQ1!,29891.75,29894.25,29878.0,29880.0,103.0,2026-07
2026-07-06 01:15:00,CME_MINI:NQ1!,29879.75,29881.5,29858.25,29865.25,391.0,2026-07
2026-07-06 01:16:00,CME_MINI:NQ1!,29866.75,29876.0,29860.5,29871.75,98.0,2026-07
2026-07-06 01:17:00,CME_MINI:NQ1!,29870.0,29879.0,29867.0,29872.75,59.0,2026-07
2026-07-06 01:18:00,CME_MINI:NQ1!,29872.25,29887.75,29869.5,29883.75,138.0,2026-07
2026-07-06 01:19:00,CME_MINI:NQ1!,29884.5,29887.0,29871.0,29886.0,116.0,2026-07
2026-07-06 01:20:00,CME_MINI:NQ1!,29886.0,29893.5,29880.0,29887.5,113.0,2026-07
2026-07-06 01:21:00,CME_MINI:NQ1!,29884.5,29886.75,29876.75,29885.0,54.0,2026-07
2026-07-06 01:22:00,CME_MINI:NQ1!,29881.25,29881.25,29857.75,29862.25,182.0,2026-07
2026-07-06 01:23:00,CME_MINI:NQ1!,29858.5,29861.25,29842.0,29845.5,326.0,2026-07
2026-07-06 01:24:00,CME_MINI:NQ1!,29844.75,29849.75,29824.0,29828.25,475.0,2026-07
2026-07-06 01:25:00,CME_MINI:NQ1!,29828.25,29834.5,29823.0,29825.75,276.0,2026-07
2026-07-06 01:26:00,CME_MINI:NQ1!,29826.0,29831.0,29793.5,29797.25,529.0,2026-07
2026-07-06 01:27:00,CME_MINI:NQ1!,29797.5,29805.75,29773.75,29793.0,548.0,2026-07
2026-07-06 01:28:00,CME_MINI:NQ1!,29794.5,29809.5,29788.5,29803.75,292.0,2026-07
2026-07-06 01:29:00,CME_MINI:NQ1!,29806.5,29814.5,29798.0,29814.25,138.0,2026-07
2026-07-06 01:30:00,CME_MINI:NQ1!,29813.25,29829.25,29807.0,29827.75,182.0,2026-07
2026-07-06 01:31:00,CME_MINI:NQ1!,29827.0,29833.0,29822.75,29830.0,250.0,2026-07
2026-07-06 01:32:00,CME_MINI:NQ1!,29830.0,29843.75,29821.25,29833.0,174.0,2026-07
2026-07-06 01:33:00,CME_MINI:NQ1!,29831.5,29840.5,29821.75,29836.5,92.0,2026-07
2026-07-06 01:34:00,CME_MINI:NQ1!,29838.25,29844.5,29836.0,29840.0,101.0,2026-07
2026-07-06 01:35:00,CME_MINI:NQ1!,29840.75,29840.75,29824.75,29827.5,84.0,2026-07
2026-07-06 01:36:00,CME_MINI:NQ1!,29824.5,29837.0,29819.25,29835.25,165.0,2026-07
2026-07-06 01:37:00,CME_MINI:NQ1!,29834.5,29842.25,29826.0,29837.0,103.0,2026-07
2026-07-06 01:38:00,CME_MINI:NQ1!,29832.75,29833.75,29825.0,29825.0,86.0,2026-07
2026-07-06 01:39:00,CME_MINI:NQ1!,29824.5,29838.0,29820.25,29837.75,131.0,2026-07
2026-07-06 01:40:00,CME_MINI:NQ1!,29838.25,29845.75,29831.75,29845.75,101.0,2026-07
2026-07-06 01:41:00,CME_MINI:NQ1!,29844.75,29855.25,29843.25,29848.5,202.0,2026-07
2026-07-06 01:42:00,CME_MINI:NQ1!,29848.25,29848.5,29828.75,29843.0,172.0,2026-07
2026-07-06 01:43:00,CME_MINI:NQ1!,29843.25,29851.75,29840.25,29843.25,79.0,2026-07
2026-07-06 01:44:00,CME_MINI:NQ1!,29839.25,29841.5,29814.25,29817.25,193.0,2026-07
2026-07-06 01:45:00,CME_MINI:NQ1!,29816.25,29816.25,29796.75,29809.0,262.0,2026-07
2026-07-06 01:46:00,CME_MINI:NQ1!,29809.25,29811.75,29797.25,29798.75,137.0,2026-07
2026-07-06 01:47:00,CME_MINI:NQ1!,29800.0,29806.25,29788.25,29796.5,185.0,2026-07
2026-07-06 01:48:00,CME_MINI:NQ1!,29796.75,29800.75,29786.75,29788.5,179.0,2026-07
2026-07-06 01:49:00,CME_MINI:NQ1!,29787.5,29789.5,29770.0,29771.75,243.0,2026-07
2026-07-06 01:50:00,CME_MINI:NQ1!,29773.75,29781.75,29758.5,29760.25,387.0,2026-07
2026-07-06 01:51:00,CME_MINI:NQ1!,29760.25,29779.0,29757.5,29776.25,223.0,2026-07
2026-07-06 01:52:00,CME_MINI:NQ1!,29776.25,29777.5,29760.75,29765.75,143.0,2026-07
2026-07-06 01:53:00,CME_MINI:NQ1!,29766.25,29771.75,29759.25,29759.25,125.0,2026-07
2026-07-06 01:54:00,CME_MINI:NQ1!,29759.0,29766.25,29755.0,29759.75,168.0,2026-07
2026-07-06 01:55:00,CME_MINI:NQ1!,29758.75,29777.25,29750.0,29774.75,323.0,2026-07
2026-07-06 01:56:00,CME_MINI:NQ1!,29774.75,29795.25,29772.75,29785.75,278.0,2026-07
2026-07-06 01:57:00,CME_MINI:NQ1!,29782.75,29786.75,29765.0,29772.0,195.0,2026-07
2026-07-06 01:58:00,CME_MINI:NQ1!,29771.75,29779.0,29771.0,29775.25,103.0,2026-07
2026-07-06 01:59:00,CME_MINI:NQ1!,29777.5,29793.75,29777.0,29792.75,121.0,2026-07
2026-07-06 02:00:00,CME_MINI:NQ1!,29793.25,29812.0,29793.25,29805.25,303.0,2026-07
2026-07-06 02:01:00,CME_MINI:NQ1!,29806.25,29817.5,29789.5,29797.75,537.0,2026-07
2026-07-06 02:02:00,CME_MINI:NQ1!,29797.5,29803.25,29788.0,29798.75,246.0,2026-07
2026-07-06 02:03:00,CME_MINI:NQ1!,29796.25,29807.5,29784.5,29807.5,145.0,2026-07
2026-07-06 02:04:00,CME_MINI:NQ1!,29806.75,29818.75,29805.25,29817.5,152.0,2026-07
2026-07-06 02:05:00,CME_MINI:NQ1!,29816.0,29818.75,29796.25,29806.5,212.0,2026-07
2026-07-06 02:06:00,CME_MINI:NQ1!,29805.75,29805.75,29790.75,29801.0,170.0,2026-07
2026-07-06 02:07:00,CME_MINI:NQ1!,29801.75,29801.75,29784.0,29788.25,110.0,2026-07
2026-07-06 02:08:00,CME_MINI:NQ1!,29788.5,29796.25,29782.75,29795.75,111.0,2026-07
2026-07-06 02:09:00,CME_MINI:NQ1!,29793.5,29799.5,29785.75,29793.75,72.0,2026-07
2026-07-06 02:10:00,CME_MINI:NQ1!,29795.25,29796.0,29777.25,29780.25,130.0,2026-07
2026-07-06 02:11:00,CME_MINI:NQ1!,29778.25,29787.75,29774.5,29777.25,152.0,2026-07
2026-07-06 02:12:00,CME_MINI:NQ1!,29776.75,29778.25,29759.75,29761.5,232.0,2026-07
2026-07-06 02:13:00,CME_MINI:NQ1!,29761.75,29771.25,29760.5,29768.75,110.0,2026-07
2026-07-06 02:14:00,CME_MINI:NQ1!,29766.25,29769.75,29754.5,29759.5,129.0,2026-07
2026-07-06 02:15:00,CME_MINI:NQ1!,29761.25,29775.5,29759.25,29773.75,130.0,2026-07
2026-07-06 02:16:00,CME_MINI:NQ1!,29771.75,29780.0,29764.75,29776.75,114.0,2026-07
2026-07-06 02:17:00,CME_MINI:NQ1!,29774.0,29775.0,29750.25,29771.0,242.0,2026-07
2026-07-06 02:18:00,CME_MINI:NQ1!,29770.5,29778.75,29761.5,29769.0,107.0,2026-07
2026-07-06 02:19:00,CME_MINI:NQ1!,29767.5,29773.75,29746.5,29756.75,543.0,2026-07
2026-07-06 02:20:00,CME_MINI:NQ1!,29755.0,29780.25,29751.0,29778.25,148.0,2026-07
2026-07-06 02:21:00,CME_MINI:NQ1!,29779.5,29783.75,29773.5,29779.5,99.0,2026-07
2026-07-06 02:22:00,CME_MINI:NQ1!,29785.0,29790.25,29779.75,29781.0,102.0,2026-07
2026-07-06 02:23:00,CME_MINI:NQ1!,29780.0,29790.5,29778.75,29787.5,91.0,2026-07
2026-07-06 02:24:00,CME_MINI:NQ1!,29789.25,29791.75,29778.5,29778.5,72.0,2026-07
2026-07-06 02:25:00,CME_MINI:NQ1!,29780.0,29781.25,29764.0,29765.25,214.0,2026-07
2026-07-06 02:26:00,CME_MINI:NQ1!,29768.0,29770.75,29762.75,29767.75,91.0,2026-07
2026-07-06 02:27:00,CME_MINI:NQ1!,29769.0,29771.5,29751.5,29754.25,215.0,2026-07
2026-07-06 02:28:00,CME_MINI:NQ1!,29752.75,29758.25,29745.75,29747.0,121.0,2026-07
2026-07-06 02:29:00,CME_MINI:NQ1!,29746.75,29746.75,29735.0,29736.25,384.0,2026-07
2026-07-06 02:30:00,CME_MINI:NQ1!,29737.0,29746.0,29723.25,29743.5,272.0,2026-07
2026-07-06 02:31:00,CME_MINI:NQ1!,29745.0,29746.25,29734.25,29740.0,108.0,2026-07
2026-07-06 02:32:00,CME_MINI:NQ1!,29741.5,29747.5,29734.0,29734.0,142.0,2026-07
2026-07-06 02:33:00,CME_MINI:NQ1!,29735.25,29743.0,29725.25,29725.25,158.0,2026-07
2026-07-06 02:34:00,CME_MINI:NQ1!,29726.0,29740.5,29724.75,29739.0,133.0,2026-07
2026-07-06 02:35:00,CME_MINI:NQ1!,29740.25,29743.25,29728.5,29731.0,125.0,2026-07
2026-07-06 02:36:00,CME_MINI:NQ1!,29728.5,29742.5,29725.5,29739.25,100.0,2026-07
2026-07-06 02:37:00,CME_MINI:NQ1!,29740.0,29740.75,29728.75,29731.5,77.0,2026-07
2026-07-06 02:38:00,CME_MINI:NQ1!,29732.75,29740.0,29731.5,29738.5,56.0,2026-07
2026-07-06 02:39:00,CME_MINI:NQ1!,29737.5,29745.5,29721.25,29723.75,262.0,2026-07
2026-07-06 02:40:00,CME_MINI:NQ1!,29725.0,29726.0,29709.0,29714.0,269.0,2026-07
2026-07-06 02:41:00,CME_MINI:NQ1!,29715.0,29720.75,29707.5,29720.0,154.0,2026-07
2026-07-06 02:42:00,CME_MINI:NQ1!,29718.5,29724.0,29709.5,29712.75,166.0,2026-07
2026-07-06 02:43:00,CME_MINI:NQ1!,29714.5,29717.5,29701.5,29714.25,207.0,2026-07
2026-07-06 02:44:00,CME_MINI:NQ1!,29715.25,29720.0,29693.5,29699.25,268.0,2026-07
2026-07-06 02:45:00,CME_MINI:NQ1!,29700.5,29709.5,29696.75,29709.5,142.0,2026-07
2026-07-06 02:46:00,CME_MINI:NQ1!,29710.0,29714.5,29707.0,29711.5,83.0,2026-07
2026-07-06 02:47:00,CME_MINI:NQ1!,29711.0,29719.0,29700.0,29704.5,130.0,2026-07
2026-07-06 02:48:00,CME_MINI:NQ1!,29705.0,29708.75,29698.5,29699.25,85.0,2026-07
2026-07-06 02:49:00,CME_MINI:NQ1!,29699.75,29709.5,29698.0,29708.75,76.0,2026-07
2026-07-06 02:50:00,CME_MINI:NQ1!,29706.5,29707.25,29695.0,29696.25,89.0,2026-07
2026-07-06 02:51:00,CME_MINI:NQ1!,29696.5,29699.5,29683.0,29698.0,211.0,2026-07
2026-07-06 02:52:00,CME_MINI:NQ1!,29698.25,29707.75,29693.25,29698.0,155.0,2026-07
2026-07-06 02:53:00,CME_MINI:NQ1!,29697.75,29704.5,29695.75,29704.0,80.0,2026-07
2026-07-06 02:54:00,CME_MINI:NQ1!,29706.25,29716.0,29706.25,29714.25,171.0,2026-07
2026-07-06 02:55:00,CME_MINI:NQ1!,29716.0,29722.0,29704.75,29720.75,263.0,2026-07
2026-07-06 02:56:00,CME_MINI:NQ1!,29721.0,29721.75,29697.5,29704.75,195.0,2026-07
2026-07-06 02:57:00,CME_MINI:NQ1!,29706.0,29718.75,29704.75,29718.75,96.0,2026-07
2026-07-06 02:58:00,CME_MINI:NQ1!,29717.5,29720.75,29714.25,29718.75,79.0,2026-07
2026-07-06 02:59:00,CME_MINI:NQ1!,29719.75,29732.0,29718.5,29725.25,217.0,2026-07
2026-07-06 03:00:00,CME_MINI:NQ1!,29726.5,29732.0,29720.5,29723.25,169.0,2026-07
2026-07-06 03:01:00,CME_MINI:NQ1!,29724.25,29735.0,29716.75,29732.5,276.0,2026-07
2026-07-06 03:02:00,CME_MINI:NQ1!,29732.5,29737.5,29731.5,29735.0,111.0,2026-07
2026-07-06 03:03:00,CME_MINI:NQ1!,29738.0,29749.0,29735.75,29749.0,208.0,2026-07
2026-07-06 03:04:00,CME_MINI:NQ1!,29746.5,29761.5,29745.0,29756.0,327.0,2026-07
2026-07-06 03:05:00,CME_MINI:NQ1!,29753.5,29761.5,29749.0,29755.25,133.0,2026-07
2026-07-06 03:06:00,CME_MINI:NQ1!,29752.75,29761.5,29749.75,29755.5,84.0,2026-07
2026-07-06 03:07:00,CME_MINI:NQ1!,29754.5,29757.75,29746.5,29756.75,116.0,2026-07
2026-07-06 03:08:00,CME_MINI:NQ1!,29755.75,29758.0,29751.75,29753.75,27.0,2026-07
2026-07-06 03:09:00,CME_MINI:NQ1!,29753.5,29760.75,29750.0,29760.0,90.0,2026-07
2026-07-06 03:10:00,CME_MINI:NQ1!,29761.25,29774.0,29760.75,29772.25,234.0,2026-07
2026-07-06 03:11:00,CME_MINI:NQ1!,29771.75,29785.5,29771.75,29779.25,199.0,2026-07
2026-07-06 03:12:00,CME_MINI:NQ1!,29779.25,29782.5,29764.25,29766.5,165.0,2026-07
2026-07-06 03:13:00,CME_MINI:NQ1!,29766.25,29766.25,29755.5,29755.5,161.0,2026-07
2026-07-06 03:14:00,CME_MINI:NQ1!,29755.25,29775.0,29747.75,29771.0,206.0,2026-07
2026-07-06 03:15:00,CME_MINI:NQ1!,29772.0,29782.25,29768.25,29782.25,114.0,2026-07
2026-07-06 03:16:00,CME_MINI:NQ1!,29781.25,29790.5,29780.25,29780.25,158.0,2026-07
2026-07-06 03:17:00,CME_MINI:NQ1!,29780.5,29786.75,29776.25,29778.0,73.0,2026-07
2026-07-06 03:18:00,CME_MINI:NQ1!,29775.5,29775.5,29761.5,29761.5,121.0,2026-07
2026-07-06 03:19:00,CME_MINI:NQ1!,29760.75,29768.0,29758.5,29762.0,75.0,2026-07
2026-07-06 03:20:00,CME_MINI:NQ1!,29762.5,29767.0,29758.0,29760.25,80.0,2026-07
2026-07-06 03:21:00,CME_MINI:NQ1!,29763.0,29768.25,29760.0,29761.5,46.0,2026-07
2026-07-06 03:22:00,CME_MINI:NQ1!,29764.0,29764.0,29748.0,29750.5,157.0,2026-07
2026-07-06 03:23:00,CME_MINI:NQ1!,29752.0,29763.5,29752.0,29757.5,84.0,2026-07
2026-07-06 03:24:00,CME_MINI:NQ1!,29756.75,29772.5,29756.25,29771.25,105.0,2026-07
2026-07-06 03:25:00,CME_MINI:NQ1!,29773.0,29782.0,29773.0,29775.75,117.0,2026-07
2026-07-06 03:26:00,CME_MINI:NQ1!,29776.25,29782.0,29768.5,29780.0,59.0,2026-07
2026-07-06 03:27:00,CME_MINI:NQ1!,29780.0,29787.75,29778.25,29786.0,65.0,2026-07
2026-07-06 03:28:00,CME_MINI:NQ1!,29786.0,29787.5,29780.5,29783.75,56.0,2026-07
2026-07-06 03:29:00,CME_MINI:NQ1!,29782.0,29788.5,29781.0,29788.0,60.0,2026-07
2026-07-06 03:30:00,CME_MINI:NQ1!,29789.5,29801.0,29779.0,29779.5,269.0,2026-07
2026-07-06 03:31:00,CME_MINI:NQ1!,29777.5,29783.0,29772.5,29777.5,166.0,2026-07
2026-07-06 03:32:00,CME_MINI:NQ1!,29777.75,29798.0,29775.25,29793.5,116.0,2026-07
2026-07-06 03:33:00,CME_MINI:NQ1!,29794.25,29798.25,29788.25,29793.0,68.0,2026-07
2026-07-06 03:34:00,CME_MINI:NQ1!,29789.75,29801.0,29784.0,29800.25,157.0,2026-07
2026-07-06 03:35:00,CME_MINI:NQ1!,29799.5,29806.25,29796.25,29803.0,217.0,2026-07
2026-07-06 03:36:00,CME_MINI:NQ1!,29802.25,29806.5,29796.5,29799.5,89.0,2026-07
2026-07-06 03:37:00,CME_MINI:NQ1!,29798.5,29799.5,29793.25,29794.0,108.0,2026-07
2026-07-06 03:38:00,CME_MINI:NQ1!,29794.25,29795.0,29788.5,29792.0,91.0,2026-07
2026-07-06 03:39:00,CME_MINI:NQ1!,29790.5,29794.25,29785.5,29787.5,95.0,2026-07
2026-07-06 03:40:00,CME_MINI:NQ1!,29786.75,29790.25,29776.5,29781.25,160.0,2026-07
2026-07-06 03:41:00,CME_MINI:NQ1!,29781.0,29783.5,29767.75,29768.75,120.0,2026-07
2026-07-06 03:42:00,CME_MINI:NQ1!,29766.25,29774.75,29742.0,29753.25,267.0,2026-07
2026-07-06 03:43:00,CME_MINI:NQ1!,29752.5,29752.5,29740.75,29742.75,166.0,2026-07
2026-07-06 03:44:00,CME_MINI:NQ1!,29744.0,29746.75,29738.0,29740.5,88.0,2026-07
2026-07-06 03:45:00,CME_MINI:NQ1!,29740.25,29748.5,29732.75,29738.75,151.0,2026-07
2026-07-06 03:46:00,CME_MINI:NQ1!,29740.0,29746.0,29734.5,29743.0,105.0,2026-07
2026-07-06 03:47:00,CME_MINI:NQ1!,29741.25,29743.25,29729.5,29737.25,116.0,2026-07
2026-07-06 03:48:00,CME_MINI:NQ1!,29736.75,29740.25,29724.75,29732.5,138.0,2026-07
2026-07-06 03:49:00,CME_MINI:NQ1!,29730.0,29731.0,29715.0,29717.5,185.0,2026-07
2026-07-06 03:50:00,CME_MINI:NQ1!,29719.25,29740.75,29712.25,29735.75,216.0,2026-07
2026-07-06 03:51:00,CME_MINI:NQ1!,29734.75,29742.25,29716.75,29717.5,250.0,2026-07
2026-07-06 03:52:00,CME_MINI:NQ1!,29718.0,29719.25,29709.0,29716.5,246.0,2026-07
2026-07-06 03:53:00,CME_MINI:NQ1!,29716.25,29724.5,29712.25,29723.5,126.0,2026-07
2026-07-06 03:54:00,CME_MINI:NQ1!,29722.75,29723.75,29693.25,29701.75,470.0,2026-07
2026-07-06 03:55:00,CME_MINI:NQ1!,29703.0,29704.0,29696.0,29701.75,63.0,2026-07
