datetime,symbol,open,high,low,close,volume,year_month
2026-09-01 00:00:00,CME_MINI:NQ1!,29503.25,29516.25,29482.0,29484.75,573.0,2026-09
2026-09-01 00:01:00,CME_MINI:NQ1!,29484.0,29490.5,29480.5,29483.25,244.0,2026-09
2026-09-01 00:02:00,CME_MINI:NQ1!,29483.75,29495.0,29481.0,29493.0,150.0,2026-09
2026-09-01 00:03:00,CME_MINI:NQ1!,29492.75,29503.75,29489.0,29489.0,202.0,2026-09
2026-09-01 00:04:00,CME_MINI:NQ1!,29488.75,29501.0,29487.25,29501.0,99.0,2026-09
2026-09-01 00:05:00,CME_MINI:NQ1!,29500.75,29518.75,29499.25,29510.25,300.0,2026-09
2026-09-01 00:06:00,CME_MINI:NQ1!,29509.75,29511.5,29497.75,29498.5,145.0,2026-09
2026-09-01 00:07:00,CME_MINI:NQ1!,29499.75,29509.25,29499.25,29508.25,75.0,2026-09
2026-09-01 00:08:00,CME_MINI:NQ1!,29510.0,29517.0,29508.0,29516.25,155.0,2026-09
2026-09-01 00:09:00,CME_MINI:NQ1!,29516.25,29521.75,29513.0,29517.75,180.0,2026-09
2026-09-01 00:10:00,CME_MINI:NQ1!,29516.5,29517.25,29507.0,29513.5,122.0,2026-09
2026-09-01 00:11:00,CME_MINI:NQ1!,29513.75,29515.5,29505.25,29507.5,94.0,2026-09
2026-09-01 00:12:00,CME_MINI:NQ1!,29507.75,29509.25,29499.75,29502.0,107.0,2026-09
2026-09-01 00:13:00,CME_MINI:NQ1!,29502.5,29503.0,29486.75,29492.0,189.0,2026-09
2026-09-01 00:14:00,CME_MINI:NQ1!,29492.25,29492.5,29488.0,29489.25,59.0,2026-09
2026-09-01 00:15:00,CME_MINI:NQ1!,29489.0,29492.75,29478.75,29483.5,277.0,2026-09
2026-09-01 00:16:00,CME_MINI:NQ1!,29482.5,29502.0,29478.25,29502.0,278.0,2026-09
2026-09-01 00:17:00,CME_MINI:NQ1!,29500.25,29508.25,29495.5,29496.25,217.0,2026-09
2026-09-01 00:18:00,CME_MINI:NQ1!,29497.5,29501.25,29496.75,29500.0,81.0,2026-09
2026-09-01 00:19:00,CME_MINI:NQ1!,29501.5,29513.0,29499.25,29513.0,166.0,2026-09
2026-09-01 00:20:00,CME_MINI:NQ1!,29513.25,29516.25,29510.0,29515.0,127.0,2026-09
2026-09-01 00:21:00,CME_MINI:NQ1!,29515.5,29516.25,29511.0,29512.75,78.0,2026-09
2026-09-01 00:22:00,CME_MINI:NQ1!,29512.5,29518.75,29505.5,29506.5,153.0,2026-09
2026-09-01 00:23:00,CME_MINI:NQ1!,29506.5,29512.5,29506.0,29510.5,67.0,2026-09
2026-09-01 00:24:00,CME_MINI:NQ1!,29509.5,29510.5,29502.25,29504.0,132.0,2026-09
2026-09-01 00:25:00,CME_MINI:NQ1!,29504.0,29507.0,29500.75,29504.5,137.0,2026-09
2026-09-01 00:26:00,CME_MINI:NQ1!,29505.0,29511.75,29503.5,29511.75,61.0,2026-09
2026-09-01 00:27:00,CME_MINI:NQ1!,29511.75,29514.5,29499.0,29499.75,164.0,2026-09
2026-09-01 00:28:00,CME_MINI:NQ1!,29499.5,29508.75,29496.75,29503.5,94.0,2026-09
2026-09-01 00:29:00,CME_MINI:NQ1!,29504.25,29504.25,29495.75,29501.0,108.0,2026-09
2026-09-01 00:30:00,CME_MINI:NQ1!,29501.0,29517.25,29500.75,29516.75,142.0,2026-09
2026-09-01 00:31:00,CME_MINI:NQ1!,29517.25,29520.5,29511.75,29511.75,114.0,2026-09
2026-09-01 00:32:00,CME_MINI:NQ1!,29513.25,29513.75,29488.25,29489.0,303.0,2026-09
2026-09-01 00:33:00,CME_MINI:NQ1!,29489.25,29491.5,29484.25,29490.0,219.0,2026-09
2026-09-01 00:34:00,CME_MINI:NQ1!,29489.5,29494.25,29485.75,29491.75,105.0,2026-09
2026-09-01 00:35:00,CME_MINI:NQ1!,29491.5,29492.0,29486.0,29488.25,52.0,2026-09
2026-09-01 00:36:00,CME_MINI:NQ1!,29488.75,29493.0,29486.5,29487.25,69.0,2026-09
2026-09-01 00:37:00,CME_MINI:NQ1!,29488.0,29491.25,29487.0,29489.5,39.0,2026-09
2026-09-01 00:38:00,CME_MINI:NQ1!,29487.75,29491.75,29486.25,29487.5,36.0,2026-09
2026-09-01 00:39:00,CME_MINI:NQ1!,29488.5,29490.5,29486.5,29487.5,60.0,2026-09
2026-09-01 00:40:00,CME_MINI:NQ1!,29488.25,29501.0,29485.75,29500.75,121.0,2026-09
2026-09-01 00:41:00,CME_MINI:NQ1!,29500.25,29504.25,29496.5,29499.0,132.0,2026-09
2026-09-01 00:42:00,CME_MINI:NQ1!,29500.0,29507.75,29497.75,29505.25,217.0,2026-09
2026-09-01 00:43:00,CME_MINI:NQ1!,29506.25,29506.75,29497.25,29502.0,69.0,2026-09
2026-09-01 00:44:00,CME_MINI:NQ1!,29500.75,29502.75,29500.0,29501.75,27.0,2026-09
2026-09-01 00:45:00,CME_MINI:NQ1!,29503.5,29505.5,29501.5,29503.75,55.0,2026-09
2026-09-01 00:46:00,CME_MINI:NQ1!,29504.0,29504.75,29492.5,29499.0,159.0,2026-09
2026-09-01 00:47:00,CME_MINI:NQ1!,29498.75,29503.75,29497.25,29500.75,56.0,2026-09
2026-09-01 00:48:00,CME_MINI:NQ1!,29501.75,29508.5,29501.75,29506.0,97.0,2026-09
2026-09-01 00:49:00,CME_MINI:NQ1!,29505.25,29505.25,29497.75,29504.0,31.0,2026-09
2026-09-01 00:50:00,CME_MINI:NQ1!,29504.75,29506.5,29495.0,29496.5,54.0,2026-09
2026-09-01 00:51:00,CME_MINI:NQ1!,29498.0,29498.75,29494.25,29496.0,54.0,2026-09
2026-09-01 00:52:00,CME_MINI:NQ1!,29495.75,29500.5,29495.75,29497.0,73.0,2026-09
2026-09-01 00:53:00,CME_MINI:NQ1!,29497.0,29502.0,29497.0,29502.0,30.0,2026-09
2026-09-01 00:54:00,CME_MINI:NQ1!,29501.0,29502.25,29497.75,29498.25,23.0,2026-09
2026-09-01 00:55:00,CME_MINI:NQ1!,29498.25,29498.75,29491.75,29495.5,73.0,2026-09
2026-09-01 00:56:00,CME_MINI:NQ1!,29496.0,29498.0,29495.75,29497.25,9.0,2026-09
2026-09-01 00:57:00,CME_MINI:NQ1!,29496.0,29501.5,29494.25,29499.25,39.0,2026-09
2026-09-01 00:58:00,CME_MINI:NQ1!,29499.0,29499.5,29495.75,29496.25,36.0,2026-09
2026-09-01 00:59:00,CME_MINI:NQ1!,29496.25,29508.0,29496.25,29506.0,81.0,2026-09
2026-09-01 01:00:00,CME_MINI:NQ1!,29506.0,29513.0,29503.5,29512.75,260.0,2026-09
2026-09-01 01:01:00,CME_MINI:NQ1!,29512.5,29514.25,29504.0,29504.25,172.0,2026-09
2026-09-01 01:02:00,CME_MINI:NQ1!,29504.75,29508.5,29501.5,29507.5,109.0,2026-09
2026-09-01 01:03:00,CME_MINI:NQ1!,29509.25,29512.75,29508.25,29509.0,46.0,2026-09
2026-09-01 01:04:00,CME_MINI:NQ1!,29509.25,29511.75,29506.75,29510.75,42.0,2026-09
2026-09-01 01:05:00,CME_MINI:NQ1!,29510.25,29512.0,29509.0,29510.25,25.0,2026-09
2026-09-01 01:06:00,CME_MINI:NQ1!,29509.75,29512.75,29499.25,29500.25,159.0,2026-09
2026-09-01 01:07:00,CME_MINI:NQ1!,29500.25,29501.5,29492.25,29494.0,175.0,2026-09
2026-09-01 01:08:00,CME_MINI:NQ1!,29492.25,29507.5,29491.5,29505.25,95.0,2026-09
2026-09-01 01:09:00,CME_MINI:NQ1!,29506.25,29511.0,29502.75,29505.75,70.0,2026-09
2026-09-01 01:10:00,CME_MINI:NQ1!,29504.5,29512.5,29503.25,29512.25,49.0,2026-09
2026-09-01 01:11:00,CME_MINI:NQ1!,29513.0,29513.25,29500.0,29501.0,73.0,2026-09
2026-09-01 01:12:00,CME_MINI:NQ1!,29502.25,29506.25,29498.75,29505.25,129.0,2026-09
2026-09-01 01:13:00,CME_MINI:NQ1!,29504.0,29507.0,29500.75,29507.0,34.0,2026-09
2026-09-01 01:14:00,CME_MINI:NQ1!,29507.0,29514.0,29506.75,29512.25,110.0,2026-09
2026-09-01 01:15:00,CME_MINI:NQ1!,29512.0,29513.5,29508.0,29510.75,70.0,2026-09
2026-09-01 01:16:00,CME_MINI:NQ1!,29512.25,29515.5,29511.25,29512.75,116.0,2026-09
2026-09-01 01:17:00,CME_MINI:NQ1!,29512.0,29514.75,29509.75,29512.75,44.0,2026-09
2026-09-01 01:18:00,CME_MINI:NQ1!,29511.75,29516.25,29511.5,29516.25,62.0,2026-09
2026-09-01 01:19:00,CME_MINI:NQ1!,29516.0,29516.0,29512.0,29513.75,33.0,2026-09
2026-09-01 01:20:00,CME_MINI:NQ1!,29514.0,29516.25,29508.5,29508.5,70.0,2026-09
2026-09-01 01:21:00,CME_MINI:NQ1!,29509.75,29510.75,29505.0,29505.75,86.0,2026-09
2026-09-01 01:22:00,CME_MINI:NQ1!,29505.75,29510.0,29504.0,29506.25,63.0,2026-09
2026-09-01 01:23:00,CME_MINI:NQ1!,29508.25,29512.25,29507.75,29510.25,36.0,2026-09
2026-09-01 01:24:00,CME_MINI:NQ1!,29510.25,29512.0,29506.0,29508.25,94.0,2026-09
2026-09-01 01:25:00,CME_MINI:NQ1!,29507.0,29507.25,29482.0,29482.25,482.0,2026-09
2026-09-01 01:26:00,CME_MINI:NQ1!,29482.75,29486.0,29477.0,29484.5,343.0,2026-09
2026-09-01 01:27:00,CME_MINI:NQ1!,29484.75,29488.25,29480.0,29486.75,113.0,2026-09
2026-09-01 01:28:00,CME_MINI:NQ1!,29487.5,29488.25,29481.25,29482.5,82.0,2026-09
2026-09-01 01:29:00,CME_MINI:NQ1!,29483.5,29485.75,29479.75,29484.0,165.0,2026-09
2026-09-01 01:30:00,CME_MINI:NQ1!,29483.0,29486.0,29475.0,29482.75,268.0,2026-09
2026-09-01 01:31:00,CME_MINI:NQ1!,29483.0,29486.0,29480.25,29486.0,66.0,2026-09
2026-09-01 01:32:00,CME_MINI:NQ1!,29485.75,29490.0,29483.75,29486.75,95.0,2026-09
2026-09-01 01:33:00,CME_MINI:NQ1!,29487.0,29488.0,29481.75,29488.0,96.0,2026-09
2026-09-01 01:34:00,CME_MINI:NQ1!,29488.75,29506.0,29487.0,29505.75,257.0,2026-09
2026-09-01 01:35:00,CME_MINI:NQ1!,29505.75,29508.25,29501.75,29508.0,223.0,2026-09
2026-09-01 01:36:00,CME_MINI:NQ1!,29506.25,29509.5,29503.5,29507.75,116.0,2026-09
2026-09-01 01:37:00,CME_MINI:NQ1!,29508.5,29515.5,29502.0,29503.5,486.0,2026-09
2026-09-01 01:38:00,CME_MINI:NQ1!,29501.0,29501.75,29491.75,29497.75,125.0,2026-09
2026-09-01 01:39:00,CME_MINI:NQ1!,29497.75,29504.5,29495.25,29499.75,67.0,2026-09
2026-09-01 01:40:00,CME_MINI:NQ1!,29499.5,29503.25,29498.75,29500.5,56.0,2026-09
2026-09-01 01:41:00,CME_MINI:NQ1!,29500.25,29500.25,29494.75,29496.0,39.0,2026-09
2026-09-01 01:42:00,CME_MINI:NQ1!,29496.5,29499.75,29495.5,29499.25,23.0,2026-09
2026-09-01 01:43:00,CME_MINI:NQ1!,29500.0,29506.0,29500.0,29504.75,87.0,2026-09
2026-09-01 01:44:00,CME_MINI:NQ1!,29505.25,29508.5,29505.0,29508.25,124.0,2026-09
2026-09-01 01:45:00,CME_MINI:NQ1!,29508.75,29511.0,29505.25,29507.25,153.0,2026-09
2026-09-01 01:46:00,CME_MINI:NQ1!,29506.75,29507.25,29502.5,29504.75,64.0,2026-09
2026-09-01 01:47:00,CME_MINI:NQ1!,29505.25,29511.0,29505.25,29507.5,110.0,2026-09
2026-09-01 01:48:00,CME_MINI:NQ1!,29506.0,29507.0,29504.0,29505.0,30.0,2026-09
2026-09-01 01:49:00,CME_MINI:NQ1!,29503.75,29505.75,29502.0,29505.75,42.0,2026-09
2026-09-01 01:50:00,CME_MINI:NQ1!,29505.5,29506.0,29503.5,29505.5,28.0,2026-09
2026-09-01 01:51:00,CME_MINI:NQ1!,29505.25,29506.5,29503.5,29505.25,22.0,2026-09
2026-09-01 01:52:00,CME_MINI:NQ1!,29505.5,29506.5,29501.25,29504.25,72.0,2026-09
2026-09-01 01:53:00,CME_MINI:NQ1!,29504.25,29504.5,29501.25,29501.25,16.0,2026-09
2026-09-01 01:54:00,CME_MINI:NQ1!,29501.5,29503.75,29491.5,29491.5,118.0,2026-09
2026-09-01 01:55:00,CME_MINI:NQ1!,29492.5,29496.5,29490.5,29495.75,73.0,2026-09
2026-09-01 01:56:00,CME_MINI:NQ1!,29494.25,29500.0,29493.25,29499.75,33.0,2026-09
2026-09-01 01:57:00,CME_MINI:NQ1!,29498.5,29503.25,29496.0,29498.75,101.0,2026-09
2026-09-01 01:58:00,CME_MINI:NQ1!,29496.25,29505.0,29496.25,29503.75,56.0,2026-09
2026-09-01 01:59:00,CME_MINI:NQ1!,29503.5,29503.5,29499.25,29499.75,29.0,2026-09
2026-09-01 02:00:00,CME_MINI:NQ1!,29498.0,29502.5,29497.0,29502.0,40.0,2026-09
2026-09-01 02:01:00,CME_MINI:NQ1!,29502.75,29502.75,29493.0,29493.0,50.0,2026-09
2026-09-01 02:02:00,CME_MINI:NQ1!,29493.5,29499.25,29493.0,29494.0,41.0,2026-09
2026-09-01 02:03:00,CME_MINI:NQ1!,29492.75,29497.5,29492.5,29497.5,26.0,2026-09
2026-09-01 02:04:00,CME_MINI:NQ1!,29497.5,29500.75,29495.5,29496.75,66.0,2026-09
2026-09-01 02:05:00,CME_MINI:NQ1!,29496.0,29497.0,29487.5,29488.75,154.0,2026-09
2026-09-01 02:06:00,CME_MINI:NQ1!,29487.75,29490.5,29485.25,29485.75,119.0,2026-09
2026-09-01 02:07:00,CME_MINI:NQ1!,29485.25,29492.0,29483.0,29490.25,137.0,2026-09
2026-09-01 02:08:00,CME_MINI:NQ1!,29490.75,29491.0,29485.0,29486.75,65.0,2026-09
2026-09-01 02:09:00,CME_MINI:NQ1!,29486.25,29488.25,29482.25,29484.25,83.0,2026-09
2026-09-01 02:10:00,CME_MINI:NQ1!,29483.0,29483.75,29477.0,29479.5,209.0,2026-09
2026-09-01 02:11:00,CME_MINI:NQ1!,29479.25,29482.0,29476.75,29478.75,79.0,2026-09
2026-09-01 02:12:00,CME_MINI:NQ1!,29478.5,29482.5,29478.0,29482.5,58.0,2026-09
2026-09-01 02:13:00,CME_MINI:NQ1!,29481.25,29481.5,29475.0,29478.0,93.0,2026-09
2026-09-01 02:14:00,CME_MINI:NQ1!,29476.75,29481.0,29475.25,29481.0,57.0,2026-09
2026-09-01 02:15:00,CME_MINI:NQ1!,29480.5,29485.0,29480.0,29482.0,86.0,2026-09
2026-09-01 02:16:00,CME_MINI:NQ1!,29481.0,29481.75,29476.5,29477.25,68.0,2026-09
2026-09-01 02:17:00,CME_MINI:NQ1!,29479.0,29481.0,29477.75,29480.0,28.0,2026-09
2026-09-01 02:18:00,CME_MINI:NQ1!,29480.75,29483.0,29478.0,29482.25,83.0,2026-09
2026-09-01 02:19:00,CME_MINI:NQ1!,29481.75,29483.5,29480.75,29483.5,21.0,2026-09
2026-09-01 02:20:00,CME_MINI:NQ1!,29483.75,29486.5,29482.0,29483.0,62.0,2026-09
2026-09-01 02:21:00,CME_MINI:NQ1!,29481.75,29482.25,29475.25,29478.0,89.0,2026-09
2026-09-01 02:22:00,CME_MINI:NQ1!,29478.5,29479.75,29478.0,29478.75,17.0,2026-09
2026-09-01 02:23:00,CME_MINI:NQ1!,29478.25,29480.0,29473.0,29475.0,97.0,2026-09
2026-09-01 02:24:00,CME_MINI:NQ1!,29474.25,29479.5,29473.25,29476.5,84.0,2026-09
2026-09-01 02:25:00,CME_MINI:NQ1!,29475.5,29475.75,29465.25,29466.25,166.0,2026-09
2026-09-01 02:26:00,CME_MINI:NQ1!,29465.25,29467.5,29461.0,29463.0,231.0,2026-09
2026-09-01 02:27:00,CME_MINI:NQ1!,29461.5,29463.75,29459.25,29461.5,127.0,2026-09
2026-09-01 02:28:00,CME_MINI:NQ1!,29461.5,29462.25,29453.5,29454.0,202.0,2026-09
2026-09-01 02:29:00,CME_MINI:NQ1!,29453.75,29460.25,29452.75,29459.75,164.0,2026-09
2026-09-01 02:30:00,CME_MINI:NQ1!,29460.0,29470.5,29459.0,29469.5,241.0,2026-09
2026-09-01 02:31:00,CME_MINI:NQ1!,29469.75,29469.75,29460.0,29465.5,109.0,2026-09
2026-09-01 02:32:00,CME_MINI:NQ1!,29465.0,29472.5,29464.25,29467.75,152.0,2026-09
2026-09-01 02:33:00,CME_MINI:NQ1!,29465.75,29469.5,29465.5,29468.0,45.0,2026-09
2026-09-01 02:34:00,CME_MINI:NQ1!,29467.5,29467.5,29459.5,29462.75,100.0,2026-09
2026-09-01 02:35:00,CME_MINI:NQ1!,29461.75,29462.0,29448.5,29451.25,175.0,2026-09
2026-09-01 02:36:00,CME_MINI:NQ1!,29452.0,29454.25,29446.25,29448.25,158.0,2026-09
2026-09-01 02:37:00,CME_MINI:NQ1!,29448.75,29449.5,29446.5,29447.0,117.0,2026-09
2026-09-01 02:38:00,CME_MINI:NQ1!,29446.75,29450.75,29444.75,29447.5,102.0,2026-09
2026-09-01 02:39:00,CME_MINI:NQ1!,29448.5,29448.5,29440.0,29443.0,140.0,2026-09
2026-09-01 02:40:00,CME_MINI:NQ1!,29441.5,29444.75,29437.5,29443.25,171.0,2026-09
2026-09-01 02:41:00,CME_MINI:NQ1!,29442.75,29444.0,29438.5,29442.0,101.0,2026-09
2026-09-01 02:42:00,CME_MINI:NQ1!,29441.0,29441.75,29436.75,29436.75,73.0,2026-09
2026-09-01 02:43:00,CME_MINI:NQ1!,29436.5,29441.0,29434.75,29438.5,111.0,2026-09
2026-09-01 02:44:00,CME_MINI:NQ1!,29438.75,29442.0,29436.25,29439.0,101.0,2026-09
2026-09-01 02:45:00,CME_MINI:NQ1!,29438.75,29440.5,29436.25,29437.25,68.0,2026-09
2026-09-01 02:46:00,CME_MINI:NQ1!,29438.25,29447.0,29437.25,29446.0,163.0,2026-09
2026-09-01 02:47:00,CME_MINI:NQ1!,29445.5,29452.25,29445.5,29448.75,148.0,2026-09
2026-09-01 02:48:00,CME_MINI:NQ1!,29447.75,29454.5,29447.75,29452.75,93.0,2026-09
2026-09-01 02:49:00,CME_MINI:NQ1!,29453.25,29453.75,29448.5,29450.75,119.0,2026-09
2026-09-01 02:50:00,CME_MINI:NQ1!,29451.25,29453.75,29450.0,29451.75,57.0,2026-09
2026-09-01 02:51:00,CME_MINI:NQ1!,29451.75,29453.0,29450.25,29450.75,21.0,2026-09
2026-09-01 02:52:00,CME_MINI:NQ1!,29451.5,29454.0,29450.25,29452.25,37.0,2026-09
2026-09-01 02:53:00,CME_MINI:NQ1!,29451.75,29458.25,29450.0,29454.75,137.0,2026-09
2026-09-01 02:54:00,CME_MINI:NQ1!,29455.75,29458.0,29454.25,29456.25,51.0,2026-09
2026-09-01 02:55:00,CME_MINI:NQ1!,29456.5,29462.25,29455.25,29462.25,73.0,2026-09
2026-09-01 02:56:00,CME_MINI:NQ1!,29462.0,29471.25,29461.5,29469.75,175.0,2026-09
2026-09-01 02:57:00,CME_MINI:NQ1!,29469.75,29485.75,29469.75,29482.5,248.0,2026-09
2026-09-01 02:58:00,CME_MINI:NQ1!,29482.75,29484.75,29478.5,29484.25,162.0,2026-09
2026-09-01 02:59:00,CME_MINI:NQ1!,29484.25,29493.25,29484.0,29492.0,428.0,2026-09
2026-09-01 03:00:00,CME_MINI:NQ1!,29491.5,29493.75,29479.5,29480.75,361.0,2026-09
2026-09-01 03:01:00,CME_MINI:NQ1!,29481.0,29486.75,29476.75,29477.75,139.0,2026-09
2026-09-01 03:02:00,CME_MINI:NQ1!,29479.5,29482.25,29477.0,29482.25,50.0,2026-09
2026-09-01 03:03:00,CME_MINI:NQ1!,29481.5,29481.5,29472.0,29472.75,129.0,2026-09
2026-09-01 03:04:00,CME_MINI:NQ1!,29473.75,29477.25,29471.25,29473.0,71.0,2026-09
2026-09-01 03:05:00,CME_MINI:NQ1!,29472.0,29480.0,29471.75,29476.5,73.0,2026-09
2026-09-01 03:06:00,CME_MINI:NQ1!,29477.0,29478.75,29473.5,29475.75,37.0,2026-09
2026-09-01 03:07:00,CME_MINI:NQ1!,29476.0,29478.0,29474.5,29477.0,23.0,2026-09
2026-09-01 03:08:00,CME_MINI:NQ1!,29475.0,29475.0,29468.0,29470.25,114.0,2026-09
2026-09-01 03:09:00,CME_MINI:NQ1!,29470.75,29474.5,29468.5,29472.5,65.0,2026-09
2026-09-01 03:10:00,CME_MINI:NQ1!,29471.5,29477.75,29470.75,29477.25,44.0,2026-09
2026-09-01 03:11:00,CME_MINI:NQ1!,29477.0,29478.0,29471.75,29471.75,65.0,2026-09
2026-09-01 03:12:00,CME_MINI:NQ1!,29471.5,29475.5,29470.5,29471.5,36.0,2026-09
2026-09-01 03:13:00,CME_MINI:NQ1!,29470.25,29472.25,29467.5,29468.75,68.0,2026-09
2026-09-01 03:14:00,CME_MINI:NQ1!,29470.0,29473.25,29469.0,29471.5,41.0,2026-09
2026-09-01 03:15:00,CME_MINI:NQ1!,29471.5,29473.5,29467.5,29473.25,34.0,2026-09
2026-09-01 03:16:00,CME_MINI:NQ1!,29474.0,29476.5,29471.25,29474.0,33.0,2026-09
2026-09-01 03:17:00,CME_MINI:NQ1!,29472.5,29473.0,29466.75,29470.25,27.0,2026-09
2026-09-01 03:18:00,CME_MINI:NQ1!,29471.0,29476.0,29468.5,29470.25,44.0,2026-09
2026-09-01 03:19:00,CME_MINI:NQ1!,29470.0,29472.5,29469.0,29471.25,18.0,2026-09
2026-09-01 03:20:00,CME_MINI:NQ1!,29470.5,29470.75,29468.0,29469.5,19.0,2026-09
2026-09-01 03:21:00,CME_MINI:NQ1!,29466.75,29471.0,29464.75,29470.75,46.0,2026-09
2026-09-01 03:22:00,CME_MINI:NQ1!,29471.0,29471.25,29466.75,29469.0,26.0,2026-09
2026-09-01 03:23:00,CME_MINI:NQ1!,29469.0,29472.0,29467.5,29468.25,91.0,2026-09
2026-09-01 03:24:00,CME_MINI:NQ1!,29468.0,29470.75,29464.5,29468.0,84.0,2026-09
2026-09-01 03:25:00,CME_MINI:NQ1!,29468.25,29470.25,29465.75,29468.75,112.0,2026-09
2026-09-01 03:26:00,CME_MINI:NQ1!,29468.0,29468.0,29459.25,29463.0,138.0,2026-09
2026-09-01 03:27:00,CME_MINI:NQ1!,29464.25,29474.0,29464.25,29472.0,175.0,2026-09
2026-09-01 03:28:00,CME_MINI:NQ1!,29472.75,29473.75,29469.5,29469.5,36.0,2026-09
2026-09-01 03:29:00,CME_MINI:NQ1!,29470.0,29471.25,29463.0,29464.25,39.0,2026-09
2026-09-01 03:30:00,CME_MINI:NQ1!,29465.5,29467.0,29461.25,29467.0,39.0,2026-09
2026-09-01 03:31:00,CME_MINI:NQ1!,29469.0,29470.25,29466.75,29468.75,50.0,2026-09
2026-09-01 03:32:00,CME_MINI:NQ1!,29468.75,29475.0,29468.75,29471.25,68.0,2026-09
2026-09-01 03:33:00,CME_MINI:NQ1!,29471.5,29473.25,29468.0,29469.25,21.0,2026-09
2026-09-01 03:34:00,CME_MINI:NQ1!,29468.5,29472.0,29468.5,29470.25,27.0,2026-09
2026-09-01 03:35:00,CME_MINI:NQ1!,29469.0,29472.5,29466.5,29472.5,35.0,2026-09
2026-09-01 03:36:00,CME_MINI:NQ1!,29471.0,29474.25,29470.25,29474.0,39.0,2026-09
2026-09-01 03:37:00,CME_MINI:NQ1!,29472.75,29481.5,29472.0,29477.5,115.0,2026-09
2026-09-01 03:38:00,CME_MINI:NQ1!,29477.5,29477.5,29476.25,29476.25,4.0,2026-09
2026-09-01 03:39:00,CME_MINI:NQ1!,29476.25,29477.0,29474.5,29477.0,13.0,2026-09
2026-09-01 03:40:00,CME_MINI:NQ1!,29476.5,29481.25,29473.75,29479.0,158.0,2026-09
2026-09-01 03:41:00,CME_MINI:NQ1!,29478.25,29483.25,29476.0,29480.25,74.0,2026-09
2026-09-01 03:42:00,CME_MINI:NQ1!,29479.75,29483.25,29479.25,29479.75,92.0,2026-09
2026-09-01 03:43:00,CME_MINI:NQ1!,29479.0,29479.5,29477.25,29477.25,20.0,2026-09
2026-09-01 03:44:00,CME_MINI:NQ1!,29477.5,29479.75,29477.5,29477.75,15.0,2026-09
2026-09-01 03:45:00,CME_MINI:NQ1!,29477.0,29480.5,29474.75,29478.75,56.0,2026-09
2026-09-01 03:46:00,CME_MINI:NQ1!,29479.0,29484.5,29476.5,29482.75,65.0,2026-09
2026-09-01 03:47:00,CME_MINI:NQ1!,29482.5,29482.5,29479.5,29481.25,21.0,2026-09
2026-09-01 03:48:00,CME_MINI:NQ1!,29481.0,29482.75,29480.0,29482.5,9.0,2026-09
2026-09-01 03:49:00,CME_MINI:NQ1!,29483.0,29486.75,29481.5,29485.0,61.0,2026-09
2026-09-01 03:50:00,CME_MINI:NQ1!,29485.5,29488.5,29483.5,29483.75,154.0,2026-09
2026-09-01 03:51:00,CME_MINI:NQ1!,29483.25,29486.75,29483.0,29486.5,26.0,2026-09
2026-09-01 03:52:00,CME_MINI:NQ1!,29486.75,29486.75,29480.0,29483.5,35.0,2026-09
2026-09-01 03:53:00,CME_MINI:NQ1!,29484.0,29485.5,29484.0,29484.0,10.0,2026-09
2026-09-01 03:54:00,CME_MINI:NQ1!,29483.5,29483.75,29479.75,29481.5,44.0,2026-09
2026-09-01 03:55:00,CME_MINI:NQ1!,29480.5,29482.5,29480.25,29481.75,24.0,2026-09
2026-09-01 03:56:00,CME_MINI:NQ1!,29481.5,29483.5,29480.75,29482.0,22.0,2026-09
2026-09-01 03:57:00,CME_MINI:NQ1!,29481.0,29481.5,29479.75,29479.75,9.0,2026-09
2026-09-01 03:58:00,CME_MINI:NQ1!,29480.0,29482.75,29479.25,29482.75,31.0,2026-09
2026-09-01 03:59:00,CME_MINI:NQ1!,29483.0,29485.75,29482.5,29485.75,43.0,2026-09
2026-09-01 04:00:00,CME_MINI:NQ1!,29487.25,29494.5,29482.75,29493.5,150.0,2026-09
2026-09-01 04:01:00,CME_MINI:NQ1!,29493.75,29497.25,29493.0,29496.75,128.0,2026-09
2026-09-01 04:02:00,CME_MINI:NQ1!,29497.0,29497.0,29492.5,29493.5,64.0,2026-09
2026-09-01 04:03:00,CME_MINI:NQ1!,29493.0,29494.5,29485.0,29485.0,64.0,2026-09
2026-09-01 04:04:00,CME_MINI:NQ1!,29485.75,29489.0,29485.0,29486.0,45.0,2026-09
2026-09-01 04:05:00,CME_MINI:NQ1!,29486.5,29490.25,29486.25,29487.0,27.0,2026-09
2026-09-01 04:06:00,CME_MINI:NQ1!,29486.5,29489.25,29485.5,29486.0,29.0,2026-09
2026-09-01 04:07:00,CME_MINI:NQ1!,29485.5,29487.5,29484.0,29485.25,28.0,2026-09
2026-09-01 04:08:00,CME_MINI:NQ1!,29484.0,29488.25,29483.5,29487.25,33.0,2026-09
2026-09-01 04:09:00,CME_MINI:NQ1!,29485.0,29485.25,29481.0,29485.25,50.0,2026-09
2026-09-01 04:10:00,CME_MINI:NQ1!,29485.75,29489.5,29483.75,29488.25,59.0,2026-09
2026-09-01 04:11:00,CME_MINI:NQ1!,29490.0,29490.75,29488.5,29490.75,18.0,2026-09
2026-09-01 04:12:00,CME_MINI:NQ1!,29486.25,29490.5,29484.25,29490.5,33.0,2026-09
2026-09-01 04:13:00,CME_MINI:NQ1!,29489.25,29490.0,29487.0,29489.0,24.0,2026-09
2026-09-01 04:14:00,CME_MINI:NQ1!,29490.0,29492.75,29488.5,29489.0,40.0,2026-09
2026-09-01 04:15:00,CME_MINI:NQ1!,29488.25,29490.0,29487.5,29490.0,9.0,2026-09
2026-09-01 04:16:00,CME_MINI:NQ1!,29488.75,29496.5,29488.75,29494.75,89.0,2026-09
2026-09-01 04:17:00,CME_MINI:NQ1!,29495.0,29499.0,29494.75,29497.25,106.0,2026-09
2026-09-01 04:18:00,CME_MINI:NQ1!,29497.0,29498.25,29494.25,29495.25,37.0,2026-09
2026-09-01 04:19:00,CME_MINI:NQ1!,29495.5,29497.25,29493.75,29496.0,25.0,2026-09
2026-09-01 04:20:00,CME_MINI:NQ1!,29495.75,29497.25,29494.5,29494.5,21.0,2026-09
2026-09-01 04:21:00,CME_MINI:NQ1!,29495.75,29500.5,29495.75,29497.75,111.0,2026-09
2026-09-01 04:22:00,CME_MINI:NQ1!,29498.0,29499.0,29493.5,29495.25,27.0,2026-09
2026-09-01 04:23:00,CME_MINI:NQ1!,29495.0,29495.0,29495.0,29495.0,1.0,2026-09
2026-09-01 18:26:00,CME_MINI:NQ1!,29114.75,29115.75,29105.25,29107.5,376.0,2026-09
2026-09-01 18:27:00,CME_MINI:NQ1!,29108.0,29108.25,29092.5,29092.5,582.0,2026-09
2026-09-01 18:28:00,CME_MINI:NQ1!,29092.5,29092.5,29085.25,29089.25,744.0,2026-09
2026-09-01 18:29:00,CME_MINI:NQ1!,29089.5,29094.75,29087.25,29094.25,444.0,2026-09
2026-09-01 18:30:00,CME_MINI:NQ1!,29094.5,29097.25,29084.5,29085.75,666.0,2026-09
2026-09-01 18:31:00,CME_MINI:NQ1!,29086.0,29090.75,29082.5,29085.25,754.0,2026-09
2026-09-01 18:32:00,CME_MINI:NQ1!,29085.5,29097.0,29084.5,29092.25,505.0,2026-09
2026-09-01 18:33:00,CME_MINI:NQ1!,29092.75,29093.0,29077.25,29078.5,775.0,2026-09
2026-09-01 18:34:00,CME_MINI:NQ1!,29078.0,29079.5,29067.75,29072.5,1347.0,2026-09
2026-09-01 18:35:00,CME_MINI:NQ1!,29072.25,29078.75,29071.0,29077.5,627.0,2026-09
2026-09-01 18:36:00,CME_MINI:NQ1!,29077.25,29080.0,29070.75,29071.0,509.0,2026-09
2026-09-01 18:37:00,CME_MINI:NQ1!,29071.25,29071.5,29060.25,29063.5,816.0,2026-09
2026-09-01 18:38:00,CME_MINI:NQ1!,29064.0,29068.0,29060.5,29063.0,545.0,2026-09
2026-09-01 18:39:00,CME_MINI:NQ1!,29062.75,29064.25,29058.0,29060.0,677.0,2026-09
2026-09-01 18:40:00,CME_MINI:NQ1!,29060.75,29064.5,29058.25,29058.5,652.0,2026-09
2026-09-01 18:41:00,CME_MINI:NQ1!,29058.5,29061.25,29043.0,29043.25,1100.0,2026-09
2026-09-01 18:42:00,CME_MINI:NQ1!,29043.25,29046.25,29029.0,29029.75,1789.0,2026-09
2026-09-01 18:43:00,CME_MINI:NQ1!,29029.75,29033.5,29022.25,29025.25,1283.0,2026-09
2026-09-01 18:44:00,CME_MINI:NQ1!,29025.0,29027.0,29014.25,29014.5,1196.0,2026-09
2026-09-01 18:45:00,CME_MINI:NQ1!,29015.0,29020.5,29002.25,29003.75,1443.0,2026-09
2026-09-01 18:46:00,CME_MINI:NQ1!,29004.0,29018.0,29002.0,29015.25,1339.0,2026-09
2026-09-01 18:47:00,CME_MINI:NQ1!,29015.75,29029.0,29013.75,29028.75,1511.0,2026-09
2026-09-01 18:48:00,CME_MINI:NQ1!,29028.75,29031.25,29013.75,29019.75,1297.0,2026-09
2026-09-01 18:49:00,CME_MINI:NQ1!,29019.25,29042.5,29019.25,29041.75,1452.0,2026-09
2026-09-01 18:50:00,CME_MINI:NQ1!,29042.25,29046.25,29033.75,29039.75,952.0,2026-09
2026-09-01 18:51:00,CME_MINI:NQ1!,29039.25,29044.0,29033.25,29036.75,599.0,2026-09
2026-09-01 18:52:00,CME_MINI:NQ1!,29036.75,29051.5,29033.75,29045.0,801.0,2026-09
2026-09-01 18:53:00,CME_MINI:NQ1!,29045.25,29048.75,29040.0,29046.0,467.0,2026-09
2026-09-01 18:54:00,CME_MINI:NQ1!,29047.0,29051.0,29043.0,29047.75,386.0,2026-09
2026-09-01 18:55:00,CME_MINI:NQ1!,29048.0,29061.25,29044.5,29057.5,870.0,2026-09
2026-09-01 18:56:00,CME_MINI:NQ1!,29058.25,29076.5,29055.25,29075.5,1042.0,2026-09
2026-09-01 18:57:00,CME_MINI:NQ1!,29075.5,29078.5,29062.25,29063.75,1166.0,2026-09
2026-09-01 18:58:00,CME_MINI:NQ1!,29063.5,29081.25,29063.25,29075.25,903.0,2026-09
2026-09-01 18:59:00,CME_MINI:NQ1!,29075.75,29080.5,29073.25,29076.0,545.0,2026-09
2026-09-01 19:00:00,CME_MINI:NQ1!,29075.5,29091.75,29070.75,29084.0,1346.0,2026-09
2026-09-01 19:01:00,CME_MINI:NQ1!,29084.0,29084.25,29070.5,29078.25,568.0,2026-09
2026-09-01 19:02:00,CME_MINI:NQ1!,29078.5,29082.5,29073.0,29078.25,448.0,2026-09
2026-09-01 19:03:00,CME_MINI:NQ1!,29079.5,29096.0,29076.25,29093.5,668.0,2026-09
2026-09-01 19:04:00,CME_MINI:NQ1!,29093.25,29104.75,29089.5,29098.75,1090.0,2026-09
2026-09-01 19:05:00,CME_MINI:NQ1!,29099.75,29102.5,29088.5,29096.0,707.0,2026-09
2026-09-01 19:06:00,CME_MINI:NQ1!,29095.75,29108.0,29092.75,29102.0,573.0,2026-09
2026-09-01 19:07:00,CME_MINI:NQ1!,29102.0,29104.5,29093.5,29097.5,490.0,2026-09
2026-09-01 19:08:00,CME_MINI:NQ1!,29096.25,29102.5,29089.0,29100.5,614.0,2026-09
2026-09-01 19:09:00,CME_MINI:NQ1!,29101.25,29105.5,29098.25,29102.75,446.0,2026-09
2026-09-01 19:10:00,CME_MINI:NQ1!,29103.0,29110.75,29098.75,29107.75,777.0,2026-09
2026-09-01 19:11:00,CME_MINI:NQ1!,29107.5,29118.5,29107.0,29108.75,1008.0,2026-09
2026-09-01 19:12:00,CME_MINI:NQ1!,29108.0,29113.75,29100.5,29112.25,782.0,2026-09
2026-09-01 19:13:00,CME_MINI:NQ1!,29111.75,29115.5,29107.75,29112.5,439.0,2026-09
2026-09-01 19:14:00,CME_MINI:NQ1!,29112.75,29121.5,29111.5,29119.75,590.0,2026-09
2026-09-01 19:15:00,CME_MINI:NQ1!,29119.25,29125.5,29115.75,29123.25,1017.0,2026-09
2026-09-01 19:16:00,CME_MINI:NQ1!,29124.0,29125.0,29111.0,29115.25,687.0,2026-09
2026-09-01 19:17:00,CME_MINI:NQ1!,29115.5,29121.25,29108.75,29112.75,541.0,2026-09
2026-09-01 19:18:00,CME_MINI:NQ1!,29112.75,29119.75,29108.5,29114.5,398.0,2026-09
2026-09-01 19:19:00,CME_MINI:NQ1!,29115.0,29120.0,29110.5,29116.0,506.0,2026-09
2026-09-01 19:20:00,CME_MINI:NQ1!,29115.75,29118.5,29103.75,29104.75,631.0,2026-09
2026-09-01 19:21:00,CME_MINI:NQ1!,29104.5,29111.0,29104.0,29108.5,487.0,2026-09
2026-09-01 19:22:00,CME_MINI:NQ1!,29108.25,29121.0,29105.5,29116.0,621.0,2026-09
2026-09-01 19:23:00,CME_MINI:NQ1!,29117.0,29124.75,29115.0,29119.5,552.0,2026-09
2026-09-01 19:24:00,CME_MINI:NQ1!,29119.5,29121.0,29114.5,29117.25,398.0,2026-09
2026-09-01 19:25:00,CME_MINI:NQ1!,29117.0,29123.25,29112.75,29116.0,586.0,2026-09
2026-09-01 19:26:00,CME_MINI:NQ1!,29115.5,29117.75,29113.0,29115.5,348.0,2026-09
2026-09-01 19:27:00,CME_MINI:NQ1!,29115.25,29118.0,29110.5,29113.5,433.0,2026-09
2026-09-01 19:28:00,CME_MINI:NQ1!,29113.75,29122.25,29112.75,29122.0,343.0,2026-09
2026-09-01 19:29:00,CME_MINI:NQ1!,29122.0,29129.25,29120.5,29127.25,1019.0,2026-09
2026-09-01 19:30:00,CME_MINI:NQ1!,29126.75,29128.25,29110.75,29111.0,977.0,2026-09
2026-09-01 19:31:00,CME_MINI:NQ1!,29111.25,29114.25,29099.25,29100.75,824.0,2026-09
2026-09-01 19:32:00,CME_MINI:NQ1!,29100.0,29101.75,29093.0,29098.75,911.0,2026-09
2026-09-01 19:33:00,CME_MINI:NQ1!,29099.0,29106.25,29097.75,29105.0,618.0,2026-09
2026-09-01 19:34:00,CME_MINI:NQ1!,29104.75,29120.0,29104.0,29119.25,647.0,2026-09
2026-09-01 19:35:00,CME_MINI:NQ1!,29119.0,29124.5,29110.5,29122.75,747.0,2026-09
2026-09-01 19:36:00,CME_MINI:NQ1!,29122.25,29123.0,29105.75,29110.0,500.0,2026-09
2026-09-01 19:37:00,CME_MINI:NQ1!,29110.25,29111.0,29104.25,29108.5,280.0,2026-09
2026-09-01 19:38:00,CME_MINI:NQ1!,29108.5,29110.0,29103.25,29108.25,326.0,2026-09
2026-09-01 19:39:00,CME_MINI:NQ1!,29108.25,29113.5,29103.25,29103.75,473.0,2026-09
2026-09-01 19:40:00,CME_MINI:NQ1!,29103.75,29115.75,29098.25,29114.75,619.0,2026-09
2026-09-01 19:41:00,CME_MINI:NQ1!,29115.25,29123.25,29114.25,29119.5,602.0,2026-09
2026-09-01 19:42:00,CME_MINI:NQ1!,29119.75,29122.0,29106.25,29106.5,522.0,2026-09
2026-09-01 19:43:00,CME_MINI:NQ1!,29106.25,29115.5,29103.25,29113.5,643.0,2026-09
2026-09-01 19:44:00,CME_MINI:NQ1!,29113.75,29119.0,29110.5,29117.75,402.0,2026-09
2026-09-01 19:45:00,CME_MINI:NQ1!,29118.0,29132.5,29113.0,29113.75,1410.0,2026-09
2026-09-01 19:46:00,CME_MINI:NQ1!,29114.0,29124.0,29112.75,29121.25,591.0,2026-09
2026-09-01 19:47:00,CME_MINI:NQ1!,29122.0,29133.25,29121.0,29132.0,669.0,2026-09
2026-09-01 19:48:00,CME_MINI:NQ1!,29132.25,29141.0,29130.25,29137.25,1086.0,2026-09
2026-09-01 19:49:00,CME_MINI:NQ1!,29137.25,29141.0,29125.25,29132.75,1157.0,2026-09
2026-09-01 19:50:00,CME_MINI:NQ1!,29132.0,29132.0,29111.25,29130.25,1722.0,2026-09
2026-09-01 19:51:00,CME_MINI:NQ1!,29129.75,29132.5,29116.25,29118.25,747.0,2026-09
2026-09-01 19:52:00,CME_MINI:NQ1!,29118.0,29121.5,29106.5,29108.5,1032.0,2026-09
2026-09-01 19:53:00,CME_MINI:NQ1!,29108.75,29108.75,29086.0,29090.75,1992.0,2026-09
2026-09-01 19:54:00,CME_MINI:NQ1!,29090.5,29106.5,29088.75,29103.75,1781.0,2026-09
2026-09-01 19:55:00,CME_MINI:NQ1!,29104.0,29124.25,29103.75,29115.5,1946.0,2026-09
2026-09-01 19:56:00,CME_MINI:NQ1!,29115.5,29115.75,29096.25,29101.75,1292.0,2026-09
2026-09-01 19:57:00,CME_MINI:NQ1!,29102.5,29106.5,29096.5,29106.0,1206.0,2026-09
2026-09-01 19:58:00,CME_MINI:NQ1!,29106.0,29121.5,29101.0,29119.25,2408.0,2026-09
2026-09-01 19:59:00,CME_MINI:NQ1!,29118.75,29131.25,29111.25,29126.75,9979.0,2026-09
2026-09-01 20:00:00,CME_MINI:NQ1!,29126.75,29158.0,29123.0,29124.0,4546.0,2026-09
2026-09-01 20:01:00,CME_MINI:NQ1!,29125.0,29128.25,29118.0,29120.0,923.0,2026-09
2026-09-01 20:02:00,CME_MINI:NQ1!,29119.75,29129.75,29119.75,29120.75,493.0,2026-09
2026-09-01 20:03:00,CME_MINI:NQ1!,29121.25,29125.25,29119.75,29123.5,329.0,2026-09
2026-09-01 20:04:00,CME_MINI:NQ1!,29123.5,29134.5,29122.5,29131.25,475.0,2026-09
2026-09-01 20:05:00,CME_MINI:NQ1!,29130.75,29141.25,29117.75,29122.25,867.0,2026-09
2026-09-01 20:06:00,CME_MINI:NQ1!,29122.25,29128.25,29113.5,29128.25,712.0,2026-09
2026-09-01 20:07:00,CME_MINI:NQ1!,29128.0,29145.0,29128.0,29134.5,761.0,2026-09
2026-09-01 20:08:00,CME_MINI:NQ1!,29135.25,29140.0,29132.25,29133.25,393.0,2026-09
2026-09-01 20:09:00,CME_MINI:NQ1!,29134.5,29136.0,29127.5,29128.75,296.0,2026-09
2026-09-01 20:10:00,CME_MINI:NQ1!,29129.0,29133.75,29126.0,29128.5,421.0,2026-09
2026-09-01 20:11:00,CME_MINI:NQ1!,29128.25,29133.5,29120.25,29131.75,360.0,2026-09
2026-09-01 20:12:00,CME_MINI:NQ1!,29131.75,29132.75,29128.0,29130.75,183.0,2026-09
2026-09-01 20:13:00,CME_MINI:NQ1!,29130.75,29131.0,29125.0,29130.25,146.0,2026-09
2026-09-01 20:14:00,CME_MINI:NQ1!,29130.0,29137.0,29129.0,29135.0,190.0,2026-09
2026-09-01 20:15:00,CME_MINI:NQ1!,29135.0,29142.25,29134.25,29140.0,212.0,2026-09
2026-09-01 20:16:00,CME_MINI:NQ1!,29140.0,29152.0,29138.0,29149.0,406.0,2026-09
2026-09-01 20:17:00,CME_MINI:NQ1!,29149.25,29155.0,29146.5,29150.0,305.0,2026-09
2026-09-01 20:18:00,CME_MINI:NQ1!,29150.0,29155.0,29145.0,29152.25,241.0,2026-09
2026-09-01 20:19:00,CME_MINI:NQ1!,29152.0,29157.25,29150.5,29156.25,129.0,2026-09
2026-09-01 20:20:00,CME_MINI:NQ1!,29156.0,29159.0,29152.25,29156.5,210.0,2026-09
2026-09-01 20:21:00,CME_MINI:NQ1!,29156.25,29157.75,29152.25,29155.5,180.0,2026-09
2026-09-01 20:22:00,CME_MINI:NQ1!,29155.75,29155.75,29150.5,29151.25,119.0,2026-09
2026-09-01 20:23:00,CME_MINI:NQ1!,29151.5,29153.0,29149.25,29150.0,122.0,2026-09
2026-09-01 20:24:00,CME_MINI:NQ1!,29150.0,29153.75,29149.5,29150.25,77.0,2026-09
2026-09-01 20:25:00,CME_MINI:NQ1!,29150.5,29154.0,29148.5,29151.0,89.0,2026-09
2026-09-01 20:26:00,CME_MINI:NQ1!,29150.5,29150.5,29144.0,29144.75,111.0,2026-09
2026-09-01 20:27:00,CME_MINI:NQ1!,29145.5,29147.75,29141.0,29146.5,148.0,2026-09
2026-09-01 20:28:00,CME_MINI:NQ1!,29146.5,29147.0,29138.5,29138.5,110.0,2026-09
2026-09-01 20:29:00,CME_MINI:NQ1!,29138.25,29140.0,29136.5,29136.75,55.0,2026-09
2026-09-01 20:30:00,CME_MINI:NQ1!,29136.0,29143.5,29135.0,29141.75,144.0,2026-09
2026-09-01 20:31:00,CME_MINI:NQ1!,29140.75,29142.75,29139.25,29140.25,74.0,2026-09
2026-09-01 20:32:00,CME_MINI:NQ1!,29139.5,29140.5,29135.0,29135.75,88.0,2026-09
2026-09-01 20:33:00,CME_MINI:NQ1!,29135.75,29138.0,29133.5,29134.5,58.0,2026-09
2026-09-01 20:34:00,CME_MINI:NQ1!,29135.25,29138.25,29134.5,29134.5,91.0,2026-09
2026-09-01 20:35:00,CME_MINI:NQ1!,29135.75,29139.25,29135.5,29139.0,57.0,2026-09
2026-09-01 20:36:00,CME_MINI:NQ1!,29139.25,29140.0,29137.0,29137.0,64.0,2026-09
2026-09-01 20:37:00,CME_MINI:NQ1!,29137.75,29140.5,29137.5,29138.0,58.0,2026-09
2026-09-01 20:38:00,CME_MINI:NQ1!,29138.5,29139.5,29137.0,29138.0,32.0,2026-09
2026-09-01 20:39:00,CME_MINI:NQ1!,29137.75,29138.0,29136.0,29137.5,35.0,2026-09
2026-09-01 20:40:00,CME_MINI:NQ1!,29137.25,29138.0,29134.5,29135.75,58.0,2026-09
2026-09-01 20:41:00,CME_MINI:NQ1!,29135.75,29136.5,29130.25,29133.75,94.0,2026-09
2026-09-01 20:42:00,CME_MINI:NQ1!,29134.0,29155.25,29134.0,29145.0,387.0,2026-09
2026-09-01 20:43:00,CME_MINI:NQ1!,29144.25,29147.5,29142.5,29146.75,95.0,2026-09
2026-09-01 20:44:00,CME_MINI:NQ1!,29146.5,29147.25,29143.25,29147.25,67.0,2026-09
2026-09-01 20:45:00,CME_MINI:NQ1!,29146.0,29147.5,29141.0,29141.0,140.0,2026-09
2026-09-01 20:46:00,CME_MINI:NQ1!,29141.0,29141.75,29138.0,29138.5,45.0,2026-09
2026-09-01 20:47:00,CME_MINI:NQ1!,29138.25,29142.25,29138.0,29139.5,54.0,2026-09
2026-09-01 20:48:00,CME_MINI:NQ1!,29139.75,29142.75,29138.75,29141.25,70.0,2026-09
2026-09-01 20:49:00,CME_MINI:NQ1!,29141.75,29144.0,29139.25,29141.75,78.0,2026-09
2026-09-01 20:50:00,CME_MINI:NQ1!,29140.75,29146.25,29140.5,29142.0,95.0,2026-09
2026-09-01 20:51:00,CME_MINI:NQ1!,29144.0,29144.75,29142.0,29143.75,57.0,2026-09
2026-09-01 20:52:00,CME_MINI:NQ1!,29143.0,29145.0,29142.75,29143.25,48.0,2026-09
2026-09-01 20:53:00,CME_MINI:NQ1!,29144.0,29144.0,29134.75,29138.25,129.0,2026-09
2026-09-01 20:54:00,CME_MINI:NQ1!,29138.0,29138.5,29136.5,29137.0,62.0,2026-09
2026-09-01 20:55:00,CME_MINI:NQ1!,29137.25,29138.5,29135.5,29135.5,107.0,2026-09
2026-09-01 20:56:00,CME_MINI:NQ1!,29135.25,29140.0,29134.5,29134.5,132.0,2026-09
2026-09-01 20:57:00,CME_MINI:NQ1!,29134.0,29135.25,29130.75,29131.5,63.0,2026-09
2026-09-01 20:58:00,CME_MINI:NQ1!,29131.75,29138.25,29131.25,29136.75,107.0,2026-09
2026-09-01 20:59:00,CME_MINI:NQ1!,29136.25,29142.25,29134.0,29139.0,160.0,2026-09
2026-09-01 22:00:00,CME_MINI:NQ1!,29136.5,29149.0,29132.25,29133.5,248.0,2026-09
2026-09-01 22:01:00,CME_MINI:NQ1!,29134.75,29138.5,29121.0,29125.75,194.0,2026-09
2026-09-01 22:02:00,CME_MINI:NQ1!,29124.25,29126.0,29118.75,29124.0,108.0,2026-09
2026-09-01 22:03:00,CME_MINI:NQ1!,29123.5,29141.5,29117.0,29130.0,278.0,2026-09
2026-09-01 22:04:00,CME_MINI:NQ1!,29129.75,29134.25,29121.5,29122.75,102.0,2026-09
2026-09-01 22:05:00,CME_MINI:NQ1!,29120.25,29120.75,29111.5,29116.75,136.0,2026-09
2026-09-01 22:06:00,CME_MINI:NQ1!,29116.25,29118.0,29113.0,29115.5,29.0,2026-09
2026-09-01 22:07:00,CME_MINI:NQ1!,29114.0,29118.75,29110.75,29117.5,72.0,2026-09
2026-09-01 22:08:00,CME_MINI:NQ1!,29117.75,29121.5,29117.75,29121.0,44.0,2026-09
2026-09-01 22:09:00,CME_MINI:NQ1!,29119.25,29119.25,29111.0,29113.25,104.0,2026-09
2026-09-01 22:10:00,CME_MINI:NQ1!,29113.5,29113.75,29107.75,29109.25,98.0,2026-09
2026-09-01 22:11:00,CME_MINI:NQ1!,29110.0,29112.75,29108.5,29112.75,52.0,2026-09
2026-09-01 22:12:00,CME_MINI:NQ1!,29111.5,29111.5,29108.0,29108.75,22.0,2026-09
2026-09-01 22:13:00,CME_MINI:NQ1!,29109.75,29111.5,29109.0,29111.5,16.0,2026-09
2026-09-01 22:14:00,CME_MINI:NQ1!,29111.5,29111.5,29108.0,29110.0,32.0,2026-09
2026-09-01 22:15:00,CME_MINI:NQ1!,29110.5,29114.5,29107.25,29112.5,79.0,2026-09
2026-09-01 22:16:00,CME_MINI:NQ1!,29113.25,29114.5,29108.25,29112.5,120.0,2026-09
2026-09-01 22:17:00,CME_MINI:NQ1!,29111.25,29112.0,29109.25,29111.0,25.0,2026-09
2026-09-01 22:18:00,CME_MINI:NQ1!,29110.75,29111.5,29109.25,29109.75,27.0,2026-09
2026-09-01 22:19:00,CME_MINI:NQ1!,29111.5,29111.5,29106.75,29109.5,45.0,2026-09
2026-09-01 22:20:00,CME_MINI:NQ1!,29109.0,29109.5,29107.25,29109.25,34.0,2026-09
2026-09-01 22:21:00,CME_MINI:NQ1!,29109.25,29109.25,29107.25,29107.5,26.0,2026-09
2026-09-01 22:22:00,CME_MINI:NQ1!,29108.0,29108.0,29102.25,29106.0,50.0,2026-09
2026-09-01 22:23:00,CME_MINI:NQ1!,29107.0,29108.25,29106.0,29107.75,30.0,2026-09
2026-09-01 22:24:00,CME_MINI:NQ1!,29106.25,29113.25,29106.0,29111.5,63.0,2026-09
2026-09-01 22:25:00,CME_MINI:NQ1!,29112.0,29112.0,29107.0,29107.75,55.0,2026-09
2026-09-01 22:26:00,CME_MINI:NQ1!,29108.25,29126.0,29107.0,29125.25,217.0,2026-09
2026-09-01 22:27:00,CME_MINI:NQ1!,29124.25,29124.75,29111.0,29111.5,99.0,2026-09
2026-09-01 22:28:00,CME_MINI:NQ1!,29113.0,29119.75,29109.75,29114.0,85.0,2026-09
2026-09-01 22:29:00,CME_MINI:NQ1!,29114.0,29117.75,29113.25,29113.75,27.0,2026-09
2026-09-01 22:30:00,CME_MINI:NQ1!,29114.75,29119.25,29112.5,29117.25,27.0,2026-09
2026-09-01 22:31:00,CME_MINI:NQ1!,29118.25,29119.5,29114.75,29116.75,35.0,2026-09
2026-09-01 22:32:00,CME_MINI:NQ1!,29117.5,29117.5,29113.75,29117.25,13.0,2026-09
2026-09-01 22:33:00,CME_MINI:NQ1!,29116.25,29120.75,29116.25,29118.25,37.0,2026-09
2026-09-01 22:34:00,CME_MINI:NQ1!,29120.0,29121.0,29116.75,29116.75,65.0,2026-09
2026-09-01 22:35:00,CME_MINI:NQ1!,29116.5,29117.25,29111.0,29115.25,64.0,2026-09
2026-09-01 22:36:00,CME_MINI:NQ1!,29116.75,29119.25,29116.25,29118.5,48.0,2026-09
2026-09-01 22:37:00,CME_MINI:NQ1!,29118.0,29121.0,29116.75,29120.75,68.0,2026-09
2026-09-01 22:38:00,CME_MINI:NQ1!,29118.5,29118.5,29115.25,29117.5,23.0,2026-09
2026-09-01 22:39:00,CME_MINI:NQ1!,29117.75,29118.25,29116.75,29116.75,6.0,2026-09
2026-09-01 22:40:00,CME_MINI:NQ1!,29116.75,29118.0,29112.5,29114.0,44.0,2026-09
2026-09-01 22:41:00,CME_MINI:NQ1!,29113.5,29115.25,29112.5,29115.25,25.0,2026-09
2026-09-01 22:42:00,CME_MINI:NQ1!,29115.5,29116.5,29113.5,29113.5,14.0,2026-09
2026-09-01 22:43:00,CME_MINI:NQ1!,29112.75,29118.75,29111.75,29118.25,44.0,2026-09
2026-09-01 22:44:00,CME_MINI:NQ1!,29118.0,29118.0,29115.0,29117.25,28.0,2026-09
2026-09-01 22:45:00,CME_MINI:NQ1!,29116.75,29117.0,29115.75,29116.75,16.0,2026-09
2026-09-01 22:46:00,CME_MINI:NQ1!,29117.0,29121.75,29115.5,29116.5,55.0,2026-09
2026-09-01 22:47:00,CME_MINI:NQ1!,29116.75,29125.25,29114.25,29123.25,92.0,2026-09
2026-09-01 22:48:00,CME_MINI:NQ1!,29123.25,29129.25,29122.5,29127.75,101.0,2026-09
2026-09-01 22:49:00,CME_MINI:NQ1!,29127.75,29138.5,29127.5,29133.5,169.0,2026-09
2026-09-01 22:50:00,CME_MINI:NQ1!,29134.5,29135.5,29130.0,29130.0,83.0,2026-09
2026-09-01 22:51:00,CME_MINI:NQ1!,29130.0,29139.0,29130.0,29136.5,126.0,2026-09
2026-09-01 22:52:00,CME_MINI:NQ1!,29135.0,29136.5,29133.75,29135.0,21.0,2026-09
2026-09-01 22:53:00,CME_MINI:NQ1!,29133.75,29135.75,29131.75,29133.0,51.0,2026-09
2026-09-01 22:54:00,CME_MINI:NQ1!,29132.5,29135.25,29130.0,29134.0,51.0,2026-09
2026-09-01 22:55:00,CME_MINI:NQ1!,29132.25,29138.0,29131.75,29135.0,43.0,2026-09
2026-09-01 22:56:00,CME_MINI:NQ1!,29135.0,29135.0,29130.5,29132.5,63.0,2026-09
2026-09-01 22:57:00,CME_MINI:NQ1!,29132.0,29132.25,29131.25,29131.75,7.0,2026-09
2026-09-01 22:58:00,CME_MINI:NQ1!,29131.25,29133.75,29126.25,29132.25,77.0,2026-09
2026-09-01 22:59:00,CME_MINI:NQ1!,29131.25,29132.0,29129.5,29132.0,18.0,2026-09
2026-09-01 23:00:00,CME_MINI:NQ1!,29129.75,29132.5,29128.5,29130.0,39.0,2026-09
2026-09-01 23:01:00,CME_MINI:NQ1!,29130.75,29135.5,29130.5,29133.75,28.0,2026-09
2026-09-01 23:02:00,CME_MINI:NQ1!,29134.25,29134.5,29131.25,29131.75,28.0,2026-09
2026-09-01 23:03:00,CME_MINI:NQ1!,29131.25,29133.0,29130.5,29133.0,29.0,2026-09
2026-09-01 23:04:00,CME_MINI:NQ1!,29132.25,29132.75,29130.0,29130.5,17.0,2026-09
2026-09-01 23:05:00,CME_MINI:NQ1!,29130.75,29131.75,29130.75,29131.75,16.0,2026-09
2026-09-01 23:06:00,CME_MINI:NQ1!,29131.75,29133.0,29131.0,29132.0,18.0,2026-09
2026-09-01 23:07:00,CME_MINI:NQ1!,29132.25,29132.25,29129.25,29130.5,32.0,2026-09
2026-09-01 23:08:00,CME_MINI:NQ1!,29131.0,29133.5,29130.5,29132.0,39.0,2026-09
2026-09-01 23:09:00,CME_MINI:NQ1!,29131.25,29131.25,29129.5,29129.5,10.0,2026-09
2026-09-01 23:10:00,CME_MINI:NQ1!,29129.0,29131.25,29128.75,29131.25,24.0,2026-09
2026-09-01 23:11:00,CME_MINI:NQ1!,29130.75,29132.5,29130.0,29132.5,14.0,2026-09
2026-09-01 23:12:00,CME_MINI:NQ1!,29133.25,29133.25,29131.25,29132.25,10.0,2026-09
2026-09-01 23:13:00,CME_MINI:NQ1!,29132.5,29132.5,29131.0,29131.0,3.0,2026-09
2026-09-01 23:14:00,CME_MINI:NQ1!,29130.0,29131.0,29128.5,29129.0,27.0,2026-09
2026-09-01 23:15:00,CME_MINI:NQ1!,29129.25,29132.25,29127.5,29132.0,39.0,2026-09
2026-09-01 23:16:00,CME_MINI:NQ1!,29132.0,29132.25,29127.0,29130.25,30.0,2026-09
2026-09-01 23:17:00,CME_MINI:NQ1!,29129.75,29131.5,29129.25,29130.25,16.0,2026-09
2026-09-01 23:18:00,CME_MINI:NQ1!,29130.5,29131.75,29129.75,29131.25,19.0,2026-09
2026-09-01 23:19:00,CME_MINI:NQ1!,29131.75,29131.75,29129.75,29130.5,8.0,2026-09
2026-09-01 23:20:00,CME_MINI:NQ1!,29128.75,29130.25,29128.5,29128.5,20.0,2026-09
2026-09-01 23:21:00,CME_MINI:NQ1!,29129.0,29129.0,29119.0,29124.5,116.0,2026-09
2026-09-01 23:22:00,CME_MINI:NQ1!,29124.25,29125.75,29121.25,29123.75,74.0,2026-09
2026-09-01 23:23:00,CME_MINI:NQ1!,29124.25,29124.25,29122.25,29122.75,25.0,2026-09
2026-09-01 23:24:00,CME_MINI:NQ1!,29123.5,29139.0,29123.5,29131.75,233.0,2026-09
2026-09-01 23:25:00,CME_MINI:NQ1!,29131.5,29135.25,29130.25,29133.0,76.0,2026-09
2026-09-01 23:26:00,CME_MINI:NQ1!,29132.0,29137.25,29130.75,29132.5,63.0,2026-09
2026-09-01 23:27:00,CME_MINI:NQ1!,29132.0,29132.25,29129.75,29132.25,22.0,2026-09
2026-09-01 23:28:00,CME_MINI:NQ1!,29131.5,29136.5,29131.0,29133.75,42.0,2026-09
2026-09-01 23:29:00,CME_MINI:NQ1!,29134.0,29137.0,29134.0,29136.5,40.0,2026-09
2026-09-01 23:30:00,CME_MINI:NQ1!,29137.5,29140.25,29133.25,29135.0,96.0,2026-09
2026-09-01 23:31:00,CME_MINI:NQ1!,29134.5,29144.75,29134.5,29136.75,104.0,2026-09
2026-09-01 23:32:00,CME_MINI:NQ1!,29136.75,29137.25,29134.0,29136.5,40.0,2026-09
2026-09-01 23:33:00,CME_MINI:NQ1!,29135.25,29139.75,29135.25,29138.5,39.0,2026-09
2026-09-01 23:34:00,CME_MINI:NQ1!,29137.0,29138.5,29135.5,29135.5,29.0,2026-09
2026-09-01 23:35:00,CME_MINI:NQ1!,29135.5,29136.75,29135.0,29135.75,12.0,2026-09
2026-09-01 23:36:00,CME_MINI:NQ1!,29136.25,29139.25,29135.25,29138.0,18.0,2026-09
2026-09-01 23:37:00,CME_MINI:NQ1!,29139.25,29140.0,29138.0,29138.5,35.0,2026-09
2026-09-01 23:38:00,CME_MINI:NQ1!,29138.75,29141.0,29138.75,29139.5,49.0,2026-09
2026-09-01 23:39:00,CME_MINI:NQ1!,29140.0,29140.25,29134.25,29134.25,34.0,2026-09
2026-09-01 23:40:00,CME_MINI:NQ1!,29134.0,29136.5,29133.0,29136.5,56.0,2026-09
2026-09-01 23:41:00,CME_MINI:NQ1!,29136.25,29136.5,29135.0,29136.0,22.0,2026-09
2026-09-01 23:42:00,CME_MINI:NQ1!,29137.25,29138.0,29135.25,29135.25,21.0,2026-09
2026-09-01 23:43:00,CME_MINI:NQ1!,29135.0,29135.25,29134.0,29134.0,9.0,2026-09
2026-09-01 23:44:00,CME_MINI:NQ1!,29134.25,29144.75,29134.0,29140.25,133.0,2026-09
2026-09-01 23:45:00,CME_MINI:NQ1!,29141.75,29148.25,29134.0,29138.25,199.0,2026-09
2026-09-01 23:46:00,CME_MINI:NQ1!,29140.25,29145.0,29140.0,29140.75,43.0,2026-09
2026-09-01 23:47:00,CME_MINI:NQ1!,29141.0,29144.0,29138.25,29142.75,59.0,2026-09
2026-09-01 23:48:00,CME_MINI:NQ1!,29141.5,29142.0,29138.75,29142.0,41.0,2026-09
2026-09-01 23:49:00,CME_MINI:NQ1!,29140.75,29141.25,29138.25,29140.5,17.0,2026-09
2026-09-01 23:50:00,CME_MINI:NQ1!,29141.25,29143.75,29140.5,29141.0,52.0,2026-09
2026-09-01 23:51:00,CME_MINI:NQ1!,29141.0,29142.25,29136.5,29137.75,52.0,2026-09
2026-09-01 23:52:00,CME_MINI:NQ1!,29138.5,29139.5,29136.0,29138.75,36.0,2026-09
2026-09-01 23:53:00,CME_MINI:NQ1!,29138.5,29141.5,29137.75,29141.0,27.0,2026-09
2026-09-01 23:54:00,CME_MINI:NQ1!,29139.5,29141.25,29138.5,29139.75,32.0,2026-09
2026-09-01 23:55:00,CME_MINI:NQ1!,29139.25,29139.25,29136.25,29138.5,22.0,2026-09
2026-09-01 23:56:00,CME_MINI:NQ1!,29136.0,29138.75,29136.0,29138.0,13.0,2026-09
2026-09-01 23:57:00,CME_MINI:NQ1!,29138.25,29138.75,29136.25,29136.75,29.0,2026-09
2026-09-01 23:58:00,CME_MINI:NQ1!,29138.25,29140.0,29135.0,29137.0,48.0,2026-09
2026-09-01 23:59:00,CME_MINI:NQ1!,29137.75,29139.5,29131.25,29134.5,78.0,2026-09
2026-09-02 00:00:00,CME_MINI:NQ1!,29135.75,29141.0,29126.75,29135.5,285.0,2026-09
2026-09-02 00:01:00,CME_MINI:NQ1!,29136.25,29144.75,29131.75,29138.25,146.0,2026-09
2026-09-02 00:02:00,CME_MINI:NQ1!,29135.25,29135.5,29126.0,29131.0,131.0,2026-09
2026-09-02 00:03:00,CME_MINI:NQ1!,29132.0,29132.25,29126.25,29129.75,81.0,2026-09
2026-09-02 00:04:00,CME_MINI:NQ1!,29131.25,29132.0,29127.0,29127.0,63.0,2026-09
2026-09-02 00:05:00,CME_MINI:NQ1!,29128.0,29131.25,29115.25,29121.5,304.0,2026-09
2026-09-02 00:06:00,CME_MINI:NQ1!,29122.75,29123.75,29106.0,29109.25,263.0,2026-09
2026-09-02 00:07:00,CME_MINI:NQ1!,29109.0,29121.0,29109.0,29115.0,166.0,2026-09
2026-09-02 00:08:00,CME_MINI:NQ1!,29115.5,29120.75,29114.0,29118.75,60.0,2026-09
2026-09-02 00:09:00,CME_MINI:NQ1!,29121.0,29135.0,29119.5,29126.0,225.0,2026-09
2026-09-02 00:10:00,CME_MINI:NQ1!,29124.75,29136.5,29122.75,29134.25,155.0,2026-09
2026-09-02 00:11:00,CME_MINI:NQ1!,29131.25,29133.0,29120.0,29120.75,117.0,2026-09
2026-09-02 00:12:00,CME_MINI:NQ1!,29120.0,29133.5,29118.75,29128.0,144.0,2026-09
2026-09-02 00:13:00,CME_MINI:NQ1!,29126.25,29135.25,29125.25,29135.25,150.0,2026-09
2026-09-02 00:14:00,CME_MINI:NQ1!,29134.25,29140.25,29126.75,29130.75,154.0,2026-09
2026-09-02 00:15:00,CME_MINI:NQ1!,29128.0,29145.75,29127.75,29138.5,197.0,2026-09
2026-09-02 00:16:00,CME_MINI:NQ1!,29139.0,29153.0,29138.0,29150.0,236.0,2026-09
2026-09-02 00:17:00,CME_MINI:NQ1!,29149.25,29153.25,29145.75,29147.0,159.0,2026-09
2026-09-02 00:18:00,CME_MINI:NQ1!,29146.25,29151.25,29145.25,29146.75,159.0,2026-09
2026-09-02 00:19:00,CME_MINI:NQ1!,29146.0,29146.0,29129.75,29135.25,250.0,2026-09
2026-09-02 00:20:00,CME_MINI:NQ1!,29136.5,29142.0,29132.5,29137.75,106.0,2026-09
2026-09-02 00:21:00,CME_MINI:NQ1!,29136.5,29142.5,29134.0,29142.25,53.0,2026-09
2026-09-02 00:22:00,CME_MINI:NQ1!,29141.75,29170.0,29137.25,29161.5,657.0,2026-09
2026-09-02 00:23:00,CME_MINI:NQ1!,29160.5,29168.75,29150.0,29153.0,402.0,2026-09
2026-09-02 00:24:00,CME_MINI:NQ1!,29151.25,29153.0,29142.75,29147.25,141.0,2026-09
2026-09-02 00:25:00,CME_MINI:NQ1!,29148.25,29149.0,29139.75,29142.75,139.0,2026-09
2026-09-02 00:26:00,CME_MINI:NQ1!,29143.0,29147.0,29140.0,29144.25,99.0,2026-09
2026-09-02 00:27:00,CME_MINI:NQ1!,29144.0,29144.25,29133.75,29138.0,135.0,2026-09
2026-09-02 00:28:00,CME_MINI:NQ1!,29137.5,29142.5,29135.25,29138.75,85.0,2026-09
2026-09-02 00:29:00,CME_MINI:NQ1!,29137.75,29137.75,29123.25,29126.0,198.0,2026-09
2026-09-02 00:30:00,CME_MINI:NQ1!,29127.75,29127.75,29121.0,29125.0,129.0,2026-09
2026-09-02 00:31:00,CME_MINI:NQ1!,29124.0,29127.5,29119.0,29126.75,115.0,2026-09
2026-09-02 00:32:00,CME_MINI:NQ1!,29126.5,29148.75,29125.0,29146.75,293.0,2026-09
2026-09-02 00:33:00,CME_MINI:NQ1!,29144.25,29144.5,29134.0,29134.75,99.0,2026-09
2026-09-02 00:34:00,CME_MINI:NQ1!,29133.0,29135.5,29122.5,29123.0,142.0,2026-09
2026-09-02 00:35:00,CME_MINI:NQ1!,29122.75,29134.75,29122.75,29134.75,107.0,2026-09
2026-09-02 00:36:00,CME_MINI:NQ1!,29135.5,29140.25,29128.75,29128.75,136.0,2026-09
2026-09-02 00:37:00,CME_MINI:NQ1!,29128.75,29138.25,29128.5,29134.75,65.0,2026-09
2026-09-02 00:38:00,CME_MINI:NQ1!,29136.0,29136.0,29129.25,29131.0,43.0,2026-09
2026-09-02 00:39:00,CME_MINI:NQ1!,29131.25,29132.0,29128.75,29129.25,24.0,2026-09
2026-09-02 00:40:00,CME_MINI:NQ1!,29128.75,29129.0,29114.5,29114.75,149.0,2026-09
2026-09-02 00:41:00,CME_MINI:NQ1!,29115.0,29133.0,29114.75,29127.25,257.0,2026-09
2026-09-02 00:42:00,CME_MINI:NQ1!,29126.75,29130.5,29125.5,29127.75,38.0,2026-09
2026-09-02 00:43:00,CME_MINI:NQ1!,29128.0,29132.25,29128.0,29130.5,36.0,2026-09
2026-09-02 00:44:00,CME_MINI:NQ1!,29131.25,29142.5,29131.25,29140.25,177.0,2026-09
2026-09-02 00:45:00,CME_MINI:NQ1!,29139.0,29144.75,29138.25,29143.25,184.0,2026-09
2026-09-02 00:46:00,CME_MINI:NQ1!,29143.75,29145.0,29137.25,29137.25,101.0,2026-09
2026-09-02 00:47:00,CME_MINI:NQ1!,29139.75,29140.0,29136.5,29138.25,95.0,2026-09
2026-09-02 00:48:00,CME_MINI:NQ1!,29138.0,29139.25,29134.0,29135.25,68.0,2026-09
2026-09-02 00:49:00,CME_MINI:NQ1!,29135.0,29137.0,29132.0,29134.5,52.0,2026-09
2026-09-02 00:50:00,CME_MINI:NQ1!,29132.25,29133.5,29122.25,29125.0,154.0,2026-09
2026-09-02 00:51:00,CME_MINI:NQ1!,29125.25,29127.0,29121.25,29125.5,67.0,2026-09
2026-09-02 00:52:00,CME_MINI:NQ1!,29125.5,29126.25,29121.25,29124.0,51.0,2026-09
2026-09-02 00:53:00,CME_MINI:NQ1!,29124.0,29124.0,29120.5,29122.25,38.0,2026-09
2026-09-02 00:54:00,CME_MINI:NQ1!,29122.5,29122.5,29118.25,29119.0,57.0,2026-09
2026-09-02 00:55:00,CME_MINI:NQ1!,29119.5,29125.5,29119.5,29121.5,53.0,2026-09
2026-09-02 00:56:00,CME_MINI:NQ1!,29122.5,29125.0,29119.5,29121.0,75.0,2026-09
2026-09-02 00:57:00,CME_MINI:NQ1!,29120.25,29124.5,29120.0,29124.5,28.0,2026-09
2026-09-02 00:58:00,CME_MINI:NQ1!,29125.0,29126.75,29123.5,29124.0,54.0,2026-09
2026-09-02 00:59:00,CME_MINI:NQ1!,29123.25,29123.25,29102.0,29104.0,423.0,2026-09
2026-09-02 01:00:00,CME_MINI:NQ1!,29103.25,29119.5,29097.25,29113.0,452.0,2026-09
2026-09-02 01:01:00,CME_MINI:NQ1!,29113.0,29113.0,29103.75,29108.0,211.0,2026-09
2026-09-02 01:02:00,CME_MINI:NQ1!,29109.25,29111.25,29105.25,29109.5,123.0,2026-09
2026-09-02 01:03:00,CME_MINI:NQ1!,29108.5,29127.25,29108.5,29123.75,229.0,2026-09
2026-09-02 01:04:00,CME_MINI:NQ1!,29124.5,29124.5,29113.5,29121.5,240.0,2026-09
2026-09-02 01:05:00,CME_MINI:NQ1!,29121.5,29122.25,29108.75,29109.75,124.0,2026-09
2026-09-02 01:06:00,CME_MINI:NQ1!,29109.0,29112.0,29105.0,29106.0,238.0,2026-09
2026-09-02 01:07:00,CME_MINI:NQ1!,29106.0,29108.0,29099.0,29108.0,304.0,2026-09
2026-09-02 01:08:00,CME_MINI:NQ1!,29107.25,29108.0,29101.0,29102.75,73.0,2026-09
2026-09-02 01:09:00,CME_MINI:NQ1!,29103.75,29107.75,29102.5,29103.5,50.0,2026-09
2026-09-02 01:10:00,CME_MINI:NQ1!,29103.75,29107.5,29100.75,29105.5,52.0,2026-09
2026-09-02 01:11:00,CME_MINI:NQ1!,29105.5,29105.75,29099.75,29102.25,119.0,2026-09
2026-09-02 01:12:00,CME_MINI:NQ1!,29101.75,29104.0,29100.5,29102.75,41.0,2026-09
2026-09-02 01:13:00,CME_MINI:NQ1!,29102.75,29106.0,29086.75,29100.75,415.0,2026-09
2026-09-02 01:14:00,CME_MINI:NQ1!,29100.0,29102.5,29095.25,29097.75,70.0,2026-09
2026-09-02 01:15:00,CME_MINI:NQ1!,29097.75,29112.25,29094.75,29110.0,221.0,2026-09
2026-09-02 01:16:00,CME_MINI:NQ1!,29108.75,29117.25,29107.0,29109.5,201.0,2026-09
2026-09-02 01:17:00,CME_MINI:NQ1!,29108.75,29115.0,29104.5,29111.75,95.0,2026-09
2026-09-02 01:18:00,CME_MINI:NQ1!,29113.25,29118.5,29112.0,29112.25,189.0,2026-09
2026-09-02 01:19:00,CME_MINI:NQ1!,29112.25,29113.5,29103.5,29107.5,139.0,2026-09
2026-09-02 01:20:00,CME_MINI:NQ1!,29107.0,29108.75,29104.5,29108.0,52.0,2026-09
2026-09-02 01:21:00,CME_MINI:NQ1!,29108.0,29111.0,29106.0,29110.5,50.0,2026-09
2026-09-02 01:22:00,CME_MINI:NQ1!,29110.0,29116.25,29100.75,29100.75,120.0,2026-09
2026-09-02 01:23:00,CME_MINI:NQ1!,29101.25,29120.5,29099.5,29120.0,186.0,2026-09
2026-09-02 01:24:00,CME_MINI:NQ1!,29119.5,29125.75,29112.0,29124.25,186.0,2026-09
2026-09-02 01:25:00,CME_MINI:NQ1!,29124.0,29126.75,29118.0,29121.75,139.0,2026-09
2026-09-02 01:26:00,CME_MINI:NQ1!,29119.75,29129.5,29118.0,29123.5,156.0,2026-09
2026-09-02 01:27:00,CME_MINI:NQ1!,29120.75,29121.25,29118.0,29118.5,51.0,2026-09
2026-09-02 01:28:00,CME_MINI:NQ1!,29117.5,29118.75,29108.5,29114.25,118.0,2026-09
2026-09-02 01:29:00,CME_MINI:NQ1!,29116.5,29120.0,29115.0,29115.0,57.0,2026-09
2026-09-02 01:30:00,CME_MINI:NQ1!,29115.75,29117.75,29105.0,29107.5,122.0,2026-09
2026-09-02 01:31:00,CME_MINI:NQ1!,29110.0,29114.0,29106.5,29111.75,32.0,2026-09
2026-09-02 01:32:00,CME_MINI:NQ1!,29111.75,29115.75,29107.5,29113.5,40.0,2026-09
2026-09-02 01:33:00,CME_MINI:NQ1!,29114.0,29116.0,29111.5,29115.25,143.0,2026-09
2026-09-02 01:34:00,CME_MINI:NQ1!,29115.25,29122.75,29114.25,29122.25,120.0,2026-09
2026-09-02 01:35:00,CME_MINI:NQ1!,29122.75,29122.75,29108.5,29111.75,129.0,2026-09
2026-09-02 01:36:00,CME_MINI:NQ1!,29110.0,29111.0,29104.5,29106.25,74.0,2026-09
2026-09-02 01:37:00,CME_MINI:NQ1!,29105.75,29105.75,29097.5,29098.0,95.0,2026-09
2026-09-02 01:38:00,CME_MINI:NQ1!,29098.5,29098.75,29087.75,29089.75,184.0,2026-09
2026-09-02 01:39:00,CME_MINI:NQ1!,29090.5,29095.0,29085.75,29086.75,323.0,2026-09
2026-09-02 01:40:00,CME_MINI:NQ1!,29086.5,29088.75,29080.5,29085.0,192.0,2026-09
2026-09-02 01:41:00,CME_MINI:NQ1!,29084.0,29085.0,29072.0,29083.75,449.0,2026-09
2026-09-02 01:42:00,CME_MINI:NQ1!,29083.25,29088.75,29078.75,29087.5,197.0,2026-09
2026-09-02 01:43:00,CME_MINI:NQ1!,29087.75,29091.5,29075.0,29075.0,225.0,2026-09
2026-09-02 01:44:00,CME_MINI:NQ1!,29075.75,29076.0,29070.5,29074.75,178.0,2026-09
2026-09-02 01:45:00,CME_MINI:NQ1!,29074.25,29078.5,29073.5,29076.75,99.0,2026-09
2026-09-02 01:46:00,CME_MINI:NQ1!,29076.0,29076.0,29069.0,29069.0,103.0,2026-09
2026-09-02 01:47:00,CME_MINI:NQ1!,29069.5,29071.25,29065.75,29070.25,155.0,2026-09
2026-09-02 01:48:00,CME_MINI:NQ1!,29070.75,29070.75,29065.0,29068.0,104.0,2026-09
2026-09-02 01:49:00,CME_MINI:NQ1!,29067.25,29069.25,29058.5,29064.25,333.0,2026-09
2026-09-02 01:50:00,CME_MINI:NQ1!,29062.0,29062.75,29047.75,29052.75,382.0,2026-09
2026-09-02 01:51:00,CME_MINI:NQ1!,29051.75,29057.5,29050.0,29053.0,183.0,2026-09
2026-09-02 01:52:00,CME_MINI:NQ1!,29053.75,29058.0,29047.75,29056.0,130.0,2026-09
2026-09-02 01:53:00,CME_MINI:NQ1!,29058.0,29065.5,29052.0,29054.25,206.0,2026-09
2026-09-02 01:54:00,CME_MINI:NQ1!,29055.0,29063.75,29053.75,29058.0,100.0,2026-09
2026-09-02 01:55:00,CME_MINI:NQ1!,29058.25,29073.5,29055.0,29072.5,255.0,2026-09
2026-09-02 01:56:00,CME_MINI:NQ1!,29072.25,29073.0,29062.5,29063.5,160.0,2026-09
2026-09-02 01:57:00,CME_MINI:NQ1!,29062.0,29067.0,29060.0,29061.5,82.0,2026-09
2026-09-02 01:58:00,CME_MINI:NQ1!,29062.75,29072.0,29062.75,29070.75,88.0,2026-09
2026-09-02 01:59:00,CME_MINI:NQ1!,29072.75,29078.0,29068.75,29075.5,125.0,2026-09
2026-09-02 02:00:00,CME_MINI:NQ1!,29075.5,29077.0,29067.75,29071.0,149.0,2026-09
2026-09-02 02:01:00,CME_MINI:NQ1!,29072.25,29074.0,29069.25,29070.0,69.0,2026-09
2026-09-02 02:02:00,CME_MINI:NQ1!,29069.0,29070.25,29063.0,29064.25,119.0,2026-09
2026-09-02 02:03:00,CME_MINI:NQ1!,29064.75,29065.25,29053.5,29055.0,166.0,2026-09
2026-09-02 02:04:00,CME_MINI:NQ1!,29054.5,29059.75,29051.0,29053.75,160.0,2026-09
2026-09-02 02:05:00,CME_MINI:NQ1!,29055.5,29055.75,29048.5,29053.25,127.0,2026-09
2026-09-02 02:06:00,CME_MINI:NQ1!,29054.25,29055.5,29050.25,29051.75,88.0,2026-09
2026-09-02 02:07:00,CME_MINI:NQ1!,29051.5,29059.5,29051.0,29055.25,108.0,2026-09
2026-09-02 02:08:00,CME_MINI:NQ1!,29055.25,29056.0,29050.5,29051.25,66.0,2026-09
2026-09-02 02:09:00,CME_MINI:NQ1!,29051.25,29052.5,29044.5,29048.75,162.0,2026-09
2026-09-02 02:10:00,CME_MINI:NQ1!,29048.75,29058.25,29047.5,29055.0,143.0,2026-09
2026-09-02 02:11:00,CME_MINI:NQ1!,29053.25,29060.75,29050.0,29053.75,96.0,2026-09
2026-09-02 02:12:00,CME_MINI:NQ1!,29053.75,29065.0,29052.5,29061.0,117.0,2026-09
2026-09-02 02:13:00,CME_MINI:NQ1!,29061.5,29067.75,29060.75,29066.0,85.0,2026-09
2026-09-02 02:14:00,CME_MINI:NQ1!,29066.75,29068.25,29064.5,29065.0,72.0,2026-09
2026-09-02 02:15:00,CME_MINI:NQ1!,29066.5,29074.5,29066.5,29072.25,152.0,2026-09
2026-09-02 02:16:00,CME_MINI:NQ1!,29072.5,29076.75,29069.25,29075.0,177.0,2026-09
2026-09-02 02:17:00,CME_MINI:NQ1!,29076.5,29077.0,29073.5,29076.25,47.0,2026-09
2026-09-02 02:18:00,CME_MINI:NQ1!,29075.5,29091.0,29074.25,29086.5,228.0,2026-09
2026-09-02 02:19:00,CME_MINI:NQ1!,29086.25,29090.75,29086.25,29088.0,109.0,2026-09
2026-09-02 02:20:00,CME_MINI:NQ1!,29089.0,29099.0,29088.75,29097.25,171.0,2026-09
2026-09-02 02:21:00,CME_MINI:NQ1!,29097.75,29100.0,29094.5,29096.0,133.0,2026-09
2026-09-02 02:22:00,CME_MINI:NQ1!,29096.5,29098.75,29077.75,29079.25,264.0,2026-09
2026-09-02 02:23:00,CME_MINI:NQ1!,29079.5,29086.25,29079.5,29085.0,58.0,2026-09
2026-09-02 02:24:00,CME_MINI:NQ1!,29085.75,29095.75,29085.25,29091.75,139.0,2026-09
2026-09-02 02:25:00,CME_MINI:NQ1!,29092.0,29098.0,29090.0,29090.0,85.0,2026-09
2026-09-02 02:26:00,CME_MINI:NQ1!,29090.25,29092.0,29086.0,29090.0,75.0,2026-09
2026-09-02 02:27:00,CME_MINI:NQ1!,29090.75,29094.5,29089.75,29092.75,41.0,2026-09
2026-09-02 02:28:00,CME_MINI:NQ1!,29093.0,29094.5,29091.0,29094.5,30.0,2026-09
2026-09-02 02:29:00,CME_MINI:NQ1!,29093.75,29093.75,29083.75,29085.5,60.0,2026-09
2026-09-02 02:30:00,CME_MINI:NQ1!,29084.5,29084.75,29072.25,29075.25,200.0,2026-09
2026-09-02 02:31:00,CME_MINI:NQ1!,29075.75,29076.25,29070.25,29070.25,88.0,2026-09
2026-09-02 02:32:00,CME_MINI:NQ1!,29070.0,29077.25,29069.75,29073.0,110.0,2026-09
2026-09-02 02:33:00,CME_MINI:NQ1!,29072.75,29073.25,29069.75,29070.0,58.0,2026-09
2026-09-02 02:34:00,CME_MINI:NQ1!,29071.25,29074.0,29070.75,29072.0,37.0,2026-09
2026-09-02 02:35:00,CME_MINI:NQ1!,29072.5,29076.0,29069.5,29076.0,78.0,2026-09
2026-09-02 02:36:00,CME_MINI:NQ1!,29075.5,29077.0,29068.75,29070.0,65.0,2026-09
2026-09-02 02:37:00,CME_MINI:NQ1!,29070.0,29071.5,29066.5,29066.5,51.0,2026-09
2026-09-02 02:38:00,CME_MINI:NQ1!,29066.75,29068.5,29066.0,29068.5,62.0,2026-09
2026-09-02 02:39:00,CME_MINI:NQ1!,29066.75,29069.25,29061.75,29068.0,88.0,2026-09
2026-09-02 02:40:00,CME_MINI:NQ1!,29069.0,29078.5,29069.0,29075.0,131.0,2026-09
2026-09-02 02:41:00,CME_MINI:NQ1!,29074.75,29077.25,29070.25,29075.25,71.0,2026-09
2026-09-02 02:42:00,CME_MINI:NQ1!,29074.5,29078.5,29073.75,29076.0,62.0,2026-09
2026-09-02 02:43:00,CME_MINI:NQ1!,29075.5,29081.0,29074.25,29081.0,49.0,2026-09
2026-09-02 02:44:00,CME_MINI:NQ1!,29080.0,29083.75,29078.5,29082.75,81.0,2026-09
2026-09-02 02:45:00,CME_MINI:NQ1!,29083.25,29089.5,29081.25,29088.5,146.0,2026-09
2026-09-02 02:46:00,CME_MINI:NQ1!,29090.0,29091.0,29083.75,29083.75,89.0,2026-09
2026-09-02 02:47:00,CME_MINI:NQ1!,29083.25,29087.25,29082.25,29084.5,64.0,2026-09
2026-09-02 02:48:00,CME_MINI:NQ1!,29086.0,29088.25,29085.0,29085.0,36.0,2026-09
2026-09-02 02:49:00,CME_MINI:NQ1!,29085.5,29091.25,29085.0,29090.25,72.0,2026-09
2026-09-02 02:50:00,CME_MINI:NQ1!,29089.75,29091.75,29089.0,29090.25,30.0,2026-09
2026-09-02 02:51:00,CME_MINI:NQ1!,29089.0,29091.5,29088.0,29091.5,28.0,2026-09
2026-09-02 02:52:00,CME_MINI:NQ1!,29091.5,29092.25,29084.25,29085.0,75.0,2026-09
2026-09-02 02:53:00,CME_MINI:NQ1!,29085.0,29085.0,29077.5,29078.25,84.0,2026-09
2026-09-02 02:54:00,CME_MINI:NQ1!,29078.5,29085.25,29077.25,29080.75,78.0,2026-09
2026-09-02 02:55:00,CME_MINI:NQ1!,29081.25,29082.25,29075.75,29078.5,53.0,2026-09
2026-09-02 02:56:00,CME_MINI:NQ1!,29078.75,29080.5,29077.25,29077.5,25.0,2026-09
2026-09-02 02:57:00,CME_MINI:NQ1!,29077.0,29082.0,29076.0,29079.0,46.0,2026-09
2026-09-02 02:58:00,CME_MINI:NQ1!,29080.25,29080.75,29074.5,29078.25,54.0,2026-09
2026-09-02 02:59:00,CME_MINI:NQ1!,29078.75,29085.25,29078.0,29084.25,95.0,2026-09
2026-09-02 03:00:00,CME_MINI:NQ1!,29086.5,29087.25,29078.75,29085.75,95.0,2026-09
2026-09-02 03:01:00,CME_MINI:NQ1!,29086.25,29089.25,29080.5,29080.5,57.0,2026-09
2026-09-02 03:02:00,CME_MINI:NQ1!,29080.5,29083.0,29073.0,29074.75,79.0,2026-09
2026-09-02 03:03:00,CME_MINI:NQ1!,29076.0,29078.25,29072.5,29073.5,45.0,2026-09
2026-09-02 03:04:00,CME_MINI:NQ1!,29074.25,29077.5,29071.25,29072.5,91.0,2026-09
2026-09-02 03:05:00,CME_MINI:NQ1!,29071.5,29073.0,29065.0,29067.25,150.0,2026-09
2026-09-02 03:06:00,CME_MINI:NQ1!,29066.75,29066.75,29058.75,29061.5,251.0,2026-09
2026-09-02 03:07:00,CME_MINI:NQ1!,29062.0,29067.25,29060.75,29064.5,59.0,2026-09
2026-09-02 03:08:00,CME_MINI:NQ1!,29064.5,29070.0,29063.75,29069.5,52.0,2026-09
2026-09-02 03:09:00,CME_MINI:NQ1!,29070.25,29078.5,29067.5,29078.25,99.0,2026-09
2026-09-02 03:10:00,CME_MINI:NQ1!,29079.0,29086.5,29076.75,29084.5,114.0,2026-09
2026-09-02 03:11:00,CME_MINI:NQ1!,29085.0,29089.5,29082.75,29083.75,98.0,2026-09
2026-09-02 03:12:00,CME_MINI:NQ1!,29083.0,29087.5,29082.25,29086.5,37.0,2026-09
2026-09-02 03:13:00,CME_MINI:NQ1!,29086.5,29088.5,29084.75,29084.75,34.0,2026-09
2026-09-02 03:14:00,CME_MINI:NQ1!,29085.5,29087.0,29080.5,29083.25,32.0,2026-09
2026-09-02 03:15:00,CME_MINI:NQ1!,29083.0,29084.0,29072.0,29074.0,87.0,2026-09
2026-09-02 03:16:00,CME_MINI:NQ1!,29075.0,29075.0,29070.0,29072.0,85.0,2026-09
2026-09-02 03:17:00,CME_MINI:NQ1!,29071.75,29075.0,29071.25,29072.5,29.0,2026-09
2026-09-02 03:18:00,CME_MINI:NQ1!,29072.25,29075.75,29070.5,29071.5,42.0,2026-09
2026-09-02 03:19:00,CME_MINI:NQ1!,29073.0,29075.5,29072.5,29074.25,23.0,2026-09
2026-09-02 03:20:00,CME_MINI:NQ1!,29074.5,29078.75,29073.25,29075.0,62.0,2026-09
2026-09-02 03:21:00,CME_MINI:NQ1!,29076.0,29076.0,29072.25,29074.25,33.0,2026-09
2026-09-02 03:22:00,CME_MINI:NQ1!,29074.5,29074.75,29068.0,29071.75,62.0,2026-09
2026-09-02 03:23:00,CME_MINI:NQ1!,29072.75,29073.5,29070.5,29070.5,17.0,2026-09
2026-09-02 03:24:00,CME_MINI:NQ1!,29070.0,29074.25,29068.75,29072.75,13.0,2026-09
2026-09-02 03:25:00,CME_MINI:NQ1!,29074.25,29076.75,29074.0,29076.25,32.0,2026-09
2026-09-02 03:26:00,CME_MINI:NQ1!,29077.75,29078.0,29072.0,29073.5,39.0,2026-09
2026-09-02 03:27:00,CME_MINI:NQ1!,29073.5,29079.5,29071.5,29077.0,66.0,2026-09
2026-09-02 03:28:00,CME_MINI:NQ1!,29078.25,29078.25,29072.5,29072.75,27.0,2026-09
2026-09-02 03:29:00,CME_MINI:NQ1!,29073.25,29073.25,29069.0,29069.0,29.0,2026-09
2026-09-02 03:30:00,CME_MINI:NQ1!,29070.25,29071.25,29058.25,29059.0,111.0,2026-09
2026-09-02 03:31:00,CME_MINI:NQ1!,29058.75,29058.75,29053.75,29055.0,144.0,2026-09
2026-09-02 03:32:00,CME_MINI:NQ1!,29055.0,29061.25,29054.5,29061.0,60.0,2026-09
2026-09-02 03:33:00,CME_MINI:NQ1!,29061.75,29062.0,29057.75,29061.0,57.0,2026-09
2026-09-02 03:34:00,CME_MINI:NQ1!,29060.25,29062.0,29058.25,29060.25,38.0,2026-09
2026-09-02 03:35:00,CME_MINI:NQ1!,29059.25,29064.0,29055.5,29064.0,45.0,2026-09
2026-09-02 03:36:00,CME_MINI:NQ1!,29063.75,29070.75,29061.75,29063.0,123.0,2026-09
2026-09-02 03:37:00,CME_MINI:NQ1!,29063.5,29066.25,29059.5,29062.75,40.0,2026-09
2026-09-02 03:38:00,CME_MINI:NQ1!,29063.5,29068.25,29063.5,29068.25,21.0,2026-09
2026-09-02 03:39:00,CME_MINI:NQ1!,29068.0,29073.0,29068.0,29070.5,58.0,2026-09
2026-09-02 03:40:00,CME_MINI:NQ1!,29070.25,29071.25,29064.0,29064.75,176.0,2026-09
2026-09-02 03:41:00,CME_MINI:NQ1!,29064.5,29065.5,29062.0,29062.75,29.0,2026-09
2026-09-02 03:42:00,CME_MINI:NQ1!,29061.75,29061.75,29055.25,29056.75,106.0,2026-09
2026-09-02 03:43:00,CME_MINI:NQ1!,29057.0,29059.25,29055.5,29056.25,40.0,2026-09
2026-09-02 03:44:00,CME_MINI:NQ1!,29056.75,29057.5,29055.0,29056.0,16.0,2026-09
2026-09-02 03:45:00,CME_MINI:NQ1!,29057.75,29064.0,29057.5,29062.75,49.0,2026-09
2026-09-02 18:26:00,CME_MINI:NQ1!,29170.5,29171.75,29161.25,29164.0,326.0,2026-09
2026-09-02 18:27:00,CME_MINI:NQ1!,29164.25,29165.0,29155.5,29157.0,468.0,2026-09
2026-09-02 18:28:00,CME_MINI:NQ1!,29156.75,29163.25,29156.25,29157.75,373.0,2026-09
2026-09-02 18:29:00,CME_MINI:NQ1!,29158.0,29160.25,29155.0,29159.25,380.0,2026-09
2026-09-02 18:30:00,CME_MINI:NQ1!,29159.25,29170.5,29156.75,29169.75,633.0,2026-09
2026-09-02 18:31:00,CME_MINI:NQ1!,29170.0,29170.5,29164.25,29165.5,297.0,2026-09
2026-09-02 18:32:00,CME_MINI:NQ1!,29166.5,29170.25,29164.75,29169.0,295.0,2026-09
2026-09-02 18:33:00,CME_MINI:NQ1!,29169.25,29174.0,29166.25,29172.0,357.0,2026-09
2026-09-02 18:34:00,CME_MINI:NQ1!,29172.25,29175.0,29157.5,29158.25,612.0,2026-09
2026-09-02 18:35:00,CME_MINI:NQ1!,29158.25,29165.0,29156.5,29156.5,416.0,2026-09
2026-09-02 18:36:00,CME_MINI:NQ1!,29157.25,29160.0,29151.5,29153.75,558.0,2026-09
2026-09-02 18:37:00,CME_MINI:NQ1!,29153.5,29154.0,29144.5,29146.0,621.0,2026-09
2026-09-02 18:38:00,CME_MINI:NQ1!,29146.25,29147.75,29143.0,29144.75,390.0,2026-09
2026-09-02 18:39:00,CME_MINI:NQ1!,29144.5,29147.5,29138.75,29141.25,394.0,2026-09
2026-09-02 18:40:00,CME_MINI:NQ1!,29140.75,29143.5,29138.0,29139.5,436.0,2026-09
2026-09-02 18:41:00,CME_MINI:NQ1!,29138.75,29138.75,29131.5,29135.0,615.0,2026-09
2026-09-02 18:42:00,CME_MINI:NQ1!,29134.75,29138.25,29132.5,29133.25,385.0,2026-09
2026-09-02 18:43:00,CME_MINI:NQ1!,29133.25,29139.25,29132.75,29137.0,463.0,2026-09
2026-09-02 18:44:00,CME_MINI:NQ1!,29138.5,29139.0,29134.25,29136.75,283.0,2026-09
2026-09-02 18:45:00,CME_MINI:NQ1!,29136.0,29142.75,29136.0,29139.0,373.0,2026-09
2026-09-02 18:46:00,CME_MINI:NQ1!,29138.75,29140.0,29130.25,29131.25,466.0,2026-09
2026-09-02 18:47:00,CME_MINI:NQ1!,29130.75,29136.5,29130.5,29134.0,280.0,2026-09
2026-09-02 18:48:00,CME_MINI:NQ1!,29134.0,29147.0,29133.0,29146.75,621.0,2026-09
2026-09-02 18:49:00,CME_MINI:NQ1!,29147.25,29152.75,29146.0,29149.5,630.0,2026-09
2026-09-02 18:50:00,CME_MINI:NQ1!,29149.5,29154.25,29144.75,29147.75,561.0,2026-09
2026-09-02 18:51:00,CME_MINI:NQ1!,29147.25,29147.25,29140.75,29141.5,267.0,2026-09
2026-09-02 18:52:00,CME_MINI:NQ1!,29141.5,29141.5,29134.25,29135.25,421.0,2026-09
2026-09-02 18:53:00,CME_MINI:NQ1!,29135.0,29145.75,29135.0,29144.5,345.0,2026-09
2026-09-02 18:54:00,CME_MINI:NQ1!,29144.25,29145.25,29138.75,29139.75,261.0,2026-09
2026-09-02 18:55:00,CME_MINI:NQ1!,29140.5,29146.75,29138.25,29144.0,238.0,2026-09
2026-09-02 18:56:00,CME_MINI:NQ1!,29144.5,29150.0,29142.75,29149.0,254.0,2026-09
2026-09-02 18:57:00,CME_MINI:NQ1!,29149.5,29153.0,29142.5,29143.0,481.0,2026-09
2026-09-02 18:58:00,CME_MINI:NQ1!,29142.5,29146.0,29138.0,29145.25,399.0,2026-09
2026-09-02 18:59:00,CME_MINI:NQ1!,29145.5,29149.0,29144.25,29145.5,285.0,2026-09
2026-09-02 19:00:00,CME_MINI:NQ1!,29145.75,29150.0,29139.0,29140.25,679.0,2026-09
2026-09-02 19:01:00,CME_MINI:NQ1!,29140.0,29147.25,29140.0,29143.25,298.0,2026-09
2026-09-02 19:02:00,CME_MINI:NQ1!,29142.75,29147.0,29142.0,29146.5,225.0,2026-09
2026-09-02 19:03:00,CME_MINI:NQ1!,29146.25,29156.0,29145.75,29149.0,620.0,2026-09
2026-09-02 19:04:00,CME_MINI:NQ1!,29148.75,29150.25,29146.0,29150.0,205.0,2026-09
2026-09-02 19:05:00,CME_MINI:NQ1!,29150.25,29158.5,29148.0,29155.0,534.0,2026-09
2026-09-02 19:06:00,CME_MINI:NQ1!,29155.0,29160.5,29154.25,29157.75,291.0,2026-09
2026-09-02 19:07:00,CME_MINI:NQ1!,29157.5,29157.75,29150.5,29152.25,301.0,2026-09
2026-09-02 19:08:00,CME_MINI:NQ1!,29152.25,29155.0,29152.25,29152.5,220.0,2026-09
2026-09-02 19:09:00,CME_MINI:NQ1!,29152.75,29166.5,29151.75,29166.0,458.0,2026-09
2026-09-02 19:10:00,CME_MINI:NQ1!,29166.25,29168.75,29163.5,29167.25,556.0,2026-09
2026-09-02 19:11:00,CME_MINI:NQ1!,29167.5,29167.5,29160.75,29162.75,302.0,2026-09
2026-09-02 19:12:00,CME_MINI:NQ1!,29162.75,29172.0,29160.25,29169.0,444.0,2026-09
2026-09-02 19:13:00,CME_MINI:NQ1!,29169.75,29170.25,29165.0,29166.75,348.0,2026-09
2026-09-02 19:14:00,CME_MINI:NQ1!,29166.5,29170.5,29165.5,29165.5,340.0,2026-09
2026-09-02 19:15:00,CME_MINI:NQ1!,29166.25,29168.0,29158.25,29160.0,465.0,2026-09
2026-09-02 19:16:00,CME_MINI:NQ1!,29159.75,29162.5,29157.0,29162.25,368.0,2026-09
2026-09-02 19:17:00,CME_MINI:NQ1!,29162.5,29166.75,29159.25,29160.25,334.0,2026-09
2026-09-02 19:18:00,CME_MINI:NQ1!,29160.75,29163.5,29157.25,29162.0,282.0,2026-09
2026-09-02 19:19:00,CME_MINI:NQ1!,29161.75,29170.5,29161.0,29170.25,381.0,2026-09
2026-09-02 19:20:00,CME_MINI:NQ1!,29170.0,29170.25,29151.25,29154.0,645.0,2026-09
2026-09-02 19:21:00,CME_MINI:NQ1!,29155.0,29167.0,29154.75,29164.0,423.0,2026-09
2026-09-02 19:22:00,CME_MINI:NQ1!,29163.75,29169.0,29162.5,29166.0,308.0,2026-09
2026-09-02 19:23:00,CME_MINI:NQ1!,29166.0,29168.0,29159.75,29161.0,258.0,2026-09
2026-09-02 19:24:00,CME_MINI:NQ1!,29160.75,29161.75,29155.75,29156.75,293.0,2026-09
2026-09-02 19:25:00,CME_MINI:NQ1!,29156.75,29159.0,29150.75,29151.0,335.0,2026-09
2026-09-02 19:26:00,CME_MINI:NQ1!,29151.25,29161.5,29150.0,29160.0,375.0,2026-09
2026-09-02 19:27:00,CME_MINI:NQ1!,29159.75,29160.75,29156.5,29159.75,322.0,2026-09
2026-09-02 19:28:00,CME_MINI:NQ1!,29160.0,29168.0,29159.0,29164.75,352.0,2026-09
2026-09-02 19:29:00,CME_MINI:NQ1!,29165.25,29170.75,29163.25,29167.25,453.0,2026-09
2026-09-02 19:30:00,CME_MINI:NQ1!,29167.0,29168.25,29162.5,29164.5,386.0,2026-09
2026-09-02 19:31:00,CME_MINI:NQ1!,29164.5,29169.75,29161.5,29169.0,470.0,2026-09
2026-09-02 19:32:00,CME_MINI:NQ1!,29169.25,29170.0,29163.0,29166.0,452.0,2026-09
2026-09-02 19:33:00,CME_MINI:NQ1!,29165.25,29175.0,29162.5,29163.75,552.0,2026-09
2026-09-02 19:34:00,CME_MINI:NQ1!,29164.0,29172.25,29160.25,29171.25,553.0,2026-09
2026-09-02 19:35:00,CME_MINI:NQ1!,29171.25,29172.25,29163.25,29165.0,583.0,2026-09
2026-09-02 19:36:00,CME_MINI:NQ1!,29165.5,29170.0,29160.5,29164.0,459.0,2026-09
2026-09-02 19:37:00,CME_MINI:NQ1!,29164.0,29167.75,29157.25,29157.25,620.0,2026-09
2026-09-02 19:38:00,CME_MINI:NQ1!,29156.75,29162.0,29155.25,29160.75,420.0,2026-09
2026-09-02 19:39:00,CME_MINI:NQ1!,29161.0,29164.0,29159.0,29160.25,243.0,2026-09
2026-09-02 19:40:00,CME_MINI:NQ1!,29160.75,29165.5,29159.0,29161.5,318.0,2026-09
2026-09-02 19:41:00,CME_MINI:NQ1!,29160.5,29163.75,29159.0,29163.75,150.0,2026-09
2026-09-02 19:42:00,CME_MINI:NQ1!,29163.5,29165.0,29160.25,29162.25,151.0,2026-09
2026-09-02 19:43:00,CME_MINI:NQ1!,29162.25,29177.5,29162.25,29175.25,717.0,2026-09
2026-09-02 19:44:00,CME_MINI:NQ1!,29175.0,29175.75,29171.75,29175.0,399.0,2026-09
2026-09-02 19:45:00,CME_MINI:NQ1!,29175.25,29183.75,29174.0,29177.25,868.0,2026-09
2026-09-02 19:46:00,CME_MINI:NQ1!,29177.5,29179.5,29173.5,29179.25,470.0,2026-09
2026-09-02 19:47:00,CME_MINI:NQ1!,29179.5,29183.0,29177.0,29178.25,399.0,2026-09
2026-09-02 19:48:00,CME_MINI:NQ1!,29178.75,29185.75,29178.75,29185.0,439.0,2026-09
2026-09-02 19:49:00,CME_MINI:NQ1!,29185.0,29187.5,29181.5,29184.25,810.0,2026-09
2026-09-02 19:50:00,CME_MINI:NQ1!,29183.75,29191.75,29174.5,29184.0,1528.0,2026-09
2026-09-02 19:51:00,CME_MINI:NQ1!,29184.0,29186.0,29172.5,29177.5,570.0,2026-09
2026-09-02 19:52:00,CME_MINI:NQ1!,29176.75,29182.25,29170.5,29172.75,616.0,2026-09
2026-09-02 19:53:00,CME_MINI:NQ1!,29171.75,29179.5,29171.25,29177.5,517.0,2026-09
2026-09-02 19:54:00,CME_MINI:NQ1!,29177.25,29197.25,29175.75,29192.0,1183.0,2026-09
2026-09-02 19:55:00,CME_MINI:NQ1!,29192.25,29194.75,29172.25,29178.5,1523.0,2026-09
2026-09-02 19:56:00,CME_MINI:NQ1!,29178.25,29179.75,29171.0,29179.75,683.0,2026-09
2026-09-02 19:57:00,CME_MINI:NQ1!,29180.0,29185.75,29179.0,29182.25,1128.0,2026-09
2026-09-02 19:58:00,CME_MINI:NQ1!,29181.75,29185.75,29180.75,29181.75,1047.0,2026-09
2026-09-02 19:59:00,CME_MINI:NQ1!,29181.75,29194.0,29178.5,29190.5,6098.0,2026-09
2026-09-02 20:00:00,CME_MINI:NQ1!,29190.25,29202.25,29188.0,29191.75,2259.0,2026-09
2026-09-02 20:01:00,CME_MINI:NQ1!,29191.75,29193.75,29187.75,29191.0,504.0,2026-09
2026-09-02 20:02:00,CME_MINI:NQ1!,29190.75,29193.75,29189.0,29191.0,303.0,2026-09
2026-09-02 20:03:00,CME_MINI:NQ1!,29190.0,29195.25,29189.25,29194.75,179.0,2026-09
2026-09-02 20:04:00,CME_MINI:NQ1!,29194.0,29199.25,29192.5,29198.5,213.0,2026-09
2026-09-02 20:05:00,CME_MINI:NQ1!,29197.75,29202.75,29194.75,29201.0,430.0,2026-09
2026-09-02 20:06:00,CME_MINI:NQ1!,29201.0,29210.0,29200.0,29209.5,441.0,2026-09
2026-09-02 20:07:00,CME_MINI:NQ1!,29210.0,29212.0,29205.5,29206.5,252.0,2026-09
2026-09-02 20:08:00,CME_MINI:NQ1!,29205.5,29207.25,29199.75,29201.5,229.0,2026-09
2026-09-02 20:09:00,CME_MINI:NQ1!,29202.25,29202.5,29196.5,29199.0,195.0,2026-09
2026-09-02 20:10:00,CME_MINI:NQ1!,29199.5,29200.25,29196.0,29196.75,178.0,2026-09
2026-09-02 20:11:00,CME_MINI:NQ1!,29196.25,29197.75,29193.25,29194.25,174.0,2026-09
2026-09-02 20:12:00,CME_MINI:NQ1!,29194.5,29199.0,29194.0,29199.0,163.0,2026-09
2026-09-02 20:13:00,CME_MINI:NQ1!,29198.5,29205.5,29196.25,29197.5,351.0,2026-09
2026-09-02 20:14:00,CME_MINI:NQ1!,29198.5,29199.5,29187.5,29194.25,379.0,2026-09
2026-09-02 20:15:00,CME_MINI:NQ1!,29192.0,29193.75,29147.5,29159.0,1636.0,2026-09
2026-09-02 20:16:00,CME_MINI:NQ1!,29158.25,29164.5,29150.75,29158.0,509.0,2026-09
2026-09-02 20:17:00,CME_MINI:NQ1!,29157.25,29164.25,29151.0,29156.0,259.0,2026-09
2026-09-02 20:18:00,CME_MINI:NQ1!,29155.75,29156.5,29141.0,29151.25,427.0,2026-09
2026-09-02 20:19:00,CME_MINI:NQ1!,29150.0,29150.25,29139.75,29150.25,305.0,2026-09
2026-09-02 20:20:00,CME_MINI:NQ1!,29151.25,29158.75,29146.75,29152.25,249.0,2026-09
2026-09-02 20:21:00,CME_MINI:NQ1!,29152.0,29155.25,29146.25,29155.25,164.0,2026-09
2026-09-02 20:22:00,CME_MINI:NQ1!,29155.5,29159.75,29148.75,29155.75,170.0,2026-09
2026-09-02 20:23:00,CME_MINI:NQ1!,29156.0,29159.75,29151.75,29159.5,138.0,2026-09
2026-09-02 20:24:00,CME_MINI:NQ1!,29159.25,29163.75,29156.5,29157.75,186.0,2026-09
2026-09-02 20:25:00,CME_MINI:NQ1!,29158.0,29163.0,29155.5,29163.0,203.0,2026-09
2026-09-02 20:26:00,CME_MINI:NQ1!,29162.0,29166.5,29161.0,29163.0,102.0,2026-09
2026-09-02 20:27:00,CME_MINI:NQ1!,29163.25,29166.75,29154.75,29157.0,127.0,2026-09
2026-09-02 20:28:00,CME_MINI:NQ1!,29156.75,29159.5,29154.0,29159.5,74.0,2026-09
2026-09-02 20:29:00,CME_MINI:NQ1!,29159.0,29159.75,29154.25,29156.25,62.0,2026-09
2026-09-02 20:30:00,CME_MINI:NQ1!,29156.0,29156.5,29150.75,29154.5,106.0,2026-09
2026-09-02 20:31:00,CME_MINI:NQ1!,29154.75,29156.0,29151.5,29152.75,69.0,2026-09
2026-09-02 20:32:00,CME_MINI:NQ1!,29153.25,29157.25,29153.25,29157.0,55.0,2026-09
2026-09-02 20:33:00,CME_MINI:NQ1!,29157.0,29158.5,29154.0,29154.75,78.0,2026-09
2026-09-02 20:34:00,CME_MINI:NQ1!,29155.75,29160.5,29155.75,29160.5,57.0,2026-09
2026-09-02 20:35:00,CME_MINI:NQ1!,29160.0,29160.0,29155.0,29156.25,68.0,2026-09
2026-09-02 20:36:00,CME_MINI:NQ1!,29155.25,29159.5,29153.75,29157.5,112.0,2026-09
2026-09-02 20:37:00,CME_MINI:NQ1!,29157.5,29157.75,29155.25,29157.75,39.0,2026-09
2026-09-02 20:38:00,CME_MINI:NQ1!,29157.25,29157.75,29152.75,29153.25,51.0,2026-09
2026-09-02 20:39:00,CME_MINI:NQ1!,29153.25,29155.25,29152.5,29153.5,46.0,2026-09
2026-09-02 20:40:00,CME_MINI:NQ1!,29154.0,29158.5,29153.75,29158.0,98.0,2026-09
2026-09-02 20:41:00,CME_MINI:NQ1!,29156.75,29162.0,29155.25,29158.5,161.0,2026-09
2026-09-02 20:42:00,CME_MINI:NQ1!,29159.75,29163.25,29157.25,29160.5,159.0,2026-09
2026-09-02 20:43:00,CME_MINI:NQ1!,29159.75,29161.25,29153.25,29155.5,87.0,2026-09
2026-09-02 20:44:00,CME_MINI:NQ1!,29155.25,29159.25,29147.5,29148.0,233.0,2026-09
2026-09-02 20:45:00,CME_MINI:NQ1!,29147.75,29154.25,29146.5,29153.25,108.0,2026-09
2026-09-02 20:46:00,CME_MINI:NQ1!,29153.25,29160.0,29153.25,29159.25,114.0,2026-09
2026-09-02 20:47:00,CME_MINI:NQ1!,29158.75,29161.5,29154.75,29160.0,117.0,2026-09
2026-09-02 20:48:00,CME_MINI:NQ1!,29159.75,29161.0,29158.5,29161.0,43.0,2026-09
2026-09-02 20:49:00,CME_MINI:NQ1!,29160.75,29162.25,29159.0,29161.0,75.0,2026-09
2026-09-02 20:50:00,CME_MINI:NQ1!,29160.25,29162.5,29158.5,29161.25,59.0,2026-09
2026-09-02 20:51:00,CME_MINI:NQ1!,29160.5,29161.5,29155.0,29157.5,88.0,2026-09
2026-09-02 20:52:00,CME_MINI:NQ1!,29158.5,29162.0,29156.75,29160.25,23.0,2026-09
2026-09-02 20:53:00,CME_MINI:NQ1!,29160.0,29163.5,29159.0,29161.25,81.0,2026-09
2026-09-02 20:54:00,CME_MINI:NQ1!,29161.75,29164.0,29159.75,29163.0,47.0,2026-09
2026-09-02 20:55:00,CME_MINI:NQ1!,29163.25,29164.0,29154.25,29155.5,137.0,2026-09
2026-09-02 20:56:00,CME_MINI:NQ1!,29155.5,29155.5,29150.5,29151.25,74.0,2026-09
2026-09-02 20:57:00,CME_MINI:NQ1!,29150.75,29151.0,29143.25,29144.75,156.0,2026-09
2026-09-02 20:58:00,CME_MINI:NQ1!,29144.25,29144.75,29140.75,29144.75,120.0,2026-09
2026-09-02 20:59:00,CME_MINI:NQ1!,29144.0,29150.75,29139.25,29141.0,192.0,2026-09
2026-09-02 22:00:00,CME_MINI:NQ1!,29177.0,29183.75,29155.0,29156.0,407.0,2026-09
2026-09-02 22:01:00,CME_MINI:NQ1!,29155.75,29166.75,29151.25,29151.5,185.0,2026-09
2026-09-02 22:02:00,CME_MINI:NQ1!,29153.5,29159.0,29148.0,29156.5,114.0,2026-09
2026-09-02 22:03:00,CME_MINI:NQ1!,29155.5,29161.25,29155.5,29157.75,53.0,2026-09
2026-09-02 22:04:00,CME_MINI:NQ1!,29156.75,29164.25,29156.5,29162.75,43.0,2026-09
2026-09-02 22:05:00,CME_MINI:NQ1!,29163.0,29163.0,29150.5,29156.5,93.0,2026-09
2026-09-02 22:06:00,CME_MINI:NQ1!,29157.25,29158.0,29152.5,29152.5,26.0,2026-09
2026-09-02 22:07:00,CME_MINI:NQ1!,29153.25,29158.0,29153.25,29156.5,46.0,2026-09
2026-09-02 22:08:00,CME_MINI:NQ1!,29157.0,29157.25,29152.0,29156.25,59.0,2026-09
2026-09-02 22:09:00,CME_MINI:NQ1!,29156.75,29159.0,29156.5,29159.0,24.0,2026-09
2026-09-02 22:10:00,CME_MINI:NQ1!,29160.0,29170.0,29156.75,29167.25,129.0,2026-09
2026-09-02 22:11:00,CME_MINI:NQ1!,29166.5,29173.0,29164.25,29172.0,90.0,2026-09
2026-09-02 22:12:00,CME_MINI:NQ1!,29173.0,29176.75,29171.25,29176.75,108.0,2026-09
2026-09-02 22:13:00,CME_MINI:NQ1!,29175.25,29184.5,29174.75,29184.25,107.0,2026-09
2026-09-02 22:14:00,CME_MINI:NQ1!,29184.5,29188.75,29183.75,29185.75,148.0,2026-09
2026-09-02 22:15:00,CME_MINI:NQ1!,29184.75,29188.75,29178.0,29180.0,111.0,2026-09
2026-09-02 22:16:00,CME_MINI:NQ1!,29180.0,29185.25,29179.0,29184.25,37.0,2026-09
2026-09-02 22:17:00,CME_MINI:NQ1!,29184.75,29188.75,29184.75,29188.0,63.0,2026-09
2026-09-02 22:18:00,CME_MINI:NQ1!,29187.25,29189.0,29185.25,29185.25,85.0,2026-09
2026-09-02 22:19:00,CME_MINI:NQ1!,29185.0,29187.75,29182.75,29185.25,229.0,2026-09
2026-09-02 22:20:00,CME_MINI:NQ1!,29186.5,29192.0,29186.5,29190.0,88.0,2026-09
2026-09-02 22:21:00,CME_MINI:NQ1!,29191.75,29199.5,29191.75,29194.75,140.0,2026-09
2026-09-02 22:22:00,CME_MINI:NQ1!,29195.0,29199.75,29194.0,29197.75,66.0,2026-09
2026-09-02 22:23:00,CME_MINI:NQ1!,29197.75,29208.75,29197.75,29204.0,159.0,2026-09
2026-09-02 22:24:00,CME_MINI:NQ1!,29203.5,29206.5,29202.75,29203.75,74.0,2026-09
2026-09-02 22:25:00,CME_MINI:NQ1!,29203.75,29203.75,29196.0,29197.75,58.0,2026-09
2026-09-02 22:26:00,CME_MINI:NQ1!,29197.25,29203.75,29196.5,29200.0,57.0,2026-09
2026-09-02 22:27:00,CME_MINI:NQ1!,29200.5,29202.25,29195.75,29195.75,88.0,2026-09
2026-09-02 22:28:00,CME_MINI:NQ1!,29195.25,29199.25,29195.0,29197.5,30.0,2026-09
2026-09-02 22:29:00,CME_MINI:NQ1!,29196.75,29198.75,29192.5,29196.0,66.0,2026-09
2026-09-02 22:30:00,CME_MINI:NQ1!,29196.0,29196.75,29193.75,29195.0,28.0,2026-09
2026-09-02 22:31:00,CME_MINI:NQ1!,29195.0,29196.5,29193.75,29196.0,38.0,2026-09
2026-09-02 22:32:00,CME_MINI:NQ1!,29196.25,29199.25,29195.0,29195.0,40.0,2026-09
2026-09-02 22:33:00,CME_MINI:NQ1!,29195.0,29196.0,29193.5,29193.75,27.0,2026-09
2026-09-02 22:34:00,CME_MINI:NQ1!,29194.5,29196.0,29193.25,29194.75,60.0,2026-09
2026-09-02 22:35:00,CME_MINI:NQ1!,29195.0,29195.25,29192.0,29194.0,83.0,2026-09
2026-09-02 22:36:00,CME_MINI:NQ1!,29194.5,29196.75,29194.5,29196.25,19.0,2026-09
2026-09-02 22:37:00,CME_MINI:NQ1!,29196.0,29198.25,29196.0,29197.0,52.0,2026-09
2026-09-02 22:38:00,CME_MINI:NQ1!,29196.0,29197.5,29194.0,29197.5,70.0,2026-09
2026-09-02 22:39:00,CME_MINI:NQ1!,29197.25,29200.5,29196.5,29197.75,27.0,2026-09
2026-09-02 22:40:00,CME_MINI:NQ1!,29197.0,29203.0,29196.75,29202.0,53.0,2026-09
2026-09-02 22:41:00,CME_MINI:NQ1!,29202.25,29202.75,29200.25,29202.0,33.0,2026-09
2026-09-02 22:42:00,CME_MINI:NQ1!,29202.0,29202.0,29192.5,29198.25,102.0,2026-09
2026-09-02 22:43:00,CME_MINI:NQ1!,29198.0,29200.5,29197.75,29199.5,19.0,2026-09
2026-09-02 22:44:00,CME_MINI:NQ1!,29199.5,29199.5,29195.75,29196.0,35.0,2026-09
2026-09-02 22:45:00,CME_MINI:NQ1!,29195.25,29195.5,29191.0,29191.75,53.0,2026-09
2026-09-02 22:46:00,CME_MINI:NQ1!,29193.25,29194.0,29191.75,29192.5,45.0,2026-09
2026-09-02 22:47:00,CME_MINI:NQ1!,29191.5,29191.5,29184.0,29188.0,160.0,2026-09
2026-09-02 22:48:00,CME_MINI:NQ1!,29186.5,29188.0,29185.75,29187.0,21.0,2026-09
2026-09-02 22:49:00,CME_MINI:NQ1!,29186.75,29187.5,29181.5,29182.75,55.0,2026-09
2026-09-02 22:50:00,CME_MINI:NQ1!,29182.0,29184.5,29180.0,29181.25,63.0,2026-09
2026-09-02 22:51:00,CME_MINI:NQ1!,29181.25,29182.75,29180.0,29181.25,43.0,2026-09
2026-09-02 22:52:00,CME_MINI:NQ1!,29182.5,29185.0,29180.25,29181.5,56.0,2026-09
2026-09-02 22:53:00,CME_MINI:NQ1!,29182.0,29184.25,29178.25,29180.25,53.0,2026-09
2026-09-02 22:54:00,CME_MINI:NQ1!,29180.5,29181.0,29180.0,29180.25,16.0,2026-09
2026-09-02 22:55:00,CME_MINI:NQ1!,29181.0,29183.5,29180.25,29182.75,31.0,2026-09
2026-09-02 22:56:00,CME_MINI:NQ1!,29182.25,29185.75,29180.0,29180.75,62.0,2026-09
2026-09-02 22:57:00,CME_MINI:NQ1!,29181.75,29181.75,29180.0,29181.25,18.0,2026-09
2026-09-02 22:58:00,CME_MINI:NQ1!,29180.25,29181.25,29180.0,29180.25,11.0,2026-09
2026-09-02 22:59:00,CME_MINI:NQ1!,29181.25,29181.75,29180.0,29180.5,20.0,2026-09
2026-09-02 23:00:00,CME_MINI:NQ1!,29180.75,29188.75,29180.75,29182.25,79.0,2026-09
2026-09-02 23:01:00,CME_MINI:NQ1!,29182.75,29187.0,29181.0,29182.0,60.0,2026-09
2026-09-02 23:02:00,CME_MINI:NQ1!,29182.75,29184.25,29181.25,29183.25,36.0,2026-09
2026-09-02 23:03:00,CME_MINI:NQ1!,29183.0,29185.75,29182.0,29182.5,51.0,2026-09
2026-09-02 23:04:00,CME_MINI:NQ1!,29183.5,29185.5,29182.5,29184.0,27.0,2026-09
2026-09-02 23:05:00,CME_MINI:NQ1!,29185.5,29187.0,29181.75,29182.0,125.0,2026-09
2026-09-02 23:06:00,CME_MINI:NQ1!,29182.25,29187.0,29181.0,29185.75,51.0,2026-09
2026-09-02 23:07:00,CME_MINI:NQ1!,29185.75,29185.75,29183.5,29183.75,11.0,2026-09
2026-09-02 23:08:00,CME_MINI:NQ1!,29184.25,29184.25,29181.5,29182.25,22.0,2026-09
2026-09-02 23:09:00,CME_MINI:NQ1!,29182.0,29183.25,29178.75,29179.5,29.0,2026-09
2026-09-02 23:10:00,CME_MINI:NQ1!,29179.5,29186.75,29179.25,29182.25,138.0,2026-09
2026-09-02 23:11:00,CME_MINI:NQ1!,29182.5,29182.5,29178.25,29180.75,66.0,2026-09
2026-09-02 23:12:00,CME_MINI:NQ1!,29180.0,29181.25,29174.5,29176.75,104.0,2026-09
2026-09-02 23:13:00,CME_MINI:NQ1!,29176.75,29179.25,29170.75,29171.75,90.0,2026-09
2026-09-02 23:14:00,CME_MINI:NQ1!,29170.75,29173.5,29170.75,29171.75,52.0,2026-09
2026-09-02 23:15:00,CME_MINI:NQ1!,29172.75,29173.25,29171.0,29171.5,51.0,2026-09
2026-09-02 23:16:00,CME_MINI:NQ1!,29173.0,29173.0,29168.25,29169.25,84.0,2026-09
2026-09-02 23:17:00,CME_MINI:NQ1!,29169.75,29170.5,29169.5,29169.75,13.0,2026-09
2026-09-02 23:18:00,CME_MINI:NQ1!,29169.75,29170.25,29168.75,29169.75,33.0,2026-09
2026-09-02 23:19:00,CME_MINI:NQ1!,29170.0,29171.75,29167.5,29170.75,59.0,2026-09
2026-09-02 23:20:00,CME_MINI:NQ1!,29170.5,29172.25,29169.5,29171.25,25.0,2026-09
2026-09-02 23:21:00,CME_MINI:NQ1!,29171.25,29171.5,29167.5,29171.5,154.0,2026-09
2026-09-02 23:22:00,CME_MINI:NQ1!,29172.25,29173.0,29170.5,29171.5,85.0,2026-09
2026-09-02 23:23:00,CME_MINI:NQ1!,29171.25,29172.25,29170.0,29170.75,17.0,2026-09
2026-09-02 23:24:00,CME_MINI:NQ1!,29171.25,29173.75,29171.25,29173.75,59.0,2026-09
2026-09-02 23:25:00,CME_MINI:NQ1!,29173.75,29174.5,29173.0,29174.5,13.0,2026-09
2026-09-02 23:26:00,CME_MINI:NQ1!,29173.5,29175.75,29173.25,29174.75,41.0,2026-09
2026-09-02 23:27:00,CME_MINI:NQ1!,29176.0,29180.0,29175.25,29177.5,80.0,2026-09
2026-09-02 23:28:00,CME_MINI:NQ1!,29179.5,29179.5,29176.5,29179.0,51.0,2026-09
2026-09-02 23:29:00,CME_MINI:NQ1!,29178.75,29179.0,29176.5,29179.0,68.0,2026-09
2026-09-02 23:30:00,CME_MINI:NQ1!,29180.0,29186.0,29178.75,29185.0,85.0,2026-09
2026-09-02 23:31:00,CME_MINI:NQ1!,29183.75,29185.5,29182.0,29182.0,68.0,2026-09
2026-09-02 23:32:00,CME_MINI:NQ1!,29182.0,29182.0,29179.5,29180.25,35.0,2026-09
2026-09-02 23:33:00,CME_MINI:NQ1!,29180.75,29181.25,29177.75,29179.25,34.0,2026-09
2026-09-02 23:34:00,CME_MINI:NQ1!,29177.75,29180.0,29175.25,29179.5,44.0,2026-09
2026-09-02 23:35:00,CME_MINI:NQ1!,29179.25,29179.25,29178.75,29179.25,7.0,2026-09
2026-09-02 23:36:00,CME_MINI:NQ1!,29177.5,29178.0,29176.5,29177.75,34.0,2026-09
2026-09-02 23:37:00,CME_MINI:NQ1!,29176.25,29178.0,29175.0,29175.5,56.0,2026-09
2026-09-02 23:38:00,CME_MINI:NQ1!,29176.25,29177.25,29175.25,29176.25,17.0,2026-09
2026-09-02 23:39:00,CME_MINI:NQ1!,29176.0,29187.25,29176.0,29184.75,70.0,2026-09
2026-09-02 23:40:00,CME_MINI:NQ1!,29184.25,29187.0,29183.25,29185.75,38.0,2026-09
2026-09-02 23:41:00,CME_MINI:NQ1!,29185.5,29185.5,29183.25,29184.75,29.0,2026-09
2026-09-02 23:42:00,CME_MINI:NQ1!,29185.5,29186.25,29184.25,29185.0,21.0,2026-09
2026-09-02 23:43:00,CME_MINI:NQ1!,29186.0,29186.75,29184.75,29186.25,13.0,2026-09
2026-09-02 23:44:00,CME_MINI:NQ1!,29186.0,29188.25,29185.0,29188.25,44.0,2026-09
2026-09-02 23:45:00,CME_MINI:NQ1!,29188.0,29209.25,29187.5,29203.5,466.0,2026-09
2026-09-02 23:46:00,CME_MINI:NQ1!,29203.0,29213.0,29200.0,29203.75,407.0,2026-09
2026-09-02 23:47:00,CME_MINI:NQ1!,29205.5,29213.0,29205.5,29210.5,195.0,2026-09
2026-09-02 23:48:00,CME_MINI:NQ1!,29210.0,29211.5,29202.25,29205.5,110.0,2026-09
2026-09-02 23:49:00,CME_MINI:NQ1!,29205.0,29206.75,29203.25,29205.0,42.0,2026-09
2026-09-02 23:50:00,CME_MINI:NQ1!,29205.0,29208.5,29204.25,29207.0,73.0,2026-09
2026-09-02 23:51:00,CME_MINI:NQ1!,29207.0,29211.75,29206.0,29210.5,127.0,2026-09
2026-09-02 23:52:00,CME_MINI:NQ1!,29210.0,29210.75,29208.0,29208.0,53.0,2026-09
2026-09-02 23:53:00,CME_MINI:NQ1!,29208.0,29209.0,29203.25,29205.75,47.0,2026-09
2026-09-02 23:54:00,CME_MINI:NQ1!,29205.75,29208.25,29203.75,29205.25,52.0,2026-09
2026-09-02 23:55:00,CME_MINI:NQ1!,29203.5,29205.75,29202.75,29205.0,47.0,2026-09
2026-09-02 23:56:00,CME_MINI:NQ1!,29205.5,29207.5,29203.0,29203.25,43.0,2026-09
2026-09-02 23:57:00,CME_MINI:NQ1!,29205.0,29206.75,29200.25,29203.0,83.0,2026-09
2026-09-02 23:58:00,CME_MINI:NQ1!,29203.75,29208.25,29202.0,29207.25,31.0,2026-09
2026-09-02 23:59:00,CME_MINI:NQ1!,29206.5,29206.5,29200.25,29201.25,80.0,2026-09
2026-09-03 00:00:00,CME_MINI:NQ1!,29200.75,29201.75,29187.25,29189.75,335.0,2026-09
2026-09-03 00:01:00,CME_MINI:NQ1!,29190.5,29194.0,29182.5,29193.0,179.0,2026-09
2026-09-03 00:02:00,CME_MINI:NQ1!,29192.5,29194.75,29188.0,29189.5,89.0,2026-09
2026-09-03 00:03:00,CME_MINI:NQ1!,29189.75,29189.75,29182.25,29188.0,90.0,2026-09
2026-09-03 00:04:00,CME_MINI:NQ1!,29186.25,29193.75,29185.5,29189.75,92.0,2026-09
2026-09-03 00:05:00,CME_MINI:NQ1!,29188.75,29192.0,29183.75,29191.5,77.0,2026-09
2026-09-03 00:06:00,CME_MINI:NQ1!,29189.75,29194.75,29187.75,29192.75,86.0,2026-09
2026-09-03 00:07:00,CME_MINI:NQ1!,29192.5,29193.25,29178.75,29179.25,215.0,2026-09
2026-09-03 00:08:00,CME_MINI:NQ1!,29179.75,29180.25,29172.5,29178.0,173.0,2026-09
2026-09-03 00:09:00,CME_MINI:NQ1!,29177.25,29179.5,29172.25,29177.0,121.0,2026-09
2026-09-03 00:10:00,CME_MINI:NQ1!,29178.75,29186.0,29177.5,29182.5,124.0,2026-09
2026-09-03 00:11:00,CME_MINI:NQ1!,29183.75,29188.5,29182.25,29187.0,98.0,2026-09
2026-09-03 00:12:00,CME_MINI:NQ1!,29185.25,29186.0,29169.25,29169.25,167.0,2026-09
2026-09-03 00:13:00,CME_MINI:NQ1!,29169.25,29174.5,29165.75,29173.75,179.0,2026-09
2026-09-03 00:14:00,CME_MINI:NQ1!,29173.5,29175.0,29166.0,29169.25,105.0,2026-09
2026-09-03 00:15:00,CME_MINI:NQ1!,29166.75,29168.25,29150.0,29151.0,444.0,2026-09
2026-09-03 00:16:00,CME_MINI:NQ1!,29151.0,29154.5,29148.75,29154.5,169.0,2026-09
2026-09-03 00:17:00,CME_MINI:NQ1!,29154.5,29158.0,29147.5,29150.25,180.0,2026-09
2026-09-03 00:18:00,CME_MINI:NQ1!,29150.25,29156.0,29149.5,29149.5,137.0,2026-09
2026-09-03 00:19:00,CME_MINI:NQ1!,29149.0,29152.0,29148.0,29150.25,82.0,2026-09
2026-09-03 00:20:00,CME_MINI:NQ1!,29150.5,29151.0,29144.75,29144.75,111.0,2026-09
2026-09-03 00:21:00,CME_MINI:NQ1!,29145.5,29147.75,29145.0,29147.0,55.0,2026-09
2026-09-03 00:22:00,CME_MINI:NQ1!,29147.25,29148.25,29141.0,29144.25,106.0,2026-09
2026-09-03 00:23:00,CME_MINI:NQ1!,29145.0,29156.5,29145.0,29154.0,128.0,2026-09
2026-09-03 00:24:00,CME_MINI:NQ1!,29154.0,29155.25,29152.0,29153.75,118.0,2026-09
2026-09-03 00:25:00,CME_MINI:NQ1!,29154.5,29155.5,29151.0,29153.25,60.0,2026-09
2026-09-03 00:26:00,CME_MINI:NQ1!,29153.0,29159.0,29153.0,29156.25,154.0,2026-09
2026-09-03 00:27:00,CME_MINI:NQ1!,29156.75,29158.25,29151.5,29155.0,73.0,2026-09
2026-09-03 00:28:00,CME_MINI:NQ1!,29154.75,29164.0,29151.5,29161.0,173.0,2026-09
2026-09-03 00:29:00,CME_MINI:NQ1!,29160.25,29160.75,29156.0,29156.25,58.0,2026-09
2026-09-03 00:30:00,CME_MINI:NQ1!,29155.75,29161.75,29148.75,29155.5,160.0,2026-09
2026-09-03 00:31:00,CME_MINI:NQ1!,29155.25,29156.25,29153.0,29153.0,52.0,2026-09
2026-09-03 00:32:00,CME_MINI:NQ1!,29153.5,29154.5,29146.0,29149.25,101.0,2026-09
2026-09-03 00:33:00,CME_MINI:NQ1!,29148.75,29153.0,29148.0,29152.5,27.0,2026-09
2026-09-03 00:34:00,CME_MINI:NQ1!,29152.0,29156.0,29149.0,29150.0,61.0,2026-09
2026-09-03 00:35:00,CME_MINI:NQ1!,29151.25,29154.0,29150.25,29152.75,54.0,2026-09
2026-09-03 00:36:00,CME_MINI:NQ1!,29152.75,29152.75,29150.75,29150.75,13.0,2026-09
2026-09-03 00:37:00,CME_MINI:NQ1!,29150.75,29153.5,29148.75,29153.25,36.0,2026-09
2026-09-03 00:38:00,CME_MINI:NQ1!,29155.5,29161.25,29154.75,29160.5,84.0,2026-09
2026-09-03 00:39:00,CME_MINI:NQ1!,29160.75,29162.0,29158.25,29158.25,46.0,2026-09
2026-09-03 00:40:00,CME_MINI:NQ1!,29157.75,29161.0,29155.75,29155.75,55.0,2026-09
2026-09-03 00:41:00,CME_MINI:NQ1!,29155.25,29158.5,29150.0,29156.25,83.0,2026-09
2026-09-03 00:42:00,CME_MINI:NQ1!,29156.5,29156.5,29150.75,29151.25,48.0,2026-09
2026-09-03 00:43:00,CME_MINI:NQ1!,29151.0,29158.0,29150.0,29157.0,39.0,2026-09
2026-09-03 00:44:00,CME_MINI:NQ1!,29156.75,29159.5,29154.25,29156.5,47.0,2026-09
2026-09-03 00:45:00,CME_MINI:NQ1!,29155.75,29158.5,29152.75,29155.25,42.0,2026-09
2026-09-03 00:46:00,CME_MINI:NQ1!,29154.5,29158.75,29153.5,29155.75,27.0,2026-09
2026-09-03 00:47:00,CME_MINI:NQ1!,29155.25,29155.75,29150.5,29155.0,64.0,2026-09
2026-09-03 00:48:00,CME_MINI:NQ1!,29155.0,29158.0,29149.5,29156.25,114.0,2026-09
2026-09-03 00:49:00,CME_MINI:NQ1!,29156.0,29158.0,29154.75,29156.25,26.0,2026-09
2026-09-03 00:50:00,CME_MINI:NQ1!,29157.75,29161.75,29156.75,29159.0,50.0,2026-09
2026-09-03 00:51:00,CME_MINI:NQ1!,29158.75,29158.75,29152.25,29156.75,26.0,2026-09
2026-09-03 00:52:00,CME_MINI:NQ1!,29156.75,29158.5,29155.5,29156.75,23.0,2026-09
2026-09-03 00:53:00,CME_MINI:NQ1!,29157.25,29158.25,29154.75,29156.0,18.0,2026-09
2026-09-03 00:54:00,CME_MINI:NQ1!,29157.25,29159.75,29156.75,29157.0,29.0,2026-09
2026-09-03 00:55:00,CME_MINI:NQ1!,29157.5,29158.75,29155.0,29157.25,32.0,2026-09
2026-09-03 00:56:00,CME_MINI:NQ1!,29156.75,29157.5,29152.75,29152.75,27.0,2026-09
2026-09-03 00:57:00,CME_MINI:NQ1!,29152.5,29152.5,29146.75,29150.0,112.0,2026-09
2026-09-03 00:58:00,CME_MINI:NQ1!,29151.75,29154.0,29151.5,29152.75,26.0,2026-09
2026-09-03 00:59:00,CME_MINI:NQ1!,29152.5,29153.0,29148.75,29151.0,79.0,2026-09
2026-09-03 01:00:00,CME_MINI:NQ1!,29150.75,29158.25,29147.75,29156.0,92.0,2026-09
2026-09-03 01:01:00,CME_MINI:NQ1!,29156.5,29161.5,29155.25,29158.75,78.0,2026-09
2026-09-03 01:02:00,CME_MINI:NQ1!,29158.75,29160.75,29156.75,29160.25,37.0,2026-09
2026-09-03 01:03:00,CME_MINI:NQ1!,29161.0,29165.25,29157.75,29164.0,80.0,2026-09
2026-09-03 01:04:00,CME_MINI:NQ1!,29164.5,29173.0,29164.5,29172.0,172.0,2026-09
2026-09-03 01:05:00,CME_MINI:NQ1!,29173.0,29186.25,29170.0,29181.25,429.0,2026-09
2026-09-03 01:06:00,CME_MINI:NQ1!,29181.0,29186.75,29174.75,29178.25,190.0,2026-09
2026-09-03 01:07:00,CME_MINI:NQ1!,29179.0,29186.25,29177.5,29181.75,134.0,2026-09
2026-09-03 01:08:00,CME_MINI:NQ1!,29181.75,29183.75,29180.75,29181.0,41.0,2026-09
2026-09-03 01:09:00,CME_MINI:NQ1!,29181.5,29182.5,29174.75,29176.5,68.0,2026-09
2026-09-03 01:10:00,CME_MINI:NQ1!,29175.75,29176.5,29165.25,29166.25,173.0,2026-09
2026-09-03 01:11:00,CME_MINI:NQ1!,29166.25,29179.0,29163.25,29178.25,143.0,2026-09
2026-09-03 01:12:00,CME_MINI:NQ1!,29178.25,29178.5,29174.75,29176.5,77.0,2026-09
2026-09-03 01:13:00,CME_MINI:NQ1!,29177.0,29180.0,29173.0,29179.5,45.0,2026-09
2026-09-03 01:14:00,CME_MINI:NQ1!,29180.0,29185.25,29177.25,29183.25,119.0,2026-09
2026-09-03 01:15:00,CME_MINI:NQ1!,29182.5,29190.5,29181.25,29190.5,128.0,2026-09
2026-09-03 01:16:00,CME_MINI:NQ1!,29190.5,29196.5,29188.25,29192.5,205.0,2026-09
2026-09-03 01:17:00,CME_MINI:NQ1!,29192.75,29197.75,29192.5,29194.75,104.0,2026-09
2026-09-03 01:18:00,CME_MINI:NQ1!,29193.75,29195.5,29191.5,29193.0,73.0,2026-09
2026-09-03 01:19:00,CME_MINI:NQ1!,29193.25,29200.75,29192.25,29195.75,195.0,2026-09
2026-09-03 01:20:00,CME_MINI:NQ1!,29194.25,29198.0,29192.25,29195.75,61.0,2026-09
2026-09-03 01:21:00,CME_MINI:NQ1!,29195.0,29199.25,29192.25,29193.0,72.0,2026-09
2026-09-03 01:22:00,CME_MINI:NQ1!,29193.25,29195.0,29193.0,29194.0,51.0,2026-09
2026-09-03 01:23:00,CME_MINI:NQ1!,29193.5,29193.5,29183.0,29184.25,203.0,2026-09
2026-09-03 01:24:00,CME_MINI:NQ1!,29184.0,29184.5,29166.25,29167.75,275.0,2026-09
2026-09-03 01:25:00,CME_MINI:NQ1!,29167.0,29167.0,29157.75,29157.75,236.0,2026-09
2026-09-03 01:26:00,CME_MINI:NQ1!,29157.5,29166.25,29156.5,29163.0,154.0,2026-09
2026-09-03 01:27:00,CME_MINI:NQ1!,29161.75,29166.75,29158.75,29160.0,164.0,2026-09
2026-09-03 01:28:00,CME_MINI:NQ1!,29160.75,29173.5,29160.75,29173.5,112.0,2026-09
2026-09-03 01:29:00,CME_MINI:NQ1!,29173.25,29177.5,29168.75,29174.75,113.0,2026-09
2026-09-03 01:30:00,CME_MINI:NQ1!,29176.75,29180.0,29171.0,29180.0,235.0,2026-09
2026-09-03 01:31:00,CME_MINI:NQ1!,29179.75,29193.5,29175.0,29189.75,252.0,2026-09
2026-09-03 01:32:00,CME_MINI:NQ1!,29189.0,29195.0,29186.75,29187.5,121.0,2026-09
2026-09-03 01:33:00,CME_MINI:NQ1!,29187.5,29193.5,29184.5,29193.0,114.0,2026-09
2026-09-03 01:34:00,CME_MINI:NQ1!,29192.75,29198.5,29191.0,29198.5,111.0,2026-09
2026-09-03 01:35:00,CME_MINI:NQ1!,29198.25,29199.25,29183.25,29188.0,251.0,2026-09
2026-09-03 01:36:00,CME_MINI:NQ1!,29189.0,29191.5,29186.5,29187.5,49.0,2026-09
2026-09-03 01:37:00,CME_MINI:NQ1!,29188.75,29190.0,29175.5,29179.5,167.0,2026-09
2026-09-03 01:38:00,CME_MINI:NQ1!,29180.25,29183.25,29177.75,29178.75,47.0,2026-09
2026-09-03 01:39:00,CME_MINI:NQ1!,29179.0,29181.25,29176.0,29177.5,70.0,2026-09
2026-09-03 01:40:00,CME_MINI:NQ1!,29178.0,29179.75,29176.5,29177.25,40.0,2026-09
2026-09-03 01:41:00,CME_MINI:NQ1!,29177.75,29181.0,29176.0,29176.75,45.0,2026-09
2026-09-03 01:42:00,CME_MINI:NQ1!,29176.25,29180.0,29173.25,29177.75,52.0,2026-09
2026-09-03 01:43:00,CME_MINI:NQ1!,29177.75,29178.75,29171.75,29178.75,78.0,2026-09
2026-09-03 01:44:00,CME_MINI:NQ1!,29177.0,29177.0,29167.75,29169.0,103.0,2026-09
2026-09-03 01:45:00,CME_MINI:NQ1!,29169.0,29171.0,29163.0,29169.5,106.0,2026-09
2026-09-03 01:46:00,CME_MINI:NQ1!,29170.25,29170.25,29158.0,29158.5,139.0,2026-09
2026-09-03 01:47:00,CME_MINI:NQ1!,29158.75,29162.0,29156.5,29159.5,130.0,2026-09
2026-09-03 01:48:00,CME_MINI:NQ1!,29159.25,29171.25,29159.25,29168.75,149.0,2026-09
2026-09-03 01:49:00,CME_MINI:NQ1!,29169.75,29175.75,29169.5,29175.25,131.0,2026-09
2026-09-03 01:50:00,CME_MINI:NQ1!,29175.5,29175.5,29163.0,29163.25,91.0,2026-09
2026-09-03 01:51:00,CME_MINI:NQ1!,29164.5,29165.0,29158.75,29162.5,116.0,2026-09
2026-09-03 01:52:00,CME_MINI:NQ1!,29162.25,29164.5,29157.0,29160.25,76.0,2026-09
2026-09-03 01:53:00,CME_MINI:NQ1!,29160.75,29162.75,29158.5,29160.5,41.0,2026-09
2026-09-03 01:54:00,CME_MINI:NQ1!,29159.75,29159.75,29151.0,29158.0,193.0,2026-09
2026-09-03 01:55:00,CME_MINI:NQ1!,29157.0,29158.0,29152.5,29154.0,55.0,2026-09
2026-09-03 01:56:00,CME_MINI:NQ1!,29154.75,29156.75,29152.75,29153.75,28.0,2026-09
2026-09-03 01:57:00,CME_MINI:NQ1!,29152.5,29153.0,29145.0,29150.5,157.0,2026-09
2026-09-03 01:58:00,CME_MINI:NQ1!,29150.25,29152.0,29138.25,29139.75,272.0,2026-09
2026-09-03 01:59:00,CME_MINI:NQ1!,29138.5,29141.75,29136.25,29137.5,155.0,2026-09
2026-09-03 02:00:00,CME_MINI:NQ1!,29136.75,29141.5,29132.75,29140.75,181.0,2026-09
2026-09-03 02:01:00,CME_MINI:NQ1!,29141.5,29148.5,29139.5,29143.0,121.0,2026-09
2026-09-03 02:02:00,CME_MINI:NQ1!,29142.5,29146.0,29139.25,29146.0,101.0,2026-09
2026-09-03 02:03:00,CME_MINI:NQ1!,29146.0,29153.5,29146.0,29149.75,110.0,2026-09
2026-09-03 02:04:00,CME_MINI:NQ1!,29148.75,29150.75,29143.25,29147.25,73.0,2026-09
2026-09-03 02:05:00,CME_MINI:NQ1!,29148.0,29153.25,29146.25,29153.25,81.0,2026-09
2026-09-03 02:06:00,CME_MINI:NQ1!,29154.0,29158.75,29151.75,29153.0,147.0,2026-09
2026-09-03 02:07:00,CME_MINI:NQ1!,29151.75,29157.25,29151.5,29157.25,66.0,2026-09
2026-09-03 02:08:00,CME_MINI:NQ1!,29156.75,29166.25,29156.25,29163.25,166.0,2026-09
2026-09-03 02:09:00,CME_MINI:NQ1!,29163.0,29166.0,29158.5,29165.5,94.0,2026-09
2026-09-03 02:10:00,CME_MINI:NQ1!,29164.75,29183.25,29164.0,29181.75,323.0,2026-09
2026-09-03 02:11:00,CME_MINI:NQ1!,29181.75,29185.75,29181.0,29184.25,124.0,2026-09
2026-09-03 02:12:00,CME_MINI:NQ1!,29186.0,29186.75,29183.0,29185.0,62.0,2026-09
2026-09-03 02:13:00,CME_MINI:NQ1!,29185.0,29188.0,29174.0,29181.5,290.0,2026-09
2026-09-03 02:14:00,CME_MINI:NQ1!,29181.25,29183.0,29180.0,29182.5,65.0,2026-09
2026-09-03 02:15:00,CME_MINI:NQ1!,29182.75,29182.75,29177.5,29178.5,62.0,2026-09
2026-09-03 02:16:00,CME_MINI:NQ1!,29178.25,29184.5,29178.25,29183.5,62.0,2026-09
2026-09-03 02:17:00,CME_MINI:NQ1!,29184.75,29185.5,29178.75,29182.5,42.0,2026-09
2026-09-03 02:18:00,CME_MINI:NQ1!,29182.75,29191.25,29182.75,29190.75,213.0,2026-09
2026-09-03 02:19:00,CME_MINI:NQ1!,29190.5,29195.0,29188.75,29192.0,113.0,2026-09
2026-09-03 02:20:00,CME_MINI:NQ1!,29192.5,29193.75,29188.75,29190.0,76.0,2026-09
2026-09-03 02:21:00,CME_MINI:NQ1!,29190.5,29190.5,29185.5,29187.25,78.0,2026-09
2026-09-03 02:22:00,CME_MINI:NQ1!,29187.5,29191.0,29187.5,29188.5,42.0,2026-09
2026-09-03 02:23:00,CME_MINI:NQ1!,29187.0,29188.5,29176.5,29176.5,157.0,2026-09
2026-09-03 02:24:00,CME_MINI:NQ1!,29177.25,29185.0,29176.5,29180.75,174.0,2026-09
2026-09-03 02:25:00,CME_MINI:NQ1!,29180.75,29180.75,29173.0,29179.5,90.0,2026-09
2026-09-03 02:26:00,CME_MINI:NQ1!,29179.5,29179.5,29174.25,29175.75,51.0,2026-09
2026-09-03 02:27:00,CME_MINI:NQ1!,29175.25,29190.5,29175.25,29190.0,178.0,2026-09
2026-09-03 02:28:00,CME_MINI:NQ1!,29189.5,29189.75,29184.0,29187.5,62.0,2026-09
2026-09-03 02:29:00,CME_MINI:NQ1!,29187.75,29189.0,29186.0,29188.5,39.0,2026-09
2026-09-03 02:30:00,CME_MINI:NQ1!,29186.5,29194.0,29184.25,29192.0,68.0,2026-09
2026-09-03 02:31:00,CME_MINI:NQ1!,29191.75,29193.25,29187.75,29191.0,44.0,2026-09
2026-09-03 02:32:00,CME_MINI:NQ1!,29189.5,29192.25,29187.75,29187.75,48.0,2026-09
2026-09-03 02:33:00,CME_MINI:NQ1!,29188.25,29197.0,29187.75,29194.75,107.0,2026-09
2026-09-03 02:34:00,CME_MINI:NQ1!,29196.5,29199.0,29191.5,29191.75,87.0,2026-09
2026-09-03 02:35:00,CME_MINI:NQ1!,29191.5,29191.75,29183.25,29184.75,96.0,2026-09
2026-09-03 02:36:00,CME_MINI:NQ1!,29185.0,29185.75,29180.0,29181.75,134.0,2026-09
2026-09-03 02:37:00,CME_MINI:NQ1!,29183.0,29184.75,29181.0,29182.5,34.0,2026-09
2026-09-03 02:38:00,CME_MINI:NQ1!,29182.0,29187.75,29180.75,29187.25,66.0,2026-09
2026-09-03 02:39:00,CME_MINI:NQ1!,29185.5,29185.5,29182.5,29184.75,25.0,2026-09
2026-09-03 02:40:00,CME_MINI:NQ1!,29183.5,29184.5,29182.0,29183.0,30.0,2026-09
2026-09-03 02:41:00,CME_MINI:NQ1!,29183.25,29183.25,29180.5,29181.5,33.0,2026-09
2026-09-03 02:42:00,CME_MINI:NQ1!,29181.0,29183.25,29179.0,29181.0,54.0,2026-09
2026-09-03 02:43:00,CME_MINI:NQ1!,29181.25,29182.25,29179.75,29180.75,24.0,2026-09
2026-09-03 02:44:00,CME_MINI:NQ1!,29181.5,29181.5,29168.75,29173.0,144.0,2026-09
2026-09-03 02:45:00,CME_MINI:NQ1!,29173.25,29174.75,29167.5,29168.5,86.0,2026-09
2026-09-03 02:46:00,CME_MINI:NQ1!,29169.75,29173.5,29168.75,29172.0,29.0,2026-09
2026-09-03 02:47:00,CME_MINI:NQ1!,29173.0,29181.0,29171.0,29177.0,131.0,2026-09
2026-09-03 02:48:00,CME_MINI:NQ1!,29175.75,29179.75,29175.5,29175.75,42.0,2026-09
2026-09-03 02:49:00,CME_MINI:NQ1!,29175.25,29186.0,29173.5,29185.0,122.0,2026-09
2026-09-03 02:50:00,CME_MINI:NQ1!,29185.5,29188.5,29178.0,29181.75,115.0,2026-09
2026-09-03 02:51:00,CME_MINI:NQ1!,29182.25,29185.25,29182.25,29184.75,38.0,2026-09
2026-09-03 02:52:00,CME_MINI:NQ1!,29186.5,29188.0,29184.75,29187.25,51.0,2026-09
2026-09-03 02:53:00,CME_MINI:NQ1!,29187.0,29188.5,29180.75,29181.5,42.0,2026-09
2026-09-03 02:54:00,CME_MINI:NQ1!,29181.5,29185.25,29178.75,29181.25,41.0,2026-09
2026-09-03 02:55:00,CME_MINI:NQ1!,29181.25,29184.0,29179.25,29184.0,25.0,2026-09
2026-09-03 02:56:00,CME_MINI:NQ1!,29181.75,29186.5,29181.0,29183.0,21.0,2026-09
2026-09-03 02:57:00,CME_MINI:NQ1!,29182.0,29186.25,29182.0,29182.5,37.0,2026-09
2026-09-03 02:58:00,CME_MINI:NQ1!,29184.5,29185.25,29181.25,29182.25,26.0,2026-09
2026-09-03 02:59:00,CME_MINI:NQ1!,29182.5,29183.0,29180.0,29180.75,19.0,2026-09
2026-09-03 03:00:00,CME_MINI:NQ1!,29182.25,29185.5,29179.5,29181.0,49.0,2026-09
2026-09-03 03:01:00,CME_MINI:NQ1!,29184.5,29186.75,29181.5,29182.5,31.0,2026-09
2026-09-03 03:02:00,CME_MINI:NQ1!,29184.5,29186.5,29180.0,29181.0,39.0,2026-09
2026-09-03 03:03:00,CME_MINI:NQ1!,29182.5,29193.5,29181.0,29192.25,117.0,2026-09
2026-09-03 03:04:00,CME_MINI:NQ1!,29192.75,29197.0,29192.25,29194.75,66.0,2026-09
2026-09-03 03:05:00,CME_MINI:NQ1!,29194.0,29195.0,29190.0,29192.5,51.0,2026-09
2026-09-03 03:06:00,CME_MINI:NQ1!,29191.5,29191.5,29188.5,29189.5,32.0,2026-09
2026-09-03 03:07:00,CME_MINI:NQ1!,29190.25,29195.25,29188.0,29194.5,102.0,2026-09
2026-09-03 03:08:00,CME_MINI:NQ1!,29195.5,29198.25,29192.75,29193.75,85.0,2026-09
2026-09-03 03:09:00,CME_MINI:NQ1!,29194.0,29196.0,29192.0,29194.5,64.0,2026-09
2026-09-03 03:10:00,CME_MINI:NQ1!,29194.5,29200.0,29194.5,29197.75,124.0,2026-09
2026-09-03 03:11:00,CME_MINI:NQ1!,29198.75,29200.0,29196.25,29198.0,45.0,2026-09
2026-09-03 03:12:00,CME_MINI:NQ1!,29197.5,29200.25,29195.5,29195.75,28.0,2026-09
2026-09-03 03:13:00,CME_MINI:NQ1!,29196.5,29203.5,29196.25,29203.25,68.0,2026-09
2026-09-03 03:14:00,CME_MINI:NQ1!,29203.25,29204.5,29199.5,29203.25,113.0,2026-09
2026-09-03 03:15:00,CME_MINI:NQ1!,29204.25,29211.75,29202.25,29207.0,250.0,2026-09
2026-09-03 03:16:00,CME_MINI:NQ1!,29205.5,29209.0,29204.25,29208.0,108.0,2026-09
2026-09-03 03:17:00,CME_MINI:NQ1!,29208.5,29211.5,29208.25,29211.5,69.0,2026-09
2026-09-03 03:18:00,CME_MINI:NQ1!,29211.0,29228.5,29210.75,29226.5,571.0,2026-09
2026-09-03 03:19:00,CME_MINI:NQ1!,29226.25,29234.0,29222.5,29228.5,407.0,2026-09
2026-09-03 03:20:00,CME_MINI:NQ1!,29228.25,29230.75,29224.25,29229.5,105.0,2026-09
2026-09-03 03:21:00,CME_MINI:NQ1!,29229.25,29231.25,29227.0,29228.25,88.0,2026-09
2026-09-03 03:22:00,CME_MINI:NQ1!,29227.5,29230.0,29216.25,29216.75,135.0,2026-09
2026-09-03 03:23:00,CME_MINI:NQ1!,29217.25,29218.5,29214.25,29215.75,84.0,2026-09
2026-09-03 03:24:00,CME_MINI:NQ1!,29215.75,29216.0,29212.25,29215.75,57.0,2026-09
2026-09-03 03:25:00,CME_MINI:NQ1!,29216.5,29217.5,29213.0,29215.0,55.0,2026-09
2026-09-03 03:26:00,CME_MINI:NQ1!,29215.5,29229.25,29215.25,29222.5,214.0,2026-09
2026-09-03 03:27:00,CME_MINI:NQ1!,29223.0,29226.75,29221.75,29223.0,72.0,2026-09
2026-09-03 03:28:00,CME_MINI:NQ1!,29222.0,29223.25,29219.25,29219.5,53.0,2026-09
2026-09-03 03:29:00,CME_MINI:NQ1!,29219.25,29220.5,29217.25,29219.75,67.0,2026-09
2026-09-03 03:30:00,CME_MINI:NQ1!,29220.75,29233.0,29217.75,29226.25,190.0,2026-09
2026-09-03 03:31:00,CME_MINI:NQ1!,29226.25,29227.0,29222.75,29224.25,49.0,2026-09
2026-09-03 03:32:00,CME_MINI:NQ1!,29224.0,29228.75,29224.0,29227.0,19.0,2026-09
2026-09-03 03:33:00,CME_MINI:NQ1!,29227.25,29227.5,29222.75,29224.75,28.0,2026-09
2026-09-03 03:34:00,CME_MINI:NQ1!,29224.75,29225.5,29222.0,29224.75,39.0,2026-09
2026-09-03 03:35:00,CME_MINI:NQ1!,29221.0,29223.5,29218.0,29223.5,79.0,2026-09
2026-09-03 03:36:00,CME_MINI:NQ1!,29223.5,29224.75,29221.25,29224.75,20.0,2026-09
2026-09-03 03:37:00,CME_MINI:NQ1!,29224.25,29227.75,29223.75,29227.5,35.0,2026-09
2026-09-03 03:38:00,CME_MINI:NQ1!,29227.75,29228.5,29224.75,29225.25,31.0,2026-09
2026-09-03 03:39:00,CME_MINI:NQ1!,29225.5,29228.25,29225.5,29227.5,47.0,2026-09
2026-09-03 03:40:00,CME_MINI:NQ1!,29228.0,29228.25,29225.75,29226.75,36.0,2026-09
2026-09-03 03:41:00,CME_MINI:NQ1!,29226.0,29233.75,29226.0,29228.5,146.0,2026-09
2026-09-03 03:42:00,CME_MINI:NQ1!,29229.75,29232.25,29229.5,29230.75,53.0,2026-09
2026-09-03 03:43:00,CME_MINI:NQ1!,29231.0,29231.0,29225.5,29226.5,43.0,2026-09
2026-09-03 03:44:00,CME_MINI:NQ1!,29228.25,29231.25,29227.5,29227.5,13.0,2026-09
2026-09-03 03:45:00,CME_MINI:NQ1!,29227.0,29227.5,29222.0,29225.5,51.0,2026-09
2026-09-03 18:27:00,CME_MINI:NQ1!,29570.0,29570.75,29566.5,29568.5,390.0,2026-09
2026-09-03 18:28:00,CME_MINI:NQ1!,29568.5,29573.75,29567.5,29571.5,297.0,2026-09
2026-09-03 18:29:00,CME_MINI:NQ1!,29571.5,29573.5,29569.0,29570.5,225.0,2026-09
2026-09-03 18:30:00,CME_MINI:NQ1!,29571.0,29574.0,29565.5,29573.0,520.0,2026-09
2026-09-03 18:31:00,CME_MINI:NQ1!,29572.25,29572.25,29564.0,29566.75,423.0,2026-09
2026-09-03 18:32:00,CME_MINI:NQ1!,29566.5,29571.0,29565.5,29566.5,358.0,2026-09
2026-09-03 18:33:00,CME_MINI:NQ1!,29566.5,29576.75,29566.0,29576.5,421.0,2026-09
2026-09-03 18:34:00,CME_MINI:NQ1!,29576.25,29578.0,29573.0,29576.5,394.0,2026-09
2026-09-03 18:35:00,CME_MINI:NQ1!,29576.75,29580.0,29571.5,29574.75,386.0,2026-09
2026-09-03 18:36:00,CME_MINI:NQ1!,29574.0,29575.5,29570.25,29571.75,329.0,2026-09
2026-09-03 18:37:00,CME_MINI:NQ1!,29572.0,29574.0,29570.25,29573.0,211.0,2026-09
2026-09-03 18:38:00,CME_MINI:NQ1!,29573.25,29577.5,29573.25,29574.25,225.0,2026-09
2026-09-03 18:39:00,CME_MINI:NQ1!,29573.75,29578.5,29573.75,29575.5,242.0,2026-09
2026-09-03 18:40:00,CME_MINI:NQ1!,29575.25,29576.5,29567.25,29568.5,350.0,2026-09
2026-09-03 18:41:00,CME_MINI:NQ1!,29568.5,29571.5,29567.0,29567.5,242.0,2026-09
2026-09-03 18:42:00,CME_MINI:NQ1!,29568.25,29569.25,29561.75,29566.5,601.0,2026-09
2026-09-03 18:43:00,CME_MINI:NQ1!,29566.5,29566.5,29560.0,29564.75,455.0,2026-09
2026-09-03 18:44:00,CME_MINI:NQ1!,29564.25,29566.0,29559.5,29560.5,466.0,2026-09
2026-09-03 18:45:00,CME_MINI:NQ1!,29560.75,29566.0,29559.5,29565.25,397.0,2026-09
2026-09-03 18:46:00,CME_MINI:NQ1!,29565.75,29569.5,29565.0,29566.0,353.0,2026-09
2026-09-03 18:47:00,CME_MINI:NQ1!,29566.0,29572.0,29565.0,29570.75,370.0,2026-09
2026-09-03 18:48:00,CME_MINI:NQ1!,29570.5,29572.0,29566.0,29567.0,337.0,2026-09
2026-09-03 18:49:00,CME_MINI:NQ1!,29567.0,29576.25,29564.75,29576.25,390.0,2026-09
2026-09-03 18:50:00,CME_MINI:NQ1!,29576.0,29581.0,29572.75,29573.0,565.0,2026-09
2026-09-03 18:51:00,CME_MINI:NQ1!,29573.25,29574.0,29567.0,29568.5,491.0,2026-09
2026-09-03 18:52:00,CME_MINI:NQ1!,29569.0,29570.5,29564.5,29567.5,466.0,2026-09
2026-09-03 18:53:00,CME_MINI:NQ1!,29567.0,29570.25,29566.25,29569.75,262.0,2026-09
2026-09-03 18:54:00,CME_MINI:NQ1!,29569.5,29571.5,29566.75,29569.75,421.0,2026-09
2026-09-03 18:55:00,CME_MINI:NQ1!,29569.5,29569.75,29561.5,29563.5,612.0,2026-09
2026-09-03 18:56:00,CME_MINI:NQ1!,29563.5,29565.0,29561.75,29563.75,336.0,2026-09
2026-09-03 18:57:00,CME_MINI:NQ1!,29563.75,29565.0,29560.5,29561.5,390.0,2026-09
2026-09-03 18:58:00,CME_MINI:NQ1!,29561.5,29566.0,29561.25,29565.75,352.0,2026-09
2026-09-03 18:59:00,CME_MINI:NQ1!,29565.25,29569.25,29565.25,29568.25,376.0,2026-09
2026-09-03 19:00:00,CME_MINI:NQ1!,29568.25,29570.5,29553.25,29556.25,730.0,2026-09
2026-09-03 19:01:00,CME_MINI:NQ1!,29556.0,29558.0,29553.25,29558.0,500.0,2026-09
2026-09-03 19:02:00,CME_MINI:NQ1!,29557.5,29559.75,29552.0,29555.25,424.0,2026-09
2026-09-03 19:03:00,CME_MINI:NQ1!,29555.25,29559.5,29553.25,29553.75,364.0,2026-09
2026-09-03 19:04:00,CME_MINI:NQ1!,29554.25,29557.75,29552.25,29557.0,324.0,2026-09
2026-09-03 19:05:00,CME_MINI:NQ1!,29557.25,29561.0,29553.5,29556.5,432.0,2026-09
2026-09-03 19:06:00,CME_MINI:NQ1!,29556.5,29558.0,29553.0,29556.0,239.0,2026-09
2026-09-03 19:07:00,CME_MINI:NQ1!,29556.0,29557.5,29554.0,29554.0,261.0,2026-09
2026-09-03 19:08:00,CME_MINI:NQ1!,29553.75,29555.25,29546.75,29552.75,658.0,2026-09
2026-09-03 19:09:00,CME_MINI:NQ1!,29551.75,29552.25,29547.75,29548.25,301.0,2026-09
2026-09-03 19:10:00,CME_MINI:NQ1!,29548.5,29552.5,29547.5,29551.25,332.0,2026-09
2026-09-03 19:11:00,CME_MINI:NQ1!,29550.75,29550.75,29543.5,29544.25,476.0,2026-09
2026-09-03 19:12:00,CME_MINI:NQ1!,29544.25,29546.25,29541.75,29544.5,416.0,2026-09
2026-09-03 19:13:00,CME_MINI:NQ1!,29544.5,29544.75,29538.0,29539.25,685.0,2026-09
2026-09-03 19:14:00,CME_MINI:NQ1!,29539.5,29539.75,29532.75,29538.25,745.0,2026-09
2026-09-03 19:15:00,CME_MINI:NQ1!,29538.25,29541.5,29533.0,29539.0,859.0,2026-09
2026-09-03 19:16:00,CME_MINI:NQ1!,29538.5,29539.75,29532.75,29533.25,490.0,2026-09
2026-09-03 19:17:00,CME_MINI:NQ1!,29533.5,29538.0,29530.5,29535.5,556.0,2026-09
2026-09-03 19:18:00,CME_MINI:NQ1!,29535.5,29538.0,29530.75,29536.5,372.0,2026-09
2026-09-03 19:19:00,CME_MINI:NQ1!,29536.75,29543.0,29535.0,29543.0,602.0,2026-09
2026-09-03 19:20:00,CME_MINI:NQ1!,29543.0,29543.5,29531.75,29537.5,1088.0,2026-09
2026-09-03 19:21:00,CME_MINI:NQ1!,29537.5,29543.5,29532.5,29538.5,558.0,2026-09
2026-09-03 19:22:00,CME_MINI:NQ1!,29538.5,29539.75,29535.75,29536.75,401.0,2026-09
2026-09-03 19:23:00,CME_MINI:NQ1!,29536.75,29540.0,29533.5,29534.75,584.0,2026-09
2026-09-03 19:24:00,CME_MINI:NQ1!,29535.0,29535.5,29526.5,29530.5,825.0,2026-09
2026-09-03 19:25:00,CME_MINI:NQ1!,29530.75,29532.75,29528.25,29532.25,475.0,2026-09
2026-09-03 19:26:00,CME_MINI:NQ1!,29532.5,29536.75,29527.75,29534.25,515.0,2026-09
2026-09-03 19:27:00,CME_MINI:NQ1!,29534.75,29537.0,29529.0,29531.0,413.0,2026-09
2026-09-03 19:28:00,CME_MINI:NQ1!,29531.25,29531.5,29526.0,29530.25,439.0,2026-09
2026-09-03 19:29:00,CME_MINI:NQ1!,29531.0,29535.5,29530.0,29533.25,482.0,2026-09
2026-09-03 19:30:00,CME_MINI:NQ1!,29533.25,29539.5,29530.25,29532.25,1113.0,2026-09
2026-09-03 19:31:00,CME_MINI:NQ1!,29532.75,29539.5,29532.75,29536.25,445.0,2026-09
2026-09-03 19:32:00,CME_MINI:NQ1!,29536.0,29536.75,29531.5,29532.25,495.0,2026-09
2026-09-03 19:33:00,CME_MINI:NQ1!,29532.0,29533.5,29528.25,29529.5,524.0,2026-09
2026-09-03 19:34:00,CME_MINI:NQ1!,29529.5,29530.25,29523.75,29525.75,630.0,2026-09
2026-09-03 19:35:00,CME_MINI:NQ1!,29526.25,29533.25,29525.5,29528.75,582.0,2026-09
2026-09-03 19:36:00,CME_MINI:NQ1!,29529.25,29534.25,29527.0,29531.5,477.0,2026-09
2026-09-03 19:37:00,CME_MINI:NQ1!,29531.5,29536.75,29529.0,29535.25,456.0,2026-09
2026-09-03 19:38:00,CME_MINI:NQ1!,29535.5,29535.75,29530.0,29531.25,407.0,2026-09
2026-09-03 19:39:00,CME_MINI:NQ1!,29531.75,29534.75,29529.25,29531.75,332.0,2026-09
2026-09-03 19:40:00,CME_MINI:NQ1!,29532.0,29540.0,29531.0,29534.25,664.0,2026-09
2026-09-03 19:41:00,CME_MINI:NQ1!,29534.75,29534.75,29526.5,29526.5,707.0,2026-09
2026-09-03 19:42:00,CME_MINI:NQ1!,29526.25,29530.5,29521.75,29527.0,582.0,2026-09
2026-09-03 19:43:00,CME_MINI:NQ1!,29527.5,29528.25,29522.25,29525.75,618.0,2026-09
2026-09-03 19:44:00,CME_MINI:NQ1!,29526.25,29528.75,29523.75,29524.0,353.0,2026-09
2026-09-03 19:45:00,CME_MINI:NQ1!,29524.25,29536.0,29523.75,29536.0,746.0,2026-09
2026-09-03 19:46:00,CME_MINI:NQ1!,29535.5,29536.0,29526.25,29526.5,539.0,2026-09
2026-09-03 19:47:00,CME_MINI:NQ1!,29527.0,29528.5,29522.5,29523.0,563.0,2026-09
2026-09-03 19:48:00,CME_MINI:NQ1!,29523.5,29524.0,29515.5,29523.25,732.0,2026-09
2026-09-03 19:49:00,CME_MINI:NQ1!,29523.25,29523.5,29516.75,29521.5,656.0,2026-09
2026-09-03 19:50:00,CME_MINI:NQ1!,29520.75,29527.0,29517.0,29519.5,1177.0,2026-09
2026-09-03 19:51:00,CME_MINI:NQ1!,29519.25,29520.0,29509.75,29517.25,954.0,2026-09
2026-09-03 19:52:00,CME_MINI:NQ1!,29516.75,29523.0,29512.0,29512.25,1012.0,2026-09
2026-09-03 19:53:00,CME_MINI:NQ1!,29512.75,29518.25,29510.75,29511.75,866.0,2026-09
2026-09-03 19:54:00,CME_MINI:NQ1!,29511.5,29528.75,29509.75,29526.0,1914.0,2026-09
2026-09-03 19:55:00,CME_MINI:NQ1!,29526.0,29527.25,29509.25,29515.5,1765.0,2026-09
2026-09-03 19:56:00,CME_MINI:NQ1!,29515.5,29516.75,29511.0,29516.5,1228.0,2026-09
2026-09-03 19:57:00,CME_MINI:NQ1!,29516.5,29524.75,29516.25,29522.75,1566.0,2026-09
2026-09-03 19:58:00,CME_MINI:NQ1!,29523.5,29524.5,29509.75,29516.75,2075.0,2026-09
2026-09-03 19:59:00,CME_MINI:NQ1!,29516.75,29536.25,29512.0,29530.75,9571.0,2026-09
2026-09-03 20:00:00,CME_MINI:NQ1!,29531.0,29536.25,29507.0,29508.0,2967.0,2026-09
2026-09-03 20:01:00,CME_MINI:NQ1!,29508.5,29513.5,29507.5,29512.0,815.0,2026-09
2026-09-03 20:02:00,CME_MINI:NQ1!,29512.25,29520.5,29511.5,29515.0,551.0,2026-09
2026-09-03 20:03:00,CME_MINI:NQ1!,29515.25,29516.0,29510.5,29515.0,238.0,2026-09
2026-09-03 20:04:00,CME_MINI:NQ1!,29515.5,29517.25,29512.5,29514.75,271.0,2026-09
2026-09-03 20:05:00,CME_MINI:NQ1!,29514.5,29517.5,29510.5,29511.5,332.0,2026-09
2026-09-03 20:06:00,CME_MINI:NQ1!,29511.75,29515.25,29510.5,29514.0,291.0,2026-09
2026-09-03 20:07:00,CME_MINI:NQ1!,29513.75,29519.0,29513.25,29517.0,266.0,2026-09
2026-09-03 20:08:00,CME_MINI:NQ1!,29517.25,29522.0,29517.25,29521.5,195.0,2026-09
2026-09-03 20:09:00,CME_MINI:NQ1!,29521.5,29523.25,29518.0,29518.0,185.0,2026-09
2026-09-03 20:10:00,CME_MINI:NQ1!,29518.75,29520.75,29517.25,29519.5,173.0,2026-09
2026-09-03 20:11:00,CME_MINI:NQ1!,29519.5,29519.75,29513.75,29514.25,136.0,2026-09
2026-09-03 20:12:00,CME_MINI:NQ1!,29514.25,29518.5,29514.25,29516.5,108.0,2026-09
2026-09-03 20:13:00,CME_MINI:NQ1!,29516.5,29520.75,29516.25,29519.5,128.0,2026-09
2026-09-03 20:14:00,CME_MINI:NQ1!,29518.75,29522.0,29518.5,29521.25,312.0,2026-09
2026-09-03 20:15:00,CME_MINI:NQ1!,29521.5,29522.0,29518.0,29520.5,159.0,2026-09
2026-09-03 20:16:00,CME_MINI:NQ1!,29520.25,29521.25,29515.75,29517.5,143.0,2026-09
2026-09-03 20:17:00,CME_MINI:NQ1!,29517.25,29518.75,29516.75,29516.75,73.0,2026-09
2026-09-03 20:18:00,CME_MINI:NQ1!,29517.5,29518.0,29515.0,29516.75,107.0,2026-09
2026-09-03 20:19:00,CME_MINI:NQ1!,29515.5,29515.5,29511.0,29512.0,204.0,2026-09
2026-09-03 20:20:00,CME_MINI:NQ1!,29512.25,29512.75,29509.5,29510.25,125.0,2026-09
2026-09-03 20:21:00,CME_MINI:NQ1!,29510.0,29511.5,29508.0,29510.5,138.0,2026-09
2026-09-03 20:22:00,CME_MINI:NQ1!,29510.75,29511.25,29510.0,29511.25,51.0,2026-09
2026-09-03 20:23:00,CME_MINI:NQ1!,29511.25,29511.25,29509.0,29509.0,47.0,2026-09
2026-09-03 20:24:00,CME_MINI:NQ1!,29509.5,29511.0,29505.0,29505.25,152.0,2026-09
2026-09-03 20:25:00,CME_MINI:NQ1!,29506.0,29509.5,29505.5,29509.0,109.0,2026-09
2026-09-03 20:26:00,CME_MINI:NQ1!,29509.5,29511.75,29507.75,29511.25,68.0,2026-09
2026-09-03 20:27:00,CME_MINI:NQ1!,29511.0,29512.0,29509.25,29509.75,75.0,2026-09
2026-09-03 20:28:00,CME_MINI:NQ1!,29509.25,29510.25,29508.5,29509.25,33.0,2026-09
2026-09-03 20:29:00,CME_MINI:NQ1!,29509.5,29511.0,29509.0,29510.25,51.0,2026-09
2026-09-03 20:30:00,CME_MINI:NQ1!,29510.25,29510.25,29508.0,29509.5,65.0,2026-09
2026-09-03 20:31:00,CME_MINI:NQ1!,29509.75,29512.75,29509.75,29512.5,56.0,2026-09
2026-09-03 20:32:00,CME_MINI:NQ1!,29512.25,29513.0,29511.75,29513.0,37.0,2026-09
2026-09-03 20:33:00,CME_MINI:NQ1!,29513.0,29515.75,29512.25,29515.75,141.0,2026-09
2026-09-03 20:34:00,CME_MINI:NQ1!,29515.25,29516.0,29514.0,29514.5,38.0,2026-09
2026-09-03 20:35:00,CME_MINI:NQ1!,29514.0,29516.0,29513.5,29515.25,39.0,2026-09
2026-09-03 20:36:00,CME_MINI:NQ1!,29515.0,29516.5,29514.0,29514.75,41.0,2026-09
2026-09-03 20:37:00,CME_MINI:NQ1!,29514.75,29516.75,29514.75,29516.5,53.0,2026-09
2026-09-03 20:38:00,CME_MINI:NQ1!,29516.0,29516.0,29514.0,29514.5,44.0,2026-09
2026-09-03 20:39:00,CME_MINI:NQ1!,29514.75,29514.75,29511.0,29512.0,106.0,2026-09
2026-09-03 20:40:00,CME_MINI:NQ1!,29511.5,29512.75,29510.25,29512.25,68.0,2026-09
2026-09-03 20:41:00,CME_MINI:NQ1!,29512.0,29512.75,29511.25,29511.5,45.0,2026-09
2026-09-03 20:42:00,CME_MINI:NQ1!,29511.75,29513.5,29511.0,29513.0,69.0,2026-09
2026-09-03 20:43:00,CME_MINI:NQ1!,29512.75,29513.0,29510.5,29512.5,54.0,2026-09
2026-09-03 20:44:00,CME_MINI:NQ1!,29513.0,29513.0,29510.5,29510.75,69.0,2026-09
2026-09-03 20:45:00,CME_MINI:NQ1!,29511.25,29512.75,29509.5,29511.0,110.0,2026-09
2026-09-03 20:46:00,CME_MINI:NQ1!,29512.0,29512.0,29507.5,29508.25,67.0,2026-09
2026-09-03 20:47:00,CME_MINI:NQ1!,29509.0,29510.25,29507.75,29510.0,80.0,2026-09
2026-09-03 20:48:00,CME_MINI:NQ1!,29509.25,29510.5,29507.0,29508.5,90.0,2026-09
2026-09-03 20:49:00,CME_MINI:NQ1!,29508.75,29510.25,29507.25,29510.25,114.0,2026-09
2026-09-03 20:50:00,CME_MINI:NQ1!,29509.75,29510.0,29505.5,29506.5,85.0,2026-09
2026-09-03 20:51:00,CME_MINI:NQ1!,29506.75,29506.75,29502.0,29506.0,155.0,2026-09
2026-09-03 20:52:00,CME_MINI:NQ1!,29506.25,29506.25,29499.5,29500.25,98.0,2026-09
2026-09-03 20:53:00,CME_MINI:NQ1!,29500.5,29503.25,29500.5,29502.5,85.0,2026-09
2026-09-03 20:54:00,CME_MINI:NQ1!,29502.75,29502.75,29499.25,29501.5,100.0,2026-09
2026-09-03 20:55:00,CME_MINI:NQ1!,29502.0,29503.75,29501.0,29502.25,111.0,2026-09
2026-09-03 20:56:00,CME_MINI:NQ1!,29502.75,29505.25,29502.75,29504.25,31.0,2026-09
2026-09-03 20:57:00,CME_MINI:NQ1!,29503.75,29504.25,29502.25,29504.25,41.0,2026-09
2026-09-03 20:58:00,CME_MINI:NQ1!,29502.75,29506.75,29502.75,29505.25,52.0,2026-09
2026-09-03 20:59:00,CME_MINI:NQ1!,29505.25,29507.75,29501.5,29502.25,187.0,2026-09
2026-09-03 22:00:00,CME_MINI:NQ1!,29505.0,29509.0,29495.25,29496.5,249.0,2026-09
2026-09-03 22:01:00,CME_MINI:NQ1!,29497.5,29501.25,29484.0,29491.75,262.0,2026-09
2026-09-03 22:02:00,CME_MINI:NQ1!,29492.0,29492.5,29486.25,29486.25,85.0,2026-09
2026-09-03 22:03:00,CME_MINI:NQ1!,29487.25,29497.0,29487.25,29492.75,140.0,2026-09
2026-09-03 22:04:00,CME_MINI:NQ1!,29492.75,29495.5,29491.5,29494.25,44.0,2026-09
2026-09-03 22:05:00,CME_MINI:NQ1!,29494.0,29496.75,29492.25,29494.75,61.0,2026-09
2026-09-03 22:06:00,CME_MINI:NQ1!,29493.25,29495.75,29489.25,29495.0,72.0,2026-09
2026-09-03 22:07:00,CME_MINI:NQ1!,29494.75,29494.75,29490.25,29493.0,31.0,2026-09
2026-09-03 22:08:00,CME_MINI:NQ1!,29492.0,29492.0,29488.75,29490.25,26.0,2026-09
2026-09-03 22:09:00,CME_MINI:NQ1!,29488.75,29490.25,29485.25,29487.0,58.0,2026-09
2026-09-03 22:10:00,CME_MINI:NQ1!,29485.75,29488.5,29482.0,29484.5,106.0,2026-09
2026-09-03 22:11:00,CME_MINI:NQ1!,29484.0,29488.0,29482.75,29486.75,60.0,2026-09
2026-09-03 22:12:00,CME_MINI:NQ1!,29487.75,29488.75,29486.0,29487.25,49.0,2026-09
2026-09-03 22:13:00,CME_MINI:NQ1!,29488.25,29489.0,29487.0,29487.75,25.0,2026-09
2026-09-03 22:14:00,CME_MINI:NQ1!,29487.0,29489.0,29485.0,29485.25,50.0,2026-09
2026-09-03 22:15:00,CME_MINI:NQ1!,29485.5,29491.75,29484.75,29489.0,103.0,2026-09
2026-09-03 22:16:00,CME_MINI:NQ1!,29489.5,29491.5,29488.5,29490.5,28.0,2026-09
2026-09-03 22:17:00,CME_MINI:NQ1!,29491.0,29496.0,29491.0,29494.5,83.0,2026-09
2026-09-03 22:18:00,CME_MINI:NQ1!,29494.25,29495.5,29491.75,29492.75,52.0,2026-09
2026-09-03 22:19:00,CME_MINI:NQ1!,29492.0,29492.0,29490.0,29491.25,23.0,2026-09
2026-09-03 22:20:00,CME_MINI:NQ1!,29492.25,29492.5,29488.25,29489.25,35.0,2026-09
2026-09-03 22:21:00,CME_MINI:NQ1!,29491.0,29493.0,29490.75,29492.0,22.0,2026-09
2026-09-03 22:22:00,CME_MINI:NQ1!,29491.75,29493.75,29491.75,29493.75,22.0,2026-09
2026-09-03 22:23:00,CME_MINI:NQ1!,29494.0,29494.75,29493.25,29494.0,17.0,2026-09
2026-09-03 22:24:00,CME_MINI:NQ1!,29493.25,29493.25,29489.25,29489.5,43.0,2026-09
2026-09-03 22:25:00,CME_MINI:NQ1!,29490.0,29491.5,29485.5,29488.75,77.0,2026-09
2026-09-03 22:26:00,CME_MINI:NQ1!,29488.0,29490.75,29487.5,29489.75,101.0,2026-09
2026-09-03 22:27:00,CME_MINI:NQ1!,29490.5,29490.75,29490.25,29490.25,4.0,2026-09
2026-09-03 22:28:00,CME_MINI:NQ1!,29489.25,29489.5,29488.5,29489.25,9.0,2026-09
2026-09-03 22:29:00,CME_MINI:NQ1!,29489.75,29491.75,29489.5,29490.0,21.0,2026-09
2026-09-03 22:30:00,CME_MINI:NQ1!,29491.0,29494.25,29490.0,29490.0,42.0,2026-09
2026-09-03 22:31:00,CME_MINI:NQ1!,29490.5,29494.0,29490.5,29492.75,46.0,2026-09
2026-09-03 22:32:00,CME_MINI:NQ1!,29492.25,29494.0,29492.25,29493.5,17.0,2026-09
2026-09-03 22:33:00,CME_MINI:NQ1!,29494.5,29495.75,29493.75,29494.5,46.0,2026-09
2026-09-03 22:34:00,CME_MINI:NQ1!,29494.25,29496.75,29493.0,29496.5,26.0,2026-09
2026-09-03 22:35:00,CME_MINI:NQ1!,29496.75,29498.5,29496.5,29497.5,33.0,2026-09
2026-09-03 22:36:00,CME_MINI:NQ1!,29497.25,29497.25,29495.25,29495.25,19.0,2026-09
2026-09-03 22:37:00,CME_MINI:NQ1!,29495.25,29495.75,29494.5,29495.0,22.0,2026-09
2026-09-03 22:38:00,CME_MINI:NQ1!,29495.5,29495.5,29493.75,29495.25,13.0,2026-09
2026-09-03 22:39:00,CME_MINI:NQ1!,29495.0,29495.0,29492.5,29494.0,24.0,2026-09
2026-09-03 22:40:00,CME_MINI:NQ1!,29493.5,29495.75,29492.75,29495.25,23.0,2026-09
2026-09-03 22:41:00,CME_MINI:NQ1!,29495.25,29495.25,29491.5,29491.5,66.0,2026-09
2026-09-03 22:42:00,CME_MINI:NQ1!,29492.25,29493.0,29490.75,29492.0,24.0,2026-09
2026-09-03 22:43:00,CME_MINI:NQ1!,29492.75,29495.0,29492.75,29494.75,31.0,2026-09
2026-09-03 22:44:00,CME_MINI:NQ1!,29494.25,29494.75,29493.75,29494.25,9.0,2026-09
2026-09-03 22:45:00,CME_MINI:NQ1!,29495.75,29497.0,29495.75,29496.0,40.0,2026-09
2026-09-03 22:46:00,CME_MINI:NQ1!,29496.5,29499.5,29493.5,29495.25,76.0,2026-09
2026-09-03 22:47:00,CME_MINI:NQ1!,29495.75,29497.25,29495.25,29497.25,51.0,2026-09
2026-09-03 22:48:00,CME_MINI:NQ1!,29496.0,29496.5,29495.25,29495.25,14.0,2026-09
2026-09-03 22:49:00,CME_MINI:NQ1!,29495.25,29497.5,29495.0,29496.25,26.0,2026-09
2026-09-03 22:50:00,CME_MINI:NQ1!,29497.0,29497.75,29496.5,29497.0,15.0,2026-09
2026-09-03 22:51:00,CME_MINI:NQ1!,29497.5,29499.0,29497.0,29499.0,19.0,2026-09
2026-09-03 22:52:00,CME_MINI:NQ1!,29499.25,29501.5,29497.5,29499.75,78.0,2026-09
2026-09-03 22:53:00,CME_MINI:NQ1!,29499.25,29502.75,29499.25,29500.0,42.0,2026-09
2026-09-03 22:54:00,CME_MINI:NQ1!,29499.75,29500.5,29499.0,29499.0,20.0,2026-09
2026-09-03 22:55:00,CME_MINI:NQ1!,29499.0,29501.75,29499.0,29500.25,51.0,2026-09
2026-09-03 22:56:00,CME_MINI:NQ1!,29501.0,29502.5,29500.75,29502.5,21.0,2026-09
2026-09-03 22:57:00,CME_MINI:NQ1!,29501.75,29504.5,29501.75,29503.0,65.0,2026-09
2026-09-03 22:58:00,CME_MINI:NQ1!,29502.75,29505.25,29501.75,29504.5,66.0,2026-09
2026-09-03 22:59:00,CME_MINI:NQ1!,29504.0,29512.75,29504.0,29508.75,217.0,2026-09
2026-09-03 23:00:00,CME_MINI:NQ1!,29508.25,29509.75,29505.25,29506.0,71.0,2026-09
2026-09-03 23:01:00,CME_MINI:NQ1!,29506.0,29507.75,29502.25,29507.75,40.0,2026-09
2026-09-03 23:02:00,CME_MINI:NQ1!,29507.5,29511.5,29507.5,29509.75,35.0,2026-09
2026-09-03 23:03:00,CME_MINI:NQ1!,29508.75,29511.25,29508.5,29510.0,37.0,2026-09
2026-09-03 23:04:00,CME_MINI:NQ1!,29510.25,29511.25,29507.25,29507.25,81.0,2026-09
2026-09-03 23:05:00,CME_MINI:NQ1!,29506.5,29510.5,29506.0,29508.5,71.0,2026-09
2026-09-03 23:06:00,CME_MINI:NQ1!,29508.25,29508.25,29501.25,29505.0,52.0,2026-09
2026-09-03 23:07:00,CME_MINI:NQ1!,29505.0,29510.0,29502.5,29510.0,37.0,2026-09
2026-09-03 23:08:00,CME_MINI:NQ1!,29510.0,29510.5,29507.0,29508.25,16.0,2026-09
2026-09-03 23:09:00,CME_MINI:NQ1!,29507.75,29511.0,29507.75,29510.75,37.0,2026-09
2026-09-03 23:10:00,CME_MINI:NQ1!,29510.0,29510.75,29507.75,29509.0,14.0,2026-09
2026-09-03 23:11:00,CME_MINI:NQ1!,29508.5,29509.5,29506.25,29506.25,14.0,2026-09
2026-09-03 23:12:00,CME_MINI:NQ1!,29507.0,29509.0,29506.5,29507.0,44.0,2026-09
2026-09-03 23:13:00,CME_MINI:NQ1!,29507.25,29507.5,29500.5,29502.0,75.0,2026-09
2026-09-03 23:14:00,CME_MINI:NQ1!,29502.5,29505.25,29502.5,29503.25,23.0,2026-09
2026-09-03 23:15:00,CME_MINI:NQ1!,29503.0,29503.5,29502.5,29502.75,8.0,2026-09
2026-09-03 23:16:00,CME_MINI:NQ1!,29502.5,29502.75,29500.5,29500.5,24.0,2026-09
2026-09-03 23:17:00,CME_MINI:NQ1!,29500.75,29502.5,29498.25,29501.75,63.0,2026-09
2026-09-03 23:18:00,CME_MINI:NQ1!,29502.75,29505.75,29502.25,29504.25,34.0,2026-09
2026-09-03 23:19:00,CME_MINI:NQ1!,29505.25,29506.5,29502.75,29506.0,75.0,2026-09
2026-09-03 23:20:00,CME_MINI:NQ1!,29505.75,29506.0,29503.5,29503.5,14.0,2026-09
2026-09-03 23:21:00,CME_MINI:NQ1!,29503.5,29504.75,29502.75,29502.75,14.0,2026-09
2026-09-03 23:22:00,CME_MINI:NQ1!,29502.5,29504.0,29502.25,29504.0,11.0,2026-09
2026-09-03 23:23:00,CME_MINI:NQ1!,29503.0,29507.0,29503.0,29503.75,31.0,2026-09
2026-09-03 23:24:00,CME_MINI:NQ1!,29503.75,29504.0,29501.75,29503.5,12.0,2026-09
2026-09-03 23:25:00,CME_MINI:NQ1!,29504.25,29505.75,29504.0,29505.5,10.0,2026-09
2026-09-03 23:26:00,CME_MINI:NQ1!,29505.75,29505.75,29504.0,29505.75,26.0,2026-09
2026-09-03 23:27:00,CME_MINI:NQ1!,29506.0,29508.75,29505.0,29508.0,29.0,2026-09
2026-09-03 23:28:00,CME_MINI:NQ1!,29508.75,29509.5,29506.25,29509.5,28.0,2026-09
2026-09-03 23:29:00,CME_MINI:NQ1!,29509.25,29509.25,29506.5,29507.25,21.0,2026-09
2026-09-03 23:30:00,CME_MINI:NQ1!,29507.0,29507.75,29501.25,29506.5,69.0,2026-09
2026-09-03 23:31:00,CME_MINI:NQ1!,29506.0,29507.25,29504.75,29506.75,15.0,2026-09
2026-09-03 23:32:00,CME_MINI:NQ1!,29506.0,29506.0,29504.0,29505.5,20.0,2026-09
2026-09-03 23:33:00,CME_MINI:NQ1!,29504.5,29504.75,29503.75,29503.75,12.0,2026-09
2026-09-03 23:34:00,CME_MINI:NQ1!,29504.0,29504.5,29503.5,29503.75,5.0,2026-09
2026-09-03 23:35:00,CME_MINI:NQ1!,29504.25,29504.5,29503.25,29503.25,8.0,2026-09
2026-09-03 23:36:00,CME_MINI:NQ1!,29504.25,29504.25,29503.0,29503.25,11.0,2026-09
2026-09-03 23:37:00,CME_MINI:NQ1!,29504.0,29504.0,29504.0,29504.0,2.0,2026-09
2026-09-03 23:38:00,CME_MINI:NQ1!,29504.0,29505.75,29502.75,29505.75,18.0,2026-09
2026-09-03 23:39:00,CME_MINI:NQ1!,29504.75,29505.25,29504.5,29504.75,10.0,2026-09
2026-09-03 23:40:00,CME_MINI:NQ1!,29505.0,29507.0,29505.0,29506.75,29.0,2026-09
2026-09-03 23:41:00,CME_MINI:NQ1!,29506.5,29508.0,29506.25,29506.25,11.0,2026-09
2026-09-03 23:42:00,CME_MINI:NQ1!,29508.0,29511.0,29507.0,29507.75,45.0,2026-09
2026-09-03 23:43:00,CME_MINI:NQ1!,29506.75,29506.75,29506.75,29506.75,3.0,2026-09
2026-09-03 23:44:00,CME_MINI:NQ1!,29506.75,29506.75,29505.0,29505.0,22.0,2026-09
2026-09-03 23:45:00,CME_MINI:NQ1!,29506.5,29513.25,29504.75,29510.0,157.0,2026-09
2026-09-03 23:46:00,CME_MINI:NQ1!,29510.25,29516.75,29510.0,29515.5,130.0,2026-09
2026-09-03 23:47:00,CME_MINI:NQ1!,29515.25,29515.25,29507.75,29507.75,76.0,2026-09
2026-09-03 23:48:00,CME_MINI:NQ1!,29507.0,29511.0,29507.0,29510.25,31.0,2026-09
2026-09-03 23:49:00,CME_MINI:NQ1!,29509.5,29511.5,29507.75,29511.25,26.0,2026-09
2026-09-03 23:50:00,CME_MINI:NQ1!,29510.75,29515.0,29510.75,29511.25,51.0,2026-09
2026-09-03 23:51:00,CME_MINI:NQ1!,29511.0,29513.25,29510.5,29511.5,18.0,2026-09
2026-09-03 23:52:00,CME_MINI:NQ1!,29511.25,29511.25,29507.25,29509.25,22.0,2026-09
2026-09-03 23:53:00,CME_MINI:NQ1!,29509.25,29509.5,29503.5,29503.5,71.0,2026-09
2026-09-03 23:54:00,CME_MINI:NQ1!,29506.25,29507.25,29502.75,29506.25,54.0,2026-09
2026-09-03 23:55:00,CME_MINI:NQ1!,29507.0,29513.0,29505.75,29509.25,78.0,2026-09
2026-09-03 23:56:00,CME_MINI:NQ1!,29508.5,29509.0,29507.25,29508.0,10.0,2026-09
2026-09-03 23:57:00,CME_MINI:NQ1!,29507.25,29507.5,29503.5,29505.5,24.0,2026-09
2026-09-03 23:58:00,CME_MINI:NQ1!,29504.75,29506.25,29504.5,29504.75,10.0,2026-09
2026-09-03 23:59:00,CME_MINI:NQ1!,29505.0,29505.5,29502.25,29504.0,43.0,2026-09
2026-09-04 00:00:00,CME_MINI:NQ1!,29503.75,29506.75,29495.0,29505.75,236.0,2026-09
2026-09-04 00:01:00,CME_MINI:NQ1!,29505.75,29510.0,29500.75,29502.5,119.0,2026-09
2026-09-04 00:02:00,CME_MINI:NQ1!,29505.75,29507.0,29502.5,29502.5,34.0,2026-09
2026-09-04 00:03:00,CME_MINI:NQ1!,29502.75,29502.75,29497.5,29499.5,78.0,2026-09
2026-09-04 00:04:00,CME_MINI:NQ1!,29499.25,29511.5,29499.25,29511.25,78.0,2026-09
2026-09-04 00:05:00,CME_MINI:NQ1!,29510.75,29513.25,29507.5,29510.25,111.0,2026-09
2026-09-04 00:06:00,CME_MINI:NQ1!,29509.0,29516.0,29508.25,29512.25,115.0,2026-09
2026-09-04 00:07:00,CME_MINI:NQ1!,29512.5,29520.5,29509.25,29520.5,121.0,2026-09
2026-09-04 00:08:00,CME_MINI:NQ1!,29519.25,29519.75,29515.5,29518.25,72.0,2026-09
2026-09-04 00:09:00,CME_MINI:NQ1!,29518.25,29519.0,29513.25,29513.5,96.0,2026-09
2026-09-04 00:10:00,CME_MINI:NQ1!,29512.5,29516.75,29509.25,29510.75,115.0,2026-09
2026-09-04 00:11:00,CME_MINI:NQ1!,29510.25,29519.25,29508.25,29516.0,108.0,2026-09
2026-09-04 00:12:00,CME_MINI:NQ1!,29515.5,29516.75,29514.0,29515.0,31.0,2026-09
2026-09-04 00:13:00,CME_MINI:NQ1!,29514.0,29516.5,29510.25,29511.75,114.0,2026-09
2026-09-04 00:14:00,CME_MINI:NQ1!,29512.0,29512.5,29507.0,29509.75,68.0,2026-09
2026-09-04 00:15:00,CME_MINI:NQ1!,29510.25,29512.5,29505.0,29509.25,115.0,2026-09
2026-09-04 00:16:00,CME_MINI:NQ1!,29509.5,29518.0,29508.75,29518.0,78.0,2026-09
2026-09-04 00:17:00,CME_MINI:NQ1!,29518.0,29520.5,29514.0,29515.25,112.0,2026-09
2026-09-04 00:18:00,CME_MINI:NQ1!,29515.75,29516.0,29509.5,29515.0,85.0,2026-09
2026-09-04 00:19:00,CME_MINI:NQ1!,29515.75,29520.5,29514.0,29519.0,100.0,2026-09
2026-09-04 00:20:00,CME_MINI:NQ1!,29519.5,29524.75,29518.75,29523.0,169.0,2026-09
2026-09-04 00:21:00,CME_MINI:NQ1!,29522.75,29523.5,29519.0,29520.5,57.0,2026-09
2026-09-04 00:22:00,CME_MINI:NQ1!,29520.25,29527.75,29520.0,29526.5,124.0,2026-09
2026-09-04 00:23:00,CME_MINI:NQ1!,29527.0,29527.75,29525.0,29525.5,79.0,2026-09
2026-09-04 00:24:00,CME_MINI:NQ1!,29525.25,29527.5,29524.25,29524.25,35.0,2026-09
2026-09-04 00:25:00,CME_MINI:NQ1!,29525.0,29525.75,29519.25,29520.5,108.0,2026-09
2026-09-04 00:26:00,CME_MINI:NQ1!,29521.25,29522.0,29514.5,29518.0,157.0,2026-09
2026-09-04 00:27:00,CME_MINI:NQ1!,29519.75,29524.5,29519.25,29523.75,68.0,2026-09
2026-09-04 00:28:00,CME_MINI:NQ1!,29523.75,29526.25,29522.0,29526.0,155.0,2026-09
2026-09-04 00:29:00,CME_MINI:NQ1!,29526.5,29529.0,29526.0,29527.5,105.0,2026-09
2026-09-04 00:30:00,CME_MINI:NQ1!,29527.75,29530.75,29527.25,29529.25,156.0,2026-09
2026-09-04 00:31:00,CME_MINI:NQ1!,29528.75,29531.75,29528.75,29529.5,63.0,2026-09
2026-09-04 00:32:00,CME_MINI:NQ1!,29529.5,29529.75,29522.75,29524.0,126.0,2026-09
2026-09-04 00:33:00,CME_MINI:NQ1!,29525.0,29527.0,29519.25,29520.75,135.0,2026-09
2026-09-04 00:34:00,CME_MINI:NQ1!,29521.5,29527.5,29521.5,29526.5,66.0,2026-09
2026-09-04 00:35:00,CME_MINI:NQ1!,29525.25,29525.25,29519.75,29520.5,53.0,2026-09
2026-09-04 00:36:00,CME_MINI:NQ1!,29521.5,29523.75,29521.5,29522.0,58.0,2026-09
2026-09-04 00:37:00,CME_MINI:NQ1!,29522.5,29524.0,29521.5,29522.25,32.0,2026-09
2026-09-04 00:38:00,CME_MINI:NQ1!,29522.75,29530.25,29522.5,29529.25,85.0,2026-09
2026-09-04 00:39:00,CME_MINI:NQ1!,29529.0,29530.5,29527.0,29529.75,61.0,2026-09
2026-09-04 00:40:00,CME_MINI:NQ1!,29528.75,29529.5,29527.5,29528.0,35.0,2026-09
2026-09-04 00:41:00,CME_MINI:NQ1!,29529.5,29531.25,29527.5,29529.75,61.0,2026-09
2026-09-04 00:42:00,CME_MINI:NQ1!,29529.5,29530.5,29529.0,29530.5,43.0,2026-09
2026-09-04 00:43:00,CME_MINI:NQ1!,29530.5,29533.5,29530.5,29532.25,123.0,2026-09
2026-09-04 00:44:00,CME_MINI:NQ1!,29531.0,29532.5,29528.5,29532.5,60.0,2026-09
2026-09-04 00:45:00,CME_MINI:NQ1!,29532.5,29538.75,29531.0,29536.5,194.0,2026-09
2026-09-04 00:46:00,CME_MINI:NQ1!,29536.25,29538.5,29535.5,29537.75,68.0,2026-09
2026-09-04 00:47:00,CME_MINI:NQ1!,29537.5,29537.5,29533.0,29534.75,38.0,2026-09
2026-09-04 00:48:00,CME_MINI:NQ1!,29534.5,29537.25,29533.25,29537.0,51.0,2026-09
2026-09-04 00:49:00,CME_MINI:NQ1!,29537.75,29542.25,29537.75,29539.75,132.0,2026-09
2026-09-04 00:50:00,CME_MINI:NQ1!,29539.25,29541.5,29538.5,29539.0,78.0,2026-09
2026-09-04 00:51:00,CME_MINI:NQ1!,29538.75,29540.25,29537.25,29538.75,32.0,2026-09
2026-09-04 00:52:00,CME_MINI:NQ1!,29538.75,29541.75,29538.25,29541.0,69.0,2026-09
2026-09-04 00:53:00,CME_MINI:NQ1!,29541.0,29541.75,29537.5,29537.5,43.0,2026-09
2026-09-04 00:54:00,CME_MINI:NQ1!,29539.0,29540.25,29537.75,29537.75,38.0,2026-09
2026-09-04 00:55:00,CME_MINI:NQ1!,29537.75,29538.0,29534.25,29534.25,68.0,2026-09
2026-09-04 00:56:00,CME_MINI:NQ1!,29534.0,29536.0,29530.75,29530.75,74.0,2026-09
2026-09-04 00:57:00,CME_MINI:NQ1!,29532.5,29534.25,29532.25,29533.5,56.0,2026-09
2026-09-04 00:58:00,CME_MINI:NQ1!,29533.75,29536.25,29532.0,29533.0,56.0,2026-09
2026-09-04 00:59:00,CME_MINI:NQ1!,29533.0,29534.0,29530.0,29530.75,45.0,2026-09
2026-09-04 01:00:00,CME_MINI:NQ1!,29530.0,29532.75,29527.5,29529.0,146.0,2026-09
2026-09-04 01:01:00,CME_MINI:NQ1!,29528.5,29530.0,29525.5,29526.25,106.0,2026-09
2026-09-04 01:02:00,CME_MINI:NQ1!,29527.0,29527.25,29518.5,29519.25,158.0,2026-09
2026-09-04 01:03:00,CME_MINI:NQ1!,29519.5,29528.0,29517.75,29524.25,168.0,2026-09
2026-09-04 01:04:00,CME_MINI:NQ1!,29524.5,29527.5,29524.5,29525.75,64.0,2026-09
2026-09-04 01:05:00,CME_MINI:NQ1!,29527.25,29529.5,29524.0,29528.5,61.0,2026-09
2026-09-04 01:06:00,CME_MINI:NQ1!,29528.25,29532.0,29526.25,29530.0,58.0,2026-09
2026-09-04 01:07:00,CME_MINI:NQ1!,29529.75,29531.25,29528.75,29529.75,59.0,2026-09
2026-09-04 01:08:00,CME_MINI:NQ1!,29529.5,29531.25,29524.75,29526.75,30.0,2026-09
2026-09-04 01:09:00,CME_MINI:NQ1!,29527.0,29529.5,29524.75,29526.75,44.0,2026-09
2026-09-04 01:10:00,CME_MINI:NQ1!,29526.0,29527.5,29521.5,29525.25,94.0,2026-09
2026-09-04 01:11:00,CME_MINI:NQ1!,29524.0,29528.75,29524.0,29527.0,23.0,2026-09
2026-09-04 01:12:00,CME_MINI:NQ1!,29525.0,29528.25,29523.5,29527.5,51.0,2026-09
2026-09-04 01:13:00,CME_MINI:NQ1!,29528.0,29529.25,29520.75,29523.0,106.0,2026-09
2026-09-04 01:14:00,CME_MINI:NQ1!,29524.0,29524.25,29522.5,29522.75,29.0,2026-09
2026-09-04 01:15:00,CME_MINI:NQ1!,29523.0,29524.0,29521.0,29523.5,48.0,2026-09
2026-09-04 01:16:00,CME_MINI:NQ1!,29521.5,29522.0,29516.25,29520.5,125.0,2026-09
2026-09-04 01:17:00,CME_MINI:NQ1!,29520.5,29525.75,29519.25,29524.75,74.0,2026-09
2026-09-04 01:18:00,CME_MINI:NQ1!,29524.5,29528.25,29523.25,29526.5,76.0,2026-09
2026-09-04 01:19:00,CME_MINI:NQ1!,29526.0,29528.25,29526.0,29526.25,43.0,2026-09
2026-09-04 01:20:00,CME_MINI:NQ1!,29526.75,29537.75,29526.75,29537.0,137.0,2026-09
2026-09-04 01:21:00,CME_MINI:NQ1!,29537.5,29539.5,29533.25,29537.0,175.0,2026-09
2026-09-04 01:22:00,CME_MINI:NQ1!,29536.5,29541.25,29536.5,29539.75,112.0,2026-09
2026-09-04 01:23:00,CME_MINI:NQ1!,29539.75,29542.5,29538.0,29540.0,75.0,2026-09
2026-09-04 01:24:00,CME_MINI:NQ1!,29540.25,29541.0,29538.5,29540.0,183.0,2026-09
2026-09-04 01:25:00,CME_MINI:NQ1!,29539.5,29541.5,29539.0,29541.0,36.0,2026-09
2026-09-04 01:26:00,CME_MINI:NQ1!,29541.75,29542.75,29536.0,29536.25,119.0,2026-09
2026-09-04 01:27:00,CME_MINI:NQ1!,29537.0,29538.5,29532.25,29536.0,113.0,2026-09
2026-09-04 01:28:00,CME_MINI:NQ1!,29536.25,29542.75,29535.75,29539.5,97.0,2026-09
2026-09-04 01:29:00,CME_MINI:NQ1!,29538.75,29541.5,29533.25,29540.75,64.0,2026-09
2026-09-04 01:30:00,CME_MINI:NQ1!,29539.5,29542.0,29538.5,29541.5,62.0,2026-09
2026-09-04 01:31:00,CME_MINI:NQ1!,29541.75,29545.25,29540.0,29543.25,98.0,2026-09
2026-09-04 01:32:00,CME_MINI:NQ1!,29543.0,29543.0,29537.0,29541.5,35.0,2026-09
2026-09-04 01:33:00,CME_MINI:NQ1!,29543.25,29544.0,29540.5,29542.0,34.0,2026-09
2026-09-04 01:34:00,CME_MINI:NQ1!,29540.75,29543.0,29538.0,29542.0,44.0,2026-09
2026-09-04 01:35:00,CME_MINI:NQ1!,29542.0,29542.0,29538.25,29538.5,38.0,2026-09
2026-09-04 01:36:00,CME_MINI:NQ1!,29538.75,29542.0,29538.25,29542.0,44.0,2026-09
2026-09-04 01:37:00,CME_MINI:NQ1!,29542.75,29547.75,29540.5,29540.5,192.0,2026-09
2026-09-04 01:38:00,CME_MINI:NQ1!,29540.5,29541.25,29536.5,29540.0,71.0,2026-09
2026-09-04 01:39:00,CME_MINI:NQ1!,29539.0,29540.5,29537.25,29537.5,32.0,2026-09
2026-09-04 01:40:00,CME_MINI:NQ1!,29538.25,29542.0,29538.0,29539.75,97.0,2026-09
2026-09-04 01:41:00,CME_MINI:NQ1!,29539.5,29540.25,29538.25,29538.75,20.0,2026-09
2026-09-04 01:42:00,CME_MINI:NQ1!,29539.25,29542.0,29538.75,29539.25,35.0,2026-09
2026-09-04 01:43:00,CME_MINI:NQ1!,29539.0,29539.75,29534.5,29539.75,101.0,2026-09
2026-09-04 01:44:00,CME_MINI:NQ1!,29539.25,29546.5,29538.25,29545.0,58.0,2026-09
2026-09-04 01:45:00,CME_MINI:NQ1!,29545.25,29546.0,29536.0,29538.0,98.0,2026-09
2026-09-04 01:46:00,CME_MINI:NQ1!,29538.0,29540.0,29536.5,29536.75,45.0,2026-09
2026-09-04 01:47:00,CME_MINI:NQ1!,29536.25,29539.0,29535.5,29538.25,41.0,2026-09
2026-09-04 01:48:00,CME_MINI:NQ1!,29537.25,29538.0,29534.0,29535.25,82.0,2026-09
2026-09-04 01:49:00,CME_MINI:NQ1!,29535.5,29536.25,29531.75,29532.0,54.0,2026-09
2026-09-04 01:50:00,CME_MINI:NQ1!,29532.25,29532.75,29526.25,29529.5,201.0,2026-09
2026-09-04 01:51:00,CME_MINI:NQ1!,29531.0,29531.5,29527.5,29528.0,79.0,2026-09
2026-09-04 01:52:00,CME_MINI:NQ1!,29528.25,29532.5,29527.25,29531.75,95.0,2026-09
2026-09-04 01:53:00,CME_MINI:NQ1!,29531.5,29538.0,29529.25,29535.0,96.0,2026-09
2026-09-04 01:54:00,CME_MINI:NQ1!,29534.0,29534.0,29528.0,29528.25,66.0,2026-09
2026-09-04 01:55:00,CME_MINI:NQ1!,29527.5,29531.0,29523.25,29530.5,158.0,2026-09
2026-09-04 01:56:00,CME_MINI:NQ1!,29531.25,29538.25,29531.25,29537.75,74.0,2026-09
2026-09-04 01:57:00,CME_MINI:NQ1!,29538.5,29543.5,29536.5,29542.5,118.0,2026-09
2026-09-04 01:58:00,CME_MINI:NQ1!,29542.75,29548.75,29542.0,29546.75,179.0,2026-09
2026-09-04 01:59:00,CME_MINI:NQ1!,29547.25,29548.75,29545.5,29548.0,68.0,2026-09
2026-09-04 02:00:00,CME_MINI:NQ1!,29547.75,29548.25,29544.25,29545.5,60.0,2026-09
2026-09-04 02:01:00,CME_MINI:NQ1!,29546.25,29546.75,29537.25,29540.5,101.0,2026-09
2026-09-04 02:02:00,CME_MINI:NQ1!,29540.5,29545.0,29540.5,29544.25,34.0,2026-09
2026-09-04 02:03:00,CME_MINI:NQ1!,29545.0,29547.75,29543.5,29543.5,45.0,2026-09
2026-09-04 02:04:00,CME_MINI:NQ1!,29541.75,29541.75,29539.0,29539.0,29.0,2026-09
2026-09-04 02:05:00,CME_MINI:NQ1!,29539.25,29546.25,29539.25,29545.5,41.0,2026-09
2026-09-04 02:06:00,CME_MINI:NQ1!,29544.5,29545.0,29542.0,29545.0,27.0,2026-09
2026-09-04 02:07:00,CME_MINI:NQ1!,29544.0,29545.25,29543.25,29544.0,14.0,2026-09
2026-09-04 02:08:00,CME_MINI:NQ1!,29544.0,29545.5,29542.5,29542.5,27.0,2026-09
2026-09-04 02:09:00,CME_MINI:NQ1!,29542.0,29547.5,29541.75,29545.75,41.0,2026-09
2026-09-04 02:10:00,CME_MINI:NQ1!,29546.0,29547.75,29544.5,29545.25,41.0,2026-09
2026-09-04 02:11:00,CME_MINI:NQ1!,29545.75,29550.0,29544.75,29548.5,99.0,2026-09
2026-09-04 02:12:00,CME_MINI:NQ1!,29549.25,29553.25,29549.25,29550.25,182.0,2026-09
2026-09-04 02:13:00,CME_MINI:NQ1!,29549.75,29549.75,29546.0,29548.75,47.0,2026-09
2026-09-04 02:14:00,CME_MINI:NQ1!,29548.0,29551.25,29547.25,29550.25,41.0,2026-09
2026-09-04 02:15:00,CME_MINI:NQ1!,29549.0,29549.75,29549.0,29549.75,13.0,2026-09
2026-09-04 02:16:00,CME_MINI:NQ1!,29550.25,29551.0,29548.0,29549.5,29.0,2026-09
2026-09-04 02:17:00,CME_MINI:NQ1!,29550.0,29551.25,29548.0,29550.75,18.0,2026-09
2026-09-04 02:18:00,CME_MINI:NQ1!,29551.0,29551.25,29547.5,29550.5,23.0,2026-09
2026-09-04 02:19:00,CME_MINI:NQ1!,29549.75,29551.0,29549.25,29551.0,19.0,2026-09
2026-09-04 02:20:00,CME_MINI:NQ1!,29549.75,29550.25,29547.0,29549.5,24.0,2026-09
2026-09-04 02:21:00,CME_MINI:NQ1!,29550.0,29553.0,29549.5,29551.75,42.0,2026-09
2026-09-04 02:22:00,CME_MINI:NQ1!,29551.0,29552.0,29550.5,29551.0,32.0,2026-09
2026-09-04 02:23:00,CME_MINI:NQ1!,29550.75,29553.75,29550.75,29552.25,54.0,2026-09
2026-09-04 02:24:00,CME_MINI:NQ1!,29553.5,29555.75,29553.5,29555.0,113.0,2026-09
2026-09-04 02:25:00,CME_MINI:NQ1!,29554.25,29556.25,29552.75,29555.0,59.0,2026-09
2026-09-04 02:26:00,CME_MINI:NQ1!,29554.5,29556.25,29553.25,29556.25,15.0,2026-09
2026-09-04 02:27:00,CME_MINI:NQ1!,29556.25,29556.25,29553.5,29554.25,35.0,2026-09
2026-09-04 02:28:00,CME_MINI:NQ1!,29553.25,29554.25,29553.0,29553.5,24.0,2026-09
2026-09-04 02:29:00,CME_MINI:NQ1!,29554.25,29555.0,29552.75,29555.0,35.0,2026-09
2026-09-04 02:30:00,CME_MINI:NQ1!,29555.75,29566.0,29555.75,29564.25,297.0,2026-09
2026-09-04 02:31:00,CME_MINI:NQ1!,29564.5,29566.5,29558.75,29559.0,134.0,2026-09
2026-09-04 02:32:00,CME_MINI:NQ1!,29560.0,29561.75,29559.0,29561.75,70.0,2026-09
2026-09-04 02:33:00,CME_MINI:NQ1!,29562.25,29562.5,29558.75,29560.25,39.0,2026-09
2026-09-04 02:34:00,CME_MINI:NQ1!,29559.25,29560.0,29549.75,29549.75,112.0,2026-09
2026-09-04 02:35:00,CME_MINI:NQ1!,29549.0,29551.75,29544.0,29548.5,204.0,2026-09
2026-09-04 02:36:00,CME_MINI:NQ1!,29550.5,29552.5,29548.75,29551.5,148.0,2026-09
2026-09-04 02:37:00,CME_MINI:NQ1!,29550.75,29552.0,29549.25,29549.75,77.0,2026-09
2026-09-04 02:38:00,CME_MINI:NQ1!,29550.25,29551.75,29548.5,29549.25,38.0,2026-09
2026-09-04 02:39:00,CME_MINI:NQ1!,29550.5,29552.25,29549.75,29552.25,25.0,2026-09
2026-09-04 02:40:00,CME_MINI:NQ1!,29551.25,29553.5,29551.0,29553.5,29.0,2026-09
2026-09-04 02:41:00,CME_MINI:NQ1!,29553.5,29554.25,29552.25,29554.0,26.0,2026-09
2026-09-04 02:42:00,CME_MINI:NQ1!,29554.5,29554.5,29552.0,29553.0,14.0,2026-09
2026-09-04 02:43:00,CME_MINI:NQ1!,29553.25,29554.75,29551.75,29553.25,30.0,2026-09
2026-09-04 02:44:00,CME_MINI:NQ1!,29552.5,29552.75,29545.75,29546.5,59.0,2026-09
2026-09-04 02:45:00,CME_MINI:NQ1!,29546.5,29547.75,29545.25,29546.25,63.0,2026-09
2026-09-04 02:46:00,CME_MINI:NQ1!,29546.75,29553.5,29545.75,29553.25,57.0,2026-09
2026-09-04 02:47:00,CME_MINI:NQ1!,29553.5,29556.25,29550.0,29553.75,105.0,2026-09
2026-09-04 02:48:00,CME_MINI:NQ1!,29554.0,29559.0,29554.0,29557.25,96.0,2026-09
2026-09-04 02:49:00,CME_MINI:NQ1!,29557.0,29560.5,29555.5,29559.0,82.0,2026-09
2026-09-04 02:50:00,CME_MINI:NQ1!,29558.0,29562.75,29556.0,29560.0,101.0,2026-09
2026-09-04 02:51:00,CME_MINI:NQ1!,29560.0,29564.5,29558.5,29563.0,98.0,2026-09
2026-09-04 02:52:00,CME_MINI:NQ1!,29563.0,29565.25,29562.75,29563.25,41.0,2026-09
2026-09-04 02:53:00,CME_MINI:NQ1!,29563.25,29564.75,29563.25,29564.0,38.0,2026-09
2026-09-04 02:54:00,CME_MINI:NQ1!,29564.75,29568.0,29563.75,29565.5,89.0,2026-09
2026-09-04 02:55:00,CME_MINI:NQ1!,29566.0,29566.0,29563.75,29564.75,55.0,2026-09
2026-09-04 02:56:00,CME_MINI:NQ1!,29564.0,29565.75,29563.0,29563.5,65.0,2026-09
2026-09-04 02:57:00,CME_MINI:NQ1!,29564.5,29564.75,29561.5,29563.0,44.0,2026-09
2026-09-04 02:58:00,CME_MINI:NQ1!,29562.75,29563.5,29562.25,29562.75,18.0,2026-09
2026-09-04 02:59:00,CME_MINI:NQ1!,29563.0,29564.75,29562.75,29564.5,25.0,2026-09
2026-09-04 03:00:00,CME_MINI:NQ1!,29563.25,29565.75,29562.25,29564.25,42.0,2026-09
2026-09-04 03:01:00,CME_MINI:NQ1!,29563.5,29565.25,29561.75,29565.0,29.0,2026-09
2026-09-04 03:02:00,CME_MINI:NQ1!,29565.75,29566.5,29564.75,29565.0,42.0,2026-09
2026-09-04 03:03:00,CME_MINI:NQ1!,29565.0,29565.5,29563.75,29565.0,20.0,2026-09
2026-09-04 03:04:00,CME_MINI:NQ1!,29564.5,29564.5,29560.0,29562.75,48.0,2026-09
2026-09-04 03:05:00,CME_MINI:NQ1!,29562.75,29564.0,29562.0,29563.0,16.0,2026-09
2026-09-04 03:06:00,CME_MINI:NQ1!,29564.0,29565.0,29562.25,29562.75,18.0,2026-09
2026-09-04 03:07:00,CME_MINI:NQ1!,29563.0,29563.0,29561.0,29562.0,18.0,2026-09
2026-09-04 03:08:00,CME_MINI:NQ1!,29562.0,29563.25,29561.75,29563.0,18.0,2026-09
2026-09-04 03:09:00,CME_MINI:NQ1!,29561.5,29563.0,29561.25,29563.0,8.0,2026-09
2026-09-04 03:10:00,CME_MINI:NQ1!,29562.75,29563.25,29558.0,29560.5,92.0,2026-09
2026-09-04 03:11:00,CME_MINI:NQ1!,29560.5,29560.5,29557.25,29558.0,39.0,2026-09
2026-09-04 03:12:00,CME_MINI:NQ1!,29557.5,29560.0,29557.5,29559.25,32.0,2026-09
2026-09-04 03:13:00,CME_MINI:NQ1!,29559.25,29560.25,29558.75,29560.25,35.0,2026-09
2026-09-04 03:14:00,CME_MINI:NQ1!,29560.5,29561.75,29559.0,29560.5,47.0,2026-09
2026-09-04 03:15:00,CME_MINI:NQ1!,29560.25,29565.25,29559.75,29565.25,48.0,2026-09
2026-09-04 03:16:00,CME_MINI:NQ1!,29565.5,29568.75,29563.5,29567.75,91.0,2026-09
2026-09-04 03:17:00,CME_MINI:NQ1!,29568.0,29568.0,29566.5,29566.75,25.0,2026-09
2026-09-04 03:18:00,CME_MINI:NQ1!,29566.5,29568.25,29566.5,29567.0,26.0,2026-09
2026-09-04 03:19:00,CME_MINI:NQ1!,29568.25,29577.5,29567.5,29576.25,325.0,2026-09
2026-09-04 03:20:00,CME_MINI:NQ1!,29576.25,29578.0,29574.5,29576.25,81.0,2026-09
2026-09-04 03:21:00,CME_MINI:NQ1!,29576.0,29578.25,29575.25,29575.25,49.0,2026-09
2026-09-04 03:22:00,CME_MINI:NQ1!,29575.5,29576.25,29571.75,29573.25,124.0,2026-09
2026-09-04 03:23:00,CME_MINI:NQ1!,29572.75,29573.5,29571.25,29571.75,32.0,2026-09
2026-09-04 03:24:00,CME_MINI:NQ1!,29571.0,29571.0,29563.0,29566.0,130.0,2026-09
2026-09-04 03:25:00,CME_MINI:NQ1!,29565.75,29566.75,29564.75,29565.75,34.0,2026-09
2026-09-04 03:26:00,CME_MINI:NQ1!,29566.0,29570.25,29565.75,29570.25,77.0,2026-09
2026-09-04 03:27:00,CME_MINI:NQ1!,29569.75,29571.0,29568.25,29568.5,43.0,2026-09
2026-09-04 03:28:00,CME_MINI:NQ1!,29569.0,29569.25,29566.75,29568.25,42.0,2026-09
2026-09-04 03:29:00,CME_MINI:NQ1!,29567.75,29570.0,29567.75,29569.0,19.0,2026-09
2026-09-04 03:30:00,CME_MINI:NQ1!,29569.5,29571.0,29568.5,29570.75,37.0,2026-09
2026-09-04 03:31:00,CME_MINI:NQ1!,29571.5,29576.75,29571.5,29575.5,175.0,2026-09
2026-09-04 03:32:00,CME_MINI:NQ1!,29576.75,29576.75,29572.5,29575.0,32.0,2026-09
2026-09-04 03:33:00,CME_MINI:NQ1!,29575.25,29576.25,29573.75,29573.75,22.0,2026-09
2026-09-04 03:34:00,CME_MINI:NQ1!,29574.0,29577.25,29573.75,29576.25,30.0,2026-09
2026-09-04 03:35:00,CME_MINI:NQ1!,29575.75,29578.25,29574.75,29578.25,32.0,2026-09
2026-09-04 03:36:00,CME_MINI:NQ1!,29576.75,29578.75,29576.0,29577.25,62.0,2026-09
2026-09-04 03:37:00,CME_MINI:NQ1!,29577.5,29578.5,29576.0,29577.75,28.0,2026-09
2026-09-04 03:38:00,CME_MINI:NQ1!,29576.75,29577.75,29576.25,29576.25,32.0,2026-09
2026-09-04 03:39:00,CME_MINI:NQ1!,29576.5,29578.75,29576.5,29577.0,30.0,2026-09
2026-09-04 03:40:00,CME_MINI:NQ1!,29577.0,29578.25,29576.5,29576.5,23.0,2026-09
2026-09-04 03:41:00,CME_MINI:NQ1!,29577.25,29577.5,29574.0,29574.75,29.0,2026-09
2026-09-04 03:42:00,CME_MINI:NQ1!,29574.75,29575.0,29573.75,29574.0,24.0,2026-09
2026-09-04 03:43:00,CME_MINI:NQ1!,29574.0,29574.5,29571.5,29571.5,42.0,2026-09
2026-09-04 03:44:00,CME_MINI:NQ1!,29572.0,29572.5,29566.75,29568.5,85.0,2026-09
2026-09-04 03:45:00,CME_MINI:NQ1!,29567.5,29569.75,29565.25,29567.0,59.0,2026-09
2026-09-04 03:46:00,CME_MINI:NQ1!,29566.25,29566.25,29564.5,29565.25,24.0,2026-09
2026-09-04 12:40:00,CME_MINI:NQ1!,29555.5,29579.25,29555.0,29576.75,592.0,2026-09
2026-09-04 12:41:00,CME_MINI:NQ1!,29577.75,29585.0,29569.25,29575.25,579.0,2026-09
2026-09-04 12:42:00,CME_MINI:NQ1!,29576.0,29587.0,29574.25,29578.75,450.0,2026-09
2026-09-04 12:43:00,CME_MINI:NQ1!,29578.25,29583.0,29563.5,29566.25,754.0,2026-09
2026-09-04 12:44:00,CME_MINI:NQ1!,29567.0,29574.0,29555.0,29557.75,484.0,2026-09
2026-09-04 12:45:00,CME_MINI:NQ1!,29557.25,29557.75,29539.0,29540.25,566.0,2026-09
2026-09-04 12:46:00,CME_MINI:NQ1!,29540.0,29541.25,29513.25,29515.25,851.0,2026-09
2026-09-04 12:47:00,CME_MINI:NQ1!,29516.0,29517.75,29503.75,29507.0,1119.0,2026-09
2026-09-04 12:48:00,CME_MINI:NQ1!,29508.25,29519.5,29502.0,29515.75,655.0,2026-09
2026-09-04 12:49:00,CME_MINI:NQ1!,29515.25,29525.0,29506.75,29518.25,732.0,2026-09
2026-09-04 12:50:00,CME_MINI:NQ1!,29518.5,29538.0,29515.5,29532.5,743.0,2026-09
2026-09-04 12:51:00,CME_MINI:NQ1!,29531.75,29542.5,29524.25,29536.25,667.0,2026-09
2026-09-04 12:52:00,CME_MINI:NQ1!,29537.25,29541.0,29532.25,29533.75,505.0,2026-09
2026-09-04 12:53:00,CME_MINI:NQ1!,29534.5,29546.75,29526.25,29546.5,679.0,2026-09
2026-09-04 12:54:00,CME_MINI:NQ1!,29545.5,29548.25,29528.25,29530.0,474.0,2026-09
2026-09-04 12:55:00,CME_MINI:NQ1!,29529.0,29537.25,29527.75,29534.25,286.0,2026-09
2026-09-04 12:56:00,CME_MINI:NQ1!,29534.5,29535.25,29518.0,29531.5,550.0,2026-09
2026-09-04 12:57:00,CME_MINI:NQ1!,29531.25,29537.25,29526.0,29537.25,281.0,2026-09
2026-09-04 12:58:00,CME_MINI:NQ1!,29536.5,29550.25,29536.5,29546.0,510.0,2026-09
2026-09-04 12:59:00,CME_MINI:NQ1!,29547.0,29547.5,29537.75,29546.5,279.0,2026-09
2026-09-04 13:00:00,CME_MINI:NQ1!,29547.0,29547.0,29523.0,29528.75,590.0,2026-09
2026-09-04 13:01:00,CME_MINI:NQ1!,29528.25,29536.75,29523.5,29527.0,470.0,2026-09
2026-09-04 13:02:00,CME_MINI:NQ1!,29527.75,29539.5,29523.5,29534.25,848.0,2026-09
2026-09-04 13:03:00,CME_MINI:NQ1!,29533.75,29549.25,29531.5,29546.75,485.0,2026-09
2026-09-04 13:04:00,CME_MINI:NQ1!,29547.25,29551.75,29536.5,29536.75,525.0,2026-09
2026-09-04 13:05:00,CME_MINI:NQ1!,29536.75,29556.75,29536.0,29553.0,412.0,2026-09
2026-09-04 13:06:00,CME_MINI:NQ1!,29552.25,29555.0,29532.0,29542.75,508.0,2026-09
2026-09-04 13:07:00,CME_MINI:NQ1!,29544.5,29547.0,29534.0,29537.75,311.0,2026-09
2026-09-04 13:08:00,CME_MINI:NQ1!,29537.0,29544.75,29536.0,29540.75,211.0,2026-09
2026-09-04 13:09:00,CME_MINI:NQ1!,29540.75,29545.75,29532.75,29534.5,254.0,2026-09
2026-09-04 13:10:00,CME_MINI:NQ1!,29533.75,29538.5,29527.75,29528.75,295.0,2026-09
2026-09-04 13:11:00,CME_MINI:NQ1!,29529.75,29535.0,29528.5,29534.0,146.0,2026-09
2026-09-04 13:12:00,CME_MINI:NQ1!,29532.75,29542.5,29532.0,29541.5,185.0,2026-09
2026-09-04 13:13:00,CME_MINI:NQ1!,29541.0,29550.5,29541.0,29544.0,239.0,2026-09
2026-09-04 13:14:00,CME_MINI:NQ1!,29543.0,29548.25,29538.5,29548.25,192.0,2026-09
2026-09-04 13:15:00,CME_MINI:NQ1!,29548.25,29555.0,29546.75,29550.75,356.0,2026-09
2026-09-04 13:16:00,CME_MINI:NQ1!,29551.0,29564.25,29550.0,29560.5,505.0,2026-09
2026-09-04 13:17:00,CME_MINI:NQ1!,29560.5,29561.0,29554.5,29555.75,248.0,2026-09
2026-09-04 13:18:00,CME_MINI:NQ1!,29555.75,29562.0,29553.0,29559.0,310.0,2026-09
2026-09-04 13:19:00,CME_MINI:NQ1!,29560.5,29564.5,29557.0,29564.0,221.0,2026-09
2026-09-04 13:20:00,CME_MINI:NQ1!,29563.5,29571.75,29561.25,29571.25,325.0,2026-09
2026-09-04 13:21:00,CME_MINI:NQ1!,29571.25,29577.25,29569.25,29577.0,584.0,2026-09
2026-09-04 13:22:00,CME_MINI:NQ1!,29577.25,29579.5,29569.75,29571.5,411.0,2026-09
2026-09-04 13:23:00,CME_MINI:NQ1!,29571.75,29579.75,29569.0,29578.5,430.0,2026-09
2026-09-04 13:24:00,CME_MINI:NQ1!,29578.75,29587.5,29576.0,29583.75,614.0,2026-09
2026-09-04 13:25:00,CME_MINI:NQ1!,29582.75,29588.0,29578.0,29583.25,550.0,2026-09
2026-09-04 13:26:00,CME_MINI:NQ1!,29583.75,29584.5,29577.25,29579.25,270.0,2026-09
2026-09-04 13:27:00,CME_MINI:NQ1!,29579.25,29590.25,29576.5,29580.25,700.0,2026-09
2026-09-04 13:28:00,CME_MINI:NQ1!,29580.5,29585.75,29572.5,29575.25,778.0,2026-09
2026-09-04 13:29:00,CME_MINI:NQ1!,29575.0,29591.0,29574.0,29589.0,807.0,2026-09
2026-09-04 13:30:00,CME_MINI:NQ1!,29588.25,29596.25,29557.0,29566.0,4867.0,2026-09
2026-09-04 13:31:00,CME_MINI:NQ1!,29565.75,29611.25,29554.5,29607.25,4028.0,2026-09
2026-09-04 13:32:00,CME_MINI:NQ1!,29607.25,29625.5,29590.0,29622.5,3100.0,2026-09
2026-09-04 13:33:00,CME_MINI:NQ1!,29623.0,29625.0,29599.0,29614.75,2751.0,2026-09
2026-09-04 13:34:00,CME_MINI:NQ1!,29614.25,29635.0,29612.5,29634.0,2073.0,2026-09
2026-09-04 13:35:00,CME_MINI:NQ1!,29634.0,29637.0,29617.75,29633.5,2606.0,2026-09
2026-09-04 13:36:00,CME_MINI:NQ1!,29633.25,29644.5,29611.25,29616.5,2713.0,2026-09
2026-09-04 13:37:00,CME_MINI:NQ1!,29616.75,29642.25,29615.5,29638.25,2319.0,2026-09
2026-09-04 13:38:00,CME_MINI:NQ1!,29638.5,29640.25,29622.75,29634.5,1439.0,2026-09
2026-09-04 13:39:00,CME_MINI:NQ1!,29634.75,29634.75,29612.75,29628.75,1898.0,2026-09
2026-09-04 13:40:00,CME_MINI:NQ1!,29628.5,29641.0,29613.25,29620.0,1833.0,2026-09
2026-09-04 13:41:00,CME_MINI:NQ1!,29619.5,29629.25,29602.0,29614.25,2395.0,2026-09
2026-09-04 13:42:00,CME_MINI:NQ1!,29614.25,29629.75,29607.25,29613.25,2060.0,2026-09
2026-09-04 13:43:00,CME_MINI:NQ1!,29614.25,29643.0,29612.25,29642.75,1856.0,2026-09
2026-09-04 13:44:00,CME_MINI:NQ1!,29643.0,29647.0,29597.75,29616.5,3343.0,2026-09
2026-09-04 13:45:00,CME_MINI:NQ1!,29616.25,29619.25,29577.5,29593.5,2763.0,2026-09
2026-09-04 13:46:00,CME_MINI:NQ1!,29592.75,29623.0,29589.25,29622.0,1919.0,2026-09
2026-09-04 13:47:00,CME_MINI:NQ1!,29621.75,29633.0,29616.25,29628.25,1613.0,2026-09
2026-09-04 13:48:00,CME_MINI:NQ1!,29627.5,29649.0,29626.75,29633.5,2027.0,2026-09
2026-09-04 13:49:00,CME_MINI:NQ1!,29632.75,29638.75,29624.25,29634.0,1176.0,2026-09
2026-09-04 13:50:00,CME_MINI:NQ1!,29634.5,29643.25,29623.0,29642.5,1259.0,2026-09
2026-09-04 13:51:00,CME_MINI:NQ1!,29642.5,29642.5,29617.25,29625.25,1523.0,2026-09
2026-09-04 13:52:00,CME_MINI:NQ1!,29625.5,29634.5,29609.75,29634.0,1476.0,2026-09
2026-09-04 13:53:00,CME_MINI:NQ1!,29634.0,29654.25,29627.75,29650.5,1549.0,2026-09
2026-09-04 13:54:00,CME_MINI:NQ1!,29650.5,29664.75,29649.5,29660.0,1817.0,2026-09
2026-09-04 13:55:00,CME_MINI:NQ1!,29660.25,29676.0,29652.25,29675.75,1611.0,2026-09
2026-09-04 13:56:00,CME_MINI:NQ1!,29675.75,29686.0,29673.0,29678.75,1728.0,2026-09
2026-09-04 13:57:00,CME_MINI:NQ1!,29678.5,29687.25,29678.0,29685.5,1218.0,2026-09
2026-09-04 13:58:00,CME_MINI:NQ1!,29685.75,29691.75,29682.0,29688.75,1373.0,2026-09
2026-09-04 13:59:00,CME_MINI:NQ1!,29688.0,29691.25,29675.5,29691.0,1344.0,2026-09
2026-09-04 14:00:00,CME_MINI:NQ1!,29690.5,29691.0,29674.75,29681.25,1697.0,2026-09
2026-09-04 14:01:00,CME_MINI:NQ1!,29681.0,29682.75,29653.75,29657.75,1920.0,2026-09
2026-09-04 14:02:00,CME_MINI:NQ1!,29658.25,29669.75,29655.75,29669.0,1579.0,2026-09
2026-09-04 14:03:00,CME_MINI:NQ1!,29669.25,29677.75,29658.0,29673.75,1261.0,2026-09
2026-09-04 14:04:00,CME_MINI:NQ1!,29673.25,29674.0,29661.5,29668.0,919.0,2026-09
2026-09-04 14:05:00,CME_MINI:NQ1!,29668.25,29675.5,29660.75,29662.5,1132.0,2026-09
2026-09-04 14:06:00,CME_MINI:NQ1!,29662.5,29674.5,29656.25,29673.75,1131.0,2026-09
2026-09-04 14:07:00,CME_MINI:NQ1!,29674.0,29674.0,29648.25,29651.5,1506.0,2026-09
2026-09-04 14:08:00,CME_MINI:NQ1!,29651.0,29657.5,29645.0,29654.0,1304.0,2026-09
2026-09-04 14:09:00,CME_MINI:NQ1!,29653.25,29658.25,29641.0,29644.5,1420.0,2026-09
2026-09-04 14:10:00,CME_MINI:NQ1!,29644.5,29654.75,29630.0,29630.5,1774.0,2026-09
2026-09-04 14:11:00,CME_MINI:NQ1!,29630.5,29638.0,29623.75,29626.25,1367.0,2026-09
2026-09-04 14:12:00,CME_MINI:NQ1!,29626.25,29626.25,29594.0,29606.25,2633.0,2026-09
2026-09-04 14:13:00,CME_MINI:NQ1!,29606.0,29623.25,29600.25,29622.0,1833.0,2026-09
2026-09-04 14:14:00,CME_MINI:NQ1!,29622.5,29651.5,29621.25,29648.0,1850.0,2026-09
2026-09-04 14:15:00,CME_MINI:NQ1!,29648.5,29649.75,29626.75,29634.75,1884.0,2026-09
2026-09-04 14:16:00,CME_MINI:NQ1!,29634.25,29641.5,29620.25,29620.75,1158.0,2026-09
2026-09-04 14:17:00,CME_MINI:NQ1!,29620.5,29631.75,29614.5,29618.0,1422.0,2026-09
2026-09-04 14:18:00,CME_MINI:NQ1!,29617.75,29630.75,29613.0,29621.75,1038.0,2026-09
2026-09-04 14:19:00,CME_MINI:NQ1!,29621.25,29623.75,29600.0,29601.75,1250.0,2026-09
2026-09-04 14:20:00,CME_MINI:NQ1!,29601.75,29606.5,29579.0,29588.75,2945.0,2026-09
2026-09-04 14:21:00,CME_MINI:NQ1!,29588.75,29608.25,29586.5,29606.75,1819.0,2026-09
2026-09-04 14:22:00,CME_MINI:NQ1!,29607.5,29611.25,29592.0,29609.75,1294.0,2026-09
2026-09-04 14:23:00,CME_MINI:NQ1!,29609.25,29610.75,29601.25,29609.25,1078.0,2026-09
2026-09-04 14:24:00,CME_MINI:NQ1!,29608.75,29609.5,29587.5,29595.75,1304.0,2026-09
2026-09-04 14:25:00,CME_MINI:NQ1!,29595.5,29602.5,29583.5,29585.5,1182.0,2026-09
2026-09-04 14:26:00,CME_MINI:NQ1!,29585.5,29587.75,29564.75,29578.5,2122.0,2026-09
2026-09-04 14:27:00,CME_MINI:NQ1!,29578.5,29586.0,29576.0,29577.5,1491.0,2026-09
2026-09-04 14:28:00,CME_MINI:NQ1!,29577.0,29591.75,29567.25,29589.25,1651.0,2026-09
2026-09-04 14:29:00,CME_MINI:NQ1!,29589.0,29598.25,29585.25,29595.5,1239.0,2026-09
2026-09-04 14:30:00,CME_MINI:NQ1!,29596.25,29598.25,29568.25,29568.25,1707.0,2026-09
2026-09-04 14:31:00,CME_MINI:NQ1!,29568.0,29571.75,29554.0,29564.75,2023.0,2026-09
2026-09-04 14:32:00,CME_MINI:NQ1!,29564.25,29578.75,29562.0,29576.25,1330.0,2026-09
2026-09-04 14:33:00,CME_MINI:NQ1!,29576.0,29584.5,29563.0,29568.25,1062.0,2026-09
2026-09-04 14:34:00,CME_MINI:NQ1!,29567.75,29569.25,29554.5,29559.0,872.0,2026-09
2026-09-04 14:35:00,CME_MINI:NQ1!,29559.0,29574.5,29558.25,29572.0,1065.0,2026-09
2026-09-04 14:36:00,CME_MINI:NQ1!,29571.5,29587.5,29567.25,29582.75,1310.0,2026-09
2026-09-04 14:37:00,CME_MINI:NQ1!,29582.25,29588.75,29567.25,29582.5,1221.0,2026-09
2026-09-04 14:38:00,CME_MINI:NQ1!,29583.5,29589.25,29575.75,29578.5,1068.0,2026-09
2026-09-04 14:39:00,CME_MINI:NQ1!,29578.5,29587.75,29571.5,29587.75,719.0,2026-09
2026-09-04 14:40:00,CME_MINI:NQ1!,29587.0,29587.0,29568.5,29571.25,919.0,2026-09
2026-09-04 14:41:00,CME_MINI:NQ1!,29570.5,29577.25,29562.25,29572.75,908.0,2026-09
2026-09-04 14:42:00,CME_MINI:NQ1!,29572.75,29574.5,29541.25,29546.0,2171.0,2026-09
2026-09-04 14:43:00,CME_MINI:NQ1!,29545.25,29547.5,29531.5,29534.0,1751.0,2026-09
2026-09-04 14:44:00,CME_MINI:NQ1!,29533.75,29541.5,29531.0,29533.5,1166.0,2026-09
2026-09-04 14:45:00,CME_MINI:NQ1!,29533.25,29544.25,29527.75,29532.5,1575.0,2026-09
2026-09-04 14:46:00,CME_MINI:NQ1!,29533.0,29541.0,29529.75,29539.75,1174.0,2026-09
2026-09-04 14:47:00,CME_MINI:NQ1!,29539.75,29539.75,29525.25,29534.0,1045.0,2026-09
2026-09-04 14:48:00,CME_MINI:NQ1!,29533.5,29539.75,29519.0,29525.0,1486.0,2026-09
2026-09-04 14:49:00,CME_MINI:NQ1!,29524.5,29527.75,29510.0,29510.75,1478.0,2026-09
2026-09-04 14:50:00,CME_MINI:NQ1!,29510.25,29527.25,29509.5,29523.75,1654.0,2026-09
2026-09-04 14:51:00,CME_MINI:NQ1!,29523.5,29535.5,29522.0,29523.5,1300.0,2026-09
2026-09-04 14:52:00,CME_MINI:NQ1!,29523.75,29528.25,29514.75,29524.75,1143.0,2026-09
2026-09-04 14:53:00,CME_MINI:NQ1!,29525.25,29532.0,29518.5,29520.75,832.0,2026-09
2026-09-04 14:54:00,CME_MINI:NQ1!,29520.75,29524.75,29508.75,29516.25,1100.0,2026-09
2026-09-04 14:55:00,CME_MINI:NQ1!,29516.25,29526.0,29507.5,29521.0,1129.0,2026-09
2026-09-04 14:56:00,CME_MINI:NQ1!,29520.75,29523.75,29498.75,29500.25,1432.0,2026-09
2026-09-04 14:57:00,CME_MINI:NQ1!,29500.5,29521.75,29499.5,29519.0,1365.0,2026-09
2026-09-04 14:58:00,CME_MINI:NQ1!,29521.0,29530.0,29518.0,29529.0,1028.0,2026-09
2026-09-04 14:59:00,CME_MINI:NQ1!,29529.25,29530.0,29511.25,29521.0,1207.0,2026-09
2026-09-04 15:00:00,CME_MINI:NQ1!,29520.0,29529.0,29514.0,29524.0,1307.0,2026-09
2026-09-04 15:01:00,CME_MINI:NQ1!,29524.0,29529.0,29518.0,29521.25,791.0,2026-09
2026-09-04 15:02:00,CME_MINI:NQ1!,29521.25,29522.75,29497.5,29510.75,1672.0,2026-09
2026-09-04 15:03:00,CME_MINI:NQ1!,29510.5,29512.25,29502.0,29505.0,885.0,2026-09
2026-09-04 15:04:00,CME_MINI:NQ1!,29503.5,29518.0,29497.25,29516.25,1189.0,2026-09
2026-09-04 15:05:00,CME_MINI:NQ1!,29515.25,29517.25,29503.25,29511.0,886.0,2026-09
2026-09-04 15:06:00,CME_MINI:NQ1!,29511.0,29517.5,29507.5,29512.75,816.0,2026-09
2026-09-04 15:07:00,CME_MINI:NQ1!,29512.25,29524.5,29510.5,29524.25,1375.0,2026-09
2026-09-04 15:08:00,CME_MINI:NQ1!,29524.0,29531.5,29520.5,29525.5,1020.0,2026-09
2026-09-04 15:09:00,CME_MINI:NQ1!,29525.75,29527.0,29515.75,29525.5,758.0,2026-09
2026-09-04 15:10:00,CME_MINI:NQ1!,29525.25,29526.25,29511.25,29520.0,788.0,2026-09
2026-09-04 15:11:00,CME_MINI:NQ1!,29520.0,29531.25,29517.75,29524.5,973.0,2026-09
2026-09-04 15:12:00,CME_MINI:NQ1!,29524.5,29539.75,29522.25,29539.0,1090.0,2026-09
2026-09-04 15:13:00,CME_MINI:NQ1!,29539.0,29540.0,29530.0,29534.75,1070.0,2026-09
2026-09-04 15:14:00,CME_MINI:NQ1!,29534.5,29541.25,29528.5,29540.5,851.0,2026-09
2026-09-04 15:15:00,CME_MINI:NQ1!,29540.75,29543.0,29533.25,29535.75,861.0,2026-09
2026-09-04 15:16:00,CME_MINI:NQ1!,29536.0,29541.75,29529.0,29529.25,729.0,2026-09
2026-09-04 15:17:00,CME_MINI:NQ1!,29529.75,29531.5,29516.0,29519.75,1341.0,2026-09
2026-09-04 15:18:00,CME_MINI:NQ1!,29519.5,29520.0,29493.25,29500.5,2173.0,2026-09
2026-09-04 15:19:00,CME_MINI:NQ1!,29500.5,29505.75,29497.0,29501.25,959.0,2026-09
2026-09-04 15:20:00,CME_MINI:NQ1!,29501.25,29506.25,29490.0,29495.5,1325.0,2026-09
2026-09-04 15:21:00,CME_MINI:NQ1!,29495.5,29501.25,29484.25,29489.75,1115.0,2026-09
2026-09-04 15:22:00,CME_MINI:NQ1!,29490.5,29506.0,29489.5,29504.0,1037.0,2026-09
2026-09-04 15:23:00,CME_MINI:NQ1!,29504.75,29509.75,29500.5,29501.0,868.0,2026-09
2026-09-04 15:24:00,CME_MINI:NQ1!,29501.0,29512.0,29498.75,29502.5,737.0,2026-09
2026-09-04 15:25:00,CME_MINI:NQ1!,29502.75,29512.75,29496.0,29504.25,904.0,2026-09
2026-09-04 15:26:00,CME_MINI:NQ1!,29505.5,29506.5,29498.75,29500.25,522.0,2026-09
2026-09-04 15:27:00,CME_MINI:NQ1!,29500.0,29506.0,29495.0,29504.0,835.0,2026-09
2026-09-04 15:28:00,CME_MINI:NQ1!,29504.5,29508.5,29498.0,29506.5,448.0,2026-09
2026-09-04 15:29:00,CME_MINI:NQ1!,29506.5,29509.25,29497.0,29506.75,778.0,2026-09
2026-09-04 15:30:00,CME_MINI:NQ1!,29506.75,29510.75,29481.25,29484.5,1556.0,2026-09
2026-09-04 15:31:00,CME_MINI:NQ1!,29485.0,29494.0,29478.0,29487.0,1328.0,2026-09
2026-09-04 15:32:00,CME_MINI:NQ1!,29487.5,29491.5,29483.0,29487.0,798.0,2026-09
2026-09-04 15:33:00,CME_MINI:NQ1!,29487.0,29499.0,29483.75,29498.75,915.0,2026-09
2026-09-04 15:34:00,CME_MINI:NQ1!,29498.25,29502.0,29485.5,29491.25,957.0,2026-09
2026-09-04 15:35:00,CME_MINI:NQ1!,29491.25,29506.75,29490.25,29499.25,928.0,2026-09
2026-09-04 15:36:00,CME_MINI:NQ1!,29498.75,29503.0,29493.0,29495.25,500.0,2026-09
2026-09-04 15:37:00,CME_MINI:NQ1!,29495.25,29498.75,29492.25,29494.0,358.0,2026-09
2026-09-04 15:38:00,CME_MINI:NQ1!,29493.75,29503.25,29493.75,29501.25,397.0,2026-09
2026-09-04 15:39:00,CME_MINI:NQ1!,29501.25,29502.5,29496.75,29501.25,392.0,2026-09
2026-09-04 15:40:00,CME_MINI:NQ1!,29501.75,29505.25,29497.25,29501.0,488.0,2026-09
2026-09-04 15:41:00,CME_MINI:NQ1!,29501.75,29512.0,29498.75,29511.5,778.0,2026-09
2026-09-04 15:42:00,CME_MINI:NQ1!,29511.5,29524.25,29511.0,29520.75,1117.0,2026-09
2026-09-04 15:43:00,CME_MINI:NQ1!,29521.0,29524.5,29517.5,29521.0,621.0,2026-09
2026-09-04 15:44:00,CME_MINI:NQ1!,29520.75,29523.25,29516.75,29520.5,439.0,2026-09
2026-09-04 15:45:00,CME_MINI:NQ1!,29520.0,29520.0,29510.5,29519.25,786.0,2026-09
2026-09-04 15:46:00,CME_MINI:NQ1!,29519.0,29522.25,29507.0,29507.0,754.0,2026-09
2026-09-04 15:47:00,CME_MINI:NQ1!,29507.5,29509.25,29492.5,29495.0,1008.0,2026-09
2026-09-04 15:48:00,CME_MINI:NQ1!,29494.75,29497.25,29487.0,29496.25,833.0,2026-09
2026-09-04 15:49:00,CME_MINI:NQ1!,29496.25,29503.25,29493.25,29501.75,602.0,2026-09
2026-09-04 15:50:00,CME_MINI:NQ1!,29501.25,29516.25,29497.75,29499.5,1209.0,2026-09
2026-09-04 15:51:00,CME_MINI:NQ1!,29500.5,29506.25,29497.0,29502.0,541.0,2026-09
2026-09-04 15:52:00,CME_MINI:NQ1!,29501.5,29507.5,29496.75,29501.75,463.0,2026-09
2026-09-04 15:53:00,CME_MINI:NQ1!,29502.0,29506.75,29494.75,29503.0,612.0,2026-09
2026-09-04 15:54:00,CME_MINI:NQ1!,29502.5,29507.75,29498.75,29503.75,457.0,2026-09
2026-09-04 15:55:00,CME_MINI:NQ1!,29503.75,29513.0,29503.75,29508.25,547.0,2026-09
2026-09-04 15:56:00,CME_MINI:NQ1!,29509.0,29511.5,29505.75,29506.25,469.0,2026-09
2026-09-04 15:57:00,CME_MINI:NQ1!,29506.0,29514.5,29497.5,29512.25,701.0,2026-09
2026-09-04 15:58:00,CME_MINI:NQ1!,29512.0,29514.5,29506.5,29510.25,444.0,2026-09
2026-09-04 15:59:00,CME_MINI:NQ1!,29509.5,29519.0,29509.5,29515.0,673.0,2026-09
2026-09-04 16:00:00,CME_MINI:NQ1!,29514.75,29518.75,29508.25,29518.5,584.0,2026-09
2026-09-04 16:01:00,CME_MINI:NQ1!,29518.5,29520.0,29510.25,29513.25,473.0,2026-09
2026-09-04 16:02:00,CME_MINI:NQ1!,29512.75,29516.0,29510.0,29513.5,341.0,2026-09
2026-09-04 16:03:00,CME_MINI:NQ1!,29513.75,29514.75,29505.0,29508.0,564.0,2026-09
2026-09-04 16:04:00,CME_MINI:NQ1!,29508.25,29516.25,29507.5,29514.25,475.0,2026-09
2026-09-04 16:05:00,CME_MINI:NQ1!,29514.0,29523.75,29513.75,29520.5,687.0,2026-09
2026-09-04 16:06:00,CME_MINI:NQ1!,29521.0,29522.75,29507.25,29519.75,978.0,2026-09
2026-09-04 16:07:00,CME_MINI:NQ1!,29519.5,29529.0,29519.25,29529.0,634.0,2026-09
2026-09-04 16:08:00,CME_MINI:NQ1!,29528.5,29536.75,29527.5,29535.0,762.0,2026-09
2026-09-04 16:09:00,CME_MINI:NQ1!,29535.0,29536.0,29529.75,29532.0,561.0,2026-09
2026-09-04 16:10:00,CME_MINI:NQ1!,29532.5,29539.75,29527.0,29537.0,701.0,2026-09
2026-09-04 16:11:00,CME_MINI:NQ1!,29536.75,29542.25,29534.25,29541.0,555.0,2026-09
2026-09-04 16:12:00,CME_MINI:NQ1!,29541.0,29545.75,29538.25,29544.0,672.0,2026-09
2026-09-04 16:13:00,CME_MINI:NQ1!,29544.25,29554.25,29541.75,29542.75,1285.0,2026-09
2026-09-04 16:14:00,CME_MINI:NQ1!,29543.25,29550.0,29542.0,29547.75,537.0,2026-09
2026-09-04 16:15:00,CME_MINI:NQ1!,29548.0,29548.25,29539.25,29542.75,585.0,2026-09
2026-09-04 16:16:00,CME_MINI:NQ1!,29542.5,29547.5,29539.5,29539.5,499.0,2026-09
2026-09-04 16:17:00,CME_MINI:NQ1!,29539.75,29542.75,29536.0,29541.75,548.0,2026-09
2026-09-04 16:18:00,CME_MINI:NQ1!,29541.5,29545.75,29537.25,29543.75,458.0,2026-09
2026-09-04 16:19:00,CME_MINI:NQ1!,29543.5,29547.5,29542.0,29543.75,401.0,2026-09
2026-09-04 16:20:00,CME_MINI:NQ1!,29544.0,29557.75,29544.0,29554.75,881.0,2026-09
2026-09-04 16:21:00,CME_MINI:NQ1!,29554.5,29565.25,29553.5,29556.75,924.0,2026-09
2026-09-04 16:22:00,CME_MINI:NQ1!,29557.0,29557.25,29550.25,29552.5,513.0,2026-09
2026-09-04 16:23:00,CME_MINI:NQ1!,29552.25,29554.0,29546.0,29552.75,439.0,2026-09
2026-09-04 16:24:00,CME_MINI:NQ1!,29552.5,29556.0,29546.0,29554.0,457.0,2026-09
2026-09-04 16:25:00,CME_MINI:NQ1!,29553.75,29555.0,29547.75,29551.75,426.0,2026-09
2026-09-04 16:26:00,CME_MINI:NQ1!,29551.25,29554.0,29546.5,29548.25,419.0,2026-09
2026-09-04 16:27:00,CME_MINI:NQ1!,29548.5,29559.75,29548.0,29559.0,469.0,2026-09
2026-09-04 16:28:00,CME_MINI:NQ1!,29559.0,29560.75,29554.75,29558.25,511.0,2026-09
2026-09-04 16:29:00,CME_MINI:NQ1!,29558.0,29559.25,29549.0,29554.0,665.0,2026-09
2026-09-04 16:30:00,CME_MINI:NQ1!,29554.5,29557.0,29548.75,29556.75,663.0,2026-09
2026-09-04 16:31:00,CME_MINI:NQ1!,29556.5,29563.75,29555.25,29562.75,549.0,2026-09
2026-09-04 16:32:00,CME_MINI:NQ1!,29562.25,29567.5,29560.75,29566.25,620.0,2026-09
2026-09-04 16:33:00,CME_MINI:NQ1!,29566.75,29567.25,29562.5,29564.75,458.0,2026-09
2026-09-04 16:34:00,CME_MINI:NQ1!,29564.5,29571.5,29563.75,29570.75,651.0,2026-09
2026-09-04 16:35:00,CME_MINI:NQ1!,29571.0,29574.0,29567.25,29571.0,803.0,2026-09
2026-09-04 16:36:00,CME_MINI:NQ1!,29570.75,29570.75,29562.25,29562.75,545.0,2026-09
2026-09-04 16:37:00,CME_MINI:NQ1!,29563.0,29566.75,29557.25,29562.75,543.0,2026-09
2026-09-04 16:38:00,CME_MINI:NQ1!,29562.5,29563.25,29559.25,29559.25,412.0,2026-09
2026-09-04 16:39:00,CME_MINI:NQ1!,29559.25,29563.5,29557.0,29561.5,443.0,2026-09
2026-09-04 16:40:00,CME_MINI:NQ1!,29561.75,29567.0,29560.75,29564.5,375.0,2026-09
2026-09-04 16:41:00,CME_MINI:NQ1!,29564.25,29565.25,29559.0,29563.0,373.0,2026-09
2026-09-04 16:42:00,CME_MINI:NQ1!,29562.5,29563.0,29558.0,29562.5,370.0,2026-09
2026-09-04 16:43:00,CME_MINI:NQ1!,29562.5,29565.75,29558.75,29563.0,513.0,2026-09
2026-09-04 16:44:00,CME_MINI:NQ1!,29563.0,29569.25,29563.0,29568.0,580.0,2026-09
2026-09-04 16:45:00,CME_MINI:NQ1!,29568.25,29570.0,29565.0,29567.0,448.0,2026-09
2026-09-04 16:46:00,CME_MINI:NQ1!,29567.0,29570.0,29566.0,29569.5,316.0,2026-09
2026-09-04 16:47:00,CME_MINI:NQ1!,29569.75,29580.75,29568.5,29579.5,1141.0,2026-09
2026-09-04 16:48:00,CME_MINI:NQ1!,29579.25,29580.25,29573.5,29579.25,603.0,2026-09
2026-09-04 16:49:00,CME_MINI:NQ1!,29578.5,29589.5,29578.5,29587.75,1099.0,2026-09
2026-09-04 16:50:00,CME_MINI:NQ1!,29588.0,29595.75,29588.0,29594.75,781.0,2026-09
2026-09-04 16:51:00,CME_MINI:NQ1!,29595.0,29595.25,29588.5,29591.25,626.0,2026-09
2026-09-04 16:52:00,CME_MINI:NQ1!,29591.5,29592.25,29587.5,29591.75,544.0,2026-09
2026-09-04 16:53:00,CME_MINI:NQ1!,29592.0,29593.0,29585.5,29586.0,463.0,2026-09
2026-09-04 16:54:00,CME_MINI:NQ1!,29586.0,29589.5,29584.0,29585.5,544.0,2026-09
2026-09-04 16:55:00,CME_MINI:NQ1!,29584.75,29588.0,29581.5,29586.25,504.0,2026-09
2026-09-04 16:56:00,CME_MINI:NQ1!,29586.25,29588.0,29577.75,29580.25,510.0,2026-09
2026-09-04 16:57:00,CME_MINI:NQ1!,29580.0,29586.0,29580.0,29583.5,719.0,2026-09
2026-09-04 16:58:00,CME_MINI:NQ1!,29583.5,29587.25,29582.0,29585.25,384.0,2026-09
2026-09-04 16:59:00,CME_MINI:NQ1!,29585.5,29585.75,29575.5,29576.0,641.0,2026-09
2026-09-04 17:00:00,CME_MINI:NQ1!,29576.25,29580.5,29564.25,29570.75,1018.0,2026-09
2026-09-04 17:01:00,CME_MINI:NQ1!,29570.25,29570.5,29563.25,29568.5,489.0,2026-09
2026-09-04 17:02:00,CME_MINI:NQ1!,29567.75,29568.0,29552.25,29556.75,900.0,2026-09
2026-09-04 17:03:00,CME_MINI:NQ1!,29557.0,29557.5,29550.25,29551.0,557.0,2026-09
2026-09-04 17:04:00,CME_MINI:NQ1!,29550.75,29554.25,29544.75,29551.0,763.0,2026-09
2026-09-04 17:05:00,CME_MINI:NQ1!,29550.75,29560.75,29550.0,29557.0,1075.0,2026-09
2026-09-04 17:06:00,CME_MINI:NQ1!,29557.5,29558.0,29549.75,29552.0,370.0,2026-09
2026-09-04 17:07:00,CME_MINI:NQ1!,29552.0,29556.75,29549.25,29551.5,351.0,2026-09
2026-09-04 17:08:00,CME_MINI:NQ1!,29553.5,29555.75,29541.25,29541.5,634.0,2026-09
2026-09-04 17:09:00,CME_MINI:NQ1!,29541.5,29545.0,29538.25,29539.75,484.0,2026-09
2026-09-04 17:10:00,CME_MINI:NQ1!,29539.25,29546.5,29538.75,29540.25,443.0,2026-09
2026-09-04 17:11:00,CME_MINI:NQ1!,29542.0,29544.25,29532.5,29532.75,477.0,2026-09
2026-09-04 17:12:00,CME_MINI:NQ1!,29532.25,29540.5,29531.75,29539.25,538.0,2026-09
2026-09-04 17:13:00,CME_MINI:NQ1!,29539.0,29541.25,29535.5,29538.25,428.0,2026-09
2026-09-04 17:14:00,CME_MINI:NQ1!,29538.0,29541.25,29533.0,29535.25,377.0,2026-09
2026-09-04 17:15:00,CME_MINI:NQ1!,29534.75,29539.0,29531.75,29534.0,332.0,2026-09
2026-09-04 17:16:00,CME_MINI:NQ1!,29534.25,29537.5,29529.75,29536.25,564.0,2026-09
2026-09-04 17:17:00,CME_MINI:NQ1!,29536.25,29543.5,29535.75,29540.5,698.0,2026-09
2026-09-04 17:18:00,CME_MINI:NQ1!,29540.75,29541.5,29535.75,29537.0,400.0,2026-09
2026-09-04 17:19:00,CME_MINI:NQ1!,29537.0,29539.75,29526.5,29531.25,817.0,2026-09
2026-09-04 17:20:00,CME_MINI:NQ1!,29531.75,29535.5,29531.25,29533.5,364.0,2026-09
2026-09-04 17:21:00,CME_MINI:NQ1!,29533.0,29533.0,29520.0,29522.0,698.0,2026-09
2026-09-04 17:22:00,CME_MINI:NQ1!,29521.5,29528.25,29521.25,29526.0,433.0,2026-09
2026-09-04 17:23:00,CME_MINI:NQ1!,29526.0,29526.25,29521.0,29524.25,333.0,2026-09
2026-09-04 17:24:00,CME_MINI:NQ1!,29524.75,29524.75,29517.0,29517.75,543.0,2026-09
2026-09-04 17:25:00,CME_MINI:NQ1!,29518.25,29523.75,29514.75,29522.75,497.0,2026-09
2026-09-04 17:26:00,CME_MINI:NQ1!,29522.0,29527.5,29519.0,29519.0,403.0,2026-09
2026-09-04 17:27:00,CME_MINI:NQ1!,29518.75,29521.25,29515.75,29519.75,367.0,2026-09
2026-09-04 17:28:00,CME_MINI:NQ1!,29519.5,29521.25,29511.25,29511.25,508.0,2026-09
2026-09-04 17:29:00,CME_MINI:NQ1!,29512.0,29512.5,29504.25,29508.0,861.0,2026-09
2026-09-04 17:30:00,CME_MINI:NQ1!,29508.0,29508.5,29497.0,29499.25,1020.0,2026-09
2026-09-04 17:31:00,CME_MINI:NQ1!,29499.0,29504.5,29496.75,29502.0,600.0,2026-09
2026-09-04 17:32:00,CME_MINI:NQ1!,29501.75,29503.0,29493.0,29497.25,539.0,2026-09
2026-09-04 17:33:00,CME_MINI:NQ1!,29497.0,29504.5,29489.5,29489.5,789.0,2026-09
2026-09-04 17:34:00,CME_MINI:NQ1!,29489.5,29494.0,29485.0,29493.5,684.0,2026-09
2026-09-04 17:35:00,CME_MINI:NQ1!,29493.75,29501.25,29489.25,29496.75,660.0,2026-09
2026-09-04 17:36:00,CME_MINI:NQ1!,29497.0,29500.25,29492.5,29496.25,446.0,2026-09
2026-09-04 17:37:00,CME_MINI:NQ1!,29496.25,29497.25,29490.25,29492.25,404.0,2026-09
2026-09-04 17:38:00,CME_MINI:NQ1!,29492.25,29498.5,29490.5,29494.5,384.0,2026-09
2026-09-04 17:39:00,CME_MINI:NQ1!,29494.5,29497.25,29490.5,29495.25,408.0,2026-09
2026-09-04 17:40:00,CME_MINI:NQ1!,29494.75,29496.25,29483.25,29492.75,760.0,2026-09
2026-09-04 17:41:00,CME_MINI:NQ1!,29492.75,29493.75,29480.0,29481.25,540.0,2026-09
2026-09-04 17:42:00,CME_MINI:NQ1!,29481.5,29483.5,29475.25,29475.25,1003.0,2026-09
2026-09-04 17:43:00,CME_MINI:NQ1!,29475.75,29488.0,29474.75,29486.0,797.0,2026-09
2026-09-04 17:44:00,CME_MINI:NQ1!,29486.0,29488.5,29477.75,29478.25,501.0,2026-09
2026-09-04 17:45:00,CME_MINI:NQ1!,29479.0,29481.5,29468.0,29473.0,1212.0,2026-09
2026-09-04 17:46:00,CME_MINI:NQ1!,29473.5,29480.5,29469.5,29480.5,830.0,2026-09
2026-09-04 17:47:00,CME_MINI:NQ1!,29481.0,29492.5,29477.5,29484.5,965.0,2026-09
2026-09-04 17:48:00,CME_MINI:NQ1!,29484.5,29490.5,29479.75,29486.25,617.0,2026-09
2026-09-04 17:49:00,CME_MINI:NQ1!,29486.5,29488.5,29482.75,29484.25,284.0,2026-09
2026-09-04 17:50:00,CME_MINI:NQ1!,29483.75,29490.5,29483.0,29485.75,499.0,2026-09
2026-09-04 17:51:00,CME_MINI:NQ1!,29485.5,29487.5,29481.0,29486.75,616.0,2026-09
2026-09-04 17:52:00,CME_MINI:NQ1!,29486.25,29496.0,29485.75,29492.5,897.0,2026-09
2026-09-04 17:53:00,CME_MINI:NQ1!,29492.25,29492.5,29485.75,29487.5,487.0,2026-09
2026-09-04 17:54:00,CME_MINI:NQ1!,29487.25,29489.0,29483.75,29485.75,584.0,2026-09
2026-09-04 17:55:00,CME_MINI:NQ1!,29486.0,29487.5,29480.5,29484.75,439.0,2026-09
2026-09-04 17:56:00,CME_MINI:NQ1!,29485.25,29489.0,29481.75,29483.5,370.0,2026-09
2026-09-04 17:57:00,CME_MINI:NQ1!,29483.75,29488.0,29483.0,29485.5,239.0,2026-09
2026-09-04 17:58:00,CME_MINI:NQ1!,29485.0,29497.5,29484.0,29495.0,602.0,2026-09
2026-09-04 17:59:00,CME_MINI:NQ1!,29495.0,29498.25,29490.25,29491.75,543.0,2026-09
2026-09-04 18:00:00,CME_MINI:NQ1!,29491.5,29497.75,29490.5,29495.25,645.0,2026-09
2026-09-04 18:01:00,CME_MINI:NQ1!,29495.25,29495.5,29478.0,29479.0,859.0,2026-09
2026-09-04 18:02:00,CME_MINI:NQ1!,29479.0,29482.75,29477.25,29478.75,423.0,2026-09
2026-09-04 18:03:00,CME_MINI:NQ1!,29479.25,29481.75,29475.5,29476.25,548.0,2026-09
2026-09-04 18:04:00,CME_MINI:NQ1!,29476.5,29478.0,29472.25,29476.0,486.0,2026-09
2026-09-04 18:05:00,CME_MINI:NQ1!,29476.75,29481.25,29471.5,29479.25,614.0,2026-09
2026-09-04 18:06:00,CME_MINI:NQ1!,29479.25,29480.75,29471.25,29476.75,640.0,2026-09
2026-09-04 18:07:00,CME_MINI:NQ1!,29477.0,29479.75,29475.25,29477.75,303.0,2026-09
2026-09-04 18:08:00,CME_MINI:NQ1!,29478.0,29483.75,29476.25,29483.0,571.0,2026-09
2026-09-04 18:09:00,CME_MINI:NQ1!,29483.0,29490.0,29480.25,29489.0,571.0,2026-09
2026-09-04 18:10:00,CME_MINI:NQ1!,29489.0,29493.5,29485.75,29492.25,495.0,2026-09
2026-09-04 18:11:00,CME_MINI:NQ1!,29492.5,29497.25,29488.75,29490.0,541.0,2026-09
2026-09-04 18:12:00,CME_MINI:NQ1!,29490.25,29495.25,29488.5,29491.75,389.0,2026-09
2026-09-04 18:13:00,CME_MINI:NQ1!,29491.5,29495.0,29489.75,29491.5,345.0,2026-09
2026-09-04 18:14:00,CME_MINI:NQ1!,29492.25,29494.25,29486.5,29489.0,419.0,2026-09
2026-09-04 18:15:00,CME_MINI:NQ1!,29488.25,29492.5,29486.25,29487.75,457.0,2026-09
2026-09-04 18:16:00,CME_MINI:NQ1!,29487.75,29491.0,29484.5,29489.5,487.0,2026-09
2026-09-04 18:17:00,CME_MINI:NQ1!,29489.75,29494.0,29488.0,29492.5,337.0,2026-09
2026-09-04 18:18:00,CME_MINI:NQ1!,29492.5,29503.0,29492.0,29501.25,771.0,2026-09
2026-09-04 18:19:00,CME_MINI:NQ1!,29502.0,29506.0,29501.5,29504.75,511.0,2026-09
2026-09-04 18:20:00,CME_MINI:NQ1!,29505.0,29511.0,29500.75,29510.0,762.0,2026-09
2026-09-04 18:21:00,CME_MINI:NQ1!,29510.0,29514.5,29506.75,29512.25,499.0,2026-09
2026-09-04 18:22:00,CME_MINI:NQ1!,29512.5,29513.0,29508.5,29511.25,449.0,2026-09
2026-09-04 18:23:00,CME_MINI:NQ1!,29511.0,29512.75,29507.75,29509.75,400.0,2026-09
2026-09-04 18:24:00,CME_MINI:NQ1!,29510.0,29512.75,29505.0,29506.5,400.0,2026-09
2026-09-04 18:25:00,CME_MINI:NQ1!,29506.5,29511.25,29506.5,29509.25,324.0,2026-09
2026-09-04 18:26:00,CME_MINI:NQ1!,29508.75,29511.25,29504.0,29506.25,432.0,2026-09
2026-09-04 18:27:00,CME_MINI:NQ1!,29506.25,29511.5,29502.5,29510.75,503.0,2026-09
2026-09-04 18:28:00,CME_MINI:NQ1!,29510.5,29511.25,29504.0,29504.5,352.0,2026-09
2026-09-04 18:29:00,CME_MINI:NQ1!,29504.25,29512.0,29502.0,29511.0,548.0,2026-09
2026-09-04 18:30:00,CME_MINI:NQ1!,29511.0,29517.75,29511.0,29515.25,834.0,2026-09
2026-09-04 18:31:00,CME_MINI:NQ1!,29514.5,29516.75,29511.0,29514.5,644.0,2026-09
2026-09-04 18:32:00,CME_MINI:NQ1!,29515.0,29517.0,29511.5,29515.0,268.0,2026-09
2026-09-04 18:33:00,CME_MINI:NQ1!,29515.5,29516.25,29512.0,29514.5,220.0,2026-09
2026-09-04 18:34:00,CME_MINI:NQ1!,29515.0,29518.25,29514.75,29517.25,308.0,2026-09
2026-09-04 18:35:00,CME_MINI:NQ1!,29517.5,29519.5,29510.75,29513.0,697.0,2026-09
2026-09-04 18:36:00,CME_MINI:NQ1!,29512.75,29513.5,29505.5,29509.75,603.0,2026-09
2026-09-04 18:37:00,CME_MINI:NQ1!,29509.5,29512.25,29504.75,29505.75,399.0,2026-09
2026-09-04 18:38:00,CME_MINI:NQ1!,29505.25,29512.0,29504.0,29511.0,382.0,2026-09
2026-09-04 18:39:00,CME_MINI:NQ1!,29511.0,29511.75,29507.75,29511.25,300.0,2026-09
2026-09-04 18:40:00,CME_MINI:NQ1!,29511.25,29515.75,29507.5,29508.75,538.0,2026-09
2026-09-04 18:41:00,CME_MINI:NQ1!,29508.25,29512.75,29504.5,29508.5,720.0,2026-09
2026-09-04 18:42:00,CME_MINI:NQ1!,29509.0,29513.75,29509.0,29510.75,237.0,2026-09
2026-09-04 18:43:00,CME_MINI:NQ1!,29511.25,29520.0,29510.0,29518.75,425.0,2026-09
2026-09-04 18:44:00,CME_MINI:NQ1!,29519.0,29524.5,29518.25,29520.75,659.0,2026-09
2026-09-04 18:45:00,CME_MINI:NQ1!,29521.25,29525.0,29520.0,29522.75,537.0,2026-09
2026-09-04 18:46:00,CME_MINI:NQ1!,29522.75,29528.0,29522.5,29523.0,574.0,2026-09
2026-09-04 18:47:00,CME_MINI:NQ1!,29523.0,29527.25,29523.0,29526.25,394.0,2026-09
2026-09-04 18:48:00,CME_MINI:NQ1!,29526.75,29527.5,29522.25,29524.75,333.0,2026-09
2026-09-04 18:49:00,CME_MINI:NQ1!,29524.75,29528.5,29523.5,29527.25,260.0,2026-09
2026-09-04 18:50:00,CME_MINI:NQ1!,29527.0,29527.75,29523.75,29525.0,224.0,2026-09
2026-09-04 18:51:00,CME_MINI:NQ1!,29525.0,29525.5,29521.25,29523.25,233.0,2026-09
2026-09-04 18:52:00,CME_MINI:NQ1!,29523.25,29529.75,29522.25,29529.25,398.0,2026-09
2026-09-04 18:53:00,CME_MINI:NQ1!,29529.25,29530.25,29526.25,29526.75,305.0,2026-09
2026-09-04 18:54:00,CME_MINI:NQ1!,29527.0,29531.0,29526.75,29528.75,355.0,2026-09
2026-09-04 18:55:00,CME_MINI:NQ1!,29528.75,29535.0,29525.5,29531.25,664.0,2026-09
2026-09-04 18:56:00,CME_MINI:NQ1!,29531.5,29537.75,29530.75,29537.75,456.0,2026-09
2026-09-04 18:57:00,CME_MINI:NQ1!,29538.0,29541.25,29535.75,29541.25,428.0,2026-09
2026-09-04 18:58:00,CME_MINI:NQ1!,29541.25,29542.5,29535.5,29537.25,518.0,2026-09
2026-09-04 18:59:00,CME_MINI:NQ1!,29537.75,29540.25,29536.0,29538.75,362.0,2026-09
2026-09-04 19:00:00,CME_MINI:NQ1!,29538.75,29544.0,29531.0,29537.75,1031.0,2026-09
2026-09-04 19:01:00,CME_MINI:NQ1!,29538.5,29541.5,29534.75,29537.75,413.0,2026-09
2026-09-04 19:02:00,CME_MINI:NQ1!,29537.75,29537.75,29525.75,29528.0,674.0,2026-09
2026-09-04 19:03:00,CME_MINI:NQ1!,29528.25,29528.5,29518.25,29519.75,835.0,2026-09
2026-09-04 19:04:00,CME_MINI:NQ1!,29519.75,29520.75,29510.75,29512.25,753.0,2026-09
2026-09-04 19:05:00,CME_MINI:NQ1!,29512.5,29518.25,29511.5,29518.25,589.0,2026-09
2026-09-04 19:06:00,CME_MINI:NQ1!,29518.25,29518.25,29509.25,29511.0,387.0,2026-09
2026-09-04 19:07:00,CME_MINI:NQ1!,29511.5,29517.5,29506.75,29508.25,401.0,2026-09
2026-09-04 19:08:00,CME_MINI:NQ1!,29507.5,29512.5,29507.0,29512.0,348.0,2026-09
2026-09-04 19:09:00,CME_MINI:NQ1!,29511.75,29513.5,29508.0,29509.5,325.0,2026-09
2026-09-04 19:10:00,CME_MINI:NQ1!,29509.75,29516.5,29507.0,29514.5,399.0,2026-09
2026-09-04 19:11:00,CME_MINI:NQ1!,29514.0,29517.25,29512.25,29516.75,271.0,2026-09
2026-09-04 19:12:00,CME_MINI:NQ1!,29515.5,29519.0,29513.5,29514.75,400.0,2026-09
2026-09-04 19:13:00,CME_MINI:NQ1!,29515.0,29515.25,29511.5,29512.5,203.0,2026-09
2026-09-04 19:14:00,CME_MINI:NQ1!,29513.25,29516.5,29510.0,29511.25,299.0,2026-09
2026-09-04 19:15:00,CME_MINI:NQ1!,29511.0,29516.75,29510.5,29515.5,290.0,2026-09
2026-09-04 19:16:00,CME_MINI:NQ1!,29515.75,29517.25,29511.5,29511.5,269.0,2026-09
2026-09-04 19:17:00,CME_MINI:NQ1!,29512.25,29522.0,29511.25,29517.25,417.0,2026-09
2026-09-04 19:18:00,CME_MINI:NQ1!,29516.75,29519.25,29516.0,29516.5,221.0,2026-09
2026-09-04 19:19:00,CME_MINI:NQ1!,29516.5,29517.0,29512.5,29514.75,225.0,2026-09
2026-09-04 19:20:00,CME_MINI:NQ1!,29514.75,29520.25,29514.0,29519.25,473.0,2026-09
2026-09-04 19:21:00,CME_MINI:NQ1!,29519.75,29522.75,29518.0,29519.25,323.0,2026-09
2026-09-04 19:22:00,CME_MINI:NQ1!,29519.75,29521.5,29514.0,29517.0,297.0,2026-09
2026-09-04 19:23:00,CME_MINI:NQ1!,29516.5,29520.25,29514.25,29520.25,230.0,2026-09
2026-09-04 19:24:00,CME_MINI:NQ1!,29519.75,29524.5,29519.0,29522.75,369.0,2026-09
2026-09-04 19:25:00,CME_MINI:NQ1!,29522.75,29528.0,29522.75,29523.5,490.0,2026-09
2026-09-04 19:26:00,CME_MINI:NQ1!,29523.25,29525.5,29521.0,29521.5,400.0,2026-09
2026-09-04 19:27:00,CME_MINI:NQ1!,29521.75,29531.25,29521.25,29526.25,564.0,2026-09
2026-09-04 19:28:00,CME_MINI:NQ1!,29527.0,29531.0,29525.5,29528.75,335.0,2026-09
2026-09-04 19:29:00,CME_MINI:NQ1!,29528.25,29529.0,29523.25,29526.5,360.0,2026-09
2026-09-04 19:30:00,CME_MINI:NQ1!,29526.5,29529.25,29519.25,29529.0,671.0,2026-09
2026-09-04 19:31:00,CME_MINI:NQ1!,29529.0,29532.5,29526.5,29528.0,501.0,2026-09
2026-09-04 19:32:00,CME_MINI:NQ1!,29528.0,29530.0,29526.0,29528.0,371.0,2026-09
2026-09-04 19:33:00,CME_MINI:NQ1!,29528.5,29538.75,29527.75,29537.75,539.0,2026-09
2026-09-04 19:34:00,CME_MINI:NQ1!,29537.75,29540.0,29536.5,29538.0,582.0,2026-09
2026-09-04 19:35:00,CME_MINI:NQ1!,29538.0,29544.0,29534.5,29542.0,668.0,2026-09
2026-09-04 19:36:00,CME_MINI:NQ1!,29542.0,29547.5,29538.0,29540.5,810.0,2026-09
2026-09-04 19:37:00,CME_MINI:NQ1!,29541.25,29542.25,29536.75,29538.0,415.0,2026-09
2026-09-04 19:38:00,CME_MINI:NQ1!,29538.25,29538.25,29526.75,29530.25,744.0,2026-09
2026-09-04 19:39:00,CME_MINI:NQ1!,29529.75,29535.5,29529.75,29534.0,330.0,2026-09
2026-09-04 19:40:00,CME_MINI:NQ1!,29534.0,29538.25,29530.25,29536.75,423.0,2026-09
2026-09-04 19:41:00,CME_MINI:NQ1!,29536.75,29542.25,29532.75,29534.5,505.0,2026-09
2026-09-04 19:42:00,CME_MINI:NQ1!,29534.75,29538.0,29531.75,29533.0,343.0,2026-09
2026-09-04 19:43:00,CME_MINI:NQ1!,29533.0,29539.0,29532.25,29536.75,351.0,2026-09
2026-09-04 19:44:00,CME_MINI:NQ1!,29537.0,29541.25,29536.5,29541.0,342.0,2026-09
2026-09-04 19:45:00,CME_MINI:NQ1!,29540.75,29545.75,29540.0,29544.5,871.0,2026-09
2026-09-04 19:46:00,CME_MINI:NQ1!,29544.75,29549.0,29541.25,29545.5,663.0,2026-09
2026-09-04 19:47:00,CME_MINI:NQ1!,29545.5,29550.5,29545.0,29550.0,596.0,2026-09
2026-09-04 19:48:00,CME_MINI:NQ1!,29550.25,29550.5,29544.75,29547.5,576.0,2026-09
2026-09-04 19:49:00,CME_MINI:NQ1!,29547.25,29553.0,29544.5,29551.0,679.0,2026-09
2026-09-04 19:50:00,CME_MINI:NQ1!,29551.0,29569.25,29551.0,29564.0,2197.0,2026-09
2026-09-04 19:51:00,CME_MINI:NQ1!,29564.25,29574.0,29564.0,29573.25,1056.0,2026-09
2026-09-04 19:52:00,CME_MINI:NQ1!,29573.25,29578.5,29571.0,29574.25,1205.0,2026-09
2026-09-04 19:53:00,CME_MINI:NQ1!,29573.75,29574.0,29559.75,29566.75,1185.0,2026-09
2026-09-04 19:54:00,CME_MINI:NQ1!,29567.0,29577.5,29566.0,29576.5,1685.0,2026-09
2026-09-04 19:55:00,CME_MINI:NQ1!,29576.25,29582.25,29568.25,29576.75,1844.0,2026-09
2026-09-04 19:56:00,CME_MINI:NQ1!,29577.25,29580.0,29571.75,29578.0,818.0,2026-09
2026-09-04 19:57:00,CME_MINI:NQ1!,29577.5,29585.25,29577.5,29580.5,1238.0,2026-09
2026-09-04 19:58:00,CME_MINI:NQ1!,29581.0,29586.5,29569.0,29569.25,1819.0,2026-09
2026-09-04 19:59:00,CME_MINI:NQ1!,29569.0,29572.0,29558.5,29568.75,8630.0,2026-09
2026-09-04 20:00:00,CME_MINI:NQ1!,29568.25,29569.0,29553.75,29560.0,2259.0,2026-09
2026-09-04 20:01:00,CME_MINI:NQ1!,29559.5,29560.75,29552.0,29558.5,863.0,2026-09
2026-09-04 20:02:00,CME_MINI:NQ1!,29558.5,29564.75,29551.75,29552.5,646.0,2026-09
2026-09-04 20:03:00,CME_MINI:NQ1!,29552.25,29556.75,29547.75,29552.5,439.0,2026-09
2026-09-04 20:04:00,CME_MINI:NQ1!,29552.5,29553.5,29543.25,29544.0,442.0,2026-09
2026-09-04 20:05:00,CME_MINI:NQ1!,29543.75,29545.5,29532.5,29533.25,617.0,2026-09
2026-09-04 20:06:00,CME_MINI:NQ1!,29533.0,29535.5,29531.0,29534.0,365.0,2026-09
2026-09-04 20:07:00,CME_MINI:NQ1!,29533.5,29534.75,29529.5,29534.0,419.0,2026-09
2026-09-04 20:08:00,CME_MINI:NQ1!,29534.5,29535.0,29529.75,29532.25,204.0,2026-09
2026-09-04 20:09:00,CME_MINI:NQ1!,29532.25,29535.5,29530.25,29534.75,152.0,2026-09
2026-09-04 20:10:00,CME_MINI:NQ1!,29534.75,29537.25,29534.0,29535.5,275.0,2026-09
2026-09-04 20:11:00,CME_MINI:NQ1!,29535.25,29542.0,29535.0,29538.5,268.0,2026-09
2026-09-04 20:12:00,CME_MINI:NQ1!,29538.25,29541.5,29537.5,29539.75,172.0,2026-09
2026-09-04 20:13:00,CME_MINI:NQ1!,29539.5,29546.75,29539.25,29546.25,323.0,2026-09
2026-09-04 20:14:00,CME_MINI:NQ1!,29546.75,29546.75,29541.0,29541.25,269.0,2026-09
2026-09-04 20:15:00,CME_MINI:NQ1!,29541.25,29543.25,29540.5,29540.75,197.0,2026-09
2026-09-04 20:16:00,CME_MINI:NQ1!,29540.75,29541.0,29537.75,29540.0,98.0,2026-09
2026-09-04 20:17:00,CME_MINI:NQ1!,29540.0,29540.0,29537.75,29539.5,90.0,2026-09
2026-09-04 20:18:00,CME_MINI:NQ1!,29540.0,29540.5,29537.0,29539.75,78.0,2026-09
2026-09-04 20:19:00,CME_MINI:NQ1!,29539.25,29539.75,29538.25,29538.25,39.0,2026-09
2026-09-04 20:20:00,CME_MINI:NQ1!,29539.0,29540.25,29537.25,29538.25,68.0,2026-09
2026-09-04 20:21:00,CME_MINI:NQ1!,29537.75,29538.0,29534.0,29535.5,83.0,2026-09
2026-09-04 20:22:00,CME_MINI:NQ1!,29535.0,29535.25,29532.75,29532.75,52.0,2026-09
2026-09-04 20:23:00,CME_MINI:NQ1!,29532.5,29533.75,29531.0,29533.25,85.0,2026-09
2026-09-04 20:24:00,CME_MINI:NQ1!,29532.25,29532.75,29529.75,29532.0,84.0,2026-09
2026-09-04 20:25:00,CME_MINI:NQ1!,29532.25,29532.75,29531.25,29531.75,48.0,2026-09
2026-09-04 20:26:00,CME_MINI:NQ1!,29532.25,29534.25,29531.75,29533.75,95.0,2026-09
2026-09-04 20:27:00,CME_MINI:NQ1!,29533.25,29534.0,29532.5,29532.75,42.0,2026-09
2026-09-04 20:28:00,CME_MINI:NQ1!,29532.5,29533.0,29531.0,29531.0,51.0,2026-09
2026-09-04 20:29:00,CME_MINI:NQ1!,29531.75,29532.0,29530.0,29531.5,83.0,2026-09
2026-09-04 20:30:00,CME_MINI:NQ1!,29531.75,29532.0,29526.0,29526.5,161.0,2026-09
2026-09-04 20:31:00,CME_MINI:NQ1!,29526.5,29526.5,29519.5,29521.0,383.0,2026-09
2026-09-04 20:32:00,CME_MINI:NQ1!,29521.25,29522.0,29514.5,29515.5,197.0,2026-09
2026-09-04 20:33:00,CME_MINI:NQ1!,29516.25,29521.25,29515.25,29519.75,141.0,2026-09
2026-09-04 20:34:00,CME_MINI:NQ1!,29520.0,29522.0,29518.0,29518.75,102.0,2026-09
2026-09-04 20:35:00,CME_MINI:NQ1!,29518.5,29522.75,29516.75,29520.5,187.0,2026-09
2026-09-04 20:36:00,CME_MINI:NQ1!,29520.5,29522.75,29518.75,29522.0,217.0,2026-09
2026-09-04 20:37:00,CME_MINI:NQ1!,29522.5,29524.75,29522.0,29523.25,85.0,2026-09
2026-09-04 20:38:00,CME_MINI:NQ1!,29523.75,29529.75,29523.75,29528.5,167.0,2026-09
2026-09-04 20:39:00,CME_MINI:NQ1!,29528.25,29529.0,29523.75,29524.25,66.0,2026-09
2026-09-04 20:40:00,CME_MINI:NQ1!,29524.75,29528.0,29524.0,29525.25,128.0,2026-09
2026-09-04 20:41:00,CME_MINI:NQ1!,29525.25,29526.25,29523.75,29525.75,61.0,2026-09
2026-09-04 20:42:00,CME_MINI:NQ1!,29525.5,29530.5,29525.5,29527.75,85.0,2026-09
2026-09-04 20:43:00,CME_MINI:NQ1!,29527.25,29531.25,29527.25,29528.75,80.0,2026-09
2026-09-04 20:44:00,CME_MINI:NQ1!,29529.0,29530.75,29528.5,29530.75,66.0,2026-09
2026-09-04 20:45:00,CME_MINI:NQ1!,29530.5,29532.5,29528.5,29528.5,185.0,2026-09
2026-09-04 20:46:00,CME_MINI:NQ1!,29527.75,29530.0,29527.5,29529.5,50.0,2026-09
2026-09-04 20:47:00,CME_MINI:NQ1!,29528.75,29531.75,29526.75,29530.75,99.0,2026-09
2026-09-04 20:48:00,CME_MINI:NQ1!,29530.75,29531.0,29525.25,29526.0,163.0,2026-09
2026-09-04 20:49:00,CME_MINI:NQ1!,29527.25,29527.75,29525.0,29526.0,115.0,2026-09
2026-09-04 20:50:00,CME_MINI:NQ1!,29526.25,29528.0,29524.0,29526.0,226.0,2026-09
2026-09-04 20:51:00,CME_MINI:NQ1!,29526.25,29528.5,29525.75,29526.75,82.0,2026-09
2026-09-04 20:52:00,CME_MINI:NQ1!,29527.25,29528.5,29524.5,29525.25,198.0,2026-09
2026-09-04 20:53:00,CME_MINI:NQ1!,29526.0,29529.0,29524.75,29529.0,100.0,2026-09
2026-09-04 20:54:00,CME_MINI:NQ1!,29528.25,29529.75,29527.0,29528.75,49.0,2026-09
2026-09-04 20:55:00,CME_MINI:NQ1!,29528.75,29528.75,29525.75,29525.75,97.0,2026-09
2026-09-04 20:56:00,CME_MINI:NQ1!,29526.0,29526.0,29519.5,29524.5,222.0,2026-09
2026-09-04 20:57:00,CME_MINI:NQ1!,29524.5,29525.25,29521.25,29525.25,148.0,2026-09
2026-09-04 20:58:00,CME_MINI:NQ1!,29525.0,29526.75,29523.75,29524.25,41.0,2026-09
2026-09-04 20:59:00,CME_MINI:NQ1!,29525.0,29528.5,29521.25,29523.0,192.0,2026-09
2026-09-06 22:00:00,CME_MINI:NQ1!,29535.25,29569.75,29534.75,29567.25,447.0,2026-09
2026-09-06 22:01:00,CME_MINI:NQ1!,29568.75,29593.5,29563.0,29588.25,523.0,2026-09
2026-09-06 22:02:00,CME_MINI:NQ1!,29590.0,29595.25,29575.25,29584.0,229.0,2026-09
2026-09-06 22:03:00,CME_MINI:NQ1!,29583.0,29588.0,29580.0,29585.0,80.0,2026-09
2026-09-06 22:04:00,CME_MINI:NQ1!,29585.75,29587.5,29580.25,29581.0,109.0,2026-09
2026-09-06 22:05:00,CME_MINI:NQ1!,29580.25,29586.75,29572.5,29575.75,189.0,2026-09
2026-09-06 22:06:00,CME_MINI:NQ1!,29574.25,29584.75,29572.25,29582.0,108.0,2026-09
2026-09-06 22:07:00,CME_MINI:NQ1!,29582.75,29583.25,29579.5,29582.5,76.0,2026-09
2026-09-06 22:08:00,CME_MINI:NQ1!,29582.0,29587.0,29576.0,29577.75,108.0,2026-09
2026-09-06 22:09:00,CME_MINI:NQ1!,29579.75,29581.0,29577.25,29578.25,50.0,2026-09
2026-09-06 22:10:00,CME_MINI:NQ1!,29577.5,29582.0,29576.5,29580.0,76.0,2026-09
2026-09-06 22:11:00,CME_MINI:NQ1!,29579.25,29582.0,29579.0,29580.5,47.0,2026-09
2026-09-06 22:12:00,CME_MINI:NQ1!,29581.25,29581.5,29577.5,29578.5,44.0,2026-09
2026-09-06 22:13:00,CME_MINI:NQ1!,29577.0,29579.25,29576.5,29578.5,19.0,2026-09
2026-09-06 22:14:00,CME_MINI:NQ1!,29579.0,29580.75,29578.0,29579.5,22.0,2026-09
2026-09-06 22:15:00,CME_MINI:NQ1!,29578.0,29579.5,29578.0,29579.0,19.0,2026-09
2026-09-06 22:16:00,CME_MINI:NQ1!,29579.75,29583.0,29578.5,29583.0,39.0,2026-09
2026-09-06 22:17:00,CME_MINI:NQ1!,29583.75,29584.25,29581.0,29581.5,41.0,2026-09
2026-09-06 22:18:00,CME_MINI:NQ1!,29580.75,29581.75,29576.75,29581.5,66.0,2026-09
2026-09-06 22:19:00,CME_MINI:NQ1!,29581.5,29582.25,29574.5,29578.0,127.0,2026-09
2026-09-06 22:20:00,CME_MINI:NQ1!,29577.0,29579.5,29576.25,29579.25,21.0,2026-09
2026-09-06 22:21:00,CME_MINI:NQ1!,29577.5,29581.0,29577.5,29580.5,7.0,2026-09
2026-09-06 22:22:00,CME_MINI:NQ1!,29580.0,29580.0,29577.75,29579.5,8.0,2026-09
2026-09-06 22:23:00,CME_MINI:NQ1!,29578.25,29580.0,29577.75,29579.5,21.0,2026-09
2026-09-06 22:24:00,CME_MINI:NQ1!,29577.75,29578.0,29577.0,29578.0,5.0,2026-09
2026-09-06 22:25:00,CME_MINI:NQ1!,29579.75,29583.5,29578.5,29579.25,31.0,2026-09
2026-09-06 22:26:00,CME_MINI:NQ1!,29578.0,29581.25,29578.0,29579.5,9.0,2026-09
2026-09-06 22:27:00,CME_MINI:NQ1!,29580.0,29580.0,29579.0,29580.0,11.0,2026-09
2026-09-06 22:28:00,CME_MINI:NQ1!,29579.0,29580.5,29577.75,29579.5,21.0,2026-09
2026-09-06 22:29:00,CME_MINI:NQ1!,29578.5,29579.75,29577.0,29579.75,23.0,2026-09
2026-09-06 22:30:00,CME_MINI:NQ1!,29578.75,29582.0,29578.5,29579.5,36.0,2026-09
2026-09-06 22:31:00,CME_MINI:NQ1!,29578.25,29584.75,29577.5,29583.25,63.0,2026-09
2026-09-06 22:32:00,CME_MINI:NQ1!,29582.0,29584.0,29579.0,29580.0,52.0,2026-09
2026-09-06 22:33:00,CME_MINI:NQ1!,29580.5,29582.5,29580.0,29581.25,33.0,2026-09
2026-09-06 22:34:00,CME_MINI:NQ1!,29580.0,29582.0,29577.5,29578.25,42.0,2026-09
2026-09-06 22:35:00,CME_MINI:NQ1!,29579.25,29582.75,29579.0,29580.0,19.0,2026-09
2026-09-06 22:36:00,CME_MINI:NQ1!,29578.5,29579.0,29577.25,29578.75,14.0,2026-09
2026-09-06 22:37:00,CME_MINI:NQ1!,29578.0,29581.0,29577.25,29581.0,23.0,2026-09
2026-09-06 22:38:00,CME_MINI:NQ1!,29581.5,29582.0,29580.75,29582.0,34.0,2026-09
2026-09-06 22:39:00,CME_MINI:NQ1!,29581.5,29581.75,29580.25,29581.5,8.0,2026-09
2026-09-06 22:40:00,CME_MINI:NQ1!,29580.5,29583.25,29580.5,29581.5,19.0,2026-09
2026-09-06 22:41:00,CME_MINI:NQ1!,29582.25,29582.25,29580.25,29582.0,18.0,2026-09
2026-09-06 22:42:00,CME_MINI:NQ1!,29581.75,29582.0,29581.75,29581.75,6.0,2026-09
2026-09-06 22:43:00,CME_MINI:NQ1!,29581.25,29581.25,29579.25,29580.75,10.0,2026-09
2026-09-06 22:44:00,CME_MINI:NQ1!,29580.5,29580.5,29580.5,29580.5,1.0,2026-09
2026-09-06 22:45:00,CME_MINI:NQ1!,29580.0,29583.0,29580.0,29581.75,25.0,2026-09
2026-09-06 22:46:00,CME_MINI:NQ1!,29582.0,29583.0,29580.25,29582.75,23.0,2026-09
2026-09-06 22:47:00,CME_MINI:NQ1!,29582.0,29582.25,29580.5,29581.25,7.0,2026-09
2026-09-06 22:48:00,CME_MINI:NQ1!,29581.25,29581.5,29580.75,29580.75,9.0,2026-09
2026-09-06 22:49:00,CME_MINI:NQ1!,29581.0,29581.25,29580.0,29580.75,6.0,2026-09
2026-09-06 22:50:00,CME_MINI:NQ1!,29581.25,29582.25,29580.0,29582.25,19.0,2026-09
2026-09-06 22:51:00,CME_MINI:NQ1!,29581.75,29581.75,29580.5,29581.75,6.0,2026-09
2026-09-06 22:52:00,CME_MINI:NQ1!,29582.5,29583.5,29580.25,29581.25,24.0,2026-09
2026-09-06 22:53:00,CME_MINI:NQ1!,29581.75,29582.75,29581.0,29581.0,10.0,2026-09
2026-09-06 22:54:00,CME_MINI:NQ1!,29580.25,29581.0,29579.5,29580.5,7.0,2026-09
2026-09-06 22:55:00,CME_MINI:NQ1!,29581.0,29581.5,29579.5,29580.75,9.0,2026-09
2026-09-06 22:56:00,CME_MINI:NQ1!,29579.75,29580.5,29579.5,29580.0,7.0,2026-09
2026-09-06 22:57:00,CME_MINI:NQ1!,29580.5,29581.0,29579.75,29581.0,5.0,2026-09
2026-09-06 22:58:00,CME_MINI:NQ1!,29580.25,29580.5,29579.0,29579.0,10.0,2026-09
2026-09-06 22:59:00,CME_MINI:NQ1!,29579.5,29579.75,29576.75,29576.75,24.0,2026-09
2026-09-06 23:00:00,CME_MINI:NQ1!,29576.5,29578.0,29573.5,29576.0,68.0,2026-09
2026-09-06 23:01:00,CME_MINI:NQ1!,29578.0,29579.75,29577.25,29578.5,19.0,2026-09
2026-09-06 23:02:00,CME_MINI:NQ1!,29578.25,29579.75,29576.25,29578.5,31.0,2026-09
2026-09-06 23:03:00,CME_MINI:NQ1!,29576.75,29578.75,29576.75,29577.25,14.0,2026-09
2026-09-06 23:04:00,CME_MINI:NQ1!,29576.5,29577.0,29575.25,29575.25,11.0,2026-09
2026-09-06 23:05:00,CME_MINI:NQ1!,29575.0,29579.5,29574.75,29578.0,36.0,2026-09
2026-09-06 23:06:00,CME_MINI:NQ1!,29578.25,29578.25,29572.75,29574.0,59.0,2026-09
2026-09-06 23:07:00,CME_MINI:NQ1!,29573.5,29573.5,29569.5,29572.5,73.0,2026-09
2026-09-06 23:08:00,CME_MINI:NQ1!,29571.5,29571.75,29569.25,29570.5,32.0,2026-09
2026-09-06 23:09:00,CME_MINI:NQ1!,29570.25,29571.75,29570.25,29570.25,33.0,2026-09
2026-09-06 23:10:00,CME_MINI:NQ1!,29569.75,29571.0,29566.5,29571.0,75.0,2026-09
2026-09-06 23:11:00,CME_MINI:NQ1!,29570.0,29570.0,29567.75,29568.5,15.0,2026-09
2026-09-06 23:12:00,CME_MINI:NQ1!,29568.75,29569.25,29566.0,29566.5,35.0,2026-09
2026-09-06 23:13:00,CME_MINI:NQ1!,29566.5,29567.75,29565.25,29565.25,51.0,2026-09
2026-09-06 23:14:00,CME_MINI:NQ1!,29565.25,29565.5,29562.5,29564.75,52.0,2026-09
2026-09-06 23:15:00,CME_MINI:NQ1!,29564.25,29566.25,29561.25,29562.0,37.0,2026-09
2026-09-06 23:16:00,CME_MINI:NQ1!,29563.0,29578.0,29561.0,29568.75,145.0,2026-09
2026-09-06 23:17:00,CME_MINI:NQ1!,29569.0,29573.0,29568.75,29569.75,42.0,2026-09
2026-09-06 23:18:00,CME_MINI:NQ1!,29569.75,29574.25,29569.0,29571.75,32.0,2026-09
2026-09-06 23:19:00,CME_MINI:NQ1!,29573.0,29574.5,29571.75,29572.25,62.0,2026-09
2026-09-06 23:20:00,CME_MINI:NQ1!,29571.5,29573.5,29571.5,29571.5,19.0,2026-09
2026-09-06 23:21:00,CME_MINI:NQ1!,29571.0,29571.0,29564.0,29565.75,74.0,2026-09
2026-09-06 23:22:00,CME_MINI:NQ1!,29564.75,29565.25,29561.5,29562.5,35.0,2026-09
2026-09-06 23:23:00,CME_MINI:NQ1!,29562.75,29564.25,29553.0,29553.0,143.0,2026-09
2026-09-06 23:24:00,CME_MINI:NQ1!,29554.0,29556.5,29550.25,29550.25,140.0,2026-09
2026-09-06 23:25:00,CME_MINI:NQ1!,29551.25,29551.75,29545.5,29547.5,103.0,2026-09
2026-09-06 23:26:00,CME_MINI:NQ1!,29547.0,29550.0,29544.0,29545.0,78.0,2026-09
2026-09-06 23:27:00,CME_MINI:NQ1!,29545.25,29548.5,29545.25,29548.0,53.0,2026-09
2026-09-06 23:28:00,CME_MINI:NQ1!,29548.0,29548.0,29543.25,29545.25,47.0,2026-09
2026-09-06 23:29:00,CME_MINI:NQ1!,29544.75,29545.0,29542.75,29544.0,29.0,2026-09
2026-09-06 23:30:00,CME_MINI:NQ1!,29543.0,29552.0,29541.0,29548.0,176.0,2026-09
2026-09-06 23:31:00,CME_MINI:NQ1!,29548.25,29549.0,29546.0,29546.25,32.0,2026-09
2026-09-06 23:32:00,CME_MINI:NQ1!,29545.75,29548.5,29545.0,29546.0,62.0,2026-09
2026-09-06 23:33:00,CME_MINI:NQ1!,29546.0,29548.25,29545.0,29545.25,28.0,2026-09
2026-09-06 23:34:00,CME_MINI:NQ1!,29545.75,29545.75,29543.5,29544.5,14.0,2026-09
2026-09-06 23:35:00,CME_MINI:NQ1!,29547.0,29558.0,29547.0,29556.25,179.0,2026-09
2026-09-06 23:36:00,CME_MINI:NQ1!,29556.25,29567.75,29555.5,29565.0,116.0,2026-09
2026-09-06 23:37:00,CME_MINI:NQ1!,29564.25,29580.25,29561.5,29580.0,348.0,2026-09
2026-09-06 23:38:00,CME_MINI:NQ1!,29579.0,29580.25,29572.25,29574.0,160.0,2026-09
2026-09-06 23:39:00,CME_MINI:NQ1!,29574.0,29575.0,29571.0,29571.75,28.0,2026-09
2026-09-06 23:40:00,CME_MINI:NQ1!,29571.5,29571.5,29564.25,29569.0,122.0,2026-09
2026-09-06 23:41:00,CME_MINI:NQ1!,29568.25,29570.0,29566.5,29567.75,20.0,2026-09
2026-09-06 23:42:00,CME_MINI:NQ1!,29567.75,29575.0,29567.75,29575.0,51.0,2026-09
2026-09-06 23:43:00,CME_MINI:NQ1!,29575.0,29577.5,29573.75,29575.25,58.0,2026-09
2026-09-06 23:44:00,CME_MINI:NQ1!,29573.0,29576.25,29572.0,29574.0,56.0,2026-09
2026-09-06 23:45:00,CME_MINI:NQ1!,29575.25,29581.0,29565.75,29574.25,135.0,2026-09
2026-09-06 23:46:00,CME_MINI:NQ1!,29577.0,29582.75,29576.25,29578.75,83.0,2026-09
2026-09-06 23:47:00,CME_MINI:NQ1!,29579.0,29580.25,29576.5,29579.25,50.0,2026-09
2026-09-06 23:48:00,CME_MINI:NQ1!,29579.0,29579.25,29573.75,29577.0,25.0,2026-09
2026-09-06 23:49:00,CME_MINI:NQ1!,29575.75,29577.5,29575.75,29577.25,12.0,2026-09
2026-09-06 23:50:00,CME_MINI:NQ1!,29575.5,29577.25,29573.25,29574.75,27.0,2026-09
2026-09-06 23:51:00,CME_MINI:NQ1!,29573.0,29573.0,29568.25,29570.75,34.0,2026-09
2026-09-06 23:52:00,CME_MINI:NQ1!,29572.25,29572.75,29569.5,29571.0,38.0,2026-09
2026-09-06 23:53:00,CME_MINI:NQ1!,29570.0,29570.0,29565.75,29566.0,39.0,2026-09
2026-09-06 23:54:00,CME_MINI:NQ1!,29565.75,29567.0,29563.25,29564.0,67.0,2026-09
2026-09-06 23:55:00,CME_MINI:NQ1!,29565.0,29566.25,29559.0,29560.25,85.0,2026-09
2026-09-06 23:56:00,CME_MINI:NQ1!,29561.0,29562.75,29554.0,29554.25,110.0,2026-09
2026-09-06 23:57:00,CME_MINI:NQ1!,29553.5,29555.5,29547.0,29554.0,126.0,2026-09
2026-09-06 23:58:00,CME_MINI:NQ1!,29553.0,29557.75,29551.0,29554.25,74.0,2026-09
2026-09-06 23:59:00,CME_MINI:NQ1!,29553.5,29561.0,29553.0,29557.5,53.0,2026-09
2026-09-07 00:00:00,CME_MINI:NQ1!,29557.5,29558.5,29550.0,29552.0,112.0,2026-09
2026-09-07 00:01:00,CME_MINI:NQ1!,29552.5,29565.5,29551.25,29557.0,120.0,2026-09
2026-09-07 00:02:00,CME_MINI:NQ1!,29555.5,29559.25,29550.5,29558.25,61.0,2026-09
2026-09-07 00:03:00,CME_MINI:NQ1!,29556.25,29557.5,29549.75,29550.25,40.0,2026-09
2026-09-07 00:04:00,CME_MINI:NQ1!,29550.25,29550.25,29545.0,29547.25,99.0,2026-09
2026-09-07 00:05:00,CME_MINI:NQ1!,29548.0,29567.5,29545.0,29565.0,170.0,2026-09
2026-09-07 00:06:00,CME_MINI:NQ1!,29565.5,29577.5,29565.25,29573.25,285.0,2026-09
2026-09-07 00:07:00,CME_MINI:NQ1!,29575.75,29583.0,29569.0,29572.0,249.0,2026-09
2026-09-07 00:08:00,CME_MINI:NQ1!,29572.5,29572.75,29561.25,29565.0,113.0,2026-09
2026-09-07 00:09:00,CME_MINI:NQ1!,29567.5,29575.0,29567.5,29571.75,56.0,2026-09
2026-09-07 00:10:00,CME_MINI:NQ1!,29572.25,29575.0,29568.25,29574.75,53.0,2026-09
2026-09-07 00:11:00,CME_MINI:NQ1!,29575.75,29577.25,29566.75,29572.5,72.0,2026-09
2026-09-07 00:12:00,CME_MINI:NQ1!,29572.25,29580.75,29572.25,29576.25,88.0,2026-09
2026-09-07 00:13:00,CME_MINI:NQ1!,29576.25,29583.0,29573.75,29580.5,76.0,2026-09
2026-09-07 00:14:00,CME_MINI:NQ1!,29581.0,29582.0,29570.0,29571.5,57.0,2026-09
2026-09-07 00:15:00,CME_MINI:NQ1!,29570.0,29576.0,29567.25,29575.75,103.0,2026-09
2026-09-07 00:16:00,CME_MINI:NQ1!,29573.75,29574.0,29571.5,29572.75,38.0,2026-09
2026-09-07 00:17:00,CME_MINI:NQ1!,29573.75,29574.0,29567.5,29568.75,65.0,2026-09
2026-09-07 00:18:00,CME_MINI:NQ1!,29569.0,29577.0,29562.75,29563.0,190.0,2026-09
2026-09-07 00:19:00,CME_MINI:NQ1!,29562.25,29568.5,29562.25,29564.5,56.0,2026-09
2026-09-07 00:20:00,CME_MINI:NQ1!,29565.0,29566.5,29557.5,29559.0,109.0,2026-09
2026-09-07 00:21:00,CME_MINI:NQ1!,29560.25,29561.5,29557.0,29558.75,64.0,2026-09
2026-09-07 00:22:00,CME_MINI:NQ1!,29558.75,29563.0,29556.75,29562.75,51.0,2026-09
2026-09-07 00:23:00,CME_MINI:NQ1!,29563.25,29563.5,29556.25,29556.25,39.0,2026-09
2026-09-07 00:24:00,CME_MINI:NQ1!,29558.5,29561.25,29558.0,29559.25,45.0,2026-09
2026-09-07 00:25:00,CME_MINI:NQ1!,29559.0,29566.25,29559.0,29565.5,54.0,2026-09
2026-09-07 00:26:00,CME_MINI:NQ1!,29564.75,29578.5,29563.25,29574.75,133.0,2026-09
2026-09-07 00:27:00,CME_MINI:NQ1!,29574.75,29577.25,29566.0,29566.25,55.0,2026-09
2026-09-07 00:28:00,CME_MINI:NQ1!,29566.0,29567.25,29564.25,29566.0,41.0,2026-09
2026-09-07 00:29:00,CME_MINI:NQ1!,29566.0,29566.5,29562.5,29563.5,28.0,2026-09
2026-09-07 00:30:00,CME_MINI:NQ1!,29564.25,29568.75,29557.0,29560.5,139.0,2026-09
2026-09-07 00:31:00,CME_MINI:NQ1!,29563.0,29568.0,29560.5,29565.0,82.0,2026-09
2026-09-07 00:32:00,CME_MINI:NQ1!,29561.25,29563.5,29557.25,29557.5,42.0,2026-09
2026-09-07 00:33:00,CME_MINI:NQ1!,29558.25,29564.75,29556.25,29564.75,48.0,2026-09
2026-09-07 00:34:00,CME_MINI:NQ1!,29562.0,29565.25,29561.25,29561.25,34.0,2026-09
2026-09-07 00:35:00,CME_MINI:NQ1!,29561.0,29564.5,29559.75,29563.25,52.0,2026-09
2026-09-07 00:36:00,CME_MINI:NQ1!,29564.5,29565.5,29562.5,29565.5,25.0,2026-09
2026-09-07 00:37:00,CME_MINI:NQ1!,29562.0,29562.0,29550.0,29554.0,145.0,2026-09
2026-09-07 00:38:00,CME_MINI:NQ1!,29553.5,29553.5,29545.25,29552.25,141.0,2026-09
2026-09-07 00:39:00,CME_MINI:NQ1!,29552.75,29555.75,29550.75,29551.5,83.0,2026-09
2026-09-07 00:40:00,CME_MINI:NQ1!,29552.5,29553.75,29550.25,29552.5,33.0,2026-09
2026-09-07 00:41:00,CME_MINI:NQ1!,29553.25,29556.25,29552.5,29554.75,19.0,2026-09
2026-09-07 00:42:00,CME_MINI:NQ1!,29556.0,29561.0,29553.25,29558.25,53.0,2026-09
2026-09-07 00:43:00,CME_MINI:NQ1!,29557.0,29571.25,29556.75,29569.0,117.0,2026-09
2026-09-07 00:44:00,CME_MINI:NQ1!,29569.5,29572.5,29563.0,29564.0,111.0,2026-09
2026-09-07 00:45:00,CME_MINI:NQ1!,29564.0,29572.5,29564.0,29569.75,63.0,2026-09
2026-09-07 00:46:00,CME_MINI:NQ1!,29571.0,29574.0,29569.0,29573.75,40.0,2026-09
2026-09-07 00:47:00,CME_MINI:NQ1!,29572.25,29572.25,29567.5,29568.25,58.0,2026-09
2026-09-07 00:48:00,CME_MINI:NQ1!,29568.0,29568.5,29559.0,29562.25,56.0,2026-09
2026-09-07 00:49:00,CME_MINI:NQ1!,29565.25,29569.25,29564.75,29564.75,55.0,2026-09
2026-09-07 00:50:00,CME_MINI:NQ1!,29565.75,29565.75,29548.25,29550.5,166.0,2026-09
2026-09-07 00:51:00,CME_MINI:NQ1!,29551.25,29555.25,29548.25,29554.0,97.0,2026-09
2026-09-07 00:52:00,CME_MINI:NQ1!,29554.75,29558.0,29553.0,29556.0,52.0,2026-09
2026-09-07 00:53:00,CME_MINI:NQ1!,29555.0,29557.75,29554.5,29554.5,21.0,2026-09
2026-09-07 00:54:00,CME_MINI:NQ1!,29554.25,29559.25,29554.25,29559.25,27.0,2026-09
2026-09-07 00:55:00,CME_MINI:NQ1!,29558.5,29558.5,29554.0,29557.25,29.0,2026-09
2026-09-07 00:56:00,CME_MINI:NQ1!,29555.75,29557.5,29550.25,29550.25,47.0,2026-09
2026-09-07 00:57:00,CME_MINI:NQ1!,29550.0,29550.0,29545.5,29548.25,74.0,2026-09
2026-09-07 00:58:00,CME_MINI:NQ1!,29549.0,29552.0,29546.0,29547.75,61.0,2026-09
2026-09-07 00:59:00,CME_MINI:NQ1!,29546.0,29546.0,29536.0,29537.25,336.0,2026-09
2026-09-07 01:00:00,CME_MINI:NQ1!,29538.5,29544.25,29530.5,29543.75,317.0,2026-09
2026-09-07 01:01:00,CME_MINI:NQ1!,29543.25,29548.0,29538.0,29547.25,99.0,2026-09
2026-09-07 01:02:00,CME_MINI:NQ1!,29546.75,29554.5,29542.75,29554.25,89.0,2026-09
2026-09-07 01:03:00,CME_MINI:NQ1!,29554.5,29563.0,29549.0,29553.25,203.0,2026-09
2026-09-07 01:04:00,CME_MINI:NQ1!,29554.25,29567.5,29553.0,29567.5,166.0,2026-09
2026-09-07 01:05:00,CME_MINI:NQ1!,29568.5,29571.75,29559.0,29560.0,241.0,2026-09
2026-09-07 01:06:00,CME_MINI:NQ1!,29560.5,29561.0,29539.25,29546.25,324.0,2026-09
2026-09-07 01:07:00,CME_MINI:NQ1!,29546.25,29551.25,29544.0,29549.5,90.0,2026-09
2026-09-07 01:08:00,CME_MINI:NQ1!,29550.0,29553.5,29547.75,29551.0,73.0,2026-09
2026-09-07 01:09:00,CME_MINI:NQ1!,29549.5,29549.5,29545.0,29548.0,43.0,2026-09
2026-09-07 01:10:00,CME_MINI:NQ1!,29547.0,29549.5,29547.0,29549.5,27.0,2026-09
2026-09-07 01:11:00,CME_MINI:NQ1!,29549.0,29557.25,29547.0,29557.25,101.0,2026-09
2026-09-07 01:12:00,CME_MINI:NQ1!,29557.5,29557.5,29552.25,29552.25,44.0,2026-09
2026-09-07 01:13:00,CME_MINI:NQ1!,29554.0,29554.0,29548.75,29552.5,74.0,2026-09
2026-09-07 01:14:00,CME_MINI:NQ1!,29551.0,29557.0,29550.0,29556.0,60.0,2026-09
2026-09-07 01:15:00,CME_MINI:NQ1!,29553.5,29554.5,29547.5,29550.0,47.0,2026-09
2026-09-07 01:16:00,CME_MINI:NQ1!,29551.5,29554.75,29550.25,29552.75,30.0,2026-09
2026-09-07 01:17:00,CME_MINI:NQ1!,29553.0,29561.25,29553.0,29556.0,172.0,2026-09
2026-09-07 01:18:00,CME_MINI:NQ1!,29556.0,29558.0,29553.25,29554.0,33.0,2026-09
2026-09-07 01:19:00,CME_MINI:NQ1!,29554.25,29557.25,29553.25,29557.25,19.0,2026-09
2026-09-07 01:20:00,CME_MINI:NQ1!,29556.0,29556.0,29544.75,29544.75,58.0,2026-09
2026-09-07 01:21:00,CME_MINI:NQ1!,29544.75,29556.0,29544.5,29555.5,61.0,2026-09
2026-09-07 01:22:00,CME_MINI:NQ1!,29556.0,29560.0,29554.25,29557.5,94.0,2026-09
2026-09-07 01:23:00,CME_MINI:NQ1!,29556.25,29559.25,29555.0,29558.25,47.0,2026-09
2026-09-07 01:24:00,CME_MINI:NQ1!,29558.5,29563.5,29556.25,29563.0,67.0,2026-09
2026-09-07 01:25:00,CME_MINI:NQ1!,29562.75,29566.0,29558.75,29559.25,82.0,2026-09
2026-09-07 01:26:00,CME_MINI:NQ1!,29560.0,29562.5,29556.0,29562.5,48.0,2026-09
2026-09-07 01:27:00,CME_MINI:NQ1!,29563.25,29566.5,29561.5,29563.5,57.0,2026-09
2026-09-07 01:28:00,CME_MINI:NQ1!,29563.5,29576.25,29563.5,29573.5,200.0,2026-09
2026-09-07 01:29:00,CME_MINI:NQ1!,29573.75,29580.0,29569.75,29579.0,206.0,2026-09
2026-09-07 01:30:00,CME_MINI:NQ1!,29578.75,29580.5,29568.75,29576.75,175.0,2026-09
2026-09-07 01:31:00,CME_MINI:NQ1!,29578.0,29594.0,29574.75,29589.25,427.0,2026-09
2026-09-07 01:32:00,CME_MINI:NQ1!,29589.25,29589.5,29582.0,29586.5,133.0,2026-09
2026-09-07 01:33:00,CME_MINI:NQ1!,29586.0,29595.75,29578.0,29578.0,161.0,2026-09
2026-09-07 01:34:00,CME_MINI:NQ1!,29579.25,29586.5,29578.75,29585.75,34.0,2026-09
2026-09-07 01:35:00,CME_MINI:NQ1!,29586.75,29588.25,29582.25,29583.0,67.0,2026-09
2026-09-07 01:36:00,CME_MINI:NQ1!,29586.25,29586.5,29581.25,29582.75,33.0,2026-09
2026-09-07 01:37:00,CME_MINI:NQ1!,29583.0,29585.75,29582.25,29584.0,73.0,2026-09
2026-09-07 01:38:00,CME_MINI:NQ1!,29584.5,29590.5,29584.0,29588.5,42.0,2026-09
2026-09-07 01:39:00,CME_MINI:NQ1!,29588.5,29593.75,29587.5,29592.75,94.0,2026-09
2026-09-07 01:40:00,CME_MINI:NQ1!,29592.0,29594.0,29584.0,29584.0,77.0,2026-09
2026-09-07 01:41:00,CME_MINI:NQ1!,29583.75,29586.75,29583.5,29585.0,30.0,2026-09
2026-09-07 01:42:00,CME_MINI:NQ1!,29585.25,29589.25,29582.0,29584.25,97.0,2026-09
2026-09-07 01:43:00,CME_MINI:NQ1!,29584.5,29585.0,29579.25,29581.25,60.0,2026-09
2026-09-07 01:44:00,CME_MINI:NQ1!,29580.75,29584.25,29579.75,29584.0,36.0,2026-09
2026-09-07 01:45:00,CME_MINI:NQ1!,29584.75,29587.5,29583.5,29587.5,44.0,2026-09
2026-09-07 01:46:00,CME_MINI:NQ1!,29586.0,29586.0,29581.0,29581.5,26.0,2026-09
2026-09-07 01:47:00,CME_MINI:NQ1!,29581.25,29583.0,29580.5,29581.0,44.0,2026-09
2026-09-07 01:48:00,CME_MINI:NQ1!,29581.25,29584.75,29579.5,29582.75,72.0,2026-09
2026-09-07 01:49:00,CME_MINI:NQ1!,29582.5,29583.5,29580.5,29580.75,22.0,2026-09
2026-09-07 01:50:00,CME_MINI:NQ1!,29582.75,29583.0,29577.5,29579.0,35.0,2026-09
2026-09-07 01:51:00,CME_MINI:NQ1!,29579.25,29585.75,29578.0,29584.5,33.0,2026-09
2026-09-07 01:52:00,CME_MINI:NQ1!,29584.0,29586.75,29580.5,29584.5,39.0,2026-09
2026-09-07 01:53:00,CME_MINI:NQ1!,29584.5,29590.0,29584.5,29588.75,47.0,2026-09
2026-09-07 01:54:00,CME_MINI:NQ1!,29587.75,29588.5,29583.25,29585.5,38.0,2026-09
2026-09-07 01:55:00,CME_MINI:NQ1!,29585.25,29594.25,29584.5,29594.0,77.0,2026-09
2026-09-07 01:56:00,CME_MINI:NQ1!,29593.75,29594.75,29585.0,29587.0,124.0,2026-09
2026-09-07 01:57:00,CME_MINI:NQ1!,29587.5,29593.5,29587.25,29593.5,57.0,2026-09
2026-09-07 01:58:00,CME_MINI:NQ1!,29593.25,29594.5,29586.5,29589.75,73.0,2026-09
2026-09-07 01:59:00,CME_MINI:NQ1!,29589.75,29594.0,29589.25,29593.5,65.0,2026-09
2026-09-07 02:00:00,CME_MINI:NQ1!,29595.0,29596.0,29590.0,29592.0,105.0,2026-09
2026-09-07 02:01:00,CME_MINI:NQ1!,29591.5,29591.75,29583.75,29585.0,53.0,2026-09
2026-09-07 02:02:00,CME_MINI:NQ1!,29585.0,29585.5,29582.75,29583.5,46.0,2026-09
2026-09-07 02:03:00,CME_MINI:NQ1!,29583.75,29584.0,29578.5,29581.75,75.0,2026-09
2026-09-07 02:04:00,CME_MINI:NQ1!,29580.5,29582.0,29577.25,29581.75,59.0,2026-09
2026-09-07 02:05:00,CME_MINI:NQ1!,29581.0,29583.75,29577.5,29578.75,59.0,2026-09
2026-09-07 02:06:00,CME_MINI:NQ1!,29580.5,29580.75,29578.0,29578.25,31.0,2026-09
2026-09-07 02:07:00,CME_MINI:NQ1!,29578.0,29579.75,29576.5,29579.25,48.0,2026-09
2026-09-07 02:08:00,CME_MINI:NQ1!,29579.25,29581.5,29578.0,29581.5,28.0,2026-09
2026-09-07 02:09:00,CME_MINI:NQ1!,29582.5,29585.0,29578.0,29584.5,55.0,2026-09
2026-09-07 02:10:00,CME_MINI:NQ1!,29582.75,29582.75,29579.0,29580.0,24.0,2026-09
2026-09-07 02:11:00,CME_MINI:NQ1!,29580.75,29582.0,29580.25,29581.5,8.0,2026-09
2026-09-07 02:12:00,CME_MINI:NQ1!,29581.25,29585.75,29581.25,29583.0,29.0,2026-09
2026-09-07 02:13:00,CME_MINI:NQ1!,29581.75,29581.75,29577.25,29577.25,40.0,2026-09
2026-09-07 02:14:00,CME_MINI:NQ1!,29578.5,29586.25,29578.0,29585.25,48.0,2026-09
2026-09-07 02:15:00,CME_MINI:NQ1!,29585.75,29590.5,29585.0,29590.25,40.0,2026-09
2026-09-07 02:16:00,CME_MINI:NQ1!,29590.25,29591.25,29587.25,29589.25,46.0,2026-09
2026-09-07 02:17:00,CME_MINI:NQ1!,29587.25,29588.5,29584.0,29584.0,24.0,2026-09
2026-09-07 02:18:00,CME_MINI:NQ1!,29583.75,29587.0,29582.75,29586.0,34.0,2026-09
2026-09-07 02:19:00,CME_MINI:NQ1!,29586.75,29586.75,29581.75,29583.75,11.0,2026-09
2026-09-07 02:20:00,CME_MINI:NQ1!,29582.5,29584.5,29581.0,29584.5,23.0,2026-09
2026-09-07 02:21:00,CME_MINI:NQ1!,29583.0,29583.25,29575.5,29575.5,42.0,2026-09
2026-09-07 02:22:00,CME_MINI:NQ1!,29575.0,29576.0,29573.25,29573.25,43.0,2026-09
2026-09-07 02:23:00,CME_MINI:NQ1!,29573.25,29576.75,29571.75,29576.75,44.0,2026-09
2026-09-07 02:24:00,CME_MINI:NQ1!,29575.75,29578.0,29574.75,29577.0,20.0,2026-09
2026-09-07 02:25:00,CME_MINI:NQ1!,29575.25,29582.25,29575.25,29581.0,27.0,2026-09
2026-09-07 02:26:00,CME_MINI:NQ1!,29579.75,29585.75,29579.5,29583.25,49.0,2026-09
2026-09-07 02:27:00,CME_MINI:NQ1!,29582.75,29586.0,29582.75,29583.75,22.0,2026-09
2026-09-07 02:28:00,CME_MINI:NQ1!,29583.75,29591.5,29583.25,29590.0,58.0,2026-09
2026-09-07 02:29:00,CME_MINI:NQ1!,29589.75,29591.5,29587.0,29588.25,49.0,2026-09
2026-09-07 02:30:00,CME_MINI:NQ1!,29586.75,29596.75,29586.75,29596.75,115.0,2026-09
2026-09-07 02:31:00,CME_MINI:NQ1!,29597.0,29597.5,29593.25,29593.25,67.0,2026-09
2026-09-07 02:32:00,CME_MINI:NQ1!,29592.5,29597.25,29592.5,29594.75,54.0,2026-09
2026-09-07 02:33:00,CME_MINI:NQ1!,29596.0,29603.75,29595.0,29603.75,115.0,2026-09
2026-09-07 02:34:00,CME_MINI:NQ1!,29603.75,29605.75,29600.75,29604.75,123.0,2026-09
2026-09-07 02:35:00,CME_MINI:NQ1!,29605.5,29608.25,29604.5,29608.0,94.0,2026-09
2026-09-07 02:36:00,CME_MINI:NQ1!,29606.25,29608.25,29605.75,29607.25,59.0,2026-09
2026-09-07 02:37:00,CME_MINI:NQ1!,29606.0,29610.75,29605.25,29610.0,60.0,2026-09
2026-09-07 02:38:00,CME_MINI:NQ1!,29610.25,29611.25,29607.75,29609.5,74.0,2026-09
2026-09-07 02:39:00,CME_MINI:NQ1!,29609.25,29614.75,29609.25,29613.25,66.0,2026-09
2026-09-07 02:40:00,CME_MINI:NQ1!,29614.0,29614.5,29610.0,29612.75,46.0,2026-09
2026-09-07 02:41:00,CME_MINI:NQ1!,29611.5,29621.75,29611.25,29620.75,133.0,2026-09
2026-09-07 02:42:00,CME_MINI:NQ1!,29620.25,29620.25,29613.0,29614.25,75.0,2026-09
2026-09-07 02:43:00,CME_MINI:NQ1!,29614.25,29614.25,29607.75,29609.25,49.0,2026-09
2026-09-07 02:44:00,CME_MINI:NQ1!,29608.5,29609.5,29606.5,29606.5,31.0,2026-09
2026-09-07 02:45:00,CME_MINI:NQ1!,29607.5,29608.25,29601.75,29602.25,69.0,2026-09
2026-09-07 02:46:00,CME_MINI:NQ1!,29601.25,29607.0,29601.25,29605.0,75.0,2026-09
2026-09-07 02:47:00,CME_MINI:NQ1!,29605.5,29608.0,29603.5,29605.25,41.0,2026-09
2026-09-07 02:48:00,CME_MINI:NQ1!,29604.25,29604.25,29602.5,29602.5,18.0,2026-09
2026-09-07 02:49:00,CME_MINI:NQ1!,29602.5,29607.75,29601.0,29606.25,61.0,2026-09
2026-09-07 02:50:00,CME_MINI:NQ1!,29606.0,29606.0,29601.25,29601.75,24.0,2026-09
2026-09-07 02:51:00,CME_MINI:NQ1!,29601.75,29603.0,29601.75,29603.0,14.0,2026-09
2026-09-07 02:52:00,CME_MINI:NQ1!,29602.0,29603.0,29601.25,29601.75,16.0,2026-09
2026-09-07 02:53:00,CME_MINI:NQ1!,29602.0,29602.0,29589.5,29590.25,220.0,2026-09
2026-09-07 02:54:00,CME_MINI:NQ1!,29591.25,29593.75,29591.0,29592.25,40.0,2026-09
2026-09-07 02:55:00,CME_MINI:NQ1!,29591.75,29592.0,29587.5,29588.75,87.0,2026-09
2026-09-07 02:56:00,CME_MINI:NQ1!,29588.5,29589.0,29580.25,29581.0,100.0,2026-09
2026-09-07 02:57:00,CME_MINI:NQ1!,29580.0,29584.5,29575.25,29582.25,236.0,2026-09
2026-09-07 02:58:00,CME_MINI:NQ1!,29582.25,29584.5,29578.75,29584.25,50.0,2026-09
2026-09-07 02:59:00,CME_MINI:NQ1!,29584.0,29585.75,29583.0,29583.25,34.0,2026-09
2026-09-07 03:00:00,CME_MINI:NQ1!,29583.5,29584.75,29574.0,29577.5,195.0,2026-09
2026-09-07 03:01:00,CME_MINI:NQ1!,29577.0,29579.5,29575.0,29576.5,70.0,2026-09
2026-09-07 03:02:00,CME_MINI:NQ1!,29578.0,29581.75,29577.5,29579.0,79.0,2026-09
2026-09-07 03:03:00,CME_MINI:NQ1!,29578.75,29581.5,29578.75,29580.0,27.0,2026-09
2026-09-07 03:04:00,CME_MINI:NQ1!,29580.5,29580.5,29578.0,29579.5,27.0,2026-09
2026-09-07 03:05:00,CME_MINI:NQ1!,29578.75,29582.75,29576.75,29577.0,74.0,2026-09
2026-09-07 03:06:00,CME_MINI:NQ1!,29577.25,29580.0,29575.5,29575.5,35.0,2026-09
2026-09-07 03:07:00,CME_MINI:NQ1!,29575.5,29578.25,29574.0,29576.5,93.0,2026-09
2026-09-07 03:08:00,CME_MINI:NQ1!,29576.25,29578.75,29575.25,29576.25,25.0,2026-09
2026-09-07 03:09:00,CME_MINI:NQ1!,29575.75,29581.5,29573.75,29580.75,44.0,2026-09
2026-09-07 03:10:00,CME_MINI:NQ1!,29579.0,29579.25,29572.0,29572.75,39.0,2026-09
2026-09-07 03:11:00,CME_MINI:NQ1!,29573.5,29576.75,29573.5,29575.75,48.0,2026-09
2026-09-07 03:12:00,CME_MINI:NQ1!,29575.0,29579.5,29574.75,29579.5,24.0,2026-09
2026-09-07 03:13:00,CME_MINI:NQ1!,29580.5,29580.75,29578.0,29580.5,44.0,2026-09
2026-09-07 03:14:00,CME_MINI:NQ1!,29579.5,29584.0,29579.5,29581.25,49.0,2026-09
2026-09-07 03:15:00,CME_MINI:NQ1!,29581.25,29582.5,29579.75,29579.75,38.0,2026-09
2026-09-07 03:16:00,CME_MINI:NQ1!,29579.5,29581.0,29579.5,29580.5,14.0,2026-09
2026-09-07 03:17:00,CME_MINI:NQ1!,29581.0,29581.0,29577.25,29577.5,35.0,2026-09
2026-09-07 03:18:00,CME_MINI:NQ1!,29579.0,29580.0,29577.5,29580.0,18.0,2026-09
2026-09-07 03:19:00,CME_MINI:NQ1!,29580.25,29583.0,29579.75,29582.5,56.0,2026-09
2026-09-07 03:20:00,CME_MINI:NQ1!,29582.0,29583.75,29581.0,29582.25,46.0,2026-09
2026-09-07 03:21:00,CME_MINI:NQ1!,29581.25,29591.25,29580.0,29590.25,123.0,2026-09
2026-09-07 03:22:00,CME_MINI:NQ1!,29589.75,29592.25,29588.5,29592.25,124.0,2026-09
2026-09-07 03:23:00,CME_MINI:NQ1!,29592.0,29595.0,29589.5,29595.0,88.0,2026-09
2026-09-07 03:24:00,CME_MINI:NQ1!,29595.5,29595.75,29586.75,29588.0,53.0,2026-09
2026-09-07 03:25:00,CME_MINI:NQ1!,29589.75,29592.0,29587.5,29591.5,29.0,2026-09
2026-09-07 03:26:00,CME_MINI:NQ1!,29589.25,29599.0,29589.25,29597.0,124.0,2026-09
2026-09-07 03:27:00,CME_MINI:NQ1!,29596.5,29597.0,29595.25,29596.75,32.0,2026-09
2026-09-07 03:28:00,CME_MINI:NQ1!,29596.75,29598.0,29595.0,29595.75,29.0,2026-09
2026-09-07 03:29:00,CME_MINI:NQ1!,29596.75,29604.5,29596.75,29601.0,115.0,2026-09
2026-09-07 03:30:00,CME_MINI:NQ1!,29600.25,29610.75,29595.75,29610.5,201.0,2026-09
2026-09-07 03:31:00,CME_MINI:NQ1!,29610.5,29611.5,29603.25,29604.5,105.0,2026-09
2026-09-07 03:32:00,CME_MINI:NQ1!,29604.0,29617.25,29604.0,29616.75,102.0,2026-09
2026-09-07 03:33:00,CME_MINI:NQ1!,29616.0,29621.0,29614.0,29620.0,156.0,2026-09
2026-09-07 03:34:00,CME_MINI:NQ1!,29619.5,29622.75,29618.25,29621.75,129.0,2026-09
2026-09-07 03:35:00,CME_MINI:NQ1!,29621.25,29622.0,29616.0,29617.25,91.0,2026-09
2026-09-07 03:36:00,CME_MINI:NQ1!,29616.0,29618.25,29611.0,29615.5,71.0,2026-09
2026-09-07 03:37:00,CME_MINI:NQ1!,29616.5,29618.75,29607.5,29608.0,86.0,2026-09
2026-09-07 03:38:00,CME_MINI:NQ1!,29608.5,29610.5,29606.25,29610.0,48.0,2026-09
2026-09-07 03:39:00,CME_MINI:NQ1!,29609.75,29610.5,29606.5,29607.5,20.0,2026-09
2026-09-07 03:40:00,CME_MINI:NQ1!,29608.5,29610.75,29608.5,29610.0,12.0,2026-09
2026-09-07 03:41:00,CME_MINI:NQ1!,29610.0,29610.0,29605.0,29607.5,31.0,2026-09
2026-09-07 03:42:00,CME_MINI:NQ1!,29607.25,29607.75,29599.0,29600.0,85.0,2026-09
2026-09-07 03:43:00,CME_MINI:NQ1!,29600.5,29601.0,29596.75,29599.25,67.0,2026-09
2026-09-07 03:44:00,CME_MINI:NQ1!,29598.5,29598.5,29590.25,29591.0,122.0,2026-09
2026-09-07 03:45:00,CME_MINI:NQ1!,29591.0,29594.75,29587.0,29587.5,78.0,2026-09
2026-09-07 03:46:00,CME_MINI:NQ1!,29587.75,29596.5,29587.75,29595.0,79.0,2026-09
2026-09-07 03:47:00,CME_MINI:NQ1!,29595.25,29599.5,29594.25,29597.5,33.0,2026-09
2026-09-07 03:48:00,CME_MINI:NQ1!,29597.75,29600.25,29597.75,29598.75,23.0,2026-09
2026-09-07 14:31:00,CME_MINI:NQ1!,29608.25,29610.5,29603.5,29605.75,79.0,2026-09
2026-09-07 14:32:00,CME_MINI:NQ1!,29605.5,29608.0,29603.5,29604.25,82.0,2026-09
2026-09-07 14:33:00,CME_MINI:NQ1!,29606.25,29607.0,29603.0,29604.0,58.0,2026-09
2026-09-07 14:34:00,CME_MINI:NQ1!,29604.25,29607.75,29603.0,29604.0,84.0,2026-09
2026-09-07 14:35:00,CME_MINI:NQ1!,29604.5,29605.75,29600.0,29604.5,124.0,2026-09
2026-09-07 14:36:00,CME_MINI:NQ1!,29604.0,29613.0,29602.25,29612.5,171.0,2026-09
2026-09-07 14:37:00,CME_MINI:NQ1!,29612.0,29615.0,29609.25,29613.75,128.0,2026-09
2026-09-07 14:38:00,CME_MINI:NQ1!,29615.25,29625.0,29615.25,29624.5,239.0,2026-09
2026-09-07 14:39:00,CME_MINI:NQ1!,29625.0,29627.0,29622.0,29626.0,229.0,2026-09
2026-09-07 14:40:00,CME_MINI:NQ1!,29626.0,29626.5,29616.75,29616.75,140.0,2026-09
2026-09-07 14:41:00,CME_MINI:NQ1!,29617.25,29619.25,29614.5,29617.25,193.0,2026-09
2026-09-07 14:42:00,CME_MINI:NQ1!,29616.25,29623.5,29615.25,29622.0,105.0,2026-09
2026-09-07 14:43:00,CME_MINI:NQ1!,29622.75,29629.25,29621.75,29629.0,92.0,2026-09
2026-09-07 14:44:00,CME_MINI:NQ1!,29627.75,29632.75,29627.75,29629.75,157.0,2026-09
2026-09-07 14:45:00,CME_MINI:NQ1!,29629.25,29629.25,29620.75,29625.0,100.0,2026-09
2026-09-07 14:46:00,CME_MINI:NQ1!,29625.0,29626.0,29623.5,29625.0,37.0,2026-09
2026-09-07 14:47:00,CME_MINI:NQ1!,29624.0,29626.5,29623.75,29623.75,30.0,2026-09
2026-09-07 14:48:00,CME_MINI:NQ1!,29624.0,29626.0,29623.25,29624.75,36.0,2026-09
2026-09-07 14:49:00,CME_MINI:NQ1!,29624.0,29625.5,29624.0,29625.0,35.0,2026-09
2026-09-07 14:50:00,CME_MINI:NQ1!,29624.25,29625.5,29623.0,29623.75,54.0,2026-09
2026-09-07 14:51:00,CME_MINI:NQ1!,29623.25,29624.0,29618.0,29621.5,219.0,2026-09
2026-09-07 14:52:00,CME_MINI:NQ1!,29622.5,29623.0,29618.5,29619.5,97.0,2026-09
2026-09-07 14:53:00,CME_MINI:NQ1!,29619.25,29621.25,29617.5,29621.25,76.0,2026-09
2026-09-07 14:54:00,CME_MINI:NQ1!,29621.5,29624.25,29621.5,29622.5,105.0,2026-09
2026-09-07 14:55:00,CME_MINI:NQ1!,29623.5,29623.5,29615.75,29617.5,139.0,2026-09
2026-09-07 14:56:00,CME_MINI:NQ1!,29617.75,29618.75,29611.0,29613.0,165.0,2026-09
2026-09-07 14:57:00,CME_MINI:NQ1!,29613.25,29613.75,29607.0,29609.0,199.0,2026-09
2026-09-07 14:58:00,CME_MINI:NQ1!,29609.0,29611.25,29601.0,29603.0,254.0,2026-09
2026-09-07 14:59:00,CME_MINI:NQ1!,29603.25,29604.5,29589.25,29592.25,326.0,2026-09
2026-09-07 15:00:00,CME_MINI:NQ1!,29591.75,29600.0,29590.75,29593.0,324.0,2026-09
2026-09-07 15:01:00,CME_MINI:NQ1!,29592.75,29597.0,29591.0,29596.5,160.0,2026-09
2026-09-07 15:02:00,CME_MINI:NQ1!,29595.75,29603.25,29595.75,29601.25,157.0,2026-09
2026-09-07 15:03:00,CME_MINI:NQ1!,29601.5,29609.75,29599.5,29599.75,221.0,2026-09
2026-09-07 15:04:00,CME_MINI:NQ1!,29600.5,29603.75,29597.5,29598.75,86.0,2026-09
2026-09-07 15:05:00,CME_MINI:NQ1!,29599.5,29603.75,29594.0,29594.0,186.0,2026-09
2026-09-07 15:06:00,CME_MINI:NQ1!,29594.75,29595.0,29592.0,29595.0,90.0,2026-09
2026-09-07 15:07:00,CME_MINI:NQ1!,29595.25,29596.25,29588.0,29592.25,116.0,2026-09
2026-09-07 15:08:00,CME_MINI:NQ1!,29592.75,29592.75,29587.75,29591.0,118.0,2026-09
2026-09-07 15:09:00,CME_MINI:NQ1!,29591.25,29596.0,29590.25,29594.75,170.0,2026-09
2026-09-07 15:10:00,CME_MINI:NQ1!,29593.75,29595.75,29589.0,29591.0,115.0,2026-09
2026-09-07 15:11:00,CME_MINI:NQ1!,29589.75,29590.75,29583.25,29585.25,171.0,2026-09
2026-09-07 15:12:00,CME_MINI:NQ1!,29586.0,29590.25,29584.0,29590.0,109.0,2026-09
2026-09-07 15:13:00,CME_MINI:NQ1!,29589.0,29592.25,29588.5,29589.0,52.0,2026-09
2026-09-07 15:14:00,CME_MINI:NQ1!,29589.25,29589.25,29586.75,29587.75,53.0,2026-09
2026-09-07 15:15:00,CME_MINI:NQ1!,29587.75,29591.75,29582.25,29589.75,183.0,2026-09
2026-09-07 15:16:00,CME_MINI:NQ1!,29589.0,29591.5,29587.75,29590.25,41.0,2026-09
2026-09-07 15:17:00,CME_MINI:NQ1!,29589.5,29590.5,29584.5,29586.25,77.0,2026-09
2026-09-07 15:18:00,CME_MINI:NQ1!,29586.25,29586.5,29583.0,29584.75,84.0,2026-09
2026-09-07 15:19:00,CME_MINI:NQ1!,29585.25,29590.5,29584.5,29587.0,98.0,2026-09
2026-09-07 15:20:00,CME_MINI:NQ1!,29586.0,29586.5,29578.75,29580.5,178.0,2026-09
2026-09-07 15:21:00,CME_MINI:NQ1!,29580.25,29582.75,29580.0,29582.25,58.0,2026-09
2026-09-07 15:22:00,CME_MINI:NQ1!,29582.75,29582.75,29578.75,29578.75,59.0,2026-09
2026-09-07 15:23:00,CME_MINI:NQ1!,29578.25,29578.25,29570.0,29570.25,239.0,2026-09
2026-09-07 15:24:00,CME_MINI:NQ1!,29571.0,29575.5,29571.0,29572.0,146.0,2026-09
2026-09-07 15:25:00,CME_MINI:NQ1!,29571.75,29575.75,29570.5,29574.0,82.0,2026-09
2026-09-07 15:26:00,CME_MINI:NQ1!,29574.0,29574.5,29565.75,29569.25,135.0,2026-09
2026-09-07 15:27:00,CME_MINI:NQ1!,29569.75,29573.75,29563.5,29573.5,213.0,2026-09
2026-09-07 15:28:00,CME_MINI:NQ1!,29572.25,29583.5,29568.0,29583.0,246.0,2026-09
2026-09-07 15:29:00,CME_MINI:NQ1!,29582.75,29584.75,29576.75,29577.5,136.0,2026-09
2026-09-07 15:30:00,CME_MINI:NQ1!,29578.25,29589.0,29575.75,29588.25,169.0,2026-09
2026-09-07 15:31:00,CME_MINI:NQ1!,29588.0,29589.25,29583.25,29588.75,179.0,2026-09
2026-09-07 15:32:00,CME_MINI:NQ1!,29589.75,29592.75,29588.5,29591.5,149.0,2026-09
2026-09-07 15:33:00,CME_MINI:NQ1!,29590.75,29591.25,29585.5,29586.25,90.0,2026-09
2026-09-07 15:34:00,CME_MINI:NQ1!,29587.25,29591.25,29582.0,29584.0,176.0,2026-09
2026-09-07 15:35:00,CME_MINI:NQ1!,29585.0,29592.0,29580.75,29589.0,122.0,2026-09
2026-09-07 15:36:00,CME_MINI:NQ1!,29588.5,29594.0,29588.5,29592.5,101.0,2026-09
2026-09-07 15:37:00,CME_MINI:NQ1!,29592.75,29594.75,29590.25,29594.0,119.0,2026-09
2026-09-07 15:38:00,CME_MINI:NQ1!,29593.75,29594.25,29588.25,29590.0,80.0,2026-09
2026-09-07 15:39:00,CME_MINI:NQ1!,29590.75,29591.25,29587.25,29588.0,66.0,2026-09
2026-09-07 15:40:00,CME_MINI:NQ1!,29587.75,29588.75,29577.0,29581.25,151.0,2026-09
2026-09-07 15:41:00,CME_MINI:NQ1!,29581.25,29584.75,29581.0,29583.0,110.0,2026-09
2026-09-07 15:42:00,CME_MINI:NQ1!,29582.25,29585.5,29582.0,29584.0,62.0,2026-09
2026-09-07 15:43:00,CME_MINI:NQ1!,29584.5,29587.5,29584.5,29585.75,45.0,2026-09
2026-09-07 15:44:00,CME_MINI:NQ1!,29586.5,29587.25,29583.75,29585.5,56.0,2026-09
2026-09-07 15:45:00,CME_MINI:NQ1!,29584.75,29585.25,29577.25,29580.5,107.0,2026-09
2026-09-07 15:46:00,CME_MINI:NQ1!,29580.0,29587.0,29580.0,29585.0,51.0,2026-09
2026-09-07 15:47:00,CME_MINI:NQ1!,29585.25,29586.0,29583.5,29584.75,41.0,2026-09
2026-09-07 15:48:00,CME_MINI:NQ1!,29585.25,29586.75,29583.5,29583.5,81.0,2026-09
2026-09-07 15:49:00,CME_MINI:NQ1!,29584.0,29588.25,29583.25,29587.0,51.0,2026-09
2026-09-07 15:50:00,CME_MINI:NQ1!,29587.0,29590.5,29587.0,29587.75,68.0,2026-09
2026-09-07 15:51:00,CME_MINI:NQ1!,29587.25,29589.0,29586.75,29587.5,32.0,2026-09
2026-09-07 15:52:00,CME_MINI:NQ1!,29588.5,29590.5,29587.75,29589.75,103.0,2026-09
2026-09-07 15:53:00,CME_MINI:NQ1!,29590.0,29590.5,29585.0,29585.5,50.0,2026-09
2026-09-07 15:54:00,CME_MINI:NQ1!,29585.25,29589.25,29584.5,29587.75,51.0,2026-09
2026-09-07 15:55:00,CME_MINI:NQ1!,29586.75,29590.5,29584.0,29585.25,76.0,2026-09
2026-09-07 15:56:00,CME_MINI:NQ1!,29585.25,29587.75,29584.25,29584.75,29.0,2026-09
2026-09-07 15:57:00,CME_MINI:NQ1!,29583.75,29585.5,29581.75,29583.75,102.0,2026-09
2026-09-07 15:58:00,CME_MINI:NQ1!,29583.25,29586.0,29582.5,29586.0,39.0,2026-09
2026-09-07 15:59:00,CME_MINI:NQ1!,29585.5,29592.25,29585.5,29592.25,69.0,2026-09
2026-09-07 16:00:00,CME_MINI:NQ1!,29593.0,29598.5,29591.5,29593.5,210.0,2026-09
2026-09-07 16:01:00,CME_MINI:NQ1!,29593.5,29594.5,29589.75,29593.5,56.0,2026-09
2026-09-07 16:02:00,CME_MINI:NQ1!,29593.5,29595.75,29592.5,29593.0,67.0,2026-09
2026-09-07 16:03:00,CME_MINI:NQ1!,29594.0,29604.5,29594.0,29598.75,163.0,2026-09
2026-09-07 16:04:00,CME_MINI:NQ1!,29598.75,29600.75,29598.0,29599.0,61.0,2026-09
2026-09-07 16:05:00,CME_MINI:NQ1!,29599.5,29599.5,29596.5,29599.0,41.0,2026-09
2026-09-07 16:06:00,CME_MINI:NQ1!,29598.5,29599.25,29596.5,29598.0,26.0,2026-09
2026-09-07 16:07:00,CME_MINI:NQ1!,29598.5,29598.5,29593.5,29595.25,46.0,2026-09
2026-09-07 16:08:00,CME_MINI:NQ1!,29596.25,29598.5,29595.5,29596.25,47.0,2026-09
2026-09-07 16:09:00,CME_MINI:NQ1!,29594.5,29596.25,29594.5,29595.25,37.0,2026-09
2026-09-07 16:10:00,CME_MINI:NQ1!,29594.25,29598.0,29593.0,29594.0,49.0,2026-09
2026-09-07 16:11:00,CME_MINI:NQ1!,29594.5,29600.0,29593.0,29599.75,72.0,2026-09
2026-09-07 16:12:00,CME_MINI:NQ1!,29600.5,29602.5,29599.5,29602.5,58.0,2026-09
2026-09-07 16:13:00,CME_MINI:NQ1!,29601.75,29604.25,29601.75,29602.75,106.0,2026-09
2026-09-07 16:14:00,CME_MINI:NQ1!,29603.25,29605.5,29602.5,29605.0,78.0,2026-09
2026-09-07 16:15:00,CME_MINI:NQ1!,29606.0,29609.0,29605.5,29607.0,110.0,2026-09
2026-09-07 16:16:00,CME_MINI:NQ1!,29606.5,29607.0,29605.25,29606.25,29.0,2026-09
2026-09-07 16:17:00,CME_MINI:NQ1!,29606.25,29610.25,29605.5,29609.25,123.0,2026-09
2026-09-07 16:18:00,CME_MINI:NQ1!,29609.25,29609.5,29607.0,29608.25,39.0,2026-09
2026-09-07 16:19:00,CME_MINI:NQ1!,29608.0,29608.25,29607.5,29607.5,12.0,2026-09
2026-09-07 16:20:00,CME_MINI:NQ1!,29607.75,29609.25,29607.25,29609.0,27.0,2026-09
2026-09-07 16:21:00,CME_MINI:NQ1!,29609.25,29611.0,29608.0,29608.25,35.0,2026-09
2026-09-07 16:22:00,CME_MINI:NQ1!,29608.5,29608.5,29603.75,29605.75,79.0,2026-09
2026-09-07 16:23:00,CME_MINI:NQ1!,29605.25,29607.25,29604.75,29605.25,33.0,2026-09
2026-09-07 16:24:00,CME_MINI:NQ1!,29604.0,29604.0,29594.5,29596.0,181.0,2026-09
2026-09-07 16:25:00,CME_MINI:NQ1!,29596.25,29596.5,29590.5,29592.5,94.0,2026-09
2026-09-07 16:26:00,CME_MINI:NQ1!,29592.25,29593.5,29590.25,29593.5,58.0,2026-09
2026-09-07 16:27:00,CME_MINI:NQ1!,29593.5,29596.25,29593.5,29595.5,44.0,2026-09
2026-09-07 16:28:00,CME_MINI:NQ1!,29595.25,29595.25,29591.75,29593.25,35.0,2026-09
2026-09-07 16:29:00,CME_MINI:NQ1!,29593.5,29595.5,29593.5,29595.25,14.0,2026-09
2026-09-07 16:30:00,CME_MINI:NQ1!,29595.25,29596.5,29592.0,29594.5,49.0,2026-09
2026-09-07 16:31:00,CME_MINI:NQ1!,29593.75,29597.75,29593.75,29597.5,24.0,2026-09
2026-09-07 16:32:00,CME_MINI:NQ1!,29598.0,29602.5,29596.25,29601.75,91.0,2026-09
2026-09-07 16:33:00,CME_MINI:NQ1!,29602.0,29604.75,29601.5,29603.5,49.0,2026-09
2026-09-07 16:34:00,CME_MINI:NQ1!,29602.75,29606.0,29602.0,29605.75,61.0,2026-09
2026-09-07 16:35:00,CME_MINI:NQ1!,29605.25,29609.75,29605.0,29608.5,124.0,2026-09
2026-09-07 16:36:00,CME_MINI:NQ1!,29609.25,29609.75,29603.75,29603.75,30.0,2026-09
2026-09-07 16:37:00,CME_MINI:NQ1!,29603.25,29612.25,29603.0,29610.25,84.0,2026-09
2026-09-07 16:38:00,CME_MINI:NQ1!,29610.25,29610.25,29606.5,29609.75,66.0,2026-09
2026-09-07 16:39:00,CME_MINI:NQ1!,29610.0,29611.0,29607.25,29607.25,57.0,2026-09
2026-09-07 16:40:00,CME_MINI:NQ1!,29608.25,29611.25,29608.25,29609.5,39.0,2026-09
2026-09-07 16:41:00,CME_MINI:NQ1!,29610.5,29610.5,29608.0,29609.5,31.0,2026-09
2026-09-07 16:42:00,CME_MINI:NQ1!,29609.25,29611.25,29607.0,29607.25,42.0,2026-09
2026-09-07 16:43:00,CME_MINI:NQ1!,29607.25,29609.5,29606.5,29608.5,45.0,2026-09
2026-09-07 16:44:00,CME_MINI:NQ1!,29608.5,29610.25,29607.5,29608.5,24.0,2026-09
2026-09-07 16:45:00,CME_MINI:NQ1!,29607.25,29609.25,29605.0,29607.25,99.0,2026-09
2026-09-07 16:46:00,CME_MINI:NQ1!,29606.75,29608.75,29606.25,29607.25,48.0,2026-09
2026-09-07 16:47:00,CME_MINI:NQ1!,29607.25,29608.0,29603.75,29604.75,71.0,2026-09
2026-09-07 16:48:00,CME_MINI:NQ1!,29604.5,29606.5,29604.25,29605.25,48.0,2026-09
2026-09-07 16:49:00,CME_MINI:NQ1!,29605.75,29606.5,29601.5,29603.25,79.0,2026-09
2026-09-07 16:50:00,CME_MINI:NQ1!,29603.75,29607.0,29602.25,29606.5,58.0,2026-09
2026-09-07 16:51:00,CME_MINI:NQ1!,29607.0,29608.5,29606.0,29608.0,27.0,2026-09
2026-09-07 16:52:00,CME_MINI:NQ1!,29608.0,29608.0,29606.25,29607.75,37.0,2026-09
2026-09-07 16:53:00,CME_MINI:NQ1!,29608.0,29610.5,29607.5,29609.75,77.0,2026-09
2026-09-07 16:54:00,CME_MINI:NQ1!,29610.0,29610.0,29604.25,29605.0,53.0,2026-09
2026-09-07 16:55:00,CME_MINI:NQ1!,29606.25,29613.5,29605.5,29608.0,128.0,2026-09
2026-09-07 16:56:00,CME_MINI:NQ1!,29606.0,29612.0,29605.25,29607.0,71.0,2026-09
2026-09-07 16:57:00,CME_MINI:NQ1!,29607.0,29608.5,29604.0,29606.5,46.0,2026-09
2026-09-07 16:58:00,CME_MINI:NQ1!,29606.0,29607.0,29602.75,29606.75,45.0,2026-09
2026-09-07 16:59:00,CME_MINI:NQ1!,29606.75,29607.0,29594.5,29603.5,181.0,2026-09
2026-09-07 22:00:00,CME_MINI:NQ1!,29611.5,29622.0,29597.0,29608.75,305.0,2026-09
2026-09-07 22:01:00,CME_MINI:NQ1!,29607.25,29607.25,29586.0,29590.75,158.0,2026-09
2026-09-07 22:02:00,CME_MINI:NQ1!,29590.75,29600.5,29590.75,29597.5,97.0,2026-09
2026-09-07 22:03:00,CME_MINI:NQ1!,29595.5,29605.75,29595.5,29597.25,84.0,2026-09
2026-09-07 22:04:00,CME_MINI:NQ1!,29597.75,29597.75,29590.0,29592.5,84.0,2026-09
2026-09-07 22:05:00,CME_MINI:NQ1!,29592.5,29596.0,29571.25,29580.75,249.0,2026-09
2026-09-07 22:06:00,CME_MINI:NQ1!,29582.25,29591.5,29582.0,29591.5,117.0,2026-09
2026-09-07 22:07:00,CME_MINI:NQ1!,29591.0,29591.5,29586.0,29589.0,74.0,2026-09
2026-09-07 22:08:00,CME_MINI:NQ1!,29589.25,29589.25,29585.5,29586.5,24.0,2026-09
2026-09-07 22:09:00,CME_MINI:NQ1!,29589.0,29594.0,29585.5,29589.5,93.0,2026-09
2026-09-07 22:10:00,CME_MINI:NQ1!,29588.0,29589.0,29585.5,29586.5,43.0,2026-09
2026-09-07 22:11:00,CME_MINI:NQ1!,29586.5,29589.0,29583.75,29587.75,71.0,2026-09
2026-09-07 22:12:00,CME_MINI:NQ1!,29585.75,29586.25,29581.5,29582.75,65.0,2026-09
2026-09-07 22:13:00,CME_MINI:NQ1!,29583.25,29585.25,29581.25,29581.25,27.0,2026-09
2026-09-07 22:14:00,CME_MINI:NQ1!,29581.0,29582.25,29580.25,29582.25,18.0,2026-09
2026-09-07 22:15:00,CME_MINI:NQ1!,29583.0,29587.75,29581.75,29585.25,54.0,2026-09
2026-09-07 22:16:00,CME_MINI:NQ1!,29585.75,29586.75,29581.75,29583.0,61.0,2026-09
2026-09-07 22:17:00,CME_MINI:NQ1!,29581.5,29581.5,29573.5,29576.75,137.0,2026-09
2026-09-07 22:18:00,CME_MINI:NQ1!,29577.25,29578.5,29575.25,29575.5,49.0,2026-09
2026-09-07 22:19:00,CME_MINI:NQ1!,29575.25,29576.25,29573.5,29574.0,46.0,2026-09
2026-09-07 22:20:00,CME_MINI:NQ1!,29573.75,29576.75,29573.75,29576.0,29.0,2026-09
2026-09-07 22:21:00,CME_MINI:NQ1!,29576.5,29577.5,29574.5,29576.25,68.0,2026-09
2026-09-07 22:22:00,CME_MINI:NQ1!,29576.5,29577.75,29572.0,29573.5,27.0,2026-09
2026-09-07 22:23:00,CME_MINI:NQ1!,29572.75,29574.25,29569.25,29569.25,91.0,2026-09
2026-09-07 22:24:00,CME_MINI:NQ1!,29569.25,29572.25,29568.5,29571.75,42.0,2026-09
2026-09-07 22:25:00,CME_MINI:NQ1!,29570.75,29570.75,29558.75,29560.0,169.0,2026-09
2026-09-07 22:26:00,CME_MINI:NQ1!,29559.75,29559.75,29555.0,29555.75,124.0,2026-09
2026-09-07 22:27:00,CME_MINI:NQ1!,29555.75,29558.5,29555.5,29556.5,59.0,2026-09
2026-09-07 22:28:00,CME_MINI:NQ1!,29556.25,29559.75,29555.0,29559.25,82.0,2026-09
2026-09-07 22:29:00,CME_MINI:NQ1!,29558.5,29559.0,29555.75,29557.75,49.0,2026-09
2026-09-07 22:30:00,CME_MINI:NQ1!,29556.5,29556.75,29553.25,29554.75,91.0,2026-09
2026-09-07 22:31:00,CME_MINI:NQ1!,29556.25,29556.5,29547.25,29548.75,190.0,2026-09
2026-09-07 22:32:00,CME_MINI:NQ1!,29549.75,29553.5,29547.0,29552.75,124.0,2026-09
2026-09-07 22:33:00,CME_MINI:NQ1!,29552.5,29552.5,29550.0,29551.5,31.0,2026-09
2026-09-07 22:34:00,CME_MINI:NQ1!,29552.0,29552.0,29548.0,29550.0,48.0,2026-09
2026-09-07 22:35:00,CME_MINI:NQ1!,29548.75,29550.0,29546.75,29548.25,33.0,2026-09
2026-09-07 22:36:00,CME_MINI:NQ1!,29549.75,29551.5,29547.25,29550.25,62.0,2026-09
2026-09-07 22:37:00,CME_MINI:NQ1!,29549.5,29550.25,29548.25,29549.5,31.0,2026-09
2026-09-07 22:38:00,CME_MINI:NQ1!,29548.75,29549.0,29540.0,29544.25,241.0,2026-09
2026-09-07 22:39:00,CME_MINI:NQ1!,29545.5,29549.0,29544.0,29548.25,68.0,2026-09
2026-09-07 22:40:00,CME_MINI:NQ1!,29548.5,29557.0,29546.25,29551.0,196.0,2026-09
2026-09-07 22:41:00,CME_MINI:NQ1!,29551.0,29551.25,29548.75,29549.75,38.0,2026-09
2026-09-07 22:42:00,CME_MINI:NQ1!,29550.75,29553.25,29550.5,29552.25,42.0,2026-09
2026-09-07 22:43:00,CME_MINI:NQ1!,29552.75,29558.75,29552.75,29558.75,61.0,2026-09
2026-09-07 22:44:00,CME_MINI:NQ1!,29559.0,29561.75,29556.25,29556.75,88.0,2026-09
2026-09-07 22:45:00,CME_MINI:NQ1!,29557.0,29557.0,29551.25,29553.0,87.0,2026-09
2026-09-07 22:46:00,CME_MINI:NQ1!,29553.25,29554.75,29544.5,29553.75,159.0,2026-09
2026-09-07 22:47:00,CME_MINI:NQ1!,29554.0,29554.0,29546.5,29548.75,41.0,2026-09
2026-09-07 22:48:00,CME_MINI:NQ1!,29549.0,29552.25,29547.25,29550.0,36.0,2026-09
2026-09-07 22:49:00,CME_MINI:NQ1!,29550.75,29555.75,29550.75,29553.25,81.0,2026-09
2026-09-07 22:50:00,CME_MINI:NQ1!,29553.0,29554.25,29550.5,29554.0,34.0,2026-09
2026-09-07 22:51:00,CME_MINI:NQ1!,29553.25,29554.0,29548.75,29552.0,57.0,2026-09
2026-09-07 22:52:00,CME_MINI:NQ1!,29551.75,29555.0,29551.25,29552.25,31.0,2026-09
2026-09-07 22:53:00,CME_MINI:NQ1!,29554.25,29555.0,29552.25,29552.25,19.0,2026-09
2026-09-07 22:54:00,CME_MINI:NQ1!,29554.5,29556.5,29553.75,29556.5,28.0,2026-09
2026-09-07 22:55:00,CME_MINI:NQ1!,29558.0,29562.0,29557.75,29560.5,185.0,2026-09
2026-09-07 22:56:00,CME_MINI:NQ1!,29560.5,29561.25,29557.0,29557.0,52.0,2026-09
2026-09-07 22:57:00,CME_MINI:NQ1!,29556.5,29557.25,29554.5,29557.0,35.0,2026-09
2026-09-07 22:58:00,CME_MINI:NQ1!,29557.75,29558.75,29555.5,29556.75,19.0,2026-09
2026-09-07 22:59:00,CME_MINI:NQ1!,29556.5,29558.5,29556.0,29558.5,4.0,2026-09
2026-09-07 23:00:00,CME_MINI:NQ1!,29556.5,29558.0,29553.75,29553.75,45.0,2026-09
2026-09-07 23:01:00,CME_MINI:NQ1!,29553.5,29555.75,29552.25,29555.75,29.0,2026-09
2026-09-07 23:02:00,CME_MINI:NQ1!,29555.25,29555.25,29549.5,29550.75,46.0,2026-09
2026-09-07 23:03:00,CME_MINI:NQ1!,29551.75,29555.5,29550.0,29551.75,35.0,2026-09
2026-09-07 23:04:00,CME_MINI:NQ1!,29551.75,29553.0,29545.75,29545.75,73.0,2026-09
2026-09-07 23:05:00,CME_MINI:NQ1!,29546.75,29548.25,29543.0,29544.5,100.0,2026-09
2026-09-07 23:06:00,CME_MINI:NQ1!,29544.5,29545.0,29542.0,29544.0,81.0,2026-09
2026-09-07 23:07:00,CME_MINI:NQ1!,29542.75,29544.25,29542.0,29543.25,28.0,2026-09
2026-09-07 23:08:00,CME_MINI:NQ1!,29542.0,29544.0,29541.25,29543.75,36.0,2026-09
2026-09-07 23:09:00,CME_MINI:NQ1!,29543.0,29551.75,29543.0,29551.25,86.0,2026-09
2026-09-07 23:10:00,CME_MINI:NQ1!,29552.0,29554.25,29549.75,29551.5,73.0,2026-09
2026-09-07 23:11:00,CME_MINI:NQ1!,29550.25,29550.75,29548.25,29549.5,47.0,2026-09
2026-09-07 23:12:00,CME_MINI:NQ1!,29549.25,29551.0,29548.75,29550.25,12.0,2026-09
2026-09-07 23:13:00,CME_MINI:NQ1!,29550.75,29551.25,29549.75,29550.25,33.0,2026-09
2026-09-07 23:14:00,CME_MINI:NQ1!,29550.25,29550.25,29545.5,29546.75,37.0,2026-09
2026-09-07 23:15:00,CME_MINI:NQ1!,29546.75,29549.5,29540.5,29548.5,113.0,2026-09
2026-09-07 23:16:00,CME_MINI:NQ1!,29548.75,29550.5,29525.0,29536.0,510.0,2026-09
2026-09-07 23:17:00,CME_MINI:NQ1!,29536.25,29537.0,29531.0,29532.75,133.0,2026-09
2026-09-07 23:18:00,CME_MINI:NQ1!,29533.75,29536.0,29525.0,29528.5,162.0,2026-09
2026-09-07 23:19:00,CME_MINI:NQ1!,29528.75,29539.75,29528.75,29538.0,162.0,2026-09
2026-09-07 23:20:00,CME_MINI:NQ1!,29539.75,29546.25,29538.0,29539.75,209.0,2026-09
2026-09-07 23:21:00,CME_MINI:NQ1!,29539.75,29542.0,29538.5,29540.0,36.0,2026-09
2026-09-07 23:22:00,CME_MINI:NQ1!,29540.0,29540.0,29531.0,29532.5,93.0,2026-09
2026-09-07 23:23:00,CME_MINI:NQ1!,29532.5,29536.75,29532.0,29536.25,43.0,2026-09
2026-09-07 23:24:00,CME_MINI:NQ1!,29536.0,29539.5,29534.25,29536.5,47.0,2026-09
2026-09-07 23:25:00,CME_MINI:NQ1!,29538.5,29544.25,29537.75,29537.75,67.0,2026-09
2026-09-07 23:26:00,CME_MINI:NQ1!,29538.25,29538.5,29535.75,29538.25,27.0,2026-09
2026-09-07 23:27:00,CME_MINI:NQ1!,29538.75,29545.75,29537.5,29544.25,52.0,2026-09
2026-09-07 23:28:00,CME_MINI:NQ1!,29544.5,29545.75,29540.25,29540.75,41.0,2026-09
2026-09-07 23:29:00,CME_MINI:NQ1!,29541.75,29542.25,29538.75,29542.25,22.0,2026-09
2026-09-07 23:30:00,CME_MINI:NQ1!,29541.0,29542.5,29535.25,29537.0,71.0,2026-09
2026-09-07 23:31:00,CME_MINI:NQ1!,29538.0,29538.25,29533.5,29537.5,37.0,2026-09
2026-09-07 23:32:00,CME_MINI:NQ1!,29536.75,29537.5,29535.0,29536.5,14.0,2026-09
2026-09-07 23:33:00,CME_MINI:NQ1!,29536.5,29538.75,29535.5,29538.5,21.0,2026-09
2026-09-07 23:34:00,CME_MINI:NQ1!,29537.75,29544.5,29537.75,29542.5,47.0,2026-09
2026-09-07 23:35:00,CME_MINI:NQ1!,29543.5,29554.75,29542.75,29551.25,228.0,2026-09
2026-09-07 23:36:00,CME_MINI:NQ1!,29551.0,29563.0,29550.75,29561.5,257.0,2026-09
2026-09-07 23:37:00,CME_MINI:NQ1!,29562.0,29573.75,29561.25,29573.0,385.0,2026-09
2026-09-07 23:38:00,CME_MINI:NQ1!,29571.75,29576.5,29570.25,29576.5,183.0,2026-09
2026-09-07 23:39:00,CME_MINI:NQ1!,29575.75,29576.0,29567.25,29568.25,96.0,2026-09
2026-09-07 23:40:00,CME_MINI:NQ1!,29567.25,29568.75,29560.75,29567.0,113.0,2026-09
2026-09-07 23:41:00,CME_MINI:NQ1!,29566.25,29569.5,29565.25,29569.5,37.0,2026-09
2026-09-07 23:42:00,CME_MINI:NQ1!,29569.75,29579.25,29569.75,29577.5,164.0,2026-09
2026-09-07 23:43:00,CME_MINI:NQ1!,29577.0,29578.25,29573.0,29576.25,56.0,2026-09
2026-09-07 23:44:00,CME_MINI:NQ1!,29576.5,29589.5,29575.25,29586.25,244.0,2026-09
2026-09-07 23:45:00,CME_MINI:NQ1!,29586.5,29587.5,29580.5,29583.5,133.0,2026-09
2026-09-07 23:46:00,CME_MINI:NQ1!,29582.5,29584.75,29582.0,29583.5,52.0,2026-09
2026-09-07 23:47:00,CME_MINI:NQ1!,29582.0,29598.25,29581.0,29597.5,203.0,2026-09
2026-09-07 23:48:00,CME_MINI:NQ1!,29597.25,29597.25,29584.25,29592.75,159.0,2026-09
2026-09-07 23:49:00,CME_MINI:NQ1!,29592.5,29599.0,29592.5,29597.0,94.0,2026-09
2026-09-07 23:50:00,CME_MINI:NQ1!,29597.75,29597.75,29592.25,29593.5,76.0,2026-09
2026-09-07 23:51:00,CME_MINI:NQ1!,29590.25,29592.0,29583.75,29586.25,100.0,2026-09
2026-09-07 23:52:00,CME_MINI:NQ1!,29586.5,29588.0,29581.0,29585.0,108.0,2026-09
2026-09-07 23:53:00,CME_MINI:NQ1!,29585.25,29597.5,29585.25,29593.75,104.0,2026-09
2026-09-07 23:54:00,CME_MINI:NQ1!,29594.0,29594.5,29591.25,29591.75,47.0,2026-09
2026-09-07 23:55:00,CME_MINI:NQ1!,29590.5,29590.5,29584.75,29587.0,51.0,2026-09
2026-09-07 23:56:00,CME_MINI:NQ1!,29588.0,29588.0,29580.75,29581.5,65.0,2026-09
2026-09-07 23:57:00,CME_MINI:NQ1!,29581.25,29587.0,29580.25,29585.75,70.0,2026-09
2026-09-07 23:58:00,CME_MINI:NQ1!,29585.75,29586.25,29577.0,29579.25,75.0,2026-09
2026-09-07 23:59:00,CME_MINI:NQ1!,29578.25,29585.5,29577.25,29584.5,127.0,2026-09
2026-09-08 00:00:00,CME_MINI:NQ1!,29583.5,29588.5,29575.0,29579.0,251.0,2026-09
2026-09-08 00:01:00,CME_MINI:NQ1!,29580.25,29595.0,29575.0,29595.0,219.0,2026-09
2026-09-08 00:02:00,CME_MINI:NQ1!,29595.5,29605.25,29590.75,29597.25,536.0,2026-09
2026-09-08 00:03:00,CME_MINI:NQ1!,29594.75,29594.75,29588.25,29593.0,172.0,2026-09
2026-09-08 00:04:00,CME_MINI:NQ1!,29592.75,29593.0,29586.75,29591.5,118.0,2026-09
2026-09-08 00:05:00,CME_MINI:NQ1!,29593.0,29596.5,29589.75,29593.75,167.0,2026-09
2026-09-08 00:06:00,CME_MINI:NQ1!,29594.75,29599.25,29589.25,29591.75,189.0,2026-09
2026-09-08 00:07:00,CME_MINI:NQ1!,29591.75,29598.5,29589.25,29596.5,131.0,2026-09
2026-09-08 00:08:00,CME_MINI:NQ1!,29597.25,29600.75,29594.75,29596.75,127.0,2026-09
2026-09-08 00:09:00,CME_MINI:NQ1!,29597.75,29604.75,29594.25,29597.25,186.0,2026-09
2026-09-08 00:10:00,CME_MINI:NQ1!,29598.75,29603.0,29596.75,29601.75,105.0,2026-09
2026-09-08 00:11:00,CME_MINI:NQ1!,29603.0,29605.75,29594.5,29594.5,145.0,2026-09
2026-09-08 00:12:00,CME_MINI:NQ1!,29595.5,29602.5,29593.25,29599.0,181.0,2026-09
2026-09-08 00:13:00,CME_MINI:NQ1!,29598.75,29598.75,29592.5,29596.75,132.0,2026-09
2026-09-08 00:14:00,CME_MINI:NQ1!,29595.0,29595.75,29587.75,29592.5,165.0,2026-09
2026-09-08 00:15:00,CME_MINI:NQ1!,29592.5,29594.5,29577.75,29582.25,297.0,2026-09
2026-09-08 00:16:00,CME_MINI:NQ1!,29582.0,29595.0,29580.75,29592.75,274.0,2026-09
2026-09-08 00:17:00,CME_MINI:NQ1!,29591.25,29598.0,29588.25,29594.5,124.0,2026-09
2026-09-08 00:18:00,CME_MINI:NQ1!,29595.5,29616.25,29592.5,29614.25,455.0,2026-09
2026-09-08 00:19:00,CME_MINI:NQ1!,29614.25,29615.0,29606.0,29609.0,261.0,2026-09
2026-09-08 00:20:00,CME_MINI:NQ1!,29608.75,29617.5,29608.0,29612.0,162.0,2026-09
2026-09-08 00:21:00,CME_MINI:NQ1!,29613.75,29617.5,29605.25,29610.25,118.0,2026-09
2026-09-08 00:22:00,CME_MINI:NQ1!,29609.75,29611.25,29598.0,29601.0,238.0,2026-09
2026-09-08 00:23:00,CME_MINI:NQ1!,29600.25,29600.75,29581.5,29587.25,408.0,2026-09
2026-09-08 00:24:00,CME_MINI:NQ1!,29587.0,29601.0,29583.25,29598.25,245.0,2026-09
2026-09-08 00:25:00,CME_MINI:NQ1!,29596.5,29614.25,29591.75,29612.0,424.0,2026-09
2026-09-08 00:26:00,CME_MINI:NQ1!,29613.0,29615.75,29605.0,29606.5,171.0,2026-09
2026-09-08 00:27:00,CME_MINI:NQ1!,29607.25,29613.75,29605.0,29613.75,81.0,2026-09
2026-09-08 00:28:00,CME_MINI:NQ1!,29611.5,29627.0,29607.75,29627.0,315.0,2026-09
2026-09-08 00:29:00,CME_MINI:NQ1!,29627.5,29629.5,29625.25,29627.5,163.0,2026-09
2026-09-08 00:30:00,CME_MINI:NQ1!,29628.25,29629.75,29621.25,29621.5,191.0,2026-09
2026-09-08 00:31:00,CME_MINI:NQ1!,29622.5,29626.5,29621.5,29623.0,100.0,2026-09
2026-09-08 00:32:00,CME_MINI:NQ1!,29624.0,29635.25,29622.5,29635.25,200.0,2026-09
2026-09-08 00:33:00,CME_MINI:NQ1!,29634.75,29640.5,29631.75,29635.75,158.0,2026-09
2026-09-08 00:34:00,CME_MINI:NQ1!,29634.5,29638.5,29631.5,29637.75,76.0,2026-09
2026-09-08 00:35:00,CME_MINI:NQ1!,29637.25,29639.75,29633.75,29638.0,88.0,2026-09
2026-09-08 00:36:00,CME_MINI:NQ1!,29637.0,29637.75,29632.0,29635.25,81.0,2026-09
2026-09-08 00:37:00,CME_MINI:NQ1!,29636.25,29636.25,29632.0,29635.5,88.0,2026-09
2026-09-08 00:38:00,CME_MINI:NQ1!,29634.25,29635.25,29627.0,29629.5,141.0,2026-09
2026-09-08 00:39:00,CME_MINI:NQ1!,29629.25,29635.5,29628.0,29635.5,71.0,2026-09
2026-09-08 00:40:00,CME_MINI:NQ1!,29635.25,29637.0,29632.0,29633.75,68.0,2026-09
2026-09-08 00:41:00,CME_MINI:NQ1!,29633.25,29633.5,29628.25,29632.25,74.0,2026-09
2026-09-08 00:42:00,CME_MINI:NQ1!,29633.0,29633.0,29628.5,29631.0,58.0,2026-09
2026-09-08 00:43:00,CME_MINI:NQ1!,29630.5,29634.25,29629.25,29629.25,33.0,2026-09
2026-09-08 00:44:00,CME_MINI:NQ1!,29629.25,29632.5,29625.25,29632.0,92.0,2026-09
2026-09-08 00:45:00,CME_MINI:NQ1!,29632.75,29634.0,29631.0,29632.75,38.0,2026-09
2026-09-08 00:46:00,CME_MINI:NQ1!,29632.5,29639.5,29632.5,29637.25,92.0,2026-09
2026-09-08 00:47:00,CME_MINI:NQ1!,29636.5,29639.25,29634.0,29637.25,41.0,2026-09
2026-09-08 00:48:00,CME_MINI:NQ1!,29634.25,29636.25,29632.75,29636.25,49.0,2026-09
2026-09-08 00:49:00,CME_MINI:NQ1!,29636.75,29639.75,29635.5,29637.75,78.0,2026-09
2026-09-08 00:50:00,CME_MINI:NQ1!,29638.0,29642.0,29636.25,29637.75,76.0,2026-09
2026-09-08 00:51:00,CME_MINI:NQ1!,29637.75,29639.0,29634.75,29636.5,104.0,2026-09
2026-09-08 00:52:00,CME_MINI:NQ1!,29637.75,29638.25,29636.5,29637.5,36.0,2026-09
2026-09-08 00:53:00,CME_MINI:NQ1!,29638.75,29639.0,29635.5,29637.0,36.0,2026-09
2026-09-08 00:54:00,CME_MINI:NQ1!,29636.5,29639.0,29635.5,29639.0,62.0,2026-09
2026-09-08 00:55:00,CME_MINI:NQ1!,29637.75,29639.75,29630.75,29634.5,131.0,2026-09
2026-09-08 00:56:00,CME_MINI:NQ1!,29634.0,29641.25,29632.0,29640.5,157.0,2026-09
2026-09-08 00:57:00,CME_MINI:NQ1!,29640.0,29641.0,29637.25,29641.0,82.0,2026-09
2026-09-08 00:58:00,CME_MINI:NQ1!,29641.25,29641.25,29633.5,29635.5,65.0,2026-09
2026-09-08 00:59:00,CME_MINI:NQ1!,29634.5,29636.25,29631.5,29631.5,62.0,2026-09
2026-09-08 01:00:00,CME_MINI:NQ1!,29632.75,29637.75,29626.5,29634.0,328.0,2026-09
2026-09-08 01:01:00,CME_MINI:NQ1!,29632.5,29638.75,29632.0,29633.75,85.0,2026-09
2026-09-08 01:02:00,CME_MINI:NQ1!,29633.0,29633.25,29626.0,29629.0,101.0,2026-09
2026-09-08 01:03:00,CME_MINI:NQ1!,29629.0,29629.0,29619.25,29621.75,220.0,2026-09
2026-09-08 01:04:00,CME_MINI:NQ1!,29622.0,29625.75,29617.0,29622.75,316.0,2026-09
2026-09-08 01:05:00,CME_MINI:NQ1!,29622.0,29623.0,29611.75,29619.0,351.0,2026-09
2026-09-08 01:06:00,CME_MINI:NQ1!,29617.0,29619.5,29612.75,29615.5,148.0,2026-09
2026-09-08 01:07:00,CME_MINI:NQ1!,29615.0,29634.5,29614.25,29634.0,178.0,2026-09
2026-09-08 01:08:00,CME_MINI:NQ1!,29634.0,29646.75,29633.5,29645.75,437.0,2026-09
2026-09-08 01:09:00,CME_MINI:NQ1!,29645.25,29656.25,29641.75,29656.25,356.0,2026-09
2026-09-08 01:10:00,CME_MINI:NQ1!,29655.75,29661.75,29651.75,29653.0,285.0,2026-09
2026-09-08 01:11:00,CME_MINI:NQ1!,29653.0,29654.5,29640.0,29646.5,244.0,2026-09
2026-09-08 01:12:00,CME_MINI:NQ1!,29648.25,29649.0,29643.0,29645.0,58.0,2026-09
2026-09-08 01:13:00,CME_MINI:NQ1!,29644.5,29650.75,29643.75,29646.25,68.0,2026-09
2026-09-08 01:14:00,CME_MINI:NQ1!,29646.75,29658.25,29645.5,29658.25,86.0,2026-09
2026-09-08 01:15:00,CME_MINI:NQ1!,29658.5,29658.75,29652.75,29654.25,118.0,2026-09
2026-09-08 01:16:00,CME_MINI:NQ1!,29654.25,29655.25,29647.25,29648.0,127.0,2026-09
2026-09-08 01:17:00,CME_MINI:NQ1!,29650.75,29652.75,29647.25,29652.25,58.0,2026-09
2026-09-08 01:18:00,CME_MINI:NQ1!,29653.0,29655.0,29651.25,29653.75,95.0,2026-09
2026-09-08 01:19:00,CME_MINI:NQ1!,29654.0,29656.0,29651.75,29655.25,58.0,2026-09
2026-09-08 01:20:00,CME_MINI:NQ1!,29656.0,29658.25,29652.75,29652.75,96.0,2026-09
2026-09-08 01:21:00,CME_MINI:NQ1!,29652.5,29653.0,29649.25,29652.75,71.0,2026-09
2026-09-08 01:22:00,CME_MINI:NQ1!,29652.5,29656.25,29650.5,29653.25,57.0,2026-09
2026-09-08 01:23:00,CME_MINI:NQ1!,29654.25,29662.0,29653.25,29660.0,117.0,2026-09
2026-09-08 01:24:00,CME_MINI:NQ1!,29660.75,29661.0,29654.75,29655.5,101.0,2026-09
2026-09-08 01:25:00,CME_MINI:NQ1!,29655.5,29657.5,29653.5,29656.0,60.0,2026-09
2026-09-08 01:26:00,CME_MINI:NQ1!,29656.0,29656.5,29654.0,29655.0,39.0,2026-09
2026-09-08 01:27:00,CME_MINI:NQ1!,29655.5,29656.25,29653.0,29653.0,27.0,2026-09
2026-09-08 01:28:00,CME_MINI:NQ1!,29652.75,29653.5,29645.75,29647.5,148.0,2026-09
2026-09-08 01:29:00,CME_MINI:NQ1!,29648.5,29655.75,29648.25,29651.75,60.0,2026-09
2026-09-08 01:30:00,CME_MINI:NQ1!,29652.75,29652.75,29645.25,29645.75,78.0,2026-09
2026-09-08 01:31:00,CME_MINI:NQ1!,29645.75,29652.0,29645.25,29650.25,90.0,2026-09
2026-09-08 01:32:00,CME_MINI:NQ1!,29651.0,29653.25,29647.75,29653.25,103.0,2026-09
2026-09-08 01:33:00,CME_MINI:NQ1!,29654.25,29662.75,29651.75,29660.5,155.0,2026-09
2026-09-08 01:34:00,CME_MINI:NQ1!,29660.0,29661.75,29655.0,29656.5,81.0,2026-09
2026-09-08 01:35:00,CME_MINI:NQ1!,29655.0,29662.25,29652.25,29660.0,103.0,2026-09
2026-09-08 01:36:00,CME_MINI:NQ1!,29660.0,29665.0,29657.75,29662.0,169.0,2026-09
2026-09-08 01:37:00,CME_MINI:NQ1!,29662.5,29663.25,29656.25,29662.0,108.0,2026-09
2026-09-08 01:38:00,CME_MINI:NQ1!,29663.0,29669.5,29662.5,29669.5,186.0,2026-09
2026-09-08 01:39:00,CME_MINI:NQ1!,29669.25,29688.5,29667.5,29678.0,624.0,2026-09
2026-09-08 01:40:00,CME_MINI:NQ1!,29677.75,29680.0,29673.75,29677.75,167.0,2026-09
2026-09-08 01:41:00,CME_MINI:NQ1!,29679.0,29679.75,29672.0,29676.0,164.0,2026-09
2026-09-08 01:42:00,CME_MINI:NQ1!,29676.25,29677.75,29673.5,29677.75,33.0,2026-09
2026-09-08 01:43:00,CME_MINI:NQ1!,29676.75,29679.0,29675.5,29676.5,47.0,2026-09
2026-09-08 01:44:00,CME_MINI:NQ1!,29675.75,29678.75,29674.25,29675.75,123.0,2026-09
2026-09-08 01:45:00,CME_MINI:NQ1!,29675.25,29678.5,29674.0,29677.0,61.0,2026-09
2026-09-08 01:46:00,CME_MINI:NQ1!,29676.0,29676.5,29671.5,29673.0,89.0,2026-09
2026-09-08 01:47:00,CME_MINI:NQ1!,29672.0,29678.25,29671.75,29676.75,67.0,2026-09
2026-09-08 01:48:00,CME_MINI:NQ1!,29678.25,29685.0,29677.0,29683.25,132.0,2026-09
2026-09-08 01:49:00,CME_MINI:NQ1!,29683.0,29689.75,29680.5,29688.0,135.0,2026-09
2026-09-08 01:50:00,CME_MINI:NQ1!,29689.0,29689.25,29679.75,29682.75,100.0,2026-09
2026-09-08 01:51:00,CME_MINI:NQ1!,29681.75,29683.5,29678.0,29683.25,77.0,2026-09
2026-09-08 01:52:00,CME_MINI:NQ1!,29683.0,29691.0,29682.5,29689.75,101.0,2026-09
2026-09-08 01:53:00,CME_MINI:NQ1!,29690.25,29697.25,29689.5,29696.0,233.0,2026-09
2026-09-08 01:54:00,CME_MINI:NQ1!,29695.75,29695.75,29690.0,29694.5,153.0,2026-09
2026-09-08 01:55:00,CME_MINI:NQ1!,29694.5,29702.75,29694.25,29699.75,252.0,2026-09
2026-09-08 01:56:00,CME_MINI:NQ1!,29698.75,29709.5,29698.5,29705.5,402.0,2026-09
2026-09-08 01:57:00,CME_MINI:NQ1!,29705.75,29707.25,29696.25,29698.25,196.0,2026-09
2026-09-08 01:58:00,CME_MINI:NQ1!,29699.25,29703.25,29697.75,29703.25,76.0,2026-09
2026-09-08 01:59:00,CME_MINI:NQ1!,29703.75,29708.25,29698.75,29706.0,144.0,2026-09
2026-09-08 02:00:00,CME_MINI:NQ1!,29706.25,29711.0,29703.0,29709.75,227.0,2026-09
2026-09-08 02:01:00,CME_MINI:NQ1!,29708.5,29711.5,29705.25,29707.75,103.0,2026-09
2026-09-08 02:02:00,CME_MINI:NQ1!,29706.75,29706.75,29701.75,29704.0,65.0,2026-09
2026-09-08 02:03:00,CME_MINI:NQ1!,29705.25,29705.25,29699.0,29702.0,97.0,2026-09
2026-09-08 02:04:00,CME_MINI:NQ1!,29701.0,29701.0,29694.5,29696.0,123.0,2026-09
2026-09-08 02:05:00,CME_MINI:NQ1!,29695.5,29697.0,29689.0,29691.0,170.0,2026-09
2026-09-08 02:06:00,CME_MINI:NQ1!,29691.5,29697.0,29690.5,29696.0,115.0,2026-09
2026-09-08 02:07:00,CME_MINI:NQ1!,29695.0,29697.75,29691.0,29694.25,64.0,2026-09
2026-09-08 02:08:00,CME_MINI:NQ1!,29692.25,29694.5,29691.0,29693.0,40.0,2026-09
2026-09-08 02:09:00,CME_MINI:NQ1!,29693.25,29694.25,29690.0,29690.5,62.0,2026-09
2026-09-08 02:10:00,CME_MINI:NQ1!,29690.5,29702.0,29689.75,29700.75,104.0,2026-09
2026-09-08 02:11:00,CME_MINI:NQ1!,29700.5,29704.0,29692.5,29700.25,269.0,2026-09
2026-09-08 02:12:00,CME_MINI:NQ1!,29699.0,29711.0,29699.0,29708.5,303.0,2026-09
2026-09-08 02:13:00,CME_MINI:NQ1!,29709.25,29715.5,29706.25,29709.5,324.0,2026-09
2026-09-08 02:14:00,CME_MINI:NQ1!,29709.25,29710.75,29705.0,29707.75,78.0,2026-09
2026-09-08 02:15:00,CME_MINI:NQ1!,29707.0,29710.5,29706.0,29707.5,71.0,2026-09
2026-09-08 02:16:00,CME_MINI:NQ1!,29706.5,29714.5,29706.0,29710.25,87.0,2026-09
2026-09-08 02:17:00,CME_MINI:NQ1!,29710.0,29711.5,29706.5,29709.5,62.0,2026-09
2026-09-08 02:18:00,CME_MINI:NQ1!,29710.25,29710.25,29702.75,29706.75,159.0,2026-09
2026-09-08 02:19:00,CME_MINI:NQ1!,29707.25,29707.75,29703.75,29706.0,55.0,2026-09
2026-09-08 02:20:00,CME_MINI:NQ1!,29705.25,29706.0,29704.0,29704.5,39.0,2026-09
2026-09-08 02:21:00,CME_MINI:NQ1!,29704.25,29706.75,29701.5,29706.75,56.0,2026-09
2026-09-08 02:22:00,CME_MINI:NQ1!,29707.25,29709.0,29703.5,29705.25,66.0,2026-09
2026-09-08 02:23:00,CME_MINI:NQ1!,29705.75,29714.75,29704.25,29713.75,115.0,2026-09
2026-09-08 02:24:00,CME_MINI:NQ1!,29715.5,29722.75,29712.0,29715.75,248.0,2026-09
2026-09-08 02:25:00,CME_MINI:NQ1!,29715.5,29716.25,29710.25,29711.5,120.0,2026-09
2026-09-08 02:26:00,CME_MINI:NQ1!,29710.75,29717.75,29708.75,29715.75,83.0,2026-09
2026-09-08 02:27:00,CME_MINI:NQ1!,29715.25,29720.5,29712.75,29717.75,120.0,2026-09
2026-09-08 02:28:00,CME_MINI:NQ1!,29718.25,29719.25,29714.0,29715.5,61.0,2026-09
2026-09-08 02:29:00,CME_MINI:NQ1!,29717.5,29718.5,29711.25,29713.5,56.0,2026-09
2026-09-08 02:30:00,CME_MINI:NQ1!,29714.5,29714.75,29709.75,29711.75,55.0,2026-09
2026-09-08 02:31:00,CME_MINI:NQ1!,29713.5,29714.5,29706.75,29708.0,93.0,2026-09
2026-09-08 02:32:00,CME_MINI:NQ1!,29707.5,29711.0,29703.0,29703.25,84.0,2026-09
2026-09-08 02:33:00,CME_MINI:NQ1!,29704.0,29709.25,29703.25,29709.0,64.0,2026-09
2026-09-08 02:34:00,CME_MINI:NQ1!,29708.0,29708.25,29703.75,29706.25,54.0,2026-09
2026-09-08 02:35:00,CME_MINI:NQ1!,29706.5,29706.5,29702.25,29703.0,76.0,2026-09
2026-09-08 02:36:00,CME_MINI:NQ1!,29702.75,29705.5,29702.25,29704.25,76.0,2026-09
2026-09-08 02:37:00,CME_MINI:NQ1!,29703.0,29708.5,29703.0,29704.75,52.0,2026-09
2026-09-08 02:38:00,CME_MINI:NQ1!,29705.0,29709.0,29703.5,29706.75,52.0,2026-09
2026-09-08 02:39:00,CME_MINI:NQ1!,29707.75,29708.5,29704.5,29705.5,45.0,2026-09
2026-09-08 02:40:00,CME_MINI:NQ1!,29704.5,29704.5,29700.0,29700.75,96.0,2026-09
2026-09-08 02:41:00,CME_MINI:NQ1!,29700.25,29701.0,29694.75,29696.75,185.0,2026-09
2026-09-08 02:42:00,CME_MINI:NQ1!,29694.25,29695.75,29691.5,29692.75,74.0,2026-09
2026-09-08 02:43:00,CME_MINI:NQ1!,29693.0,29694.75,29686.5,29690.25,197.0,2026-09
2026-09-08 02:44:00,CME_MINI:NQ1!,29691.0,29691.75,29686.25,29687.0,95.0,2026-09
2026-09-08 02:45:00,CME_MINI:NQ1!,29686.5,29692.75,29686.5,29689.75,103.0,2026-09
2026-09-08 02:46:00,CME_MINI:NQ1!,29690.75,29693.25,29689.0,29689.75,55.0,2026-09
2026-09-08 02:47:00,CME_MINI:NQ1!,29690.0,29693.75,29688.75,29693.0,74.0,2026-09
2026-09-08 02:48:00,CME_MINI:NQ1!,29694.75,29697.25,29691.5,29694.25,79.0,2026-09
2026-09-08 02:49:00,CME_MINI:NQ1!,29693.5,29693.5,29690.25,29690.5,44.0,2026-09
2026-09-08 02:50:00,CME_MINI:NQ1!,29690.5,29691.5,29682.5,29682.5,106.0,2026-09
2026-09-08 02:51:00,CME_MINI:NQ1!,29682.5,29684.0,29673.75,29677.5,300.0,2026-09
2026-09-08 02:52:00,CME_MINI:NQ1!,29677.25,29679.5,29672.0,29672.5,189.0,2026-09
2026-09-08 02:53:00,CME_MINI:NQ1!,29673.75,29673.75,29664.75,29666.0,276.0,2026-09
2026-09-08 02:54:00,CME_MINI:NQ1!,29666.0,29669.5,29665.75,29666.25,73.0,2026-09
2026-09-08 02:55:00,CME_MINI:NQ1!,29665.75,29671.75,29663.0,29668.0,173.0,2026-09
2026-09-08 02:56:00,CME_MINI:NQ1!,29669.0,29671.75,29667.75,29668.75,87.0,2026-09
2026-09-08 02:57:00,CME_MINI:NQ1!,29668.75,29669.25,29666.0,29668.75,54.0,2026-09
2026-09-08 02:58:00,CME_MINI:NQ1!,29668.75,29668.75,29663.75,29665.0,74.0,2026-09
2026-09-08 02:59:00,CME_MINI:NQ1!,29664.25,29668.75,29660.25,29660.5,173.0,2026-09
2026-09-08 03:00:00,CME_MINI:NQ1!,29661.5,29666.5,29660.75,29666.5,137.0,2026-09
2026-09-08 03:01:00,CME_MINI:NQ1!,29666.5,29672.75,29665.75,29671.75,191.0,2026-09
2026-09-08 03:02:00,CME_MINI:NQ1!,29672.0,29674.25,29664.25,29665.0,176.0,2026-09
2026-09-08 03:03:00,CME_MINI:NQ1!,29665.5,29667.5,29660.75,29666.0,174.0,2026-09
2026-09-08 03:04:00,CME_MINI:NQ1!,29667.5,29667.5,29661.75,29665.5,54.0,2026-09
2026-09-08 03:05:00,CME_MINI:NQ1!,29665.5,29666.25,29663.25,29664.0,36.0,2026-09
2026-09-08 03:06:00,CME_MINI:NQ1!,29665.25,29666.75,29663.75,29664.75,24.0,2026-09
2026-09-08 03:07:00,CME_MINI:NQ1!,29666.25,29669.5,29664.75,29664.75,69.0,2026-09
2026-09-08 03:08:00,CME_MINI:NQ1!,29667.5,29670.75,29666.75,29670.5,49.0,2026-09
2026-09-08 03:09:00,CME_MINI:NQ1!,29671.25,29686.0,29670.5,29684.5,227.0,2026-09
2026-09-08 03:10:00,CME_MINI:NQ1!,29684.25,29688.0,29683.0,29687.5,172.0,2026-09
2026-09-08 03:11:00,CME_MINI:NQ1!,29687.5,29688.25,29683.0,29684.5,75.0,2026-09
2026-09-08 03:12:00,CME_MINI:NQ1!,29686.0,29694.25,29683.0,29694.25,120.0,2026-09
2026-09-08 03:13:00,CME_MINI:NQ1!,29693.25,29693.25,29688.0,29688.0,67.0,2026-09
2026-09-08 03:14:00,CME_MINI:NQ1!,29688.75,29691.5,29688.0,29690.0,57.0,2026-09
2026-09-08 03:15:00,CME_MINI:NQ1!,29689.0,29690.75,29687.75,29689.75,28.0,2026-09
2026-09-08 03:16:00,CME_MINI:NQ1!,29688.25,29696.25,29688.25,29694.75,94.0,2026-09
2026-09-08 03:17:00,CME_MINI:NQ1!,29695.25,29695.25,29690.75,29693.75,54.0,2026-09
2026-09-08 03:18:00,CME_MINI:NQ1!,29693.75,29698.75,29693.25,29698.0,107.0,2026-09
2026-09-08 03:19:00,CME_MINI:NQ1!,29698.0,29704.0,29696.5,29698.75,146.0,2026-09
2026-09-08 03:20:00,CME_MINI:NQ1!,29698.5,29704.25,29698.0,29703.0,80.0,2026-09
2026-09-08 03:21:00,CME_MINI:NQ1!,29703.0,29705.5,29699.5,29700.25,126.0,2026-09
2026-09-08 03:22:00,CME_MINI:NQ1!,29701.0,29702.0,29697.0,29700.25,91.0,2026-09
2026-09-08 03:23:00,CME_MINI:NQ1!,29701.25,29701.75,29693.75,29694.75,101.0,2026-09
2026-09-08 03:24:00,CME_MINI:NQ1!,29694.75,29697.0,29693.0,29695.25,116.0,2026-09
2026-09-08 03:25:00,CME_MINI:NQ1!,29696.25,29696.75,29693.5,29696.75,40.0,2026-09
2026-09-08 03:26:00,CME_MINI:NQ1!,29696.5,29708.5,29695.25,29707.75,139.0,2026-09
2026-09-08 03:27:00,CME_MINI:NQ1!,29706.75,29706.75,29699.75,29705.0,78.0,2026-09
2026-09-08 03:28:00,CME_MINI:NQ1!,29705.0,29725.75,29705.0,29724.75,468.0,2026-09
2026-09-08 03:29:00,CME_MINI:NQ1!,29724.25,29734.75,29723.5,29733.0,307.0,2026-09
2026-09-08 03:30:00,CME_MINI:NQ1!,29732.5,29737.75,29731.25,29735.5,373.0,2026-09
2026-09-08 03:31:00,CME_MINI:NQ1!,29736.25,29738.25,29731.75,29732.5,219.0,2026-09
2026-09-08 03:32:00,CME_MINI:NQ1!,29732.0,29732.0,29723.75,29725.5,195.0,2026-09
2026-09-08 03:33:00,CME_MINI:NQ1!,29725.75,29732.0,29725.0,29731.25,206.0,2026-09
2026-09-08 03:34:00,CME_MINI:NQ1!,29730.75,29731.25,29724.25,29726.5,138.0,2026-09
2026-09-08 03:35:00,CME_MINI:NQ1!,29725.0,29729.75,29722.0,29725.5,182.0,2026-09
2026-09-08 03:36:00,CME_MINI:NQ1!,29727.0,29739.75,29727.0,29737.25,195.0,2026-09
2026-09-08 03:37:00,CME_MINI:NQ1!,29736.75,29738.25,29733.0,29733.0,76.0,2026-09
2026-09-08 03:38:00,CME_MINI:NQ1!,29732.5,29736.25,29731.75,29734.75,53.0,2026-09
2026-09-08 03:39:00,CME_MINI:NQ1!,29732.75,29735.75,29731.0,29735.75,41.0,2026-09
2026-09-08 03:40:00,CME_MINI:NQ1!,29734.5,29737.75,29733.0,29736.25,56.0,2026-09
2026-09-08 03:41:00,CME_MINI:NQ1!,29735.0,29739.5,29733.5,29734.5,60.0,2026-09
2026-09-08 03:42:00,CME_MINI:NQ1!,29735.75,29740.0,29735.75,29740.0,88.0,2026-09
2026-09-08 03:43:00,CME_MINI:NQ1!,29738.75,29738.75,29733.5,29733.5,110.0,2026-09
2026-09-08 03:44:00,CME_MINI:NQ1!,29733.5,29733.75,29730.0,29731.0,61.0,2026-09
2026-09-08 03:45:00,CME_MINI:NQ1!,29730.5,29732.25,29726.75,29732.0,123.0,2026-09
2026-09-08 03:46:00,CME_MINI:NQ1!,29732.75,29733.75,29727.0,29728.75,80.0,2026-09
2026-09-08 03:47:00,CME_MINI:NQ1!,29728.75,29729.0,29726.75,29728.0,53.0,2026-09
2026-09-08 03:48:00,CME_MINI:NQ1!,29729.25,29735.5,29729.25,29734.75,87.0,2026-09
2026-09-08 03:49:00,CME_MINI:NQ1!,29732.25,29737.75,29730.25,29736.0,73.0,2026-09
2026-09-08 03:50:00,CME_MINI:NQ1!,29734.25,29734.25,29729.5,29732.25,69.0,2026-09
2026-09-08 18:38:00,CME_MINI:NQ1!,29591.25,29596.5,29591.25,29594.0,360.0,2026-09
2026-09-08 18:39:00,CME_MINI:NQ1!,29593.75,29594.0,29582.25,29585.0,586.0,2026-09
2026-09-08 18:40:00,CME_MINI:NQ1!,29585.0,29585.75,29581.0,29583.0,475.0,2026-09
2026-09-08 18:41:00,CME_MINI:NQ1!,29583.0,29586.5,29578.0,29583.5,484.0,2026-09
2026-09-08 18:42:00,CME_MINI:NQ1!,29583.75,29591.25,29582.75,29589.25,434.0,2026-09
2026-09-08 18:43:00,CME_MINI:NQ1!,29588.25,29603.0,29588.0,29603.0,733.0,2026-09
2026-09-08 18:44:00,CME_MINI:NQ1!,29603.25,29604.5,29599.5,29602.75,401.0,2026-09
2026-09-08 18:45:00,CME_MINI:NQ1!,29603.25,29610.25,29601.5,29605.25,600.0,2026-09
2026-09-08 18:46:00,CME_MINI:NQ1!,29605.5,29611.0,29604.25,29609.5,357.0,2026-09
2026-09-08 18:47:00,CME_MINI:NQ1!,29609.25,29610.75,29581.5,29583.25,1681.0,2026-09
2026-09-08 18:48:00,CME_MINI:NQ1!,29583.75,29586.0,29530.0,29531.5,3474.0,2026-09
2026-09-08 18:49:00,CME_MINI:NQ1!,29531.5,29558.0,29519.75,29545.0,3026.0,2026-09
2026-09-08 18:50:00,CME_MINI:NQ1!,29545.5,29571.0,29545.5,29570.75,1306.0,2026-09
2026-09-08 18:51:00,CME_MINI:NQ1!,29570.75,29574.0,29557.25,29557.25,1066.0,2026-09
2026-09-08 18:52:00,CME_MINI:NQ1!,29557.75,29561.25,29535.75,29536.75,1283.0,2026-09
2026-09-08 18:53:00,CME_MINI:NQ1!,29536.75,29572.5,29536.5,29571.75,1168.0,2026-09
2026-09-08 18:54:00,CME_MINI:NQ1!,29571.75,29580.75,29567.0,29575.25,1195.0,2026-09
2026-09-08 18:55:00,CME_MINI:NQ1!,29575.25,29581.0,29570.25,29575.25,829.0,2026-09
2026-09-08 18:56:00,CME_MINI:NQ1!,29575.25,29578.0,29570.0,29577.75,470.0,2026-09
2026-09-08 18:57:00,CME_MINI:NQ1!,29578.0,29586.0,29575.75,29579.75,627.0,2026-09
2026-09-08 18:58:00,CME_MINI:NQ1!,29579.75,29584.75,29573.5,29584.5,575.0,2026-09
2026-09-08 18:59:00,CME_MINI:NQ1!,29584.5,29585.0,29574.5,29576.25,528.0,2026-09
2026-09-08 19:00:00,CME_MINI:NQ1!,29576.25,29586.25,29573.25,29577.75,745.0,2026-09
2026-09-08 19:01:00,CME_MINI:NQ1!,29578.0,29580.5,29569.5,29577.5,469.0,2026-09
2026-09-08 19:02:00,CME_MINI:NQ1!,29577.75,29579.25,29571.75,29575.5,335.0,2026-09
2026-09-08 19:03:00,CME_MINI:NQ1!,29575.0,29577.75,29566.5,29569.25,523.0,2026-09
2026-09-08 19:04:00,CME_MINI:NQ1!,29570.5,29571.0,29560.25,29569.5,635.0,2026-09
2026-09-08 19:05:00,CME_MINI:NQ1!,29568.75,29574.75,29565.0,29572.75,424.0,2026-09
2026-09-08 19:06:00,CME_MINI:NQ1!,29573.0,29578.75,29567.75,29570.25,528.0,2026-09
2026-09-08 19:07:00,CME_MINI:NQ1!,29570.75,29583.5,29567.75,29581.5,704.0,2026-09
2026-09-08 19:08:00,CME_MINI:NQ1!,29581.5,29581.75,29574.0,29576.25,510.0,2026-09
2026-09-08 19:09:00,CME_MINI:NQ1!,29576.75,29578.5,29567.5,29568.0,662.0,2026-09
2026-09-08 19:10:00,CME_MINI:NQ1!,29568.5,29580.0,29566.25,29577.5,717.0,2026-09
2026-09-08 19:11:00,CME_MINI:NQ1!,29577.0,29580.0,29574.0,29577.0,318.0,2026-09
2026-09-08 19:12:00,CME_MINI:NQ1!,29577.25,29579.5,29573.0,29574.25,410.0,2026-09
2026-09-08 19:13:00,CME_MINI:NQ1!,29576.25,29576.25,29569.25,29572.5,271.0,2026-09
2026-09-08 19:14:00,CME_MINI:NQ1!,29571.5,29576.25,29568.25,29574.75,378.0,2026-09
2026-09-08 19:15:00,CME_MINI:NQ1!,29575.0,29579.25,29571.75,29575.5,338.0,2026-09
2026-09-08 19:16:00,CME_MINI:NQ1!,29576.0,29577.5,29569.5,29575.25,260.0,2026-09
2026-09-08 19:17:00,CME_MINI:NQ1!,29575.25,29576.0,29563.75,29570.5,365.0,2026-09
2026-09-08 19:18:00,CME_MINI:NQ1!,29570.25,29571.0,29559.0,29563.5,471.0,2026-09
2026-09-08 19:19:00,CME_MINI:NQ1!,29563.5,29566.0,29560.5,29561.0,256.0,2026-09
2026-09-08 19:20:00,CME_MINI:NQ1!,29560.25,29561.5,29556.0,29559.0,388.0,2026-09
2026-09-08 19:21:00,CME_MINI:NQ1!,29558.75,29570.25,29556.0,29567.0,484.0,2026-09
2026-09-08 19:22:00,CME_MINI:NQ1!,29566.75,29568.25,29554.0,29556.0,535.0,2026-09
2026-09-08 19:23:00,CME_MINI:NQ1!,29556.25,29559.5,29554.0,29557.0,220.0,2026-09
2026-09-08 19:24:00,CME_MINI:NQ1!,29557.25,29557.25,29546.25,29550.25,564.0,2026-09
2026-09-08 19:25:00,CME_MINI:NQ1!,29549.75,29553.25,29545.0,29549.0,405.0,2026-09
2026-09-08 19:26:00,CME_MINI:NQ1!,29549.25,29555.5,29544.75,29552.5,357.0,2026-09
2026-09-08 19:27:00,CME_MINI:NQ1!,29553.75,29562.75,29550.25,29560.5,584.0,2026-09
2026-09-08 19:28:00,CME_MINI:NQ1!,29559.5,29562.5,29553.0,29557.75,378.0,2026-09
2026-09-08 19:29:00,CME_MINI:NQ1!,29557.5,29568.5,29557.0,29564.0,524.0,2026-09
2026-09-08 19:30:00,CME_MINI:NQ1!,29564.5,29565.0,29547.75,29552.25,796.0,2026-09
2026-09-08 19:31:00,CME_MINI:NQ1!,29552.25,29560.5,29548.75,29559.75,542.0,2026-09
2026-09-08 19:32:00,CME_MINI:NQ1!,29559.5,29565.0,29556.5,29557.5,446.0,2026-09
2026-09-08 19:33:00,CME_MINI:NQ1!,29557.0,29559.5,29553.75,29556.5,298.0,2026-09
2026-09-08 19:34:00,CME_MINI:NQ1!,29556.5,29566.25,29554.0,29562.75,360.0,2026-09
2026-09-08 19:35:00,CME_MINI:NQ1!,29562.75,29564.0,29550.5,29551.25,499.0,2026-09
2026-09-08 19:36:00,CME_MINI:NQ1!,29551.25,29557.5,29549.0,29550.5,377.0,2026-09
2026-09-08 19:37:00,CME_MINI:NQ1!,29550.75,29554.25,29549.0,29553.5,288.0,2026-09
2026-09-08 19:38:00,CME_MINI:NQ1!,29554.25,29557.0,29551.0,29553.75,352.0,2026-09
2026-09-08 19:39:00,CME_MINI:NQ1!,29553.5,29556.5,29550.5,29555.5,395.0,2026-09
2026-09-08 19:40:00,CME_MINI:NQ1!,29555.25,29560.0,29551.75,29558.25,352.0,2026-09
2026-09-08 19:41:00,CME_MINI:NQ1!,29558.75,29559.25,29551.5,29556.0,302.0,2026-09
2026-09-08 19:42:00,CME_MINI:NQ1!,29555.75,29556.0,29545.5,29552.5,490.0,2026-09
2026-09-08 19:43:00,CME_MINI:NQ1!,29552.25,29553.0,29543.5,29544.25,434.0,2026-09
2026-09-08 19:44:00,CME_MINI:NQ1!,29544.75,29549.5,29544.5,29549.0,327.0,2026-09
2026-09-08 19:45:00,CME_MINI:NQ1!,29549.0,29552.75,29533.25,29534.25,1585.0,2026-09
2026-09-08 19:46:00,CME_MINI:NQ1!,29534.5,29538.25,29529.75,29536.0,944.0,2026-09
2026-09-08 19:47:00,CME_MINI:NQ1!,29536.0,29539.25,29532.5,29534.0,502.0,2026-09
2026-09-08 19:48:00,CME_MINI:NQ1!,29533.75,29534.75,29524.75,29533.75,779.0,2026-09
2026-09-08 19:49:00,CME_MINI:NQ1!,29533.75,29545.25,29531.25,29544.75,855.0,2026-09
2026-09-08 19:50:00,CME_MINI:NQ1!,29545.0,29551.75,29510.5,29535.0,3489.0,2026-09
2026-09-08 19:51:00,CME_MINI:NQ1!,29535.25,29543.75,29527.25,29529.75,1210.0,2026-09
2026-09-08 19:52:00,CME_MINI:NQ1!,29529.75,29531.0,29518.75,29520.0,1060.0,2026-09
2026-09-08 19:53:00,CME_MINI:NQ1!,29519.75,29525.25,29509.25,29514.5,1982.0,2026-09
2026-09-08 19:54:00,CME_MINI:NQ1!,29514.75,29514.75,29496.0,29507.75,3294.0,2026-09
2026-09-08 19:55:00,CME_MINI:NQ1!,29508.0,29530.25,29507.0,29518.0,2051.0,2026-09
2026-09-08 19:56:00,CME_MINI:NQ1!,29518.25,29521.5,29508.0,29520.75,1385.0,2026-09
2026-09-08 19:57:00,CME_MINI:NQ1!,29521.5,29524.75,29512.25,29518.0,867.0,2026-09
2026-09-08 19:58:00,CME_MINI:NQ1!,29518.0,29521.25,29508.25,29511.75,1990.0,2026-09
2026-09-08 19:59:00,CME_MINI:NQ1!,29511.5,29549.5,29500.0,29543.5,9181.0,2026-09
2026-09-08 20:00:00,CME_MINI:NQ1!,29543.0,29550.75,29532.0,29538.0,2372.0,2026-09
2026-09-08 20:01:00,CME_MINI:NQ1!,29537.75,29538.5,29527.5,29530.0,576.0,2026-09
2026-09-08 20:02:00,CME_MINI:NQ1!,29530.25,29533.25,29511.5,29524.0,1192.0,2026-09
2026-09-08 20:03:00,CME_MINI:NQ1!,29523.5,29526.0,29511.5,29512.5,554.0,2026-09
2026-09-08 20:04:00,CME_MINI:NQ1!,29511.75,29521.75,29507.5,29517.25,532.0,2026-09
2026-09-08 20:05:00,CME_MINI:NQ1!,29517.0,29517.0,29506.0,29509.25,734.0,2026-09
2026-09-08 20:06:00,CME_MINI:NQ1!,29510.0,29515.5,29509.75,29514.25,534.0,2026-09
2026-09-08 20:07:00,CME_MINI:NQ1!,29514.25,29522.25,29514.0,29521.25,282.0,2026-09
2026-09-08 20:08:00,CME_MINI:NQ1!,29521.0,29523.5,29519.25,29521.5,144.0,2026-09
2026-09-08 20:09:00,CME_MINI:NQ1!,29521.5,29524.0,29518.5,29520.5,192.0,2026-09
2026-09-08 20:10:00,CME_MINI:NQ1!,29520.0,29527.0,29519.5,29526.75,317.0,2026-09
2026-09-08 20:11:00,CME_MINI:NQ1!,29526.25,29527.5,29522.5,29526.25,168.0,2026-09
2026-09-08 20:12:00,CME_MINI:NQ1!,29526.25,29527.5,29519.5,29521.0,201.0,2026-09
2026-09-08 20:13:00,CME_MINI:NQ1!,29521.5,29522.5,29520.0,29521.0,131.0,2026-09
2026-09-08 20:14:00,CME_MINI:NQ1!,29521.0,29525.0,29520.0,29524.25,295.0,2026-09
2026-09-08 20:15:00,CME_MINI:NQ1!,29524.25,29528.25,29521.25,29521.25,186.0,2026-09
2026-09-08 20:16:00,CME_MINI:NQ1!,29521.25,29521.75,29514.5,29521.0,339.0,2026-09
2026-09-08 20:17:00,CME_MINI:NQ1!,29520.5,29527.0,29520.5,29524.5,127.0,2026-09
2026-09-08 20:18:00,CME_MINI:NQ1!,29524.5,29524.75,29521.75,29523.0,81.0,2026-09
2026-09-08 20:19:00,CME_MINI:NQ1!,29523.25,29523.25,29519.0,29520.25,56.0,2026-09
2026-09-08 20:20:00,CME_MINI:NQ1!,29520.25,29526.25,29520.25,29520.75,89.0,2026-09
2026-09-08 20:21:00,CME_MINI:NQ1!,29521.0,29521.75,29518.0,29520.75,89.0,2026-09
2026-09-08 20:22:00,CME_MINI:NQ1!,29521.5,29526.25,29521.0,29525.25,61.0,2026-09
2026-09-08 20:23:00,CME_MINI:NQ1!,29526.25,29526.75,29522.0,29522.75,59.0,2026-09
2026-09-08 20:24:00,CME_MINI:NQ1!,29523.25,29524.25,29522.0,29523.0,52.0,2026-09
2026-09-08 20:25:00,CME_MINI:NQ1!,29522.75,29525.75,29514.25,29524.0,320.0,2026-09
2026-09-08 20:26:00,CME_MINI:NQ1!,29525.25,29526.25,29522.75,29525.0,104.0,2026-09
2026-09-08 20:27:00,CME_MINI:NQ1!,29525.5,29527.0,29524.25,29526.75,43.0,2026-09
2026-09-08 20:28:00,CME_MINI:NQ1!,29527.0,29527.5,29507.25,29513.5,846.0,2026-09
2026-09-08 20:29:00,CME_MINI:NQ1!,29512.5,29514.5,29506.5,29507.75,280.0,2026-09
2026-09-08 20:30:00,CME_MINI:NQ1!,29507.5,29507.5,29503.5,29504.25,301.0,2026-09
2026-09-08 20:31:00,CME_MINI:NQ1!,29504.25,29509.75,29503.5,29509.75,134.0,2026-09
2026-09-08 20:32:00,CME_MINI:NQ1!,29509.25,29510.25,29507.0,29507.0,109.0,2026-09
2026-09-08 20:33:00,CME_MINI:NQ1!,29508.0,29509.0,29506.0,29507.25,59.0,2026-09
2026-09-08 20:34:00,CME_MINI:NQ1!,29507.25,29511.5,29506.75,29510.25,89.0,2026-09
2026-09-08 20:35:00,CME_MINI:NQ1!,29510.25,29512.5,29510.25,29512.25,38.0,2026-09
2026-09-08 20:36:00,CME_MINI:NQ1!,29512.0,29514.75,29512.0,29514.75,69.0,2026-09
2026-09-08 20:37:00,CME_MINI:NQ1!,29514.75,29517.5,29514.25,29517.5,118.0,2026-09
2026-09-08 20:38:00,CME_MINI:NQ1!,29516.75,29516.75,29513.25,29515.75,66.0,2026-09
2026-09-08 20:39:00,CME_MINI:NQ1!,29515.25,29516.75,29514.25,29515.25,30.0,2026-09
2026-09-08 20:40:00,CME_MINI:NQ1!,29514.25,29519.5,29513.25,29515.5,99.0,2026-09
2026-09-08 20:41:00,CME_MINI:NQ1!,29516.0,29519.5,29516.0,29518.5,46.0,2026-09
2026-09-08 20:42:00,CME_MINI:NQ1!,29518.5,29520.25,29514.0,29519.25,173.0,2026-09
2026-09-08 20:43:00,CME_MINI:NQ1!,29519.25,29521.0,29518.5,29520.0,26.0,2026-09
2026-09-08 20:44:00,CME_MINI:NQ1!,29520.0,29524.75,29516.75,29521.25,153.0,2026-09
2026-09-08 20:45:00,CME_MINI:NQ1!,29522.0,29522.75,29519.25,29522.25,88.0,2026-09
2026-09-08 20:46:00,CME_MINI:NQ1!,29521.75,29523.25,29521.25,29522.25,38.0,2026-09
2026-09-08 20:47:00,CME_MINI:NQ1!,29522.25,29523.25,29519.0,29519.25,50.0,2026-09
2026-09-08 20:48:00,CME_MINI:NQ1!,29519.0,29522.75,29518.5,29522.0,59.0,2026-09
2026-09-08 20:49:00,CME_MINI:NQ1!,29521.5,29523.5,29520.75,29520.75,58.0,2026-09
2026-09-08 20:50:00,CME_MINI:NQ1!,29520.0,29523.25,29520.0,29522.75,24.0,2026-09
2026-09-08 20:51:00,CME_MINI:NQ1!,29523.0,29525.75,29523.0,29523.5,33.0,2026-09
2026-09-08 20:52:00,CME_MINI:NQ1!,29523.75,29524.0,29522.75,29524.0,22.0,2026-09
2026-09-08 20:53:00,CME_MINI:NQ1!,29524.5,29526.5,29524.5,29526.5,60.0,2026-09
2026-09-08 20:54:00,CME_MINI:NQ1!,29526.25,29527.0,29523.5,29525.25,93.0,2026-09
2026-09-08 20:55:00,CME_MINI:NQ1!,29525.0,29525.75,29521.5,29521.5,67.0,2026-09
2026-09-08 20:56:00,CME_MINI:NQ1!,29521.0,29526.5,29520.25,29524.5,105.0,2026-09
2026-09-08 20:57:00,CME_MINI:NQ1!,29524.5,29527.0,29524.25,29527.0,52.0,2026-09
2026-09-08 20:58:00,CME_MINI:NQ1!,29526.5,29527.25,29524.25,29526.0,37.0,2026-09
2026-09-08 20:59:00,CME_MINI:NQ1!,29525.75,29527.0,29522.5,29525.75,122.0,2026-09
2026-09-08 22:00:00,CME_MINI:NQ1!,29526.5,29530.5,29503.0,29506.0,435.0,2026-09
2026-09-08 22:01:00,CME_MINI:NQ1!,29505.5,29517.5,29503.5,29514.25,188.0,2026-09
2026-09-08 22:02:00,CME_MINI:NQ1!,29513.5,29532.0,29512.5,29529.75,209.0,2026-09
2026-09-08 22:03:00,CME_MINI:NQ1!,29529.5,29539.25,29524.5,29535.75,264.0,2026-09
2026-09-08 22:04:00,CME_MINI:NQ1!,29537.5,29537.75,29529.0,29535.75,98.0,2026-09
2026-09-08 22:05:00,CME_MINI:NQ1!,29533.5,29535.75,29529.75,29532.75,80.0,2026-09
2026-09-08 22:06:00,CME_MINI:NQ1!,29532.0,29535.0,29525.0,29533.5,86.0,2026-09
2026-09-08 22:07:00,CME_MINI:NQ1!,29533.75,29534.0,29530.0,29531.5,61.0,2026-09
2026-09-08 22:08:00,CME_MINI:NQ1!,29532.0,29532.0,29526.5,29529.25,57.0,2026-09
2026-09-08 22:09:00,CME_MINI:NQ1!,29529.5,29531.0,29525.0,29527.0,105.0,2026-09
2026-09-08 22:10:00,CME_MINI:NQ1!,29526.5,29528.0,29522.0,29524.25,75.0,2026-09
2026-09-08 22:11:00,CME_MINI:NQ1!,29524.25,29526.0,29524.25,29526.0,14.0,2026-09
2026-09-08 22:12:00,CME_MINI:NQ1!,29526.0,29526.5,29523.25,29525.0,22.0,2026-09
2026-09-08 22:13:00,CME_MINI:NQ1!,29524.75,29527.0,29524.0,29525.25,29.0,2026-09
2026-09-08 22:14:00,CME_MINI:NQ1!,29524.0,29524.25,29521.75,29521.75,24.0,2026-09
2026-09-08 22:15:00,CME_MINI:NQ1!,29521.75,29524.25,29518.25,29521.25,122.0,2026-09
2026-09-08 22:16:00,CME_MINI:NQ1!,29521.75,29527.75,29521.75,29524.5,65.0,2026-09
2026-09-08 22:17:00,CME_MINI:NQ1!,29524.75,29526.25,29524.75,29525.0,12.0,2026-09
2026-09-08 22:18:00,CME_MINI:NQ1!,29524.25,29527.0,29524.0,29525.25,34.0,2026-09
2026-09-08 22:19:00,CME_MINI:NQ1!,29525.25,29526.75,29521.75,29523.75,31.0,2026-09
2026-09-08 22:20:00,CME_MINI:NQ1!,29523.75,29523.75,29521.0,29522.0,11.0,2026-09
2026-09-08 22:21:00,CME_MINI:NQ1!,29523.25,29526.25,29523.25,29525.25,37.0,2026-09
2026-09-08 22:22:00,CME_MINI:NQ1!,29524.25,29525.5,29508.0,29510.0,269.0,2026-09
2026-09-08 22:23:00,CME_MINI:NQ1!,29510.5,29519.75,29510.5,29515.25,204.0,2026-09
2026-09-08 22:24:00,CME_MINI:NQ1!,29515.5,29519.0,29514.75,29516.75,43.0,2026-09
2026-09-08 22:25:00,CME_MINI:NQ1!,29517.75,29522.25,29517.75,29519.25,65.0,2026-09
2026-09-08 22:26:00,CME_MINI:NQ1!,29521.25,29529.0,29519.75,29522.75,145.0,2026-09
2026-09-08 22:27:00,CME_MINI:NQ1!,29522.75,29524.25,29520.0,29522.0,37.0,2026-09
2026-09-08 22:28:00,CME_MINI:NQ1!,29523.25,29524.25,29523.25,29523.75,7.0,2026-09
2026-09-08 22:29:00,CME_MINI:NQ1!,29523.5,29524.5,29521.0,29521.5,20.0,2026-09
2026-09-08 22:30:00,CME_MINI:NQ1!,29522.25,29524.25,29521.0,29524.25,38.0,2026-09
2026-09-08 22:31:00,CME_MINI:NQ1!,29524.5,29524.5,29517.5,29520.25,55.0,2026-09
2026-09-08 22:32:00,CME_MINI:NQ1!,29520.25,29520.75,29516.0,29518.25,56.0,2026-09
2026-09-08 22:33:00,CME_MINI:NQ1!,29517.75,29521.25,29516.0,29521.25,57.0,2026-09
2026-09-08 22:34:00,CME_MINI:NQ1!,29521.25,29523.25,29519.25,29521.5,52.0,2026-09
2026-09-08 22:35:00,CME_MINI:NQ1!,29523.0,29523.0,29520.0,29520.0,16.0,2026-09
2026-09-08 22:36:00,CME_MINI:NQ1!,29521.75,29524.5,29521.75,29523.25,38.0,2026-09
2026-09-08 22:37:00,CME_MINI:NQ1!,29523.5,29525.75,29523.25,29523.75,48.0,2026-09
2026-09-08 22:38:00,CME_MINI:NQ1!,29524.25,29524.75,29522.5,29524.25,23.0,2026-09
2026-09-08 22:39:00,CME_MINI:NQ1!,29522.75,29524.5,29522.75,29524.5,3.0,2026-09
2026-09-08 22:40:00,CME_MINI:NQ1!,29525.0,29530.0,29524.75,29529.0,60.0,2026-09
2026-09-08 22:41:00,CME_MINI:NQ1!,29529.0,29529.75,29526.75,29527.75,30.0,2026-09
2026-09-08 22:42:00,CME_MINI:NQ1!,29528.5,29529.75,29527.5,29528.5,49.0,2026-09
2026-09-08 22:43:00,CME_MINI:NQ1!,29528.75,29529.75,29526.5,29527.5,48.0,2026-09
2026-09-08 22:44:00,CME_MINI:NQ1!,29527.25,29528.5,29526.75,29527.5,19.0,2026-09
2026-09-08 22:45:00,CME_MINI:NQ1!,29527.5,29528.25,29526.75,29528.25,8.0,2026-09
2026-09-08 22:46:00,CME_MINI:NQ1!,29527.75,29531.75,29527.5,29528.75,49.0,2026-09
2026-09-08 22:47:00,CME_MINI:NQ1!,29528.5,29530.5,29528.5,29529.25,23.0,2026-09
2026-09-08 22:48:00,CME_MINI:NQ1!,29530.0,29531.25,29530.0,29531.0,17.0,2026-09
2026-09-08 22:49:00,CME_MINI:NQ1!,29530.5,29535.0,29530.5,29534.0,54.0,2026-09
2026-09-08 22:50:00,CME_MINI:NQ1!,29533.5,29534.75,29529.75,29532.75,69.0,2026-09
2026-09-08 22:51:00,CME_MINI:NQ1!,29534.0,29537.25,29534.0,29535.75,71.0,2026-09
2026-09-08 22:52:00,CME_MINI:NQ1!,29535.25,29537.0,29534.5,29534.5,29.0,2026-09
2026-09-08 22:53:00,CME_MINI:NQ1!,29534.0,29534.0,29532.75,29534.0,21.0,2026-09
2026-09-08 22:54:00,CME_MINI:NQ1!,29533.0,29534.5,29531.75,29534.5,27.0,2026-09
2026-09-08 22:55:00,CME_MINI:NQ1!,29534.0,29535.25,29533.0,29534.75,47.0,2026-09
2026-09-08 22:56:00,CME_MINI:NQ1!,29534.5,29541.25,29533.5,29538.0,122.0,2026-09
2026-09-08 22:57:00,CME_MINI:NQ1!,29538.75,29545.75,29538.5,29544.25,142.0,2026-09
2026-09-08 22:58:00,CME_MINI:NQ1!,29545.0,29547.0,29542.75,29545.25,98.0,2026-09
2026-09-08 22:59:00,CME_MINI:NQ1!,29545.25,29546.0,29544.0,29544.75,31.0,2026-09
2026-09-08 23:00:00,CME_MINI:NQ1!,29544.5,29546.5,29542.5,29545.25,46.0,2026-09
2026-09-08 23:01:00,CME_MINI:NQ1!,29545.25,29545.25,29540.5,29540.5,26.0,2026-09
2026-09-08 23:02:00,CME_MINI:NQ1!,29541.0,29542.75,29540.25,29541.5,22.0,2026-09
2026-09-08 23:03:00,CME_MINI:NQ1!,29540.75,29540.75,29539.0,29539.75,29.0,2026-09
2026-09-08 23:04:00,CME_MINI:NQ1!,29538.75,29538.75,29532.25,29536.0,114.0,2026-09
2026-09-08 23:05:00,CME_MINI:NQ1!,29536.75,29538.5,29536.25,29536.25,18.0,2026-09
2026-09-08 23:06:00,CME_MINI:NQ1!,29535.75,29538.0,29535.75,29537.25,44.0,2026-09
2026-09-08 23:07:00,CME_MINI:NQ1!,29537.0,29537.0,29535.5,29536.5,15.0,2026-09
2026-09-08 23:08:00,CME_MINI:NQ1!,29536.25,29536.5,29534.5,29536.0,74.0,2026-09
2026-09-08 23:09:00,CME_MINI:NQ1!,29536.0,29537.0,29533.25,29533.5,74.0,2026-09
2026-09-08 23:10:00,CME_MINI:NQ1!,29534.25,29535.5,29533.25,29534.75,35.0,2026-09
2026-09-08 23:11:00,CME_MINI:NQ1!,29532.5,29533.5,29529.5,29531.0,72.0,2026-09
2026-09-08 23:12:00,CME_MINI:NQ1!,29531.25,29533.75,29530.75,29533.75,21.0,2026-09
2026-09-08 23:13:00,CME_MINI:NQ1!,29532.75,29533.75,29531.0,29531.0,40.0,2026-09
2026-09-08 23:14:00,CME_MINI:NQ1!,29531.0,29532.5,29530.25,29531.5,43.0,2026-09
2026-09-08 23:15:00,CME_MINI:NQ1!,29531.25,29531.25,29529.5,29529.75,32.0,2026-09
2026-09-08 23:16:00,CME_MINI:NQ1!,29529.25,29530.5,29526.75,29528.0,98.0,2026-09
2026-09-08 23:17:00,CME_MINI:NQ1!,29528.5,29529.25,29527.5,29528.0,27.0,2026-09
2026-09-08 23:18:00,CME_MINI:NQ1!,29527.0,29527.5,29517.0,29524.75,234.0,2026-09
2026-09-08 23:19:00,CME_MINI:NQ1!,29523.75,29526.5,29523.25,29524.5,41.0,2026-09
2026-09-08 23:20:00,CME_MINI:NQ1!,29524.25,29525.5,29523.5,29524.5,46.0,2026-09
2026-09-08 23:21:00,CME_MINI:NQ1!,29525.0,29525.0,29521.75,29521.75,38.0,2026-09
2026-09-08 23:22:00,CME_MINI:NQ1!,29521.75,29525.75,29521.25,29523.25,44.0,2026-09
2026-09-08 23:23:00,CME_MINI:NQ1!,29524.5,29524.75,29519.5,29524.0,46.0,2026-09
2026-09-08 23:24:00,CME_MINI:NQ1!,29523.5,29528.0,29523.5,29526.25,61.0,2026-09
2026-09-08 23:25:00,CME_MINI:NQ1!,29526.0,29526.75,29517.5,29518.0,145.0,2026-09
2026-09-08 23:26:00,CME_MINI:NQ1!,29517.25,29519.25,29513.0,29513.75,109.0,2026-09
2026-09-08 23:27:00,CME_MINI:NQ1!,29514.0,29516.0,29513.5,29515.0,61.0,2026-09
2026-09-08 23:28:00,CME_MINI:NQ1!,29514.0,29519.0,29514.0,29516.0,42.0,2026-09
2026-09-08 23:29:00,CME_MINI:NQ1!,29515.75,29516.75,29513.75,29516.75,27.0,2026-09
2026-09-08 23:30:00,CME_MINI:NQ1!,29515.75,29519.25,29514.0,29515.75,79.0,2026-09
2026-09-08 23:31:00,CME_MINI:NQ1!,29514.75,29518.5,29514.75,29517.0,35.0,2026-09
2026-09-08 23:32:00,CME_MINI:NQ1!,29516.5,29517.5,29516.0,29516.25,16.0,2026-09
2026-09-08 23:33:00,CME_MINI:NQ1!,29517.5,29517.75,29513.5,29514.25,54.0,2026-09
2026-09-08 23:34:00,CME_MINI:NQ1!,29513.75,29514.5,29513.75,29513.75,6.0,2026-09
2026-09-08 23:35:00,CME_MINI:NQ1!,29513.75,29513.75,29509.0,29510.5,109.0,2026-09
2026-09-08 23:36:00,CME_MINI:NQ1!,29509.75,29512.5,29509.0,29512.5,44.0,2026-09
2026-09-08 23:37:00,CME_MINI:NQ1!,29512.0,29512.5,29508.75,29509.0,22.0,2026-09
2026-09-08 23:38:00,CME_MINI:NQ1!,29508.5,29509.75,29501.5,29502.75,173.0,2026-09
2026-09-08 23:39:00,CME_MINI:NQ1!,29503.25,29510.5,29502.75,29507.5,121.0,2026-09
2026-09-08 23:40:00,CME_MINI:NQ1!,29507.0,29508.0,29503.75,29507.75,63.0,2026-09
2026-09-08 23:41:00,CME_MINI:NQ1!,29507.75,29511.0,29507.5,29509.75,64.0,2026-09
2026-09-08 23:42:00,CME_MINI:NQ1!,29509.75,29511.5,29508.0,29510.5,37.0,2026-09
2026-09-08 23:43:00,CME_MINI:NQ1!,29510.25,29512.0,29508.5,29508.5,46.0,2026-09
2026-09-08 23:44:00,CME_MINI:NQ1!,29508.5,29508.5,29505.75,29506.25,28.0,2026-09
2026-09-08 23:45:00,CME_MINI:NQ1!,29507.0,29512.0,29505.75,29507.5,86.0,2026-09
2026-09-08 23:46:00,CME_MINI:NQ1!,29507.75,29507.75,29501.5,29507.0,126.0,2026-09
2026-09-08 23:47:00,CME_MINI:NQ1!,29507.0,29508.5,29506.0,29507.25,44.0,2026-09
2026-09-08 23:48:00,CME_MINI:NQ1!,29506.75,29509.5,29496.0,29500.0,200.0,2026-09
2026-09-08 23:49:00,CME_MINI:NQ1!,29500.25,29502.5,29497.0,29502.0,107.0,2026-09
2026-09-08 23:50:00,CME_MINI:NQ1!,29503.5,29505.25,29500.0,29500.75,83.0,2026-09
2026-09-08 23:51:00,CME_MINI:NQ1!,29502.25,29502.5,29498.75,29499.5,46.0,2026-09
2026-09-08 23:52:00,CME_MINI:NQ1!,29499.0,29499.5,29493.5,29494.0,166.0,2026-09
2026-09-08 23:53:00,CME_MINI:NQ1!,29493.0,29498.0,29491.25,29496.5,139.0,2026-09
2026-09-08 23:54:00,CME_MINI:NQ1!,29496.0,29496.0,29489.75,29490.5,144.0,2026-09
2026-09-08 23:55:00,CME_MINI:NQ1!,29490.0,29504.0,29490.0,29498.25,282.0,2026-09
2026-09-08 23:56:00,CME_MINI:NQ1!,29499.25,29503.5,29496.5,29496.5,80.0,2026-09
2026-09-08 23:57:00,CME_MINI:NQ1!,29496.5,29497.75,29490.5,29492.25,142.0,2026-09
2026-09-08 23:58:00,CME_MINI:NQ1!,29492.25,29496.25,29489.75,29493.0,138.0,2026-09
2026-09-08 23:59:00,CME_MINI:NQ1!,29493.5,29500.75,29493.5,29498.5,76.0,2026-09
2026-09-09 00:00:00,CME_MINI:NQ1!,29500.75,29520.5,29499.5,29517.25,458.0,2026-09
2026-09-09 00:01:00,CME_MINI:NQ1!,29516.75,29525.75,29515.25,29520.0,244.0,2026-09
2026-09-09 00:02:00,CME_MINI:NQ1!,29520.25,29539.0,29520.0,29535.25,401.0,2026-09
2026-09-09 00:03:00,CME_MINI:NQ1!,29535.5,29548.25,29535.25,29546.0,304.0,2026-09
2026-09-09 00:04:00,CME_MINI:NQ1!,29546.25,29546.75,29537.75,29545.5,170.0,2026-09
2026-09-09 00:05:00,CME_MINI:NQ1!,29545.25,29558.25,29544.75,29555.5,352.0,2026-09
2026-09-09 00:06:00,CME_MINI:NQ1!,29555.0,29561.75,29553.5,29558.0,340.0,2026-09
2026-09-09 00:07:00,CME_MINI:NQ1!,29557.75,29561.75,29552.0,29553.25,158.0,2026-09
2026-09-09 00:08:00,CME_MINI:NQ1!,29554.25,29555.25,29545.75,29546.75,190.0,2026-09
2026-09-09 00:09:00,CME_MINI:NQ1!,29547.25,29549.25,29536.0,29537.5,329.0,2026-09
2026-09-09 00:10:00,CME_MINI:NQ1!,29536.5,29542.5,29533.0,29539.75,201.0,2026-09
2026-09-09 00:11:00,CME_MINI:NQ1!,29539.25,29547.5,29535.5,29547.5,149.0,2026-09
2026-09-09 00:12:00,CME_MINI:NQ1!,29545.25,29550.5,29541.25,29545.25,134.0,2026-09
2026-09-09 00:13:00,CME_MINI:NQ1!,29544.5,29547.5,29543.0,29546.0,64.0,2026-09
2026-09-09 00:14:00,CME_MINI:NQ1!,29546.5,29546.5,29537.75,29539.0,98.0,2026-09
2026-09-09 00:15:00,CME_MINI:NQ1!,29539.75,29539.75,29518.25,29522.0,572.0,2026-09
2026-09-09 00:16:00,CME_MINI:NQ1!,29522.75,29526.75,29518.25,29524.25,193.0,2026-09
2026-09-09 00:17:00,CME_MINI:NQ1!,29523.0,29525.75,29517.0,29524.5,169.0,2026-09
2026-09-09 00:18:00,CME_MINI:NQ1!,29524.75,29528.5,29522.5,29526.25,99.0,2026-09
2026-09-09 00:19:00,CME_MINI:NQ1!,29526.5,29533.5,29526.0,29532.0,129.0,2026-09
2026-09-09 00:20:00,CME_MINI:NQ1!,29531.75,29533.5,29529.25,29532.5,94.0,2026-09
2026-09-09 00:21:00,CME_MINI:NQ1!,29530.25,29537.5,29525.75,29536.75,119.0,2026-09
2026-09-09 00:22:00,CME_MINI:NQ1!,29537.0,29537.0,29527.25,29531.25,83.0,2026-09
2026-09-09 00:23:00,CME_MINI:NQ1!,29533.0,29537.25,29529.5,29532.5,125.0,2026-09
2026-09-09 00:24:00,CME_MINI:NQ1!,29529.5,29533.0,29527.5,29528.75,147.0,2026-09
2026-09-09 00:25:00,CME_MINI:NQ1!,29528.75,29529.25,29521.0,29524.75,139.0,2026-09
2026-09-09 00:26:00,CME_MINI:NQ1!,29526.0,29530.25,29516.0,29518.0,183.0,2026-09
2026-09-09 00:27:00,CME_MINI:NQ1!,29517.25,29523.25,29517.25,29521.5,91.0,2026-09
2026-09-09 00:28:00,CME_MINI:NQ1!,29523.5,29530.25,29523.0,29526.75,110.0,2026-09
2026-09-09 00:29:00,CME_MINI:NQ1!,29525.25,29527.5,29520.25,29525.25,66.0,2026-09
2026-09-09 00:30:00,CME_MINI:NQ1!,29523.75,29529.0,29523.5,29525.0,67.0,2026-09
2026-09-09 00:31:00,CME_MINI:NQ1!,29523.75,29523.75,29510.75,29511.25,189.0,2026-09
2026-09-09 00:32:00,CME_MINI:NQ1!,29511.5,29522.0,29509.0,29519.5,170.0,2026-09
2026-09-09 00:33:00,CME_MINI:NQ1!,29519.5,29526.0,29517.5,29525.25,121.0,2026-09
2026-09-09 00:34:00,CME_MINI:NQ1!,29525.5,29527.0,29517.75,29522.25,137.0,2026-09
2026-09-09 00:35:00,CME_MINI:NQ1!,29521.75,29522.25,29516.0,29516.5,64.0,2026-09
2026-09-09 00:36:00,CME_MINI:NQ1!,29517.5,29518.0,29511.5,29512.25,185.0,2026-09
2026-09-09 00:37:00,CME_MINI:NQ1!,29512.75,29520.5,29512.0,29513.5,59.0,2026-09
2026-09-09 00:38:00,CME_MINI:NQ1!,29513.75,29520.25,29513.75,29518.75,35.0,2026-09
2026-09-09 00:39:00,CME_MINI:NQ1!,29518.5,29532.0,29518.5,29528.0,204.0,2026-09
2026-09-09 00:40:00,CME_MINI:NQ1!,29528.75,29529.75,29519.75,29520.0,112.0,2026-09
2026-09-09 00:41:00,CME_MINI:NQ1!,29519.5,29524.75,29515.5,29524.0,95.0,2026-09
2026-09-09 00:42:00,CME_MINI:NQ1!,29524.5,29531.0,29519.75,29524.5,180.0,2026-09
2026-09-09 00:43:00,CME_MINI:NQ1!,29525.25,29533.5,29525.25,29532.75,67.0,2026-09
2026-09-09 00:44:00,CME_MINI:NQ1!,29532.0,29540.0,29532.0,29537.75,183.0,2026-09
2026-09-09 00:45:00,CME_MINI:NQ1!,29538.25,29543.5,29537.25,29541.0,143.0,2026-09
2026-09-09 00:46:00,CME_MINI:NQ1!,29540.0,29540.0,29533.0,29536.0,95.0,2026-09
2026-09-09 00:47:00,CME_MINI:NQ1!,29535.25,29538.75,29533.5,29536.5,68.0,2026-09
2026-09-09 00:48:00,CME_MINI:NQ1!,29536.75,29537.5,29532.25,29534.5,63.0,2026-09
2026-09-09 00:49:00,CME_MINI:NQ1!,29535.75,29540.0,29533.5,29539.0,70.0,2026-09
2026-09-09 00:50:00,CME_MINI:NQ1!,29539.25,29554.5,29539.25,29550.75,391.0,2026-09
2026-09-09 00:51:00,CME_MINI:NQ1!,29550.25,29550.75,29547.5,29549.0,149.0,2026-09
2026-09-09 00:52:00,CME_MINI:NQ1!,29549.0,29556.5,29547.75,29555.75,146.0,2026-09
2026-09-09 00:53:00,CME_MINI:NQ1!,29555.75,29560.0,29554.0,29558.25,141.0,2026-09
2026-09-09 00:54:00,CME_MINI:NQ1!,29558.25,29562.25,29557.25,29559.25,111.0,2026-09
2026-09-09 00:55:00,CME_MINI:NQ1!,29559.0,29564.0,29556.5,29559.0,234.0,2026-09
2026-09-09 00:56:00,CME_MINI:NQ1!,29560.0,29560.25,29553.75,29554.75,121.0,2026-09
2026-09-09 00:57:00,CME_MINI:NQ1!,29554.75,29558.25,29552.0,29552.0,99.0,2026-09
2026-09-09 00:58:00,CME_MINI:NQ1!,29552.75,29557.0,29551.75,29556.25,59.0,2026-09
2026-09-09 00:59:00,CME_MINI:NQ1!,29555.25,29560.75,29553.75,29559.75,77.0,2026-09
2026-09-09 01:00:00,CME_MINI:NQ1!,29559.75,29573.25,29555.75,29573.25,336.0,2026-09
2026-09-09 01:01:00,CME_MINI:NQ1!,29572.5,29573.5,29561.25,29563.5,278.0,2026-09
2026-09-09 01:02:00,CME_MINI:NQ1!,29563.0,29570.0,29562.0,29566.0,148.0,2026-09
2026-09-09 01:03:00,CME_MINI:NQ1!,29565.75,29572.25,29560.5,29563.0,236.0,2026-09
2026-09-09 01:04:00,CME_MINI:NQ1!,29564.75,29565.75,29558.25,29563.25,95.0,2026-09
2026-09-09 01:05:00,CME_MINI:NQ1!,29563.75,29568.0,29558.5,29559.0,237.0,2026-09
2026-09-09 01:06:00,CME_MINI:NQ1!,29560.75,29577.25,29560.25,29574.5,262.0,2026-09
2026-09-09 01:07:00,CME_MINI:NQ1!,29575.0,29575.5,29568.25,29574.25,245.0,2026-09
2026-09-09 01:08:00,CME_MINI:NQ1!,29574.0,29576.5,29571.75,29575.75,104.0,2026-09
2026-09-09 01:09:00,CME_MINI:NQ1!,29576.0,29578.75,29573.75,29577.25,108.0,2026-09
2026-09-09 01:10:00,CME_MINI:NQ1!,29578.5,29581.0,29577.75,29580.75,78.0,2026-09
2026-09-09 01:11:00,CME_MINI:NQ1!,29579.75,29580.0,29575.0,29578.25,100.0,2026-09
2026-09-09 01:12:00,CME_MINI:NQ1!,29576.5,29577.5,29575.25,29577.5,71.0,2026-09
2026-09-09 01:13:00,CME_MINI:NQ1!,29578.0,29578.25,29574.75,29577.25,54.0,2026-09
2026-09-09 01:14:00,CME_MINI:NQ1!,29577.75,29578.0,29573.0,29574.5,72.0,2026-09
2026-09-09 01:15:00,CME_MINI:NQ1!,29575.25,29577.75,29573.0,29575.0,75.0,2026-09
2026-09-09 01:16:00,CME_MINI:NQ1!,29573.0,29578.5,29570.5,29573.5,158.0,2026-09
2026-09-09 01:17:00,CME_MINI:NQ1!,29574.25,29574.75,29569.5,29573.0,62.0,2026-09
2026-09-09 01:18:00,CME_MINI:NQ1!,29573.0,29577.25,29572.25,29576.0,67.0,2026-09
2026-09-09 01:19:00,CME_MINI:NQ1!,29575.75,29581.25,29570.25,29578.25,412.0,2026-09
2026-09-09 01:20:00,CME_MINI:NQ1!,29578.0,29583.0,29577.0,29580.75,129.0,2026-09
2026-09-09 01:21:00,CME_MINI:NQ1!,29581.0,29582.25,29578.5,29580.0,121.0,2026-09
2026-09-09 01:22:00,CME_MINI:NQ1!,29580.75,29581.25,29575.0,29578.75,170.0,2026-09
2026-09-09 01:23:00,CME_MINI:NQ1!,29579.5,29585.0,29579.5,29583.5,133.0,2026-09
2026-09-09 01:24:00,CME_MINI:NQ1!,29583.25,29596.75,29581.5,29594.0,650.0,2026-09
2026-09-09 01:25:00,CME_MINI:NQ1!,29594.0,29594.75,29589.0,29592.75,142.0,2026-09
2026-09-09 01:26:00,CME_MINI:NQ1!,29592.75,29595.5,29590.25,29593.75,275.0,2026-09
2026-09-09 01:27:00,CME_MINI:NQ1!,29594.25,29599.5,29593.5,29597.5,253.0,2026-09
2026-09-09 01:28:00,CME_MINI:NQ1!,29594.0,29595.0,29590.75,29591.25,67.0,2026-09
2026-09-09 01:29:00,CME_MINI:NQ1!,29591.25,29591.75,29588.25,29590.0,88.0,2026-09
2026-09-09 01:30:00,CME_MINI:NQ1!,29589.75,29592.0,29581.25,29586.25,150.0,2026-09
2026-09-09 01:31:00,CME_MINI:NQ1!,29585.75,29587.25,29580.75,29581.25,153.0,2026-09
2026-09-09 01:32:00,CME_MINI:NQ1!,29581.75,29585.0,29577.5,29585.0,135.0,2026-09
2026-09-09 01:33:00,CME_MINI:NQ1!,29585.0,29596.0,29583.75,29594.5,176.0,2026-09
2026-09-09 01:34:00,CME_MINI:NQ1!,29594.25,29596.25,29592.5,29594.75,103.0,2026-09
2026-09-09 01:35:00,CME_MINI:NQ1!,29596.0,29604.25,29594.5,29603.5,314.0,2026-09
2026-09-09 01:36:00,CME_MINI:NQ1!,29602.5,29607.5,29602.25,29604.0,237.0,2026-09
2026-09-09 01:37:00,CME_MINI:NQ1!,29604.0,29606.5,29598.0,29606.5,219.0,2026-09
2026-09-09 01:38:00,CME_MINI:NQ1!,29605.25,29606.0,29595.75,29595.75,190.0,2026-09
2026-09-09 01:39:00,CME_MINI:NQ1!,29596.75,29605.25,29596.25,29603.25,79.0,2026-09
2026-09-09 01:40:00,CME_MINI:NQ1!,29603.0,29603.75,29596.25,29597.5,69.0,2026-09
2026-09-09 01:41:00,CME_MINI:NQ1!,29598.5,29598.75,29590.75,29591.5,89.0,2026-09
2026-09-09 01:42:00,CME_MINI:NQ1!,29591.25,29594.0,29589.5,29591.5,94.0,2026-09
2026-09-09 01:43:00,CME_MINI:NQ1!,29593.25,29595.5,29591.5,29594.5,64.0,2026-09
2026-09-09 01:44:00,CME_MINI:NQ1!,29594.0,29595.75,29591.25,29593.25,82.0,2026-09
2026-09-09 01:45:00,CME_MINI:NQ1!,29593.25,29606.0,29593.25,29603.0,177.0,2026-09
2026-09-09 01:46:00,CME_MINI:NQ1!,29603.75,29608.5,29603.25,29604.75,105.0,2026-09
2026-09-09 01:47:00,CME_MINI:NQ1!,29604.25,29605.5,29599.0,29604.5,133.0,2026-09
2026-09-09 01:48:00,CME_MINI:NQ1!,29604.5,29604.5,29595.75,29597.0,97.0,2026-09
2026-09-09 01:49:00,CME_MINI:NQ1!,29598.0,29602.5,29597.25,29601.25,58.0,2026-09
2026-09-09 01:50:00,CME_MINI:NQ1!,29599.75,29601.0,29593.5,29594.25,102.0,2026-09
2026-09-09 01:51:00,CME_MINI:NQ1!,29594.5,29594.75,29586.0,29586.75,178.0,2026-09
2026-09-09 01:52:00,CME_MINI:NQ1!,29587.0,29588.25,29581.5,29583.75,174.0,2026-09
2026-09-09 01:53:00,CME_MINI:NQ1!,29584.0,29592.5,29584.0,29592.25,143.0,2026-09
2026-09-09 01:54:00,CME_MINI:NQ1!,29593.5,29593.5,29589.25,29590.75,59.0,2026-09
2026-09-09 01:55:00,CME_MINI:NQ1!,29591.75,29593.0,29590.5,29591.5,25.0,2026-09
2026-09-09 01:56:00,CME_MINI:NQ1!,29591.75,29597.25,29591.25,29596.5,83.0,2026-09
2026-09-09 01:57:00,CME_MINI:NQ1!,29596.0,29596.75,29587.25,29587.5,91.0,2026-09
2026-09-09 01:58:00,CME_MINI:NQ1!,29587.75,29590.0,29585.5,29585.75,31.0,2026-09
2026-09-09 01:59:00,CME_MINI:NQ1!,29587.0,29594.25,29586.25,29593.25,62.0,2026-09
2026-09-09 02:00:00,CME_MINI:NQ1!,29593.5,29600.75,29591.0,29598.25,106.0,2026-09
2026-09-09 02:01:00,CME_MINI:NQ1!,29599.0,29607.25,29597.5,29606.25,182.0,2026-09
2026-09-09 02:02:00,CME_MINI:NQ1!,29606.0,29606.75,29602.5,29602.75,89.0,2026-09
2026-09-09 02:03:00,CME_MINI:NQ1!,29602.0,29607.5,29601.5,29605.5,56.0,2026-09
2026-09-09 02:04:00,CME_MINI:NQ1!,29605.25,29612.5,29605.25,29608.75,188.0,2026-09
2026-09-09 02:05:00,CME_MINI:NQ1!,29609.0,29609.0,29598.5,29599.75,152.0,2026-09
2026-09-09 02:06:00,CME_MINI:NQ1!,29598.75,29607.75,29597.0,29607.0,145.0,2026-09
2026-09-09 02:07:00,CME_MINI:NQ1!,29607.5,29607.75,29603.5,29605.5,45.0,2026-09
2026-09-09 02:08:00,CME_MINI:NQ1!,29606.25,29608.25,29602.75,29607.25,52.0,2026-09
2026-09-09 02:09:00,CME_MINI:NQ1!,29608.75,29610.0,29606.25,29607.25,68.0,2026-09
2026-09-09 02:10:00,CME_MINI:NQ1!,29606.5,29610.25,29606.5,29609.0,63.0,2026-09
2026-09-09 02:11:00,CME_MINI:NQ1!,29607.75,29610.5,29606.25,29607.75,85.0,2026-09
2026-09-09 02:12:00,CME_MINI:NQ1!,29607.0,29612.25,29604.5,29605.5,101.0,2026-09
2026-09-09 02:13:00,CME_MINI:NQ1!,29605.5,29605.5,29593.0,29594.0,160.0,2026-09
2026-09-09 02:14:00,CME_MINI:NQ1!,29594.75,29596.0,29589.0,29594.25,120.0,2026-09
2026-09-09 02:15:00,CME_MINI:NQ1!,29594.5,29595.5,29587.5,29591.25,147.0,2026-09
2026-09-09 02:16:00,CME_MINI:NQ1!,29591.25,29591.5,29584.0,29586.5,190.0,2026-09
2026-09-09 02:17:00,CME_MINI:NQ1!,29586.5,29588.75,29583.25,29587.25,102.0,2026-09
2026-09-09 02:18:00,CME_MINI:NQ1!,29586.5,29594.0,29586.0,29594.0,74.0,2026-09
2026-09-09 02:19:00,CME_MINI:NQ1!,29593.0,29594.0,29588.75,29590.25,57.0,2026-09
2026-09-09 02:20:00,CME_MINI:NQ1!,29591.0,29592.25,29587.0,29591.0,58.0,2026-09
2026-09-09 02:21:00,CME_MINI:NQ1!,29591.75,29593.5,29590.0,29592.25,43.0,2026-09
2026-09-09 02:22:00,CME_MINI:NQ1!,29593.5,29594.25,29590.0,29593.75,64.0,2026-09
2026-09-09 02:23:00,CME_MINI:NQ1!,29593.75,29602.0,29591.5,29600.0,122.0,2026-09
2026-09-09 02:24:00,CME_MINI:NQ1!,29599.75,29603.75,29599.25,29601.5,115.0,2026-09
2026-09-09 02:25:00,CME_MINI:NQ1!,29601.5,29604.25,29598.5,29600.75,91.0,2026-09
2026-09-09 02:26:00,CME_MINI:NQ1!,29602.0,29603.5,29597.5,29600.75,109.0,2026-09
2026-09-09 02:27:00,CME_MINI:NQ1!,29602.0,29604.0,29598.0,29599.5,70.0,2026-09
2026-09-09 02:28:00,CME_MINI:NQ1!,29598.75,29601.0,29598.75,29601.0,18.0,2026-09
2026-09-09 02:29:00,CME_MINI:NQ1!,29603.5,29604.0,29598.75,29601.0,57.0,2026-09
2026-09-09 02:30:00,CME_MINI:NQ1!,29601.5,29602.5,29596.75,29598.0,92.0,2026-09
2026-09-09 02:31:00,CME_MINI:NQ1!,29599.25,29605.5,29599.25,29600.75,115.0,2026-09
2026-09-09 02:32:00,CME_MINI:NQ1!,29600.5,29604.5,29600.5,29603.25,144.0,2026-09
2026-09-09 02:33:00,CME_MINI:NQ1!,29601.0,29606.0,29598.75,29605.75,109.0,2026-09
2026-09-09 02:34:00,CME_MINI:NQ1!,29604.5,29606.0,29601.75,29602.75,56.0,2026-09
2026-09-09 02:35:00,CME_MINI:NQ1!,29602.25,29604.25,29598.0,29603.5,74.0,2026-09
2026-09-09 02:36:00,CME_MINI:NQ1!,29602.25,29602.25,29599.25,29601.0,29.0,2026-09
2026-09-09 02:37:00,CME_MINI:NQ1!,29600.75,29603.25,29600.5,29602.5,30.0,2026-09
2026-09-09 02:38:00,CME_MINI:NQ1!,29603.5,29603.5,29597.25,29602.5,60.0,2026-09
2026-09-09 02:39:00,CME_MINI:NQ1!,29603.75,29606.75,29603.75,29605.5,58.0,2026-09
2026-09-09 02:40:00,CME_MINI:NQ1!,29605.25,29615.5,29604.75,29610.5,261.0,2026-09
2026-09-09 02:41:00,CME_MINI:NQ1!,29610.75,29613.5,29608.5,29611.5,142.0,2026-09
2026-09-09 02:42:00,CME_MINI:NQ1!,29610.5,29624.0,29610.5,29617.75,478.0,2026-09
2026-09-09 02:43:00,CME_MINI:NQ1!,29617.5,29622.75,29614.25,29622.0,109.0,2026-09
2026-09-09 02:44:00,CME_MINI:NQ1!,29621.5,29624.75,29619.25,29620.75,123.0,2026-09
2026-09-09 02:45:00,CME_MINI:NQ1!,29620.25,29621.0,29614.5,29617.5,109.0,2026-09
2026-09-09 02:46:00,CME_MINI:NQ1!,29617.0,29620.75,29616.25,29618.0,74.0,2026-09
2026-09-09 02:47:00,CME_MINI:NQ1!,29617.0,29623.0,29615.0,29622.5,116.0,2026-09
2026-09-09 02:48:00,CME_MINI:NQ1!,29621.75,29624.25,29621.25,29623.75,45.0,2026-09
2026-09-09 02:49:00,CME_MINI:NQ1!,29624.25,29625.5,29619.0,29619.25,91.0,2026-09
2026-09-09 02:50:00,CME_MINI:NQ1!,29619.75,29621.75,29619.0,29621.75,33.0,2026-09
2026-09-09 02:51:00,CME_MINI:NQ1!,29620.75,29621.5,29615.0,29617.75,99.0,2026-09
2026-09-09 02:52:00,CME_MINI:NQ1!,29617.25,29619.5,29616.5,29618.75,41.0,2026-09
2026-09-09 02:53:00,CME_MINI:NQ1!,29618.75,29621.0,29613.0,29613.75,62.0,2026-09
2026-09-09 02:54:00,CME_MINI:NQ1!,29614.0,29616.75,29614.0,29616.0,38.0,2026-09
2026-09-09 02:55:00,CME_MINI:NQ1!,29615.0,29615.0,29610.0,29612.75,72.0,2026-09
2026-09-09 02:56:00,CME_MINI:NQ1!,29612.75,29613.5,29608.0,29610.5,59.0,2026-09
2026-09-09 02:57:00,CME_MINI:NQ1!,29610.25,29612.0,29607.25,29608.75,81.0,2026-09
2026-09-09 02:58:00,CME_MINI:NQ1!,29608.5,29611.25,29606.25,29610.0,76.0,2026-09
2026-09-09 02:59:00,CME_MINI:NQ1!,29610.75,29613.25,29610.25,29611.0,36.0,2026-09
2026-09-09 03:00:00,CME_MINI:NQ1!,29611.5,29613.75,29609.5,29612.5,105.0,2026-09
2026-09-09 03:01:00,CME_MINI:NQ1!,29612.5,29613.25,29606.75,29607.5,58.0,2026-09
2026-09-09 03:02:00,CME_MINI:NQ1!,29605.25,29606.25,29598.5,29601.5,222.0,2026-09
2026-09-09 03:03:00,CME_MINI:NQ1!,29601.0,29602.25,29598.25,29600.25,101.0,2026-09
2026-09-09 03:04:00,CME_MINI:NQ1!,29599.75,29599.75,29591.5,29591.5,155.0,2026-09
2026-09-09 03:05:00,CME_MINI:NQ1!,29592.0,29594.5,29591.25,29592.0,81.0,2026-09
2026-09-09 03:06:00,CME_MINI:NQ1!,29593.75,29594.0,29590.0,29594.0,60.0,2026-09
2026-09-09 03:07:00,CME_MINI:NQ1!,29594.5,29594.5,29588.25,29590.0,89.0,2026-09
2026-09-09 03:08:00,CME_MINI:NQ1!,29589.5,29590.5,29583.75,29587.25,117.0,2026-09
2026-09-09 03:09:00,CME_MINI:NQ1!,29587.75,29589.0,29585.0,29589.0,80.0,2026-09
2026-09-09 03:10:00,CME_MINI:NQ1!,29589.25,29593.75,29585.25,29586.5,133.0,2026-09
2026-09-09 03:11:00,CME_MINI:NQ1!,29586.5,29600.5,29586.5,29598.25,184.0,2026-09
2026-09-09 03:12:00,CME_MINI:NQ1!,29598.5,29599.75,29586.0,29586.25,138.0,2026-09
2026-09-09 03:13:00,CME_MINI:NQ1!,29586.5,29591.0,29585.0,29590.5,96.0,2026-09
2026-09-09 03:14:00,CME_MINI:NQ1!,29587.25,29592.0,29584.75,29591.0,159.0,2026-09
2026-09-09 03:15:00,CME_MINI:NQ1!,29590.5,29598.0,29590.5,29594.25,114.0,2026-09
2026-09-09 03:16:00,CME_MINI:NQ1!,29593.5,29602.5,29593.5,29596.0,156.0,2026-09
2026-09-09 03:17:00,CME_MINI:NQ1!,29596.75,29603.5,29595.25,29599.75,90.0,2026-09
2026-09-09 03:18:00,CME_MINI:NQ1!,29600.75,29601.5,29598.0,29598.0,24.0,2026-09
2026-09-09 03:19:00,CME_MINI:NQ1!,29597.75,29599.0,29593.5,29594.0,69.0,2026-09
2026-09-09 03:20:00,CME_MINI:NQ1!,29596.0,29598.0,29594.0,29597.75,35.0,2026-09
2026-09-09 03:21:00,CME_MINI:NQ1!,29598.75,29598.75,29590.0,29593.75,136.0,2026-09
2026-09-09 03:22:00,CME_MINI:NQ1!,29593.5,29597.0,29592.0,29592.75,85.0,2026-09
2026-09-09 03:23:00,CME_MINI:NQ1!,29590.0,29593.5,29589.0,29593.25,75.0,2026-09
2026-09-09 03:24:00,CME_MINI:NQ1!,29592.25,29595.0,29591.75,29594.5,35.0,2026-09
2026-09-09 03:25:00,CME_MINI:NQ1!,29594.25,29594.25,29590.0,29590.25,37.0,2026-09
2026-09-09 03:26:00,CME_MINI:NQ1!,29590.25,29594.75,29590.25,29594.5,30.0,2026-09
2026-09-09 03:27:00,CME_MINI:NQ1!,29593.25,29599.25,29591.0,29596.25,85.0,2026-09
2026-09-09 03:28:00,CME_MINI:NQ1!,29596.0,29602.25,29596.0,29601.0,64.0,2026-09
2026-09-09 03:29:00,CME_MINI:NQ1!,29601.75,29602.75,29596.5,29596.5,94.0,2026-09
2026-09-09 03:30:00,CME_MINI:NQ1!,29597.75,29604.25,29592.0,29596.75,129.0,2026-09
2026-09-09 03:31:00,CME_MINI:NQ1!,29597.0,29600.25,29595.25,29596.75,24.0,2026-09
2026-09-09 03:32:00,CME_MINI:NQ1!,29597.0,29597.0,29591.5,29592.5,108.0,2026-09
2026-09-09 03:33:00,CME_MINI:NQ1!,29593.0,29593.0,29588.25,29591.25,71.0,2026-09
2026-09-09 03:34:00,CME_MINI:NQ1!,29592.5,29595.0,29589.75,29591.25,48.0,2026-09
2026-09-09 03:35:00,CME_MINI:NQ1!,29591.0,29597.0,29591.0,29596.5,105.0,2026-09
2026-09-09 03:36:00,CME_MINI:NQ1!,29597.0,29598.0,29590.25,29595.75,96.0,2026-09
2026-09-09 03:37:00,CME_MINI:NQ1!,29595.5,29598.75,29595.25,29597.0,19.0,2026-09
2026-09-09 03:38:00,CME_MINI:NQ1!,29598.5,29598.5,29589.75,29591.25,62.0,2026-09
2026-09-09 03:39:00,CME_MINI:NQ1!,29591.5,29596.0,29591.5,29595.5,51.0,2026-09
2026-09-09 03:40:00,CME_MINI:NQ1!,29594.25,29596.25,29594.25,29595.75,12.0,2026-09
2026-09-09 03:41:00,CME_MINI:NQ1!,29596.0,29596.25,29591.0,29594.0,37.0,2026-09
2026-09-09 03:42:00,CME_MINI:NQ1!,29594.25,29595.25,29590.0,29591.5,28.0,2026-09
2026-09-09 03:43:00,CME_MINI:NQ1!,29594.0,29595.5,29587.0,29587.75,101.0,2026-09
2026-09-09 03:44:00,CME_MINI:NQ1!,29589.25,29592.25,29589.0,29591.0,39.0,2026-09
2026-09-09 03:45:00,CME_MINI:NQ1!,29589.25,29591.25,29584.5,29586.0,119.0,2026-09
2026-09-09 03:46:00,CME_MINI:NQ1!,29585.5,29586.75,29579.0,29579.0,132.0,2026-09
2026-09-09 03:47:00,CME_MINI:NQ1!,29579.75,29591.5,29579.5,29589.75,136.0,2026-09
2026-09-09 03:48:00,CME_MINI:NQ1!,29589.75,29590.0,29579.75,29585.0,84.0,2026-09
2026-09-09 03:49:00,CME_MINI:NQ1!,29584.75,29586.25,29575.0,29575.75,199.0,2026-09
2026-09-09 03:50:00,CME_MINI:NQ1!,29576.75,29581.5,29574.25,29575.25,110.0,2026-09
2026-09-09 03:51:00,CME_MINI:NQ1!,29575.0,29575.25,29570.5,29572.5,180.0,2026-09
2026-09-09 03:52:00,CME_MINI:NQ1!,29573.0,29575.0,29568.75,29568.75,113.0,2026-09
2026-09-09 03:53:00,CME_MINI:NQ1!,29570.75,29570.75,29567.0,29568.25,67.0,2026-09
2026-09-09 03:54:00,CME_MINI:NQ1!,29568.0,29569.25,29560.5,29565.5,306.0,2026-09
2026-09-09 03:55:00,CME_MINI:NQ1!,29564.25,29572.0,29564.25,29571.25,130.0,2026-09
2026-09-09 03:56:00,CME_MINI:NQ1!,29571.75,29571.75,29565.75,29568.75,62.0,2026-09
2026-09-09 03:57:00,CME_MINI:NQ1!,29569.75,29569.75,29568.25,29568.75,11.0,2026-09
2026-09-09 18:35:00,CME_MINI:NQ1!,29454.25,29463.5,29453.0,29460.25,308.0,2026-09
2026-09-09 18:36:00,CME_MINI:NQ1!,29460.0,29461.5,29455.0,29458.25,210.0,2026-09
2026-09-09 18:37:00,CME_MINI:NQ1!,29457.75,29458.0,29453.5,29454.0,221.0,2026-09
2026-09-09 18:38:00,CME_MINI:NQ1!,29454.0,29460.0,29453.25,29460.0,247.0,2026-09
2026-09-09 18:39:00,CME_MINI:NQ1!,29459.5,29462.75,29458.0,29460.75,364.0,2026-09
2026-09-09 18:40:00,CME_MINI:NQ1!,29460.0,29467.5,29460.0,29465.5,452.0,2026-09
2026-09-09 18:41:00,CME_MINI:NQ1!,29465.75,29468.5,29463.5,29466.5,356.0,2026-09
2026-09-09 18:42:00,CME_MINI:NQ1!,29466.5,29469.0,29463.75,29464.75,452.0,2026-09
2026-09-09 18:43:00,CME_MINI:NQ1!,29464.5,29469.5,29464.0,29467.25,282.0,2026-09
2026-09-09 18:44:00,CME_MINI:NQ1!,29467.5,29469.0,29465.0,29466.75,229.0,2026-09
2026-09-09 18:45:00,CME_MINI:NQ1!,29466.25,29468.75,29463.0,29467.25,239.0,2026-09
2026-09-09 18:46:00,CME_MINI:NQ1!,29467.0,29469.5,29463.5,29465.75,383.0,2026-09
2026-09-09 18:47:00,CME_MINI:NQ1!,29465.25,29466.5,29462.5,29463.75,170.0,2026-09
2026-09-09 18:48:00,CME_MINI:NQ1!,29464.25,29466.5,29462.0,29463.75,169.0,2026-09
2026-09-09 18:49:00,CME_MINI:NQ1!,29464.0,29464.0,29457.0,29459.5,305.0,2026-09
2026-09-09 18:50:00,CME_MINI:NQ1!,29460.0,29464.25,29458.25,29463.25,278.0,2026-09
2026-09-09 18:51:00,CME_MINI:NQ1!,29464.0,29467.75,29461.75,29463.0,445.0,2026-09
2026-09-09 18:52:00,CME_MINI:NQ1!,29463.0,29468.0,29462.0,29464.5,390.0,2026-09
2026-09-09 18:53:00,CME_MINI:NQ1!,29464.0,29473.75,29463.5,29471.5,508.0,2026-09
2026-09-09 18:54:00,CME_MINI:NQ1!,29472.0,29472.25,29469.25,29470.0,224.0,2026-09
2026-09-09 18:55:00,CME_MINI:NQ1!,29470.5,29474.0,29468.0,29468.75,427.0,2026-09
2026-09-09 18:56:00,CME_MINI:NQ1!,29469.25,29472.25,29463.75,29466.0,455.0,2026-09
2026-09-09 18:57:00,CME_MINI:NQ1!,29466.75,29467.25,29455.75,29456.25,571.0,2026-09
2026-09-09 18:58:00,CME_MINI:NQ1!,29456.25,29457.75,29448.25,29450.0,813.0,2026-09
2026-09-09 18:59:00,CME_MINI:NQ1!,29450.25,29454.5,29446.25,29447.5,465.0,2026-09
2026-09-09 19:00:00,CME_MINI:NQ1!,29448.0,29451.75,29440.25,29450.25,860.0,2026-09
2026-09-09 19:01:00,CME_MINI:NQ1!,29450.5,29450.5,29439.25,29441.5,513.0,2026-09
2026-09-09 19:02:00,CME_MINI:NQ1!,29441.75,29442.75,29432.0,29433.0,576.0,2026-09
2026-09-09 19:03:00,CME_MINI:NQ1!,29432.75,29437.75,29432.25,29435.25,437.0,2026-09
2026-09-09 19:04:00,CME_MINI:NQ1!,29436.0,29437.5,29430.5,29435.75,380.0,2026-09
2026-09-09 19:05:00,CME_MINI:NQ1!,29435.0,29439.25,29433.75,29436.25,345.0,2026-09
2026-09-09 19:06:00,CME_MINI:NQ1!,29436.0,29441.0,29433.5,29438.5,320.0,2026-09
2026-09-09 19:07:00,CME_MINI:NQ1!,29438.5,29454.0,29437.25,29452.5,661.0,2026-09
2026-09-09 19:08:00,CME_MINI:NQ1!,29451.75,29454.75,29447.0,29448.75,503.0,2026-09
2026-09-09 19:09:00,CME_MINI:NQ1!,29448.75,29453.75,29446.0,29451.75,244.0,2026-09
2026-09-09 19:10:00,CME_MINI:NQ1!,29452.25,29453.75,29447.5,29449.0,238.0,2026-09
2026-09-09 19:11:00,CME_MINI:NQ1!,29449.0,29455.0,29448.0,29453.25,278.0,2026-09
2026-09-09 19:12:00,CME_MINI:NQ1!,29453.75,29454.25,29447.5,29451.0,311.0,2026-09
2026-09-09 19:13:00,CME_MINI:NQ1!,29450.75,29455.0,29450.5,29454.0,200.0,2026-09
2026-09-09 19:14:00,CME_MINI:NQ1!,29453.75,29455.25,29449.0,29449.0,240.0,2026-09
2026-09-09 19:15:00,CME_MINI:NQ1!,29449.5,29465.0,29449.5,29463.25,517.0,2026-09
2026-09-09 19:16:00,CME_MINI:NQ1!,29463.25,29463.25,29457.25,29460.25,275.0,2026-09
2026-09-09 19:17:00,CME_MINI:NQ1!,29460.0,29461.75,29458.25,29458.75,194.0,2026-09
2026-09-09 19:18:00,CME_MINI:NQ1!,29458.25,29470.0,29458.25,29469.25,399.0,2026-09
2026-09-09 19:19:00,CME_MINI:NQ1!,29469.5,29470.5,29467.0,29467.75,270.0,2026-09
2026-09-09 19:20:00,CME_MINI:NQ1!,29467.5,29471.25,29464.0,29464.75,423.0,2026-09
2026-09-09 19:21:00,CME_MINI:NQ1!,29464.0,29470.0,29462.75,29468.5,206.0,2026-09
2026-09-09 19:22:00,CME_MINI:NQ1!,29468.5,29468.5,29458.5,29461.5,364.0,2026-09
2026-09-09 19:23:00,CME_MINI:NQ1!,29460.75,29468.0,29460.25,29468.0,201.0,2026-09
2026-09-09 19:24:00,CME_MINI:NQ1!,29468.0,29469.0,29464.0,29465.5,180.0,2026-09
2026-09-09 19:25:00,CME_MINI:NQ1!,29465.0,29469.5,29462.0,29468.0,253.0,2026-09
2026-09-09 19:26:00,CME_MINI:NQ1!,29467.25,29467.5,29463.25,29463.25,173.0,2026-09
2026-09-09 19:27:00,CME_MINI:NQ1!,29463.25,29464.5,29457.5,29459.0,281.0,2026-09
2026-09-09 19:28:00,CME_MINI:NQ1!,29458.75,29460.5,29452.25,29455.25,433.0,2026-09
2026-09-09 19:29:00,CME_MINI:NQ1!,29454.75,29458.0,29451.5,29451.5,286.0,2026-09
2026-09-09 19:30:00,CME_MINI:NQ1!,29452.25,29457.5,29450.75,29453.5,405.0,2026-09
2026-09-09 19:31:00,CME_MINI:NQ1!,29453.75,29455.0,29449.0,29450.25,249.0,2026-09
2026-09-09 19:32:00,CME_MINI:NQ1!,29450.5,29452.25,29445.5,29449.0,392.0,2026-09
2026-09-09 19:33:00,CME_MINI:NQ1!,29449.25,29452.5,29446.5,29449.5,244.0,2026-09
2026-09-09 19:34:00,CME_MINI:NQ1!,29449.5,29454.0,29449.25,29450.25,258.0,2026-09
2026-09-09 19:35:00,CME_MINI:NQ1!,29450.25,29450.5,29447.0,29448.5,246.0,2026-09
2026-09-09 19:36:00,CME_MINI:NQ1!,29448.75,29451.75,29442.5,29443.0,361.0,2026-09
2026-09-09 19:37:00,CME_MINI:NQ1!,29442.25,29444.5,29440.75,29441.0,424.0,2026-09
2026-09-09 19:38:00,CME_MINI:NQ1!,29440.5,29444.0,29439.75,29443.0,319.0,2026-09
2026-09-09 19:39:00,CME_MINI:NQ1!,29442.75,29445.75,29440.5,29442.5,499.0,2026-09
2026-09-09 19:40:00,CME_MINI:NQ1!,29442.25,29445.0,29438.75,29444.25,423.0,2026-09
2026-09-09 19:41:00,CME_MINI:NQ1!,29443.75,29444.75,29438.75,29438.75,329.0,2026-09
2026-09-09 19:42:00,CME_MINI:NQ1!,29438.75,29443.75,29437.0,29437.75,517.0,2026-09
2026-09-09 19:43:00,CME_MINI:NQ1!,29438.5,29444.75,29436.75,29444.75,472.0,2026-09
2026-09-09 19:44:00,CME_MINI:NQ1!,29444.25,29448.0,29443.5,29447.0,509.0,2026-09
2026-09-09 19:45:00,CME_MINI:NQ1!,29447.25,29450.75,29443.75,29444.25,619.0,2026-09
2026-09-09 19:46:00,CME_MINI:NQ1!,29444.0,29448.25,29441.25,29443.0,403.0,2026-09
2026-09-09 19:47:00,CME_MINI:NQ1!,29443.5,29446.5,29439.0,29440.5,485.0,2026-09
2026-09-09 19:48:00,CME_MINI:NQ1!,29440.0,29449.0,29440.0,29447.75,451.0,2026-09
2026-09-09 19:49:00,CME_MINI:NQ1!,29448.0,29451.75,29446.5,29449.75,691.0,2026-09
2026-09-09 19:50:00,CME_MINI:NQ1!,29450.0,29452.25,29437.0,29437.75,1219.0,2026-09
2026-09-09 19:51:00,CME_MINI:NQ1!,29437.75,29438.25,29432.75,29437.75,862.0,2026-09
2026-09-09 19:52:00,CME_MINI:NQ1!,29437.75,29444.0,29436.0,29437.75,816.0,2026-09
2026-09-09 19:53:00,CME_MINI:NQ1!,29437.5,29442.25,29436.25,29439.25,738.0,2026-09
2026-09-09 19:54:00,CME_MINI:NQ1!,29439.0,29448.75,29438.0,29441.5,1634.0,2026-09
2026-09-09 19:55:00,CME_MINI:NQ1!,29442.0,29443.75,29423.25,29433.0,2152.0,2026-09
2026-09-09 19:56:00,CME_MINI:NQ1!,29433.75,29439.25,29431.25,29433.75,928.0,2026-09
2026-09-09 19:57:00,CME_MINI:NQ1!,29433.75,29435.0,29431.25,29434.5,601.0,2026-09
2026-09-09 19:58:00,CME_MINI:NQ1!,29434.25,29444.5,29432.25,29443.0,1674.0,2026-09
2026-09-09 19:59:00,CME_MINI:NQ1!,29443.0,29458.5,29435.5,29454.5,7359.0,2026-09
2026-09-09 20:00:00,CME_MINI:NQ1!,29455.0,29459.25,29449.75,29455.0,2368.0,2026-09
2026-09-09 20:01:00,CME_MINI:NQ1!,29454.75,29456.5,29447.75,29451.25,885.0,2026-09
2026-09-09 20:02:00,CME_MINI:NQ1!,29451.25,29451.25,29443.0,29443.0,589.0,2026-09
2026-09-09 20:03:00,CME_MINI:NQ1!,29443.5,29445.5,29428.75,29440.75,988.0,2026-09
2026-09-09 20:04:00,CME_MINI:NQ1!,29440.0,29440.75,29436.25,29440.75,346.0,2026-09
2026-09-09 20:05:00,CME_MINI:NQ1!,29440.75,29443.75,29438.75,29443.75,269.0,2026-09
2026-09-09 20:06:00,CME_MINI:NQ1!,29443.75,29446.5,29440.25,29442.0,309.0,2026-09
2026-09-09 20:07:00,CME_MINI:NQ1!,29442.25,29449.5,29441.5,29448.5,292.0,2026-09
2026-09-09 20:08:00,CME_MINI:NQ1!,29448.5,29450.0,29446.25,29449.25,225.0,2026-09
2026-09-09 20:09:00,CME_MINI:NQ1!,29449.75,29451.0,29447.5,29449.75,164.0,2026-09
2026-09-09 20:10:00,CME_MINI:NQ1!,29450.0,29450.75,29446.0,29446.75,183.0,2026-09
2026-09-09 20:11:00,CME_MINI:NQ1!,29446.75,29452.25,29446.75,29451.75,190.0,2026-09
2026-09-09 20:12:00,CME_MINI:NQ1!,29451.5,29453.0,29449.5,29452.0,135.0,2026-09
2026-09-09 20:13:00,CME_MINI:NQ1!,29452.25,29456.5,29451.25,29452.5,863.0,2026-09
2026-09-09 20:14:00,CME_MINI:NQ1!,29452.5,29455.75,29450.0,29451.25,235.0,2026-09
2026-09-09 20:15:00,CME_MINI:NQ1!,29451.5,29452.0,29448.75,29449.5,202.0,2026-09
2026-09-09 20:16:00,CME_MINI:NQ1!,29449.5,29450.5,29448.25,29449.5,69.0,2026-09
2026-09-09 20:17:00,CME_MINI:NQ1!,29448.75,29451.0,29448.75,29450.5,58.0,2026-09
2026-09-09 20:18:00,CME_MINI:NQ1!,29450.5,29453.25,29448.5,29449.75,151.0,2026-09
2026-09-09 20:19:00,CME_MINI:NQ1!,29450.0,29452.25,29449.5,29451.5,133.0,2026-09
2026-09-09 20:20:00,CME_MINI:NQ1!,29452.0,29452.25,29450.0,29450.5,56.0,2026-09
2026-09-09 20:21:00,CME_MINI:NQ1!,29450.75,29453.25,29450.0,29451.0,94.0,2026-09
2026-09-09 20:22:00,CME_MINI:NQ1!,29451.25,29454.5,29451.0,29453.75,87.0,2026-09
2026-09-09 20:23:00,CME_MINI:NQ1!,29453.0,29454.0,29452.5,29453.25,51.0,2026-09
2026-09-09 20:24:00,CME_MINI:NQ1!,29453.25,29454.25,29452.25,29454.25,69.0,2026-09
2026-09-09 20:25:00,CME_MINI:NQ1!,29454.5,29454.5,29452.25,29452.75,62.0,2026-09
2026-09-09 20:26:00,CME_MINI:NQ1!,29453.5,29454.75,29452.0,29453.25,105.0,2026-09
2026-09-09 20:27:00,CME_MINI:NQ1!,29453.5,29454.0,29452.5,29452.75,38.0,2026-09
2026-09-09 20:28:00,CME_MINI:NQ1!,29453.0,29453.0,29449.25,29449.5,92.0,2026-09
2026-09-09 20:29:00,CME_MINI:NQ1!,29450.75,29451.25,29449.5,29450.0,31.0,2026-09
2026-09-09 20:30:00,CME_MINI:NQ1!,29449.75,29450.25,29447.25,29448.0,80.0,2026-09
2026-09-09 20:31:00,CME_MINI:NQ1!,29448.25,29452.25,29448.25,29451.5,47.0,2026-09
2026-09-09 20:32:00,CME_MINI:NQ1!,29451.5,29452.0,29449.0,29449.0,60.0,2026-09
2026-09-09 20:33:00,CME_MINI:NQ1!,29449.25,29451.5,29449.25,29451.5,96.0,2026-09
2026-09-09 20:34:00,CME_MINI:NQ1!,29451.75,29453.5,29450.0,29453.5,81.0,2026-09
2026-09-09 20:35:00,CME_MINI:NQ1!,29453.5,29456.25,29453.25,29455.0,85.0,2026-09
2026-09-09 20:36:00,CME_MINI:NQ1!,29454.5,29458.75,29454.25,29457.75,114.0,2026-09
2026-09-09 20:37:00,CME_MINI:NQ1!,29458.25,29458.25,29454.5,29457.0,55.0,2026-09
2026-09-09 20:38:00,CME_MINI:NQ1!,29456.0,29458.25,29455.5,29456.25,71.0,2026-09
2026-09-09 20:39:00,CME_MINI:NQ1!,29456.0,29457.25,29456.0,29456.25,36.0,2026-09
2026-09-09 20:40:00,CME_MINI:NQ1!,29457.0,29457.25,29455.75,29456.5,40.0,2026-09
2026-09-09 20:41:00,CME_MINI:NQ1!,29456.0,29457.5,29454.75,29457.25,61.0,2026-09
2026-09-09 20:42:00,CME_MINI:NQ1!,29457.5,29459.0,29456.75,29457.25,41.0,2026-09
2026-09-09 20:43:00,CME_MINI:NQ1!,29457.75,29459.0,29457.25,29457.25,61.0,2026-09
2026-09-09 20:44:00,CME_MINI:NQ1!,29457.0,29457.0,29451.75,29454.5,190.0,2026-09
2026-09-09 20:45:00,CME_MINI:NQ1!,29455.0,29456.25,29454.0,29454.0,110.0,2026-09
2026-09-09 20:46:00,CME_MINI:NQ1!,29454.5,29456.0,29454.25,29455.0,32.0,2026-09
2026-09-09 20:47:00,CME_MINI:NQ1!,29455.0,29456.0,29454.0,29456.0,47.0,2026-09
2026-09-09 20:48:00,CME_MINI:NQ1!,29455.25,29455.25,29453.75,29454.75,46.0,2026-09
2026-09-09 20:49:00,CME_MINI:NQ1!,29454.5,29455.25,29453.5,29454.25,72.0,2026-09
2026-09-09 20:50:00,CME_MINI:NQ1!,29454.5,29454.5,29450.0,29450.75,90.0,2026-09
2026-09-09 20:51:00,CME_MINI:NQ1!,29451.0,29453.0,29449.0,29453.0,92.0,2026-09
2026-09-09 20:52:00,CME_MINI:NQ1!,29453.5,29453.75,29450.75,29452.0,40.0,2026-09
2026-09-09 20:53:00,CME_MINI:NQ1!,29452.25,29454.5,29451.75,29452.25,116.0,2026-09
2026-09-09 20:54:00,CME_MINI:NQ1!,29452.75,29453.75,29451.5,29452.25,114.0,2026-09
2026-09-09 20:55:00,CME_MINI:NQ1!,29452.75,29454.5,29451.75,29453.5,109.0,2026-09
2026-09-09 20:56:00,CME_MINI:NQ1!,29453.75,29455.0,29452.0,29452.0,69.0,2026-09
2026-09-09 20:57:00,CME_MINI:NQ1!,29452.0,29454.5,29450.25,29454.25,54.0,2026-09
2026-09-09 20:58:00,CME_MINI:NQ1!,29454.5,29456.75,29453.5,29455.75,68.0,2026-09
2026-09-09 20:59:00,CME_MINI:NQ1!,29455.25,29460.0,29454.0,29460.0,97.0,2026-09
2026-09-09 22:00:00,CME_MINI:NQ1!,29458.5,29458.75,29449.75,29453.75,341.0,2026-09
2026-09-09 22:01:00,CME_MINI:NQ1!,29455.0,29472.75,29453.25,29461.25,391.0,2026-09
2026-09-09 22:02:00,CME_MINI:NQ1!,29460.5,29462.0,29431.75,29439.0,321.0,2026-09
2026-09-09 22:03:00,CME_MINI:NQ1!,29439.25,29448.25,29436.75,29448.25,169.0,2026-09
2026-09-09 22:04:00,CME_MINI:NQ1!,29447.25,29449.25,29435.0,29436.0,139.0,2026-09
2026-09-09 22:05:00,CME_MINI:NQ1!,29434.75,29438.25,29429.0,29432.5,103.0,2026-09
2026-09-09 22:06:00,CME_MINI:NQ1!,29433.25,29441.5,29432.75,29433.25,84.0,2026-09
2026-09-09 22:07:00,CME_MINI:NQ1!,29433.75,29434.25,29427.5,29427.75,61.0,2026-09
2026-09-09 22:08:00,CME_MINI:NQ1!,29428.75,29430.0,29426.5,29426.5,34.0,2026-09
2026-09-09 22:09:00,CME_MINI:NQ1!,29426.25,29437.25,29426.0,29435.25,100.0,2026-09
2026-09-09 22:10:00,CME_MINI:NQ1!,29435.5,29441.0,29435.5,29439.0,79.0,2026-09
2026-09-09 22:11:00,CME_MINI:NQ1!,29438.0,29438.0,29430.0,29431.5,109.0,2026-09
2026-09-09 22:12:00,CME_MINI:NQ1!,29432.5,29436.5,29432.5,29433.75,72.0,2026-09
2026-09-09 22:13:00,CME_MINI:NQ1!,29432.75,29432.75,29425.5,29431.75,109.0,2026-09
2026-09-09 22:14:00,CME_MINI:NQ1!,29431.75,29432.0,29427.5,29428.75,43.0,2026-09
2026-09-09 22:15:00,CME_MINI:NQ1!,29428.75,29430.0,29426.75,29430.0,31.0,2026-09
2026-09-09 22:16:00,CME_MINI:NQ1!,29428.75,29429.5,29423.75,29426.25,106.0,2026-09
2026-09-09 22:17:00,CME_MINI:NQ1!,29426.25,29428.5,29424.75,29425.75,71.0,2026-09
2026-09-09 22:18:00,CME_MINI:NQ1!,29425.25,29426.75,29425.25,29426.25,22.0,2026-09
2026-09-09 22:19:00,CME_MINI:NQ1!,29426.25,29427.0,29425.75,29425.75,20.0,2026-09
2026-09-09 22:20:00,CME_MINI:NQ1!,29427.0,29430.0,29424.5,29429.0,66.0,2026-09
2026-09-09 22:21:00,CME_MINI:NQ1!,29428.75,29430.25,29427.0,29428.75,33.0,2026-09
2026-09-09 22:22:00,CME_MINI:NQ1!,29429.5,29431.75,29427.75,29431.75,50.0,2026-09
2026-09-09 22:23:00,CME_MINI:NQ1!,29430.75,29433.0,29426.5,29429.5,53.0,2026-09
2026-09-09 22:24:00,CME_MINI:NQ1!,29429.25,29430.0,29427.25,29429.0,19.0,2026-09
2026-09-09 22:25:00,CME_MINI:NQ1!,29430.5,29431.75,29428.5,29430.75,22.0,2026-09
2026-09-09 22:26:00,CME_MINI:NQ1!,29431.25,29433.0,29430.5,29432.75,21.0,2026-09
2026-09-09 22:27:00,CME_MINI:NQ1!,29432.5,29434.0,29429.25,29433.0,51.0,2026-09
2026-09-09 22:28:00,CME_MINI:NQ1!,29433.75,29434.0,29428.5,29430.5,32.0,2026-09
2026-09-09 22:29:00,CME_MINI:NQ1!,29430.0,29430.5,29426.5,29429.0,48.0,2026-09
2026-09-09 22:30:00,CME_MINI:NQ1!,29429.5,29436.75,29429.0,29436.0,53.0,2026-09
2026-09-09 22:31:00,CME_MINI:NQ1!,29435.25,29437.0,29429.25,29429.25,27.0,2026-09
2026-09-09 22:32:00,CME_MINI:NQ1!,29429.0,29431.5,29428.75,29430.75,6.0,2026-09
2026-09-09 22:33:00,CME_MINI:NQ1!,29431.0,29432.0,29430.0,29432.0,8.0,2026-09
2026-09-09 22:34:00,CME_MINI:NQ1!,29432.5,29433.5,29430.5,29432.0,49.0,2026-09
2026-09-09 22:35:00,CME_MINI:NQ1!,29434.25,29435.0,29432.0,29432.0,15.0,2026-09
2026-09-09 22:36:00,CME_MINI:NQ1!,29433.0,29437.5,29433.0,29436.75,21.0,2026-09
2026-09-09 22:37:00,CME_MINI:NQ1!,29436.25,29436.25,29433.0,29434.75,18.0,2026-09
2026-09-09 22:38:00,CME_MINI:NQ1!,29434.75,29434.75,29433.5,29433.5,6.0,2026-09
2026-09-09 22:39:00,CME_MINI:NQ1!,29433.75,29434.0,29432.0,29433.75,13.0,2026-09
2026-09-09 22:40:00,CME_MINI:NQ1!,29434.75,29435.25,29434.0,29434.75,13.0,2026-09
2026-09-09 22:41:00,CME_MINI:NQ1!,29434.25,29434.25,29432.5,29434.0,38.0,2026-09
2026-09-09 22:42:00,CME_MINI:NQ1!,29434.0,29435.5,29434.0,29434.25,8.0,2026-09
2026-09-09 22:43:00,CME_MINI:NQ1!,29434.75,29435.5,29434.75,29435.5,4.0,2026-09
2026-09-09 22:44:00,CME_MINI:NQ1!,29434.25,29435.5,29432.75,29433.75,24.0,2026-09
2026-09-09 22:45:00,CME_MINI:NQ1!,29434.0,29436.25,29433.5,29433.5,19.0,2026-09
2026-09-09 22:46:00,CME_MINI:NQ1!,29433.75,29438.0,29433.75,29435.75,32.0,2026-09
2026-09-09 22:47:00,CME_MINI:NQ1!,29435.25,29435.25,29433.25,29434.25,24.0,2026-09
2026-09-09 22:48:00,CME_MINI:NQ1!,29434.75,29434.75,29432.25,29432.5,38.0,2026-09
2026-09-09 22:49:00,CME_MINI:NQ1!,29432.5,29434.0,29432.5,29434.0,14.0,2026-09
2026-09-09 22:50:00,CME_MINI:NQ1!,29433.75,29433.75,29431.75,29431.75,14.0,2026-09
2026-09-09 22:51:00,CME_MINI:NQ1!,29433.0,29433.5,29428.0,29431.25,78.0,2026-09
2026-09-09 22:52:00,CME_MINI:NQ1!,29431.0,29431.5,29428.25,29428.25,22.0,2026-09
2026-09-09 22:53:00,CME_MINI:NQ1!,29429.0,29429.75,29428.25,29429.75,15.0,2026-09
2026-09-09 22:54:00,CME_MINI:NQ1!,29427.5,29428.75,29427.5,29428.25,19.0,2026-09
2026-09-09 22:55:00,CME_MINI:NQ1!,29428.75,29428.75,29427.25,29427.25,3.0,2026-09
2026-09-09 22:56:00,CME_MINI:NQ1!,29426.75,29427.75,29425.75,29427.75,13.0,2026-09
2026-09-09 22:57:00,CME_MINI:NQ1!,29427.25,29429.0,29425.75,29426.5,25.0,2026-09
2026-09-09 22:58:00,CME_MINI:NQ1!,29428.0,29429.75,29427.5,29429.25,19.0,2026-09
2026-09-09 22:59:00,CME_MINI:NQ1!,29430.0,29432.0,29429.75,29431.5,19.0,2026-09
2026-09-09 23:00:00,CME_MINI:NQ1!,29430.5,29430.5,29429.25,29430.5,12.0,2026-09
2026-09-09 23:01:00,CME_MINI:NQ1!,29431.25,29432.5,29427.5,29428.75,34.0,2026-09
2026-09-09 23:02:00,CME_MINI:NQ1!,29428.25,29429.5,29425.25,29429.0,29.0,2026-09
2026-09-09 23:03:00,CME_MINI:NQ1!,29429.0,29432.75,29429.0,29431.25,51.0,2026-09
2026-09-09 23:04:00,CME_MINI:NQ1!,29432.0,29432.0,29429.25,29429.25,7.0,2026-09
2026-09-09 23:05:00,CME_MINI:NQ1!,29430.25,29430.5,29427.75,29427.75,35.0,2026-09
2026-09-09 23:06:00,CME_MINI:NQ1!,29428.25,29428.5,29427.75,29428.5,12.0,2026-09
2026-09-09 23:07:00,CME_MINI:NQ1!,29428.0,29428.5,29425.5,29425.75,15.0,2026-09
2026-09-09 23:08:00,CME_MINI:NQ1!,29426.0,29428.25,29426.0,29427.25,8.0,2026-09
2026-09-09 23:09:00,CME_MINI:NQ1!,29427.25,29427.25,29420.0,29423.5,122.0,2026-09
2026-09-09 23:10:00,CME_MINI:NQ1!,29424.25,29425.0,29421.0,29423.5,69.0,2026-09
2026-09-09 23:11:00,CME_MINI:NQ1!,29422.5,29424.5,29422.5,29422.75,18.0,2026-09
2026-09-09 23:12:00,CME_MINI:NQ1!,29421.75,29422.75,29419.5,29420.75,55.0,2026-09
2026-09-09 23:13:00,CME_MINI:NQ1!,29421.0,29421.0,29419.25,29420.0,44.0,2026-09
2026-09-09 23:14:00,CME_MINI:NQ1!,29420.75,29422.5,29420.75,29422.0,46.0,2026-09
2026-09-09 23:15:00,CME_MINI:NQ1!,29421.25,29421.25,29416.25,29419.0,52.0,2026-09
2026-09-09 23:16:00,CME_MINI:NQ1!,29419.25,29432.5,29416.25,29426.0,190.0,2026-09
2026-09-09 23:17:00,CME_MINI:NQ1!,29426.25,29429.5,29425.5,29427.25,52.0,2026-09
2026-09-09 23:18:00,CME_MINI:NQ1!,29426.75,29435.0,29426.75,29429.0,85.0,2026-09
2026-09-09 23:19:00,CME_MINI:NQ1!,29428.75,29430.0,29428.0,29429.5,23.0,2026-09
2026-09-09 23:20:00,CME_MINI:NQ1!,29427.75,29428.0,29423.75,29424.75,45.0,2026-09
2026-09-09 23:21:00,CME_MINI:NQ1!,29425.25,29430.25,29425.25,29428.0,46.0,2026-09
2026-09-09 23:22:00,CME_MINI:NQ1!,29429.25,29429.25,29428.0,29428.0,6.0,2026-09
2026-09-09 23:23:00,CME_MINI:NQ1!,29428.0,29428.25,29424.5,29425.25,49.0,2026-09
2026-09-09 23:24:00,CME_MINI:NQ1!,29425.5,29427.5,29424.5,29427.5,22.0,2026-09
2026-09-09 23:25:00,CME_MINI:NQ1!,29426.0,29427.5,29425.0,29427.5,43.0,2026-09
2026-09-09 23:26:00,CME_MINI:NQ1!,29426.75,29427.75,29426.5,29427.75,12.0,2026-09
2026-09-09 23:27:00,CME_MINI:NQ1!,29426.25,29426.25,29422.5,29425.25,46.0,2026-09
2026-09-09 23:28:00,CME_MINI:NQ1!,29425.0,29425.0,29420.5,29423.0,65.0,2026-09
2026-09-09 23:29:00,CME_MINI:NQ1!,29425.25,29428.0,29424.25,29427.5,23.0,2026-09
2026-09-09 23:30:00,CME_MINI:NQ1!,29428.75,29431.0,29427.0,29427.75,50.0,2026-09
2026-09-09 23:31:00,CME_MINI:NQ1!,29427.75,29428.5,29426.5,29428.5,26.0,2026-09
2026-09-09 23:32:00,CME_MINI:NQ1!,29428.75,29430.0,29426.25,29427.25,25.0,2026-09
2026-09-09 23:33:00,CME_MINI:NQ1!,29427.0,29428.0,29426.25,29426.75,14.0,2026-09
2026-09-09 23:34:00,CME_MINI:NQ1!,29426.75,29427.5,29426.25,29426.75,5.0,2026-09
2026-09-09 23:35:00,CME_MINI:NQ1!,29426.25,29428.5,29426.0,29426.25,22.0,2026-09
2026-09-09 23:36:00,CME_MINI:NQ1!,29428.0,29429.0,29427.0,29429.0,5.0,2026-09
2026-09-09 23:37:00,CME_MINI:NQ1!,29428.5,29428.5,29425.0,29425.5,12.0,2026-09
2026-09-09 23:38:00,CME_MINI:NQ1!,29425.75,29427.0,29425.75,29425.75,18.0,2026-09
2026-09-09 23:39:00,CME_MINI:NQ1!,29426.5,29428.25,29426.5,29428.0,9.0,2026-09
2026-09-09 23:40:00,CME_MINI:NQ1!,29427.75,29427.75,29426.25,29427.25,14.0,2026-09
2026-09-09 23:41:00,CME_MINI:NQ1!,29428.25,29428.25,29426.25,29426.25,8.0,2026-09
2026-09-09 23:42:00,CME_MINI:NQ1!,29425.5,29426.75,29425.0,29426.0,9.0,2026-09
2026-09-09 23:43:00,CME_MINI:NQ1!,29427.5,29429.75,29427.25,29428.75,24.0,2026-09
2026-09-09 23:44:00,CME_MINI:NQ1!,29428.0,29431.5,29427.5,29429.75,48.0,2026-09
2026-09-09 23:45:00,CME_MINI:NQ1!,29432.0,29435.5,29431.0,29433.5,107.0,2026-09
2026-09-09 23:46:00,CME_MINI:NQ1!,29433.75,29433.75,29428.25,29429.0,42.0,2026-09
2026-09-09 23:47:00,CME_MINI:NQ1!,29430.75,29435.5,29428.75,29433.5,58.0,2026-09
2026-09-09 23:48:00,CME_MINI:NQ1!,29433.5,29435.25,29430.75,29433.0,62.0,2026-09
2026-09-09 23:49:00,CME_MINI:NQ1!,29432.75,29435.25,29432.75,29435.25,46.0,2026-09
2026-09-09 23:50:00,CME_MINI:NQ1!,29433.5,29436.5,29432.5,29436.0,50.0,2026-09
2026-09-09 23:51:00,CME_MINI:NQ1!,29436.0,29442.25,29435.0,29440.25,134.0,2026-09
2026-09-09 23:52:00,CME_MINI:NQ1!,29441.25,29453.0,29441.25,29450.25,221.0,2026-09
2026-09-09 23:53:00,CME_MINI:NQ1!,29450.5,29453.25,29446.75,29453.25,112.0,2026-09
2026-09-09 23:54:00,CME_MINI:NQ1!,29453.0,29470.75,29451.75,29468.25,481.0,2026-09
2026-09-09 23:55:00,CME_MINI:NQ1!,29467.25,29467.5,29456.75,29459.0,199.0,2026-09
2026-09-09 23:56:00,CME_MINI:NQ1!,29459.25,29460.5,29457.75,29459.0,48.0,2026-09
2026-09-09 23:57:00,CME_MINI:NQ1!,29459.5,29459.5,29453.25,29455.75,79.0,2026-09
2026-09-09 23:58:00,CME_MINI:NQ1!,29455.25,29459.75,29454.0,29458.75,51.0,2026-09
2026-09-09 23:59:00,CME_MINI:NQ1!,29459.5,29463.5,29458.75,29463.5,71.0,2026-09
2026-09-10 00:00:00,CME_MINI:NQ1!,29464.5,29467.25,29453.25,29462.25,243.0,2026-09
2026-09-10 00:01:00,CME_MINI:NQ1!,29463.25,29469.25,29462.5,29464.25,159.0,2026-09
2026-09-10 00:02:00,CME_MINI:NQ1!,29464.0,29467.25,29460.25,29460.75,94.0,2026-09
2026-09-10 00:03:00,CME_MINI:NQ1!,29460.75,29464.25,29456.75,29460.75,95.0,2026-09
2026-09-10 00:04:00,CME_MINI:NQ1!,29462.5,29472.25,29462.5,29471.75,144.0,2026-09
2026-09-10 00:05:00,CME_MINI:NQ1!,29470.25,29476.5,29469.25,29472.75,198.0,2026-09
2026-09-10 00:06:00,CME_MINI:NQ1!,29473.25,29480.0,29470.25,29479.25,155.0,2026-09
2026-09-10 00:07:00,CME_MINI:NQ1!,29479.0,29480.25,29475.75,29480.0,103.0,2026-09
2026-09-10 00:08:00,CME_MINI:NQ1!,29479.5,29479.5,29470.75,29474.5,91.0,2026-09
2026-09-10 00:09:00,CME_MINI:NQ1!,29474.25,29477.0,29471.5,29473.0,76.0,2026-09
2026-09-10 00:10:00,CME_MINI:NQ1!,29472.25,29474.0,29470.0,29471.75,126.0,2026-09
2026-09-10 00:11:00,CME_MINI:NQ1!,29472.5,29478.75,29463.0,29469.0,205.0,2026-09
2026-09-10 00:12:00,CME_MINI:NQ1!,29469.25,29469.25,29459.0,29459.5,148.0,2026-09
2026-09-10 00:13:00,CME_MINI:NQ1!,29460.5,29462.25,29450.25,29453.75,272.0,2026-09
2026-09-10 00:14:00,CME_MINI:NQ1!,29453.5,29454.5,29440.75,29449.5,267.0,2026-09
2026-09-10 00:15:00,CME_MINI:NQ1!,29449.75,29470.0,29448.5,29468.5,339.0,2026-09
2026-09-10 00:16:00,CME_MINI:NQ1!,29468.0,29469.75,29459.5,29465.75,208.0,2026-09
2026-09-10 00:17:00,CME_MINI:NQ1!,29466.75,29469.0,29462.0,29468.25,123.0,2026-09
2026-09-10 00:18:00,CME_MINI:NQ1!,29469.0,29475.0,29468.75,29474.25,150.0,2026-09
2026-09-10 00:19:00,CME_MINI:NQ1!,29472.5,29474.5,29461.75,29464.5,128.0,2026-09
2026-09-10 00:20:00,CME_MINI:NQ1!,29466.75,29466.75,29459.25,29463.0,63.0,2026-09
2026-09-10 00:21:00,CME_MINI:NQ1!,29464.0,29471.0,29460.75,29469.75,119.0,2026-09
2026-09-10 00:22:00,CME_MINI:NQ1!,29469.5,29472.5,29467.75,29470.75,59.0,2026-09
2026-09-10 00:23:00,CME_MINI:NQ1!,29469.5,29473.75,29465.75,29466.25,112.0,2026-09
2026-09-10 00:24:00,CME_MINI:NQ1!,29468.25,29470.5,29463.75,29463.75,95.0,2026-09
2026-09-10 00:25:00,CME_MINI:NQ1!,29464.5,29467.5,29455.0,29458.25,132.0,2026-09
2026-09-10 00:26:00,CME_MINI:NQ1!,29457.0,29466.75,29454.5,29462.75,134.0,2026-09
2026-09-10 00:27:00,CME_MINI:NQ1!,29463.0,29472.0,29463.0,29470.75,91.0,2026-09
2026-09-10 00:28:00,CME_MINI:NQ1!,29470.75,29477.75,29470.25,29477.0,155.0,2026-09
2026-09-10 00:29:00,CME_MINI:NQ1!,29475.25,29477.0,29470.75,29473.75,73.0,2026-09
2026-09-10 00:30:00,CME_MINI:NQ1!,29474.0,29475.75,29469.25,29473.0,90.0,2026-09
2026-09-10 00:31:00,CME_MINI:NQ1!,29472.25,29472.25,29467.0,29467.5,69.0,2026-09
2026-09-10 00:32:00,CME_MINI:NQ1!,29468.25,29468.5,29463.5,29463.5,36.0,2026-09
2026-09-10 00:33:00,CME_MINI:NQ1!,29464.0,29464.75,29455.5,29456.5,132.0,2026-09
2026-09-10 00:34:00,CME_MINI:NQ1!,29457.0,29461.75,29455.0,29460.25,128.0,2026-09
2026-09-10 00:35:00,CME_MINI:NQ1!,29459.0,29459.5,29453.75,29456.25,119.0,2026-09
2026-09-10 00:36:00,CME_MINI:NQ1!,29455.5,29464.0,29455.5,29461.75,64.0,2026-09
2026-09-10 00:37:00,CME_MINI:NQ1!,29462.75,29463.5,29455.0,29455.0,89.0,2026-09
2026-09-10 00:38:00,CME_MINI:NQ1!,29454.0,29459.0,29453.5,29457.0,50.0,2026-09
2026-09-10 00:39:00,CME_MINI:NQ1!,29457.0,29458.0,29453.75,29456.5,54.0,2026-09
2026-09-10 00:40:00,CME_MINI:NQ1!,29456.0,29456.0,29446.75,29448.25,210.0,2026-09
2026-09-10 00:41:00,CME_MINI:NQ1!,29448.0,29450.5,29444.25,29446.0,107.0,2026-09
2026-09-10 00:42:00,CME_MINI:NQ1!,29445.5,29448.0,29441.75,29445.0,161.0,2026-09
2026-09-10 00:43:00,CME_MINI:NQ1!,29443.75,29452.0,29443.25,29451.0,134.0,2026-09
2026-09-10 00:44:00,CME_MINI:NQ1!,29451.25,29458.75,29450.0,29456.5,137.0,2026-09
2026-09-10 00:45:00,CME_MINI:NQ1!,29456.25,29456.25,29444.0,29444.0,165.0,2026-09
2026-09-10 00:46:00,CME_MINI:NQ1!,29445.25,29445.75,29435.0,29441.5,377.0,2026-09
2026-09-10 00:47:00,CME_MINI:NQ1!,29441.25,29448.75,29439.25,29444.0,144.0,2026-09
2026-09-10 00:48:00,CME_MINI:NQ1!,29443.75,29447.75,29437.0,29440.75,123.0,2026-09
2026-09-10 00:49:00,CME_MINI:NQ1!,29440.0,29442.0,29438.25,29438.5,49.0,2026-09
2026-09-10 00:50:00,CME_MINI:NQ1!,29438.0,29438.75,29422.75,29424.25,320.0,2026-09
2026-09-10 00:51:00,CME_MINI:NQ1!,29423.5,29430.5,29422.5,29427.75,170.0,2026-09
2026-09-10 00:52:00,CME_MINI:NQ1!,29427.25,29436.0,29426.5,29435.25,160.0,2026-09
2026-09-10 00:53:00,CME_MINI:NQ1!,29434.25,29435.0,29430.0,29430.5,84.0,2026-09
2026-09-10 00:54:00,CME_MINI:NQ1!,29431.25,29433.0,29425.75,29428.75,96.0,2026-09
2026-09-10 00:55:00,CME_MINI:NQ1!,29428.5,29428.5,29423.25,29424.25,77.0,2026-09
2026-09-10 00:56:00,CME_MINI:NQ1!,29424.25,29428.0,29418.5,29419.25,251.0,2026-09
2026-09-10 00:57:00,CME_MINI:NQ1!,29419.25,29422.25,29408.0,29417.25,355.0,2026-09
2026-09-10 00:58:00,CME_MINI:NQ1!,29416.75,29422.0,29412.5,29412.75,150.0,2026-09
2026-09-10 00:59:00,CME_MINI:NQ1!,29412.5,29418.5,29410.5,29412.0,96.0,2026-09
2026-09-10 01:00:00,CME_MINI:NQ1!,29413.5,29423.75,29409.5,29423.0,228.0,2026-09
2026-09-10 01:01:00,CME_MINI:NQ1!,29423.0,29426.25,29408.75,29410.25,201.0,2026-09
2026-09-10 01:02:00,CME_MINI:NQ1!,29409.75,29412.75,29404.75,29406.25,255.0,2026-09
2026-09-10 01:03:00,CME_MINI:NQ1!,29406.25,29414.5,29406.25,29414.0,78.0,2026-09
2026-09-10 01:04:00,CME_MINI:NQ1!,29413.5,29417.75,29408.0,29414.5,134.0,2026-09
2026-09-10 01:05:00,CME_MINI:NQ1!,29414.25,29424.75,29412.0,29413.25,169.0,2026-09
2026-09-10 01:06:00,CME_MINI:NQ1!,29413.0,29413.0,29403.0,29407.25,325.0,2026-09
2026-09-10 01:07:00,CME_MINI:NQ1!,29408.0,29419.0,29405.25,29417.75,123.0,2026-09
2026-09-10 01:08:00,CME_MINI:NQ1!,29417.5,29420.75,29416.0,29419.0,108.0,2026-09
2026-09-10 01:09:00,CME_MINI:NQ1!,29419.75,29420.75,29410.75,29410.75,113.0,2026-09
2026-09-10 01:10:00,CME_MINI:NQ1!,29410.5,29414.75,29407.5,29410.5,164.0,2026-09
2026-09-10 01:11:00,CME_MINI:NQ1!,29412.0,29412.0,29405.0,29405.25,83.0,2026-09
2026-09-10 01:12:00,CME_MINI:NQ1!,29405.5,29410.75,29394.25,29396.5,259.0,2026-09
2026-09-10 01:13:00,CME_MINI:NQ1!,29397.0,29400.75,29389.0,29398.0,322.0,2026-09
2026-09-10 01:14:00,CME_MINI:NQ1!,29399.5,29409.25,29398.5,29399.75,194.0,2026-09
2026-09-10 01:15:00,CME_MINI:NQ1!,29400.25,29402.0,29394.75,29397.25,227.0,2026-09
2026-09-10 01:16:00,CME_MINI:NQ1!,29397.25,29401.0,29390.5,29393.25,113.0,2026-09
2026-09-10 01:17:00,CME_MINI:NQ1!,29393.0,29400.25,29393.0,29399.0,138.0,2026-09
2026-09-10 01:18:00,CME_MINI:NQ1!,29399.0,29407.75,29393.75,29407.75,224.0,2026-09
2026-09-10 01:19:00,CME_MINI:NQ1!,29407.75,29414.25,29406.25,29413.75,157.0,2026-09
2026-09-10 01:20:00,CME_MINI:NQ1!,29414.25,29415.25,29386.5,29388.25,349.0,2026-09
2026-09-10 01:21:00,CME_MINI:NQ1!,29388.5,29395.0,29386.25,29392.0,260.0,2026-09
2026-09-10 01:22:00,CME_MINI:NQ1!,29391.25,29392.5,29381.25,29391.0,288.0,2026-09
2026-09-10 01:23:00,CME_MINI:NQ1!,29390.25,29397.25,29389.0,29390.0,154.0,2026-09
2026-09-10 01:24:00,CME_MINI:NQ1!,29390.25,29392.75,29383.5,29388.5,132.0,2026-09
2026-09-10 01:25:00,CME_MINI:NQ1!,29388.0,29393.0,29387.25,29389.75,88.0,2026-09
2026-09-10 01:26:00,CME_MINI:NQ1!,29389.0,29390.5,29382.75,29383.75,119.0,2026-09
2026-09-10 01:27:00,CME_MINI:NQ1!,29383.5,29387.5,29379.0,29380.5,221.0,2026-09
2026-09-10 01:28:00,CME_MINI:NQ1!,29380.0,29381.75,29373.5,29376.25,224.0,2026-09
2026-09-10 01:29:00,CME_MINI:NQ1!,29376.0,29378.75,29372.5,29375.75,137.0,2026-09
2026-09-10 01:30:00,CME_MINI:NQ1!,29374.25,29383.75,29374.0,29379.0,177.0,2026-09
2026-09-10 01:31:00,CME_MINI:NQ1!,29378.75,29382.5,29372.25,29376.0,141.0,2026-09
2026-09-10 01:32:00,CME_MINI:NQ1!,29374.5,29384.0,29372.25,29378.0,159.0,2026-09
2026-09-10 01:33:00,CME_MINI:NQ1!,29377.75,29379.75,29372.5,29373.25,112.0,2026-09
2026-09-10 01:34:00,CME_MINI:NQ1!,29372.0,29372.5,29366.0,29367.5,187.0,2026-09
2026-09-10 01:35:00,CME_MINI:NQ1!,29367.25,29369.0,29365.5,29366.0,71.0,2026-09
2026-09-10 01:36:00,CME_MINI:NQ1!,29367.25,29370.75,29364.0,29370.25,109.0,2026-09
2026-09-10 01:37:00,CME_MINI:NQ1!,29370.0,29371.0,29366.25,29369.5,144.0,2026-09
2026-09-10 01:38:00,CME_MINI:NQ1!,29368.5,29374.5,29367.0,29367.25,108.0,2026-09
2026-09-10 01:39:00,CME_MINI:NQ1!,29367.75,29382.5,29367.5,29382.0,146.0,2026-09
2026-09-10 01:40:00,CME_MINI:NQ1!,29381.75,29392.25,29381.0,29391.5,280.0,2026-09
2026-09-10 01:41:00,CME_MINI:NQ1!,29391.25,29396.75,29384.75,29395.0,246.0,2026-09
2026-09-10 01:42:00,CME_MINI:NQ1!,29394.75,29394.75,29386.0,29388.75,142.0,2026-09
2026-09-10 01:43:00,CME_MINI:NQ1!,29389.75,29393.0,29387.5,29393.0,87.0,2026-09
2026-09-10 01:44:00,CME_MINI:NQ1!,29392.0,29404.25,29391.5,29400.5,206.0,2026-09
2026-09-10 01:45:00,CME_MINI:NQ1!,29399.75,29402.25,29394.25,29401.25,178.0,2026-09
2026-09-10 01:46:00,CME_MINI:NQ1!,29402.25,29408.5,29401.5,29408.5,223.0,2026-09
2026-09-10 01:47:00,CME_MINI:NQ1!,29408.75,29416.25,29407.25,29415.0,407.0,2026-09
2026-09-10 01:48:00,CME_MINI:NQ1!,29415.75,29417.25,29409.75,29412.25,138.0,2026-09
2026-09-10 01:49:00,CME_MINI:NQ1!,29412.5,29413.75,29410.75,29411.75,39.0,2026-09
2026-09-10 01:50:00,CME_MINI:NQ1!,29412.25,29416.5,29411.75,29414.5,120.0,2026-09
2026-09-10 01:51:00,CME_MINI:NQ1!,29414.75,29415.25,29405.0,29406.5,122.0,2026-09
2026-09-10 01:52:00,CME_MINI:NQ1!,29407.0,29410.75,29406.25,29408.25,63.0,2026-09
2026-09-10 01:53:00,CME_MINI:NQ1!,29406.25,29407.0,29390.5,29391.75,235.0,2026-09
2026-09-10 01:54:00,CME_MINI:NQ1!,29391.0,29391.0,29385.0,29386.25,173.0,2026-09
2026-09-10 01:55:00,CME_MINI:NQ1!,29387.5,29400.25,29387.0,29397.75,140.0,2026-09
2026-09-10 01:56:00,CME_MINI:NQ1!,29395.5,29402.0,29395.0,29396.25,118.0,2026-09
2026-09-10 01:57:00,CME_MINI:NQ1!,29397.25,29408.25,29397.25,29405.75,133.0,2026-09
2026-09-10 01:58:00,CME_MINI:NQ1!,29406.0,29413.25,29405.5,29410.75,113.0,2026-09
2026-09-10 01:59:00,CME_MINI:NQ1!,29411.25,29412.75,29409.25,29410.5,66.0,2026-09
2026-09-10 02:00:00,CME_MINI:NQ1!,29411.0,29411.0,29398.25,29402.0,216.0,2026-09
2026-09-10 02:01:00,CME_MINI:NQ1!,29401.0,29407.75,29401.0,29402.75,91.0,2026-09
2026-09-10 02:02:00,CME_MINI:NQ1!,29402.75,29405.0,29396.25,29399.75,87.0,2026-09
2026-09-10 02:03:00,CME_MINI:NQ1!,29401.25,29401.5,29398.5,29400.0,37.0,2026-09
2026-09-10 02:04:00,CME_MINI:NQ1!,29398.5,29405.5,29398.5,29400.25,40.0,2026-09
2026-09-10 02:05:00,CME_MINI:NQ1!,29401.25,29412.0,29400.5,29410.0,129.0,2026-09
2026-09-10 02:06:00,CME_MINI:NQ1!,29411.75,29412.0,29399.25,29406.75,118.0,2026-09
2026-09-10 02:07:00,CME_MINI:NQ1!,29405.25,29410.0,29405.25,29407.0,52.0,2026-09
2026-09-10 02:08:00,CME_MINI:NQ1!,29405.75,29406.25,29394.25,29397.5,113.0,2026-09
2026-09-10 02:09:00,CME_MINI:NQ1!,29397.5,29400.25,29393.25,29395.0,100.0,2026-09
2026-09-10 02:10:00,CME_MINI:NQ1!,29395.0,29395.25,29387.75,29389.0,121.0,2026-09
2026-09-10 02:11:00,CME_MINI:NQ1!,29389.0,29390.5,29376.25,29382.5,315.0,2026-09
2026-09-10 02:12:00,CME_MINI:NQ1!,29384.25,29384.25,29378.5,29380.75,117.0,2026-09
2026-09-10 02:13:00,CME_MINI:NQ1!,29380.75,29387.0,29380.75,29385.0,91.0,2026-09
2026-09-10 02:14:00,CME_MINI:NQ1!,29384.75,29397.75,29384.75,29395.5,139.0,2026-09
2026-09-10 02:15:00,CME_MINI:NQ1!,29395.5,29396.25,29389.5,29391.25,98.0,2026-09
2026-09-10 02:16:00,CME_MINI:NQ1!,29390.5,29390.75,29377.25,29378.25,158.0,2026-09
2026-09-10 02:17:00,CME_MINI:NQ1!,29379.0,29381.0,29374.25,29378.75,115.0,2026-09
2026-09-10 02:18:00,CME_MINI:NQ1!,29377.5,29381.0,29375.5,29379.0,73.0,2026-09
2026-09-10 02:19:00,CME_MINI:NQ1!,29378.75,29380.5,29376.75,29378.75,57.0,2026-09
2026-09-10 02:20:00,CME_MINI:NQ1!,29378.25,29386.5,29378.0,29383.75,69.0,2026-09
2026-09-10 02:21:00,CME_MINI:NQ1!,29382.75,29388.75,29377.75,29381.5,129.0,2026-09
2026-09-10 02:22:00,CME_MINI:NQ1!,29381.25,29390.25,29380.5,29389.5,58.0,2026-09
2026-09-10 02:23:00,CME_MINI:NQ1!,29388.75,29390.5,29386.0,29386.75,37.0,2026-09
2026-09-10 02:24:00,CME_MINI:NQ1!,29388.25,29392.75,29383.75,29387.5,84.0,2026-09
2026-09-10 02:25:00,CME_MINI:NQ1!,29388.0,29388.25,29380.25,29382.5,88.0,2026-09
2026-09-10 02:26:00,CME_MINI:NQ1!,29381.5,29382.5,29375.75,29376.25,83.0,2026-09
2026-09-10 02:27:00,CME_MINI:NQ1!,29377.75,29382.0,29373.0,29380.0,76.0,2026-09
2026-09-10 02:28:00,CME_MINI:NQ1!,29380.75,29382.75,29380.0,29382.5,39.0,2026-09
2026-09-10 02:29:00,CME_MINI:NQ1!,29381.25,29383.25,29376.25,29378.5,41.0,2026-09
2026-09-10 02:30:00,CME_MINI:NQ1!,29379.0,29385.5,29376.0,29384.25,78.0,2026-09
2026-09-10 02:31:00,CME_MINI:NQ1!,29384.5,29386.0,29382.25,29385.25,38.0,2026-09
2026-09-10 02:32:00,CME_MINI:NQ1!,29384.5,29389.25,29383.5,29385.0,67.0,2026-09
2026-09-10 02:33:00,CME_MINI:NQ1!,29385.25,29387.75,29382.25,29385.75,47.0,2026-09
2026-09-10 02:34:00,CME_MINI:NQ1!,29384.5,29398.0,29382.75,29396.25,107.0,2026-09
2026-09-10 02:35:00,CME_MINI:NQ1!,29397.0,29401.5,29393.25,29399.0,149.0,2026-09
2026-09-10 02:36:00,CME_MINI:NQ1!,29398.5,29398.75,29394.25,29396.25,38.0,2026-09
2026-09-10 02:37:00,CME_MINI:NQ1!,29398.0,29398.25,29395.0,29397.75,56.0,2026-09
2026-09-10 02:38:00,CME_MINI:NQ1!,29397.0,29408.0,29397.0,29405.5,138.0,2026-09
2026-09-10 02:39:00,CME_MINI:NQ1!,29405.75,29414.25,29404.75,29412.0,221.0,2026-09
2026-09-10 02:40:00,CME_MINI:NQ1!,29412.0,29416.5,29408.75,29414.0,145.0,2026-09
2026-09-10 02:41:00,CME_MINI:NQ1!,29414.25,29415.5,29411.0,29411.5,94.0,2026-09
2026-09-10 02:42:00,CME_MINI:NQ1!,29413.0,29416.5,29411.0,29415.25,86.0,2026-09
2026-09-10 02:43:00,CME_MINI:NQ1!,29416.5,29422.25,29416.0,29418.75,155.0,2026-09
2026-09-10 02:44:00,CME_MINI:NQ1!,29419.5,29420.0,29411.75,29414.75,65.0,2026-09
2026-09-10 02:45:00,CME_MINI:NQ1!,29413.75,29421.5,29413.75,29418.75,88.0,2026-09
2026-09-10 02:46:00,CME_MINI:NQ1!,29416.75,29417.5,29412.5,29416.0,50.0,2026-09
2026-09-10 02:47:00,CME_MINI:NQ1!,29416.0,29416.5,29412.75,29413.75,135.0,2026-09
2026-09-10 02:48:00,CME_MINI:NQ1!,29413.0,29415.75,29406.25,29413.75,221.0,2026-09
2026-09-10 02:49:00,CME_MINI:NQ1!,29415.25,29416.5,29409.75,29412.25,85.0,2026-09
2026-09-10 02:50:00,CME_MINI:NQ1!,29411.5,29418.0,29411.5,29414.0,106.0,2026-09
2026-09-10 02:51:00,CME_MINI:NQ1!,29414.25,29416.75,29413.0,29416.75,45.0,2026-09
2026-09-10 02:52:00,CME_MINI:NQ1!,29414.5,29423.25,29414.25,29421.0,70.0,2026-09
2026-09-10 02:53:00,CME_MINI:NQ1!,29422.25,29422.75,29419.0,29421.25,31.0,2026-09
2026-09-10 02:54:00,CME_MINI:NQ1!,29420.25,29421.75,29419.5,29420.75,37.0,2026-09
2026-09-10 02:55:00,CME_MINI:NQ1!,29419.5,29419.5,29412.0,29415.25,73.0,2026-09
2026-09-10 02:56:00,CME_MINI:NQ1!,29413.0,29414.75,29410.75,29413.5,54.0,2026-09
2026-09-10 02:57:00,CME_MINI:NQ1!,29412.0,29415.25,29410.75,29414.5,28.0,2026-09
2026-09-10 02:58:00,CME_MINI:NQ1!,29415.0,29415.25,29412.25,29415.0,18.0,2026-09
2026-09-10 02:59:00,CME_MINI:NQ1!,29414.25,29419.25,29413.0,29418.25,47.0,2026-09
2026-09-10 03:00:00,CME_MINI:NQ1!,29418.75,29424.75,29416.75,29420.25,129.0,2026-09
2026-09-10 03:01:00,CME_MINI:NQ1!,29421.0,29428.25,29420.5,29428.25,160.0,2026-09
2026-09-10 03:02:00,CME_MINI:NQ1!,29426.75,29429.0,29423.75,29424.25,90.0,2026-09
2026-09-10 03:03:00,CME_MINI:NQ1!,29423.75,29432.25,29422.25,29432.25,135.0,2026-09
2026-09-10 03:04:00,CME_MINI:NQ1!,29431.5,29434.75,29429.75,29431.75,89.0,2026-09
2026-09-10 03:05:00,CME_MINI:NQ1!,29430.0,29431.25,29427.75,29428.0,41.0,2026-09
2026-09-10 03:06:00,CME_MINI:NQ1!,29430.5,29431.0,29423.5,29426.25,61.0,2026-09
2026-09-10 03:07:00,CME_MINI:NQ1!,29426.75,29430.5,29425.5,29426.25,50.0,2026-09
2026-09-10 03:08:00,CME_MINI:NQ1!,29427.75,29429.5,29426.25,29427.0,42.0,2026-09
2026-09-10 03:09:00,CME_MINI:NQ1!,29427.75,29430.0,29426.5,29429.5,39.0,2026-09
2026-09-10 03:10:00,CME_MINI:NQ1!,29430.25,29434.25,29428.75,29434.25,64.0,2026-09
2026-09-10 03:11:00,CME_MINI:NQ1!,29434.5,29437.0,29430.0,29430.0,122.0,2026-09
2026-09-10 03:12:00,CME_MINI:NQ1!,29429.75,29429.75,29423.0,29423.25,141.0,2026-09
2026-09-10 03:13:00,CME_MINI:NQ1!,29423.0,29424.5,29420.5,29422.5,75.0,2026-09
2026-09-10 03:14:00,CME_MINI:NQ1!,29422.75,29422.75,29418.75,29420.5,47.0,2026-09
2026-09-10 03:15:00,CME_MINI:NQ1!,29420.5,29425.25,29418.75,29420.75,69.0,2026-09
2026-09-10 03:16:00,CME_MINI:NQ1!,29419.25,29422.75,29417.75,29417.75,44.0,2026-09
2026-09-10 03:17:00,CME_MINI:NQ1!,29419.0,29422.0,29419.0,29421.0,41.0,2026-09
2026-09-10 03:18:00,CME_MINI:NQ1!,29420.0,29421.0,29416.0,29416.5,48.0,2026-09
2026-09-10 03:19:00,CME_MINI:NQ1!,29416.25,29421.75,29416.0,29421.5,44.0,2026-09
2026-09-10 03:20:00,CME_MINI:NQ1!,29422.0,29428.75,29419.75,29419.75,191.0,2026-09
2026-09-10 03:21:00,CME_MINI:NQ1!,29421.25,29421.25,29410.75,29413.0,165.0,2026-09
2026-09-10 03:22:00,CME_MINI:NQ1!,29413.5,29415.5,29404.0,29404.0,206.0,2026-09
2026-09-10 03:23:00,CME_MINI:NQ1!,29403.25,29405.0,29399.25,29401.75,148.0,2026-09
2026-09-10 03:24:00,CME_MINI:NQ1!,29402.0,29404.25,29399.75,29401.0,57.0,2026-09
2026-09-10 03:25:00,CME_MINI:NQ1!,29400.75,29405.25,29400.25,29402.0,67.0,2026-09
2026-09-10 03:26:00,CME_MINI:NQ1!,29401.5,29402.5,29388.25,29390.25,178.0,2026-09
2026-09-10 03:27:00,CME_MINI:NQ1!,29390.0,29394.75,29389.75,29394.25,74.0,2026-09
2026-09-10 03:28:00,CME_MINI:NQ1!,29394.0,29397.25,29391.5,29397.0,72.0,2026-09
2026-09-10 03:29:00,CME_MINI:NQ1!,29397.75,29407.5,29397.75,29405.25,137.0,2026-09
2026-09-10 03:30:00,CME_MINI:NQ1!,29404.75,29410.25,29401.25,29410.25,122.0,2026-09
2026-09-10 03:31:00,CME_MINI:NQ1!,29409.5,29413.25,29404.5,29408.25,103.0,2026-09
2026-09-10 03:32:00,CME_MINI:NQ1!,29408.75,29410.0,29406.25,29408.5,57.0,2026-09
2026-09-10 03:33:00,CME_MINI:NQ1!,29409.0,29410.0,29404.0,29406.5,65.0,2026-09
2026-09-10 03:34:00,CME_MINI:NQ1!,29407.25,29412.0,29403.25,29407.25,47.0,2026-09
2026-09-10 03:35:00,CME_MINI:NQ1!,29407.5,29407.5,29398.25,29401.5,90.0,2026-09
2026-09-10 03:36:00,CME_MINI:NQ1!,29402.25,29406.25,29402.25,29405.0,28.0,2026-09
2026-09-10 03:37:00,CME_MINI:NQ1!,29405.5,29408.0,29400.5,29402.5,29.0,2026-09
2026-09-10 03:38:00,CME_MINI:NQ1!,29401.75,29401.75,29392.25,29398.5,122.0,2026-09
2026-09-10 03:39:00,CME_MINI:NQ1!,29398.75,29406.0,29397.5,29405.75,72.0,2026-09
2026-09-10 03:40:00,CME_MINI:NQ1!,29404.25,29412.5,29404.25,29406.75,74.0,2026-09
2026-09-10 03:41:00,CME_MINI:NQ1!,29407.75,29413.25,29407.25,29412.25,79.0,2026-09
2026-09-10 03:42:00,CME_MINI:NQ1!,29412.5,29416.0,29412.0,29413.0,56.0,2026-09
2026-09-10 03:43:00,CME_MINI:NQ1!,29412.5,29413.5,29411.5,29412.75,20.0,2026-09
2026-09-10 03:44:00,CME_MINI:NQ1!,29412.5,29414.0,29411.0,29413.0,42.0,2026-09
2026-09-10 03:45:00,CME_MINI:NQ1!,29415.0,29416.25,29411.75,29415.5,61.0,2026-09
2026-09-10 03:46:00,CME_MINI:NQ1!,29416.75,29429.75,29416.25,29426.75,173.0,2026-09
2026-09-10 03:47:00,CME_MINI:NQ1!,29427.75,29428.25,29423.5,29425.5,70.0,2026-09
2026-09-10 03:48:00,CME_MINI:NQ1!,29425.25,29431.0,29423.5,29428.25,100.0,2026-09
2026-09-10 03:49:00,CME_MINI:NQ1!,29427.75,29428.25,29425.0,29428.25,45.0,2026-09
2026-09-10 03:50:00,CME_MINI:NQ1!,29426.5,29426.5,29417.75,29422.0,107.0,2026-09
2026-09-10 03:51:00,CME_MINI:NQ1!,29423.0,29423.75,29420.0,29423.25,32.0,2026-09
2026-09-10 03:52:00,CME_MINI:NQ1!,29423.75,29424.0,29415.25,29420.0,80.0,2026-09
2026-09-10 03:53:00,CME_MINI:NQ1!,29418.75,29420.75,29415.5,29418.75,84.0,2026-09
2026-09-10 03:54:00,CME_MINI:NQ1!,29420.0,29425.25,29418.5,29421.75,51.0,2026-09
2026-09-10 18:33:00,CME_MINI:NQ1!,29153.5,29156.0,29148.0,29150.25,368.0,2026-09
2026-09-10 18:34:00,CME_MINI:NQ1!,29150.0,29165.5,29146.25,29164.0,716.0,2026-09
2026-09-10 18:35:00,CME_MINI:NQ1!,29164.0,29167.5,29156.75,29167.0,473.0,2026-09
2026-09-10 18:36:00,CME_MINI:NQ1!,29166.75,29169.5,29163.0,29167.0,400.0,2026-09
2026-09-10 18:37:00,CME_MINI:NQ1!,29166.5,29168.0,29162.0,29166.25,272.0,2026-09
2026-09-10 18:38:00,CME_MINI:NQ1!,29165.75,29170.75,29160.5,29169.5,346.0,2026-09
2026-09-10 18:39:00,CME_MINI:NQ1!,29169.75,29176.0,29166.5,29175.25,394.0,2026-09
2026-09-10 18:40:00,CME_MINI:NQ1!,29174.75,29176.25,29169.5,29171.0,318.0,2026-09
2026-09-10 18:41:00,CME_MINI:NQ1!,29171.0,29174.75,29167.75,29170.75,388.0,2026-09
2026-09-10 18:42:00,CME_MINI:NQ1!,29170.75,29173.0,29168.0,29170.25,213.0,2026-09
2026-09-10 18:43:00,CME_MINI:NQ1!,29170.0,29175.0,29166.25,29171.75,266.0,2026-09
2026-09-10 18:44:00,CME_MINI:NQ1!,29171.25,29176.0,29171.0,29173.5,305.0,2026-09
2026-09-10 18:45:00,CME_MINI:NQ1!,29173.0,29174.75,29165.5,29167.5,428.0,2026-09
2026-09-10 18:46:00,CME_MINI:NQ1!,29168.25,29173.0,29163.25,29166.0,355.0,2026-09
2026-09-10 18:47:00,CME_MINI:NQ1!,29166.0,29166.25,29163.0,29163.75,181.0,2026-09
2026-09-10 18:48:00,CME_MINI:NQ1!,29163.75,29164.0,29151.0,29157.25,617.0,2026-09
2026-09-10 18:49:00,CME_MINI:NQ1!,29157.25,29184.25,29156.75,29165.75,1288.0,2026-09
2026-09-10 18:50:00,CME_MINI:NQ1!,29165.75,29172.25,29155.25,29170.75,497.0,2026-09
2026-09-10 18:51:00,CME_MINI:NQ1!,29171.25,29199.0,29168.5,29188.75,1663.0,2026-09
2026-09-10 18:52:00,CME_MINI:NQ1!,29188.0,29198.75,29182.75,29194.75,776.0,2026-09
2026-09-10 18:53:00,CME_MINI:NQ1!,29194.5,29198.75,29184.75,29190.25,590.0,2026-09
2026-09-10 18:54:00,CME_MINI:NQ1!,29191.0,29194.0,29179.75,29181.5,532.0,2026-09
2026-09-10 18:55:00,CME_MINI:NQ1!,29181.25,29188.25,29179.5,29187.0,336.0,2026-09
2026-09-10 18:56:00,CME_MINI:NQ1!,29187.0,29189.25,29181.75,29181.75,300.0,2026-09
2026-09-10 18:57:00,CME_MINI:NQ1!,29182.0,29182.75,29171.0,29175.25,443.0,2026-09
2026-09-10 18:58:00,CME_MINI:NQ1!,29175.0,29177.0,29167.25,29172.75,458.0,2026-09
2026-09-10 18:59:00,CME_MINI:NQ1!,29172.0,29178.25,29172.0,29174.25,383.0,2026-09
2026-09-10 19:00:00,CME_MINI:NQ1!,29174.25,29176.0,29162.5,29168.25,810.0,2026-09
2026-09-10 19:01:00,CME_MINI:NQ1!,29168.75,29172.25,29158.75,29159.0,676.0,2026-09
2026-09-10 19:02:00,CME_MINI:NQ1!,29159.5,29163.75,29156.0,29157.5,510.0,2026-09
2026-09-10 19:03:00,CME_MINI:NQ1!,29157.0,29163.25,29151.25,29162.0,527.0,2026-09
2026-09-10 19:04:00,CME_MINI:NQ1!,29161.75,29163.0,29151.75,29152.5,641.0,2026-09
2026-09-10 19:05:00,CME_MINI:NQ1!,29152.25,29156.25,29151.0,29153.75,441.0,2026-09
2026-09-10 19:06:00,CME_MINI:NQ1!,29152.5,29158.75,29147.75,29153.0,679.0,2026-09
2026-09-10 19:07:00,CME_MINI:NQ1!,29153.25,29158.5,29143.5,29144.75,632.0,2026-09
2026-09-10 19:08:00,CME_MINI:NQ1!,29144.75,29150.5,29141.0,29142.5,686.0,2026-09
2026-09-10 19:09:00,CME_MINI:NQ1!,29143.25,29167.75,29142.5,29165.75,1812.0,2026-09
2026-09-10 19:10:00,CME_MINI:NQ1!,29166.25,29169.0,29154.25,29156.25,659.0,2026-09
2026-09-10 19:11:00,CME_MINI:NQ1!,29155.25,29157.25,29142.25,29145.25,463.0,2026-09
2026-09-10 19:12:00,CME_MINI:NQ1!,29145.5,29156.5,29143.75,29153.0,511.0,2026-09
2026-09-10 19:13:00,CME_MINI:NQ1!,29153.25,29160.25,29152.75,29154.5,387.0,2026-09
2026-09-10 19:14:00,CME_MINI:NQ1!,29154.0,29158.75,29151.5,29156.5,577.0,2026-09
2026-09-10 19:15:00,CME_MINI:NQ1!,29157.25,29164.5,29154.0,29156.25,567.0,2026-09
2026-09-10 19:16:00,CME_MINI:NQ1!,29155.25,29157.5,29151.0,29152.0,294.0,2026-09
2026-09-10 19:17:00,CME_MINI:NQ1!,29152.0,29156.0,29141.75,29143.5,429.0,2026-09
2026-09-10 19:18:00,CME_MINI:NQ1!,29143.25,29145.5,29136.0,29142.25,765.0,2026-09
2026-09-10 19:19:00,CME_MINI:NQ1!,29142.25,29145.25,29138.5,29144.0,322.0,2026-09
2026-09-10 19:20:00,CME_MINI:NQ1!,29144.0,29151.0,29140.75,29142.5,539.0,2026-09
2026-09-10 19:21:00,CME_MINI:NQ1!,29143.25,29146.0,29140.25,29145.25,372.0,2026-09
2026-09-10 19:22:00,CME_MINI:NQ1!,29146.0,29150.25,29145.0,29147.75,282.0,2026-09
2026-09-10 19:23:00,CME_MINI:NQ1!,29147.5,29149.0,29139.75,29139.75,255.0,2026-09
2026-09-10 19:24:00,CME_MINI:NQ1!,29139.75,29157.0,29139.75,29155.0,429.0,2026-09
2026-09-10 19:25:00,CME_MINI:NQ1!,29155.25,29161.0,29152.25,29153.0,585.0,2026-09
2026-09-10 19:26:00,CME_MINI:NQ1!,29153.0,29157.75,29152.0,29154.0,262.0,2026-09
2026-09-10 19:27:00,CME_MINI:NQ1!,29154.5,29162.0,29154.0,29159.5,323.0,2026-09
2026-09-10 19:28:00,CME_MINI:NQ1!,29159.25,29162.25,29155.0,29160.0,457.0,2026-09
2026-09-10 19:29:00,CME_MINI:NQ1!,29160.0,29163.0,29157.5,29160.0,272.0,2026-09
2026-09-10 19:30:00,CME_MINI:NQ1!,29158.75,29161.75,29150.25,29150.75,745.0,2026-09
2026-09-10 19:31:00,CME_MINI:NQ1!,29150.75,29155.5,29144.25,29154.5,584.0,2026-09
2026-09-10 19:32:00,CME_MINI:NQ1!,29154.0,29157.75,29151.75,29153.75,375.0,2026-09
2026-09-10 19:33:00,CME_MINI:NQ1!,29153.75,29159.5,29151.75,29158.0,324.0,2026-09
2026-09-10 19:34:00,CME_MINI:NQ1!,29157.75,29166.25,29157.5,29163.5,528.0,2026-09
2026-09-10 19:35:00,CME_MINI:NQ1!,29162.75,29163.5,29150.75,29151.5,515.0,2026-09
2026-09-10 19:36:00,CME_MINI:NQ1!,29151.0,29158.5,29150.5,29156.25,319.0,2026-09
2026-09-10 19:37:00,CME_MINI:NQ1!,29156.5,29157.25,29145.25,29150.25,393.0,2026-09
2026-09-10 19:38:00,CME_MINI:NQ1!,29150.0,29161.5,29147.0,29159.25,652.0,2026-09
2026-09-10 19:39:00,CME_MINI:NQ1!,29159.25,29164.75,29156.75,29159.25,537.0,2026-09
2026-09-10 19:40:00,CME_MINI:NQ1!,29159.25,29166.25,29157.75,29159.25,505.0,2026-09
2026-09-10 19:41:00,CME_MINI:NQ1!,29158.75,29163.0,29156.0,29159.25,363.0,2026-09
2026-09-10 19:42:00,CME_MINI:NQ1!,29159.5,29165.75,29158.75,29165.75,437.0,2026-09
2026-09-10 19:43:00,CME_MINI:NQ1!,29165.5,29169.25,29162.75,29168.0,551.0,2026-09
2026-09-10 19:44:00,CME_MINI:NQ1!,29167.5,29168.75,29156.0,29158.0,566.0,2026-09
2026-09-10 19:45:00,CME_MINI:NQ1!,29158.0,29166.0,29156.0,29165.25,569.0,2026-09
2026-09-10 19:46:00,CME_MINI:NQ1!,29164.5,29165.75,29151.5,29151.5,511.0,2026-09
2026-09-10 19:47:00,CME_MINI:NQ1!,29151.25,29158.0,29146.5,29153.75,700.0,2026-09
2026-09-10 19:48:00,CME_MINI:NQ1!,29153.5,29155.25,29147.0,29150.25,438.0,2026-09
2026-09-10 19:49:00,CME_MINI:NQ1!,29150.0,29161.25,29148.75,29158.75,507.0,2026-09
2026-09-10 19:50:00,CME_MINI:NQ1!,29159.75,29168.5,29143.5,29145.0,1685.0,2026-09
2026-09-10 19:51:00,CME_MINI:NQ1!,29145.25,29146.75,29135.0,29140.5,1013.0,2026-09
2026-09-10 19:52:00,CME_MINI:NQ1!,29140.75,29141.0,29128.75,29129.5,1443.0,2026-09
2026-09-10 19:53:00,CME_MINI:NQ1!,29130.0,29138.0,29123.25,29138.0,1356.0,2026-09
2026-09-10 19:54:00,CME_MINI:NQ1!,29137.75,29139.75,29125.5,29136.5,2176.0,2026-09
2026-09-10 19:55:00,CME_MINI:NQ1!,29136.25,29147.25,29132.25,29138.25,1428.0,2026-09
2026-09-10 19:56:00,CME_MINI:NQ1!,29138.75,29141.0,29130.75,29134.25,888.0,2026-09
2026-09-10 19:57:00,CME_MINI:NQ1!,29134.25,29140.25,29129.0,29137.0,929.0,2026-09
2026-09-10 19:58:00,CME_MINI:NQ1!,29136.75,29141.0,29133.75,29138.0,1439.0,2026-09
2026-09-10 19:59:00,CME_MINI:NQ1!,29138.5,29147.5,29126.0,29138.0,9798.0,2026-09
2026-09-10 20:00:00,CME_MINI:NQ1!,29138.25,29148.75,29132.0,29143.25,2626.0,2026-09
2026-09-10 20:01:00,CME_MINI:NQ1!,29142.5,29142.5,29131.5,29131.5,521.0,2026-09
2026-09-10 20:02:00,CME_MINI:NQ1!,29131.25,29137.75,29130.5,29132.25,457.0,2026-09
2026-09-10 20:03:00,CME_MINI:NQ1!,29133.25,29135.25,29131.25,29132.75,176.0,2026-09
2026-09-10 20:04:00,CME_MINI:NQ1!,29132.5,29135.75,29130.0,29131.75,235.0,2026-09
2026-09-10 20:05:00,CME_MINI:NQ1!,29134.0,29138.25,29123.0,29138.25,455.0,2026-09
2026-09-10 20:06:00,CME_MINI:NQ1!,29138.25,29144.75,29137.0,29140.5,245.0,2026-09
2026-09-10 20:07:00,CME_MINI:NQ1!,29140.0,29143.5,29135.0,29137.0,262.0,2026-09
2026-09-10 20:08:00,CME_MINI:NQ1!,29136.75,29144.0,29136.75,29137.5,203.0,2026-09
2026-09-10 20:09:00,CME_MINI:NQ1!,29137.5,29142.5,29136.25,29141.25,125.0,2026-09
2026-09-10 20:10:00,CME_MINI:NQ1!,29141.25,29150.75,29134.75,29149.75,506.0,2026-09
2026-09-10 20:11:00,CME_MINI:NQ1!,29150.25,29153.0,29146.0,29146.5,341.0,2026-09
2026-09-10 20:12:00,CME_MINI:NQ1!,29145.75,29152.25,29145.5,29151.25,274.0,2026-09
2026-09-10 20:13:00,CME_MINI:NQ1!,29150.5,29153.0,29148.75,29153.0,182.0,2026-09
2026-09-10 20:14:00,CME_MINI:NQ1!,29152.5,29156.75,29151.5,29153.25,338.0,2026-09
2026-09-10 20:15:00,CME_MINI:NQ1!,29153.75,29154.25,29145.25,29154.0,265.0,2026-09
2026-09-10 20:16:00,CME_MINI:NQ1!,29154.25,29156.0,29149.5,29150.75,110.0,2026-09
2026-09-10 20:17:00,CME_MINI:NQ1!,29151.25,29152.25,29149.25,29150.75,60.0,2026-09
2026-09-10 20:18:00,CME_MINI:NQ1!,29151.0,29153.5,29149.75,29153.5,118.0,2026-09
2026-09-10 20:19:00,CME_MINI:NQ1!,29153.5,29153.75,29149.75,29150.5,158.0,2026-09
2026-09-10 20:20:00,CME_MINI:NQ1!,29150.75,29153.25,29150.25,29152.75,139.0,2026-09
2026-09-10 20:21:00,CME_MINI:NQ1!,29152.75,29153.5,29150.75,29151.75,101.0,2026-09
2026-09-10 20:22:00,CME_MINI:NQ1!,29152.25,29152.75,29149.0,29151.0,66.0,2026-09
2026-09-10 20:23:00,CME_MINI:NQ1!,29151.5,29152.0,29149.25,29149.75,105.0,2026-09
2026-09-10 20:24:00,CME_MINI:NQ1!,29150.0,29154.0,29150.0,29152.0,144.0,2026-09
2026-09-10 20:25:00,CME_MINI:NQ1!,29152.0,29153.0,29151.0,29151.75,84.0,2026-09
2026-09-10 20:26:00,CME_MINI:NQ1!,29151.75,29152.5,29150.75,29151.0,121.0,2026-09
2026-09-10 20:27:00,CME_MINI:NQ1!,29152.0,29154.5,29148.0,29151.75,224.0,2026-09
2026-09-10 20:28:00,CME_MINI:NQ1!,29151.0,29153.0,29151.0,29151.5,57.0,2026-09
2026-09-10 20:29:00,CME_MINI:NQ1!,29151.25,29151.25,29142.25,29144.5,135.0,2026-09
2026-09-10 20:30:00,CME_MINI:NQ1!,29145.5,29149.0,29145.25,29147.0,101.0,2026-09
2026-09-10 20:31:00,CME_MINI:NQ1!,29147.0,29147.0,29144.25,29145.25,58.0,2026-09
2026-09-10 20:32:00,CME_MINI:NQ1!,29145.75,29148.75,29145.75,29147.25,124.0,2026-09
2026-09-10 20:33:00,CME_MINI:NQ1!,29147.5,29149.0,29146.75,29149.0,69.0,2026-09
2026-09-10 20:34:00,CME_MINI:NQ1!,29148.75,29151.5,29146.5,29149.25,137.0,2026-09
2026-09-10 20:35:00,CME_MINI:NQ1!,29148.75,29152.0,29147.75,29150.25,47.0,2026-09
2026-09-10 20:36:00,CME_MINI:NQ1!,29150.0,29151.25,29146.5,29146.75,25.0,2026-09
2026-09-10 20:37:00,CME_MINI:NQ1!,29147.25,29148.5,29147.0,29147.75,33.0,2026-09
2026-09-10 20:38:00,CME_MINI:NQ1!,29147.5,29152.75,29147.5,29151.25,66.0,2026-09
2026-09-10 20:39:00,CME_MINI:NQ1!,29151.25,29153.0,29150.0,29152.5,166.0,2026-09
2026-09-10 20:40:00,CME_MINI:NQ1!,29151.5,29152.75,29149.25,29149.75,99.0,2026-09
2026-09-10 20:41:00,CME_MINI:NQ1!,29150.0,29153.0,29149.5,29152.25,37.0,2026-09
2026-09-10 20:42:00,CME_MINI:NQ1!,29152.5,29152.75,29149.0,29150.0,41.0,2026-09
2026-09-10 20:43:00,CME_MINI:NQ1!,29150.0,29152.25,29149.75,29151.25,39.0,2026-09
2026-09-10 20:44:00,CME_MINI:NQ1!,29151.25,29153.0,29150.75,29151.5,47.0,2026-09
2026-09-10 20:45:00,CME_MINI:NQ1!,29152.0,29154.5,29150.75,29152.25,159.0,2026-09
2026-09-10 20:46:00,CME_MINI:NQ1!,29152.5,29153.0,29150.25,29151.25,81.0,2026-09
2026-09-10 20:47:00,CME_MINI:NQ1!,29151.0,29151.5,29144.5,29145.5,138.0,2026-09
2026-09-10 20:48:00,CME_MINI:NQ1!,29145.75,29151.25,29145.75,29151.0,67.0,2026-09
2026-09-10 20:49:00,CME_MINI:NQ1!,29150.0,29151.0,29148.0,29148.25,27.0,2026-09
2026-09-10 20:50:00,CME_MINI:NQ1!,29148.5,29149.25,29146.25,29146.5,40.0,2026-09
2026-09-10 20:51:00,CME_MINI:NQ1!,29147.75,29150.0,29147.25,29150.0,52.0,2026-09
2026-09-10 20:52:00,CME_MINI:NQ1!,29149.75,29152.0,29148.25,29151.5,56.0,2026-09
2026-09-10 20:53:00,CME_MINI:NQ1!,29151.75,29152.75,29151.25,29152.0,39.0,2026-09
2026-09-10 20:54:00,CME_MINI:NQ1!,29152.5,29152.75,29151.0,29151.75,68.0,2026-09
2026-09-10 20:55:00,CME_MINI:NQ1!,29151.75,29154.0,29151.5,29154.0,100.0,2026-09
2026-09-10 20:56:00,CME_MINI:NQ1!,29153.25,29154.5,29150.75,29154.25,113.0,2026-09
2026-09-10 20:57:00,CME_MINI:NQ1!,29154.25,29154.25,29148.25,29148.25,49.0,2026-09
2026-09-10 20:58:00,CME_MINI:NQ1!,29148.75,29149.75,29128.0,29134.0,206.0,2026-09
2026-09-10 20:59:00,CME_MINI:NQ1!,29133.5,29143.25,29132.5,29143.25,134.0,2026-09
2026-09-10 22:00:00,CME_MINI:NQ1!,29141.0,29156.75,29139.5,29149.75,246.0,2026-09
2026-09-10 22:01:00,CME_MINI:NQ1!,29150.5,29154.75,29145.0,29151.5,116.0,2026-09
2026-09-10 22:02:00,CME_MINI:NQ1!,29150.0,29154.5,29141.75,29149.75,168.0,2026-09
2026-09-10 22:03:00,CME_MINI:NQ1!,29148.0,29152.5,29144.5,29150.0,70.0,2026-09
2026-09-10 22:04:00,CME_MINI:NQ1!,29151.5,29154.75,29145.0,29149.75,89.0,2026-09
2026-09-10 22:05:00,CME_MINI:NQ1!,29148.25,29150.75,29146.5,29148.5,43.0,2026-09
2026-09-10 22:06:00,CME_MINI:NQ1!,29147.0,29149.0,29142.0,29144.0,52.0,2026-09
2026-09-10 22:07:00,CME_MINI:NQ1!,29141.5,29143.0,29134.5,29137.25,138.0,2026-09
2026-09-10 22:08:00,CME_MINI:NQ1!,29137.0,29145.0,29136.0,29144.75,108.0,2026-09
2026-09-10 22:09:00,CME_MINI:NQ1!,29144.5,29146.75,29142.25,29144.25,22.0,2026-09
2026-09-10 22:10:00,CME_MINI:NQ1!,29144.0,29151.75,29141.5,29150.5,125.0,2026-09
2026-09-10 22:11:00,CME_MINI:NQ1!,29151.0,29151.25,29146.25,29147.25,35.0,2026-09
2026-09-10 22:12:00,CME_MINI:NQ1!,29148.5,29149.5,29144.25,29144.25,24.0,2026-09
2026-09-10 22:13:00,CME_MINI:NQ1!,29143.75,29146.0,29139.5,29145.5,69.0,2026-09
2026-09-10 22:14:00,CME_MINI:NQ1!,29146.0,29146.0,29142.25,29143.25,41.0,2026-09
2026-09-10 22:15:00,CME_MINI:NQ1!,29144.5,29146.0,29142.25,29143.25,41.0,2026-09
2026-09-10 22:16:00,CME_MINI:NQ1!,29143.25,29147.25,29142.0,29143.0,82.0,2026-09
2026-09-10 22:17:00,CME_MINI:NQ1!,29141.5,29144.75,29141.0,29144.0,30.0,2026-09
2026-09-10 22:18:00,CME_MINI:NQ1!,29143.25,29149.25,29142.25,29148.25,82.0,2026-09
2026-09-10 22:19:00,CME_MINI:NQ1!,29147.25,29152.0,29147.0,29148.75,61.0,2026-09
2026-09-10 22:20:00,CME_MINI:NQ1!,29148.25,29151.75,29147.5,29151.0,53.0,2026-09
2026-09-10 22:21:00,CME_MINI:NQ1!,29151.75,29157.5,29150.5,29155.5,123.0,2026-09
2026-09-10 22:22:00,CME_MINI:NQ1!,29155.75,29156.25,29149.75,29152.0,83.0,2026-09
2026-09-10 22:23:00,CME_MINI:NQ1!,29151.75,29152.75,29148.0,29148.75,44.0,2026-09
2026-09-10 22:24:00,CME_MINI:NQ1!,29148.5,29149.25,29137.75,29140.75,167.0,2026-09
2026-09-10 22:25:00,CME_MINI:NQ1!,29141.25,29143.5,29137.75,29139.25,61.0,2026-09
2026-09-10 22:26:00,CME_MINI:NQ1!,29138.0,29138.0,29128.75,29129.5,175.0,2026-09
2026-09-10 22:27:00,CME_MINI:NQ1!,29130.25,29130.25,29123.0,29125.25,134.0,2026-09
2026-09-10 22:28:00,CME_MINI:NQ1!,29124.5,29129.0,29123.5,29125.5,96.0,2026-09
2026-09-10 22:29:00,CME_MINI:NQ1!,29126.25,29126.25,29117.25,29118.0,154.0,2026-09
2026-09-10 22:30:00,CME_MINI:NQ1!,29117.25,29122.75,29117.25,29120.5,92.0,2026-09
2026-09-10 22:31:00,CME_MINI:NQ1!,29120.75,29122.75,29118.5,29118.5,75.0,2026-09
2026-09-10 22:32:00,CME_MINI:NQ1!,29117.5,29119.0,29113.0,29118.0,123.0,2026-09
2026-09-10 22:33:00,CME_MINI:NQ1!,29118.25,29118.25,29115.25,29117.5,133.0,2026-09
2026-09-10 22:34:00,CME_MINI:NQ1!,29117.5,29122.25,29114.5,29115.25,133.0,2026-09
2026-09-10 22:35:00,CME_MINI:NQ1!,29115.5,29119.5,29114.75,29116.5,60.0,2026-09
2026-09-10 22:36:00,CME_MINI:NQ1!,29116.75,29119.25,29112.75,29112.75,49.0,2026-09
2026-09-10 22:37:00,CME_MINI:NQ1!,29112.25,29116.75,29112.0,29115.5,71.0,2026-09
2026-09-10 22:38:00,CME_MINI:NQ1!,29115.0,29116.25,29112.75,29113.75,23.0,2026-09
2026-09-10 22:39:00,CME_MINI:NQ1!,29113.25,29115.0,29107.75,29109.25,136.0,2026-09
2026-09-10 22:40:00,CME_MINI:NQ1!,29109.75,29111.5,29106.0,29108.0,140.0,2026-09
2026-09-10 22:41:00,CME_MINI:NQ1!,29107.25,29109.0,29104.25,29108.5,88.0,2026-09
2026-09-10 22:42:00,CME_MINI:NQ1!,29109.0,29112.25,29105.75,29108.5,91.0,2026-09
2026-09-10 22:43:00,CME_MINI:NQ1!,29108.0,29108.75,29104.5,29106.5,75.0,2026-09
2026-09-10 22:44:00,CME_MINI:NQ1!,29107.25,29107.25,29105.0,29105.5,28.0,2026-09
2026-09-10 22:45:00,CME_MINI:NQ1!,29105.75,29106.5,29103.25,29104.75,49.0,2026-09
2026-09-10 22:46:00,CME_MINI:NQ1!,29105.25,29105.75,29100.5,29102.5,64.0,2026-09
2026-09-10 22:47:00,CME_MINI:NQ1!,29101.75,29109.0,29098.75,29106.5,140.0,2026-09
2026-09-10 22:48:00,CME_MINI:NQ1!,29106.25,29114.0,29105.0,29111.75,102.0,2026-09
2026-09-10 22:49:00,CME_MINI:NQ1!,29111.75,29116.25,29111.25,29114.0,142.0,2026-09
2026-09-10 22:50:00,CME_MINI:NQ1!,29114.25,29115.5,29112.0,29113.5,57.0,2026-09
2026-09-10 22:51:00,CME_MINI:NQ1!,29113.25,29114.0,29112.25,29112.25,39.0,2026-09
2026-09-10 22:52:00,CME_MINI:NQ1!,29111.75,29114.0,29109.0,29110.5,65.0,2026-09
2026-09-10 22:53:00,CME_MINI:NQ1!,29112.25,29113.0,29105.75,29107.75,69.0,2026-09
2026-09-10 22:54:00,CME_MINI:NQ1!,29106.75,29107.25,29102.25,29104.0,134.0,2026-09
2026-09-10 22:55:00,CME_MINI:NQ1!,29105.25,29108.25,29104.0,29106.5,77.0,2026-09
2026-09-10 22:56:00,CME_MINI:NQ1!,29108.5,29111.0,29105.75,29105.75,46.0,2026-09
2026-09-10 22:57:00,CME_MINI:NQ1!,29105.5,29105.5,29104.25,29104.5,25.0,2026-09
2026-09-10 22:58:00,CME_MINI:NQ1!,29105.75,29109.75,29105.75,29109.5,59.0,2026-09
2026-09-10 22:59:00,CME_MINI:NQ1!,29108.25,29108.75,29105.75,29107.5,22.0,2026-09
2026-09-10 23:00:00,CME_MINI:NQ1!,29106.25,29111.25,29106.0,29111.0,73.0,2026-09
2026-09-10 23:01:00,CME_MINI:NQ1!,29111.25,29113.25,29109.75,29113.25,39.0,2026-09
2026-09-10 23:02:00,CME_MINI:NQ1!,29113.0,29115.0,29110.0,29110.5,57.0,2026-09
2026-09-10 23:03:00,CME_MINI:NQ1!,29111.0,29111.0,29100.0,29102.25,107.0,2026-09
2026-09-10 23:04:00,CME_MINI:NQ1!,29102.25,29105.5,29102.0,29105.5,62.0,2026-09
2026-09-10 23:05:00,CME_MINI:NQ1!,29105.0,29110.75,29104.5,29104.75,68.0,2026-09
2026-09-10 23:06:00,CME_MINI:NQ1!,29108.25,29110.0,29107.0,29109.0,33.0,2026-09
2026-09-10 23:07:00,CME_MINI:NQ1!,29109.5,29109.5,29103.5,29105.5,50.0,2026-09
2026-09-10 23:08:00,CME_MINI:NQ1!,29106.25,29106.75,29103.0,29104.75,23.0,2026-09
2026-09-10 23:09:00,CME_MINI:NQ1!,29106.0,29109.5,29105.25,29109.5,44.0,2026-09
2026-09-10 23:10:00,CME_MINI:NQ1!,29109.0,29109.0,29105.25,29105.5,22.0,2026-09
2026-09-10 23:11:00,CME_MINI:NQ1!,29106.0,29107.75,29105.5,29106.25,16.0,2026-09
2026-09-10 23:12:00,CME_MINI:NQ1!,29106.0,29109.0,29105.25,29105.75,57.0,2026-09
2026-09-10 23:13:00,CME_MINI:NQ1!,29105.5,29107.25,29104.0,29107.25,40.0,2026-09
2026-09-10 23:14:00,CME_MINI:NQ1!,29108.0,29111.25,29107.0,29109.5,74.0,2026-09
2026-09-10 23:15:00,CME_MINI:NQ1!,29110.25,29111.25,29106.5,29108.25,53.0,2026-09
2026-09-10 23:16:00,CME_MINI:NQ1!,29109.0,29109.0,29107.0,29108.0,10.0,2026-09
2026-09-10 23:17:00,CME_MINI:NQ1!,29109.25,29111.25,29107.75,29110.5,27.0,2026-09
2026-09-10 23:18:00,CME_MINI:NQ1!,29110.25,29111.5,29107.0,29107.75,32.0,2026-09
2026-09-10 23:19:00,CME_MINI:NQ1!,29109.0,29109.25,29106.5,29107.5,29.0,2026-09
2026-09-10 23:20:00,CME_MINI:NQ1!,29108.25,29110.0,29107.5,29109.5,31.0,2026-09
2026-09-10 23:21:00,CME_MINI:NQ1!,29108.75,29110.5,29104.0,29104.0,26.0,2026-09
2026-09-10 23:22:00,CME_MINI:NQ1!,29105.25,29106.0,29102.25,29103.0,51.0,2026-09
2026-09-10 23:23:00,CME_MINI:NQ1!,29103.25,29104.25,29102.0,29104.25,14.0,2026-09
2026-09-10 23:24:00,CME_MINI:NQ1!,29103.25,29103.25,29096.75,29098.75,109.0,2026-09
2026-09-10 23:25:00,CME_MINI:NQ1!,29099.25,29103.25,29099.0,29102.75,56.0,2026-09
2026-09-10 23:26:00,CME_MINI:NQ1!,29102.0,29110.25,29102.0,29106.75,59.0,2026-09
2026-09-10 23:27:00,CME_MINI:NQ1!,29108.0,29109.0,29103.5,29106.25,51.0,2026-09
2026-09-10 23:28:00,CME_MINI:NQ1!,29105.75,29106.0,29101.5,29103.0,33.0,2026-09
2026-09-10 23:29:00,CME_MINI:NQ1!,29103.25,29105.25,29102.75,29102.75,27.0,2026-09
2026-09-10 23:30:00,CME_MINI:NQ1!,29103.0,29107.25,29103.0,29105.75,36.0,2026-09
2026-09-10 23:31:00,CME_MINI:NQ1!,29106.75,29107.0,29104.75,29105.0,18.0,2026-09
2026-09-10 23:32:00,CME_MINI:NQ1!,29104.25,29108.75,29104.0,29108.75,22.0,2026-09
2026-09-10 23:33:00,CME_MINI:NQ1!,29108.5,29111.5,29108.5,29110.75,50.0,2026-09
2026-09-10 23:34:00,CME_MINI:NQ1!,29110.75,29110.75,29103.75,29106.5,41.0,2026-09
2026-09-10 23:35:00,CME_MINI:NQ1!,29106.5,29106.5,29101.0,29103.0,27.0,2026-09
2026-09-10 23:36:00,CME_MINI:NQ1!,29103.0,29108.25,29102.75,29105.75,66.0,2026-09
2026-09-10 23:37:00,CME_MINI:NQ1!,29105.0,29105.0,29101.5,29101.5,17.0,2026-09
2026-09-10 23:38:00,CME_MINI:NQ1!,29102.5,29105.5,29102.5,29105.0,39.0,2026-09
2026-09-10 23:39:00,CME_MINI:NQ1!,29105.25,29107.0,29103.75,29103.75,8.0,2026-09
2026-09-10 23:40:00,CME_MINI:NQ1!,29104.25,29104.5,29101.25,29102.25,18.0,2026-09
2026-09-10 23:41:00,CME_MINI:NQ1!,29104.0,29104.25,29097.75,29099.75,69.0,2026-09
2026-09-10 23:42:00,CME_MINI:NQ1!,29100.0,29106.5,29099.25,29106.5,198.0,2026-09
2026-09-10 23:43:00,CME_MINI:NQ1!,29105.75,29105.75,29099.5,29101.25,89.0,2026-09
2026-09-10 23:44:00,CME_MINI:NQ1!,29102.5,29107.25,29102.5,29106.75,56.0,2026-09
2026-09-10 23:45:00,CME_MINI:NQ1!,29105.75,29106.5,29102.25,29105.25,55.0,2026-09
2026-09-10 23:46:00,CME_MINI:NQ1!,29103.5,29107.0,29102.0,29106.0,60.0,2026-09
2026-09-10 23:47:00,CME_MINI:NQ1!,29103.25,29103.25,29097.0,29099.0,94.0,2026-09
2026-09-10 23:48:00,CME_MINI:NQ1!,29099.0,29102.5,29097.0,29101.0,81.0,2026-09
2026-09-10 23:49:00,CME_MINI:NQ1!,29101.5,29102.75,29099.0,29099.25,36.0,2026-09
2026-09-10 23:50:00,CME_MINI:NQ1!,29100.0,29100.75,29091.5,29095.5,197.0,2026-09
2026-09-10 23:51:00,CME_MINI:NQ1!,29095.25,29095.5,29090.5,29091.5,129.0,2026-09
2026-09-10 23:52:00,CME_MINI:NQ1!,29092.75,29093.75,29090.5,29092.0,80.0,2026-09
2026-09-10 23:53:00,CME_MINI:NQ1!,29093.25,29094.75,29086.0,29087.75,143.0,2026-09
2026-09-10 23:54:00,CME_MINI:NQ1!,29088.25,29088.5,29077.75,29080.25,292.0,2026-09
2026-09-10 23:55:00,CME_MINI:NQ1!,29080.5,29081.0,29068.25,29068.75,338.0,2026-09
2026-09-10 23:56:00,CME_MINI:NQ1!,29069.5,29070.75,29066.5,29068.5,224.0,2026-09
2026-09-10 23:57:00,CME_MINI:NQ1!,29068.25,29070.25,29064.5,29066.0,149.0,2026-09
2026-09-10 23:58:00,CME_MINI:NQ1!,29066.25,29068.5,29064.5,29066.0,65.0,2026-09
2026-09-10 23:59:00,CME_MINI:NQ1!,29065.5,29066.5,29062.5,29064.75,132.0,2026-09
2026-09-11 00:00:00,CME_MINI:NQ1!,29065.0,29088.5,29063.25,29084.0,503.0,2026-09
2026-09-11 00:01:00,CME_MINI:NQ1!,29085.0,29090.25,29076.5,29085.25,268.0,2026-09
2026-09-11 00:02:00,CME_MINI:NQ1!,29085.5,29099.5,29079.25,29095.25,388.0,2026-09
2026-09-11 00:03:00,CME_MINI:NQ1!,29096.0,29102.0,29093.0,29098.5,143.0,2026-09
2026-09-11 00:04:00,CME_MINI:NQ1!,29099.25,29099.75,29090.25,29093.5,123.0,2026-09
2026-09-11 00:05:00,CME_MINI:NQ1!,29093.25,29100.0,29091.75,29094.75,157.0,2026-09
2026-09-11 00:06:00,CME_MINI:NQ1!,29095.0,29116.75,29093.75,29116.75,393.0,2026-09
2026-09-11 00:07:00,CME_MINI:NQ1!,29118.5,29123.75,29115.25,29123.75,328.0,2026-09
2026-09-11 00:08:00,CME_MINI:NQ1!,29123.75,29127.75,29116.0,29116.0,229.0,2026-09
2026-09-11 00:09:00,CME_MINI:NQ1!,29116.25,29119.25,29107.25,29111.0,310.0,2026-09
2026-09-11 00:10:00,CME_MINI:NQ1!,29110.5,29114.25,29107.75,29107.75,170.0,2026-09
2026-09-11 00:11:00,CME_MINI:NQ1!,29107.0,29111.5,29106.5,29106.75,118.0,2026-09
2026-09-11 00:12:00,CME_MINI:NQ1!,29108.0,29121.75,29106.75,29117.5,182.0,2026-09
2026-09-11 00:13:00,CME_MINI:NQ1!,29117.75,29118.25,29110.75,29110.75,62.0,2026-09
2026-09-11 00:14:00,CME_MINI:NQ1!,29110.5,29111.75,29106.75,29108.5,87.0,2026-09
2026-09-11 00:15:00,CME_MINI:NQ1!,29109.75,29116.25,29106.75,29110.25,119.0,2026-09
2026-09-11 00:16:00,CME_MINI:NQ1!,29109.0,29118.0,29107.0,29112.25,106.0,2026-09
2026-09-11 00:17:00,CME_MINI:NQ1!,29113.0,29117.0,29112.25,29116.25,74.0,2026-09
2026-09-11 00:18:00,CME_MINI:NQ1!,29115.5,29116.75,29103.25,29108.0,126.0,2026-09
2026-09-11 00:19:00,CME_MINI:NQ1!,29107.25,29109.75,29104.0,29106.75,100.0,2026-09
2026-09-11 00:20:00,CME_MINI:NQ1!,29107.0,29107.0,29095.0,29096.25,290.0,2026-09
2026-09-11 00:21:00,CME_MINI:NQ1!,29097.0,29105.5,29096.25,29100.0,123.0,2026-09
2026-09-11 00:22:00,CME_MINI:NQ1!,29099.25,29107.0,29099.25,29104.5,59.0,2026-09
2026-09-11 00:23:00,CME_MINI:NQ1!,29103.25,29129.0,29102.75,29127.75,347.0,2026-09
2026-09-11 00:24:00,CME_MINI:NQ1!,29126.0,29126.75,29120.0,29121.25,150.0,2026-09
2026-09-11 00:25:00,CME_MINI:NQ1!,29120.75,29124.25,29115.25,29121.75,126.0,2026-09
2026-09-11 00:26:00,CME_MINI:NQ1!,29120.5,29133.75,29118.0,29132.75,180.0,2026-09
2026-09-11 00:27:00,CME_MINI:NQ1!,29133.5,29144.25,29132.25,29138.0,289.0,2026-09
2026-09-11 00:28:00,CME_MINI:NQ1!,29138.25,29140.25,29132.75,29139.0,132.0,2026-09
2026-09-11 00:29:00,CME_MINI:NQ1!,29138.5,29144.75,29135.5,29138.5,109.0,2026-09
2026-09-11 00:30:00,CME_MINI:NQ1!,29138.25,29143.0,29132.75,29134.0,179.0,2026-09
2026-09-11 00:31:00,CME_MINI:NQ1!,29133.5,29133.5,29120.75,29126.75,236.0,2026-09
2026-09-11 00:32:00,CME_MINI:NQ1!,29126.25,29128.25,29120.5,29122.5,111.0,2026-09
2026-09-11 00:33:00,CME_MINI:NQ1!,29122.25,29124.0,29118.0,29122.75,55.0,2026-09
2026-09-11 00:34:00,CME_MINI:NQ1!,29123.5,29130.5,29121.25,29128.25,73.0,2026-09
2026-09-11 00:35:00,CME_MINI:NQ1!,29127.5,29140.0,29126.0,29140.0,160.0,2026-09
2026-09-11 00:36:00,CME_MINI:NQ1!,29139.0,29147.25,29137.0,29144.0,263.0,2026-09
2026-09-11 00:37:00,CME_MINI:NQ1!,29144.5,29154.0,29144.25,29154.0,266.0,2026-09
2026-09-11 00:38:00,CME_MINI:NQ1!,29152.75,29166.25,29151.25,29164.75,344.0,2026-09
2026-09-11 00:39:00,CME_MINI:NQ1!,29164.25,29165.25,29147.75,29149.5,319.0,2026-09
2026-09-11 00:40:00,CME_MINI:NQ1!,29149.5,29152.5,29146.0,29146.5,134.0,2026-09
2026-09-11 00:41:00,CME_MINI:NQ1!,29146.75,29146.75,29128.5,29129.25,229.0,2026-09
2026-09-11 00:42:00,CME_MINI:NQ1!,29129.5,29136.25,29119.0,29121.25,465.0,2026-09
2026-09-11 00:43:00,CME_MINI:NQ1!,29120.75,29125.75,29118.75,29123.0,197.0,2026-09
2026-09-11 00:44:00,CME_MINI:NQ1!,29124.25,29128.25,29122.75,29123.75,55.0,2026-09
2026-09-11 00:45:00,CME_MINI:NQ1!,29124.5,29135.25,29123.5,29132.0,135.0,2026-09
2026-09-11 00:46:00,CME_MINI:NQ1!,29132.75,29136.0,29130.0,29133.5,61.0,2026-09
2026-09-11 00:47:00,CME_MINI:NQ1!,29132.0,29136.75,29127.75,29136.75,92.0,2026-09
2026-09-11 00:48:00,CME_MINI:NQ1!,29135.5,29138.0,29131.75,29133.25,61.0,2026-09
2026-09-11 00:49:00,CME_MINI:NQ1!,29133.75,29139.25,29131.75,29135.0,66.0,2026-09
2026-09-11 00:50:00,CME_MINI:NQ1!,29138.5,29149.5,29136.5,29146.75,88.0,2026-09
2026-09-11 00:51:00,CME_MINI:NQ1!,29145.75,29149.0,29139.25,29142.5,107.0,2026-09
2026-09-11 00:52:00,CME_MINI:NQ1!,29142.0,29147.0,29141.75,29146.25,52.0,2026-09
2026-09-11 00:53:00,CME_MINI:NQ1!,29146.0,29152.0,29145.0,29151.75,60.0,2026-09
2026-09-11 00:54:00,CME_MINI:NQ1!,29151.5,29154.0,29149.75,29150.0,96.0,2026-09
2026-09-11 00:55:00,CME_MINI:NQ1!,29150.75,29152.5,29147.5,29148.75,75.0,2026-09
2026-09-11 00:56:00,CME_MINI:NQ1!,29149.75,29155.5,29149.0,29154.25,100.0,2026-09
2026-09-11 00:57:00,CME_MINI:NQ1!,29154.25,29156.0,29152.25,29152.75,59.0,2026-09
2026-09-11 00:58:00,CME_MINI:NQ1!,29154.75,29160.0,29153.0,29158.0,76.0,2026-09
2026-09-11 00:59:00,CME_MINI:NQ1!,29159.0,29163.5,29159.0,29161.0,155.0,2026-09
2026-09-11 01:00:00,CME_MINI:NQ1!,29159.75,29163.0,29154.5,29158.75,197.0,2026-09
2026-09-11 01:01:00,CME_MINI:NQ1!,29157.5,29160.75,29153.5,29156.75,118.0,2026-09
2026-09-11 01:02:00,CME_MINI:NQ1!,29156.75,29165.75,29155.75,29165.0,122.0,2026-09
2026-09-11 01:03:00,CME_MINI:NQ1!,29163.75,29171.5,29163.0,29168.5,255.0,2026-09
2026-09-11 01:04:00,CME_MINI:NQ1!,29167.25,29167.25,29160.0,29164.25,161.0,2026-09
2026-09-11 01:05:00,CME_MINI:NQ1!,29163.0,29163.0,29156.75,29158.25,100.0,2026-09
2026-09-11 01:06:00,CME_MINI:NQ1!,29157.5,29159.0,29154.75,29155.25,88.0,2026-09
2026-09-11 01:07:00,CME_MINI:NQ1!,29154.5,29158.25,29149.25,29153.0,263.0,2026-09
2026-09-11 01:08:00,CME_MINI:NQ1!,29153.5,29154.0,29148.25,29151.75,86.0,2026-09
2026-09-11 01:09:00,CME_MINI:NQ1!,29151.25,29161.0,29150.75,29157.5,114.0,2026-09
2026-09-11 01:10:00,CME_MINI:NQ1!,29156.0,29157.75,29152.25,29156.0,87.0,2026-09
2026-09-11 01:11:00,CME_MINI:NQ1!,29156.25,29160.0,29154.25,29159.5,66.0,2026-09
2026-09-11 01:12:00,CME_MINI:NQ1!,29159.5,29162.25,29155.25,29160.0,65.0,2026-09
2026-09-11 01:13:00,CME_MINI:NQ1!,29159.75,29165.25,29156.0,29157.5,104.0,2026-09
2026-09-11 01:14:00,CME_MINI:NQ1!,29155.5,29155.75,29146.5,29148.25,135.0,2026-09
2026-09-11 01:15:00,CME_MINI:NQ1!,29149.5,29150.0,29143.0,29146.5,135.0,2026-09
2026-09-11 01:16:00,CME_MINI:NQ1!,29146.25,29147.75,29139.0,29144.25,169.0,2026-09
2026-09-11 01:17:00,CME_MINI:NQ1!,29145.0,29147.75,29141.0,29142.5,76.0,2026-09
2026-09-11 01:18:00,CME_MINI:NQ1!,29142.25,29147.5,29141.0,29141.5,50.0,2026-09
2026-09-11 01:19:00,CME_MINI:NQ1!,29141.5,29144.5,29139.5,29141.5,77.0,2026-09
2026-09-11 01:20:00,CME_MINI:NQ1!,29142.0,29143.0,29139.25,29139.75,77.0,2026-09
2026-09-11 01:21:00,CME_MINI:NQ1!,29140.0,29140.25,29128.0,29129.5,243.0,2026-09
2026-09-11 01:22:00,CME_MINI:NQ1!,29129.25,29130.25,29125.0,29130.25,118.0,2026-09
2026-09-11 01:23:00,CME_MINI:NQ1!,29131.25,29131.75,29124.75,29129.5,73.0,2026-09
2026-09-11 01:24:00,CME_MINI:NQ1!,29129.0,29133.5,29127.5,29130.25,79.0,2026-09
2026-09-11 01:25:00,CME_MINI:NQ1!,29130.75,29137.0,29127.75,29134.5,125.0,2026-09
2026-09-11 01:26:00,CME_MINI:NQ1!,29134.0,29135.75,29130.25,29134.5,107.0,2026-09
2026-09-11 01:27:00,CME_MINI:NQ1!,29134.25,29136.5,29128.25,29136.25,104.0,2026-09
2026-09-11 01:28:00,CME_MINI:NQ1!,29136.75,29139.75,29133.75,29136.5,91.0,2026-09
2026-09-11 01:29:00,CME_MINI:NQ1!,29137.75,29139.75,29125.0,29125.5,150.0,2026-09
2026-09-11 01:30:00,CME_MINI:NQ1!,29126.5,29130.5,29122.75,29129.75,160.0,2026-09
2026-09-11 01:31:00,CME_MINI:NQ1!,29128.0,29133.75,29127.5,29132.5,81.0,2026-09
2026-09-11 01:32:00,CME_MINI:NQ1!,29132.0,29134.0,29129.5,29131.0,105.0,2026-09
2026-09-11 01:33:00,CME_MINI:NQ1!,29133.0,29137.5,29127.25,29129.25,91.0,2026-09
2026-09-11 01:34:00,CME_MINI:NQ1!,29129.25,29131.0,29124.25,29127.25,111.0,2026-09
2026-09-11 01:35:00,CME_MINI:NQ1!,29127.75,29138.25,29127.75,29137.5,98.0,2026-09
2026-09-11 01:36:00,CME_MINI:NQ1!,29137.0,29138.25,29124.0,29125.25,114.0,2026-09
2026-09-11 01:37:00,CME_MINI:NQ1!,29125.5,29129.0,29123.75,29124.5,82.0,2026-09
2026-09-11 01:38:00,CME_MINI:NQ1!,29125.75,29130.0,29120.25,29121.0,105.0,2026-09
2026-09-11 01:39:00,CME_MINI:NQ1!,29120.25,29122.75,29115.75,29120.75,124.0,2026-09
2026-09-11 01:40:00,CME_MINI:NQ1!,29120.25,29120.5,29113.0,29113.0,89.0,2026-09
2026-09-11 01:41:00,CME_MINI:NQ1!,29112.25,29114.25,29109.0,29112.25,205.0,2026-09
2026-09-11 01:42:00,CME_MINI:NQ1!,29112.75,29115.75,29111.0,29113.25,126.0,2026-09
2026-09-11 01:43:00,CME_MINI:NQ1!,29112.5,29117.0,29111.75,29114.75,83.0,2026-09
2026-09-11 01:44:00,CME_MINI:NQ1!,29115.75,29120.25,29113.75,29118.5,88.0,2026-09
2026-09-11 01:45:00,CME_MINI:NQ1!,29119.75,29119.75,29107.75,29111.0,134.0,2026-09
2026-09-11 01:46:00,CME_MINI:NQ1!,29110.25,29111.5,29106.5,29108.75,148.0,2026-09
2026-09-11 01:47:00,CME_MINI:NQ1!,29109.75,29109.75,29105.0,29106.75,85.0,2026-09
2026-09-11 01:48:00,CME_MINI:NQ1!,29107.75,29114.25,29106.5,29112.75,84.0,2026-09
2026-09-11 01:49:00,CME_MINI:NQ1!,29112.25,29114.5,29108.0,29109.75,82.0,2026-09
2026-09-11 01:50:00,CME_MINI:NQ1!,29109.0,29111.5,29105.75,29111.5,82.0,2026-09
2026-09-11 01:51:00,CME_MINI:NQ1!,29110.75,29111.75,29103.5,29107.5,91.0,2026-09
2026-09-11 01:52:00,CME_MINI:NQ1!,29107.5,29115.25,29107.5,29114.25,75.0,2026-09
2026-09-11 01:53:00,CME_MINI:NQ1!,29113.0,29113.25,29109.25,29109.5,20.0,2026-09
2026-09-11 01:54:00,CME_MINI:NQ1!,29108.75,29112.0,29108.0,29111.0,14.0,2026-09
2026-09-11 01:55:00,CME_MINI:NQ1!,29112.0,29115.25,29111.5,29112.75,65.0,2026-09
2026-09-11 01:56:00,CME_MINI:NQ1!,29114.0,29117.25,29111.0,29116.0,92.0,2026-09
2026-09-11 01:57:00,CME_MINI:NQ1!,29115.75,29122.25,29110.0,29119.5,118.0,2026-09
2026-09-11 01:58:00,CME_MINI:NQ1!,29120.25,29122.5,29117.0,29120.75,61.0,2026-09
2026-09-11 01:59:00,CME_MINI:NQ1!,29121.0,29130.0,29117.5,29128.75,220.0,2026-09
2026-09-11 02:00:00,CME_MINI:NQ1!,29129.5,29138.5,29129.25,29133.75,318.0,2026-09
2026-09-11 02:01:00,CME_MINI:NQ1!,29134.0,29135.75,29129.25,29132.25,114.0,2026-09
2026-09-11 02:02:00,CME_MINI:NQ1!,29131.75,29132.25,29122.5,29125.25,112.0,2026-09
2026-09-11 02:03:00,CME_MINI:NQ1!,29125.5,29129.0,29122.5,29124.25,102.0,2026-09
2026-09-11 02:04:00,CME_MINI:NQ1!,29124.0,29130.75,29124.0,29126.75,56.0,2026-09
2026-09-11 02:05:00,CME_MINI:NQ1!,29128.0,29136.5,29125.0,29126.0,155.0,2026-09
2026-09-11 02:06:00,CME_MINI:NQ1!,29126.25,29129.25,29124.25,29124.5,50.0,2026-09
2026-09-11 02:07:00,CME_MINI:NQ1!,29125.0,29127.75,29120.75,29122.25,108.0,2026-09
2026-09-11 02:08:00,CME_MINI:NQ1!,29123.0,29132.5,29121.75,29128.0,110.0,2026-09
2026-09-11 02:09:00,CME_MINI:NQ1!,29127.75,29128.75,29124.0,29125.25,35.0,2026-09
2026-09-11 02:10:00,CME_MINI:NQ1!,29128.0,29131.75,29127.25,29129.75,32.0,2026-09
2026-09-11 02:11:00,CME_MINI:NQ1!,29128.75,29130.75,29125.0,29126.75,44.0,2026-09
2026-09-11 02:12:00,CME_MINI:NQ1!,29128.75,29129.25,29127.0,29128.0,24.0,2026-09
2026-09-11 02:13:00,CME_MINI:NQ1!,29130.0,29135.5,29130.0,29134.5,78.0,2026-09
2026-09-11 02:14:00,CME_MINI:NQ1!,29134.0,29134.0,29129.5,29131.75,46.0,2026-09
2026-09-11 02:15:00,CME_MINI:NQ1!,29131.25,29132.0,29124.5,29124.75,165.0,2026-09
2026-09-11 02:16:00,CME_MINI:NQ1!,29124.75,29130.25,29124.0,29130.25,98.0,2026-09
2026-09-11 02:17:00,CME_MINI:NQ1!,29129.0,29129.25,29113.25,29114.75,194.0,2026-09
2026-09-11 02:18:00,CME_MINI:NQ1!,29116.0,29118.25,29114.0,29115.75,94.0,2026-09
2026-09-11 02:19:00,CME_MINI:NQ1!,29116.75,29120.25,29115.25,29118.5,76.0,2026-09
2026-09-11 02:20:00,CME_MINI:NQ1!,29118.5,29126.5,29116.5,29122.75,80.0,2026-09
2026-09-11 02:21:00,CME_MINI:NQ1!,29123.75,29126.25,29122.0,29126.25,54.0,2026-09
2026-09-11 02:22:00,CME_MINI:NQ1!,29121.0,29124.25,29120.0,29120.0,14.0,2026-09
2026-09-11 02:23:00,CME_MINI:NQ1!,29119.25,29119.25,29113.5,29115.75,130.0,2026-09
2026-09-11 02:24:00,CME_MINI:NQ1!,29115.75,29116.5,29112.5,29114.25,56.0,2026-09
2026-09-11 02:25:00,CME_MINI:NQ1!,29114.25,29115.5,29108.0,29114.25,207.0,2026-09
2026-09-11 02:26:00,CME_MINI:NQ1!,29111.75,29115.75,29100.0,29106.75,253.0,2026-09
2026-09-11 02:27:00,CME_MINI:NQ1!,29106.5,29107.75,29098.5,29106.0,197.0,2026-09
2026-09-11 02:28:00,CME_MINI:NQ1!,29106.0,29108.75,29103.5,29103.75,124.0,2026-09
2026-09-11 02:29:00,CME_MINI:NQ1!,29103.0,29108.0,29102.75,29107.25,83.0,2026-09
2026-09-11 02:30:00,CME_MINI:NQ1!,29107.25,29109.25,29101.5,29102.0,119.0,2026-09
2026-09-11 02:31:00,CME_MINI:NQ1!,29103.0,29105.25,29092.5,29093.25,234.0,2026-09
2026-09-11 02:32:00,CME_MINI:NQ1!,29093.5,29094.0,29082.5,29084.0,368.0,2026-09
2026-09-11 02:33:00,CME_MINI:NQ1!,29084.25,29088.5,29084.25,29086.25,100.0,2026-09
2026-09-11 02:34:00,CME_MINI:NQ1!,29086.0,29090.0,29083.75,29089.0,61.0,2026-09
2026-09-11 02:35:00,CME_MINI:NQ1!,29088.25,29092.25,29087.75,29090.75,76.0,2026-09
2026-09-11 02:36:00,CME_MINI:NQ1!,29090.25,29094.75,29090.25,29092.5,66.0,2026-09
2026-09-11 02:37:00,CME_MINI:NQ1!,29093.5,29099.75,29090.75,29091.5,145.0,2026-09
2026-09-11 02:38:00,CME_MINI:NQ1!,29090.75,29098.0,29089.75,29098.0,59.0,2026-09
2026-09-11 02:39:00,CME_MINI:NQ1!,29097.75,29106.5,29097.0,29103.0,119.0,2026-09
2026-09-11 02:40:00,CME_MINI:NQ1!,29101.75,29106.5,29100.5,29105.25,76.0,2026-09
2026-09-11 02:41:00,CME_MINI:NQ1!,29105.0,29106.25,29099.5,29100.25,68.0,2026-09
2026-09-11 02:42:00,CME_MINI:NQ1!,29102.25,29102.25,29094.25,29096.25,80.0,2026-09
2026-09-11 02:43:00,CME_MINI:NQ1!,29095.0,29095.5,29082.25,29085.75,150.0,2026-09
2026-09-11 02:44:00,CME_MINI:NQ1!,29086.25,29088.0,29084.75,29086.5,54.0,2026-09
2026-09-11 02:45:00,CME_MINI:NQ1!,29086.25,29097.5,29083.75,29084.0,201.0,2026-09
2026-09-11 02:46:00,CME_MINI:NQ1!,29083.5,29091.5,29083.5,29090.25,91.0,2026-09
2026-09-11 02:47:00,CME_MINI:NQ1!,29089.0,29097.25,29086.0,29094.5,67.0,2026-09
2026-09-11 02:48:00,CME_MINI:NQ1!,29094.75,29105.5,29091.0,29105.5,126.0,2026-09
2026-09-11 02:49:00,CME_MINI:NQ1!,29105.5,29109.75,29105.25,29108.25,179.0,2026-09
2026-09-11 02:50:00,CME_MINI:NQ1!,29108.25,29111.5,29107.25,29108.5,100.0,2026-09
2026-09-11 02:51:00,CME_MINI:NQ1!,29109.25,29111.25,29104.5,29107.0,70.0,2026-09
2026-09-11 02:52:00,CME_MINI:NQ1!,29106.25,29106.75,29098.0,29099.5,102.0,2026-09
2026-09-11 02:53:00,CME_MINI:NQ1!,29099.0,29102.25,29093.75,29093.75,45.0,2026-09
2026-09-11 02:54:00,CME_MINI:NQ1!,29093.0,29095.0,29087.75,29088.5,103.0,2026-09
2026-09-11 02:55:00,CME_MINI:NQ1!,29088.75,29089.75,29083.25,29089.75,115.0,2026-09
2026-09-11 02:56:00,CME_MINI:NQ1!,29090.0,29094.0,29088.0,29090.75,71.0,2026-09
2026-09-11 02:57:00,CME_MINI:NQ1!,29092.0,29094.5,29088.25,29092.5,67.0,2026-09
2026-09-11 02:58:00,CME_MINI:NQ1!,29091.75,29092.5,29090.0,29090.0,20.0,2026-09
2026-09-11 02:59:00,CME_MINI:NQ1!,29091.0,29095.25,29090.75,29093.25,32.0,2026-09
2026-09-11 03:00:00,CME_MINI:NQ1!,29092.0,29093.75,29081.75,29091.25,191.0,2026-09
2026-09-11 03:01:00,CME_MINI:NQ1!,29088.75,29094.0,29088.0,29092.25,81.0,2026-09
2026-09-11 03:02:00,CME_MINI:NQ1!,29093.25,29096.25,29092.75,29095.25,73.0,2026-09
2026-09-11 03:03:00,CME_MINI:NQ1!,29095.0,29096.75,29093.75,29096.25,34.0,2026-09
2026-09-11 03:04:00,CME_MINI:NQ1!,29094.75,29096.25,29085.75,29086.25,65.0,2026-09
2026-09-11 03:05:00,CME_MINI:NQ1!,29086.0,29087.5,29078.5,29080.0,235.0,2026-09
2026-09-11 03:06:00,CME_MINI:NQ1!,29079.0,29082.0,29076.75,29080.25,51.0,2026-09
2026-09-11 03:07:00,CME_MINI:NQ1!,29079.75,29080.0,29075.75,29075.75,85.0,2026-09
2026-09-11 03:08:00,CME_MINI:NQ1!,29076.0,29079.75,29075.5,29078.25,62.0,2026-09
2026-09-11 03:09:00,CME_MINI:NQ1!,29079.0,29081.75,29077.5,29077.5,53.0,2026-09
2026-09-11 03:10:00,CME_MINI:NQ1!,29077.75,29081.0,29074.25,29076.25,83.0,2026-09
2026-09-11 03:11:00,CME_MINI:NQ1!,29075.25,29076.75,29065.5,29066.5,174.0,2026-09
2026-09-11 03:12:00,CME_MINI:NQ1!,29067.0,29069.25,29061.75,29066.5,253.0,2026-09
2026-09-11 03:13:00,CME_MINI:NQ1!,29065.75,29067.5,29063.75,29066.5,88.0,2026-09
2026-09-11 03:14:00,CME_MINI:NQ1!,29067.0,29078.75,29067.0,29076.0,132.0,2026-09
2026-09-11 03:15:00,CME_MINI:NQ1!,29076.75,29080.0,29075.25,29079.0,64.0,2026-09
2026-09-11 03:16:00,CME_MINI:NQ1!,29079.5,29084.0,29078.75,29080.0,82.0,2026-09
2026-09-11 03:17:00,CME_MINI:NQ1!,29079.75,29081.5,29073.0,29078.25,73.0,2026-09
2026-09-11 03:18:00,CME_MINI:NQ1!,29076.75,29082.0,29076.5,29082.0,28.0,2026-09
2026-09-11 03:19:00,CME_MINI:NQ1!,29082.25,29082.25,29078.75,29080.25,33.0,2026-09
2026-09-11 03:20:00,CME_MINI:NQ1!,29080.0,29082.5,29079.0,29081.5,36.0,2026-09
2026-09-11 03:21:00,CME_MINI:NQ1!,29078.75,29078.75,29064.25,29066.25,177.0,2026-09
2026-09-11 03:22:00,CME_MINI:NQ1!,29066.75,29068.75,29063.25,29063.75,111.0,2026-09
2026-09-11 03:23:00,CME_MINI:NQ1!,29063.75,29068.25,29062.75,29066.0,155.0,2026-09
2026-09-11 03:24:00,CME_MINI:NQ1!,29065.0,29068.75,29065.0,29066.75,23.0,2026-09
2026-09-11 03:25:00,CME_MINI:NQ1!,29067.0,29071.75,29066.5,29070.25,64.0,2026-09
2026-09-11 03:26:00,CME_MINI:NQ1!,29071.25,29075.25,29068.25,29072.25,115.0,2026-09
2026-09-11 03:27:00,CME_MINI:NQ1!,29072.5,29077.75,29071.0,29075.0,46.0,2026-09
2026-09-11 03:28:00,CME_MINI:NQ1!,29077.5,29081.25,29072.5,29074.75,113.0,2026-09
2026-09-11 03:29:00,CME_MINI:NQ1!,29074.5,29077.0,29071.25,29071.25,44.0,2026-09
2026-09-11 03:30:00,CME_MINI:NQ1!,29071.5,29072.0,29063.0,29065.0,174.0,2026-09
2026-09-11 03:31:00,CME_MINI:NQ1!,29064.25,29066.25,29057.5,29061.75,242.0,2026-09
2026-09-11 03:32:00,CME_MINI:NQ1!,29059.75,29062.0,29052.0,29055.0,210.0,2026-09
2026-09-11 03:33:00,CME_MINI:NQ1!,29055.0,29055.25,29048.5,29055.0,215.0,2026-09
2026-09-11 03:34:00,CME_MINI:NQ1!,29052.25,29060.0,29050.0,29059.0,113.0,2026-09
2026-09-11 03:35:00,CME_MINI:NQ1!,29059.75,29061.25,29057.0,29057.5,79.0,2026-09
2026-09-11 03:36:00,CME_MINI:NQ1!,29057.5,29069.5,29057.5,29068.75,182.0,2026-09
2026-09-11 03:37:00,CME_MINI:NQ1!,29069.5,29074.25,29066.75,29068.5,105.0,2026-09
2026-09-11 03:38:00,CME_MINI:NQ1!,29067.75,29072.25,29065.5,29066.5,119.0,2026-09
2026-09-11 03:39:00,CME_MINI:NQ1!,29067.75,29070.25,29062.0,29063.0,50.0,2026-09
2026-09-11 03:40:00,CME_MINI:NQ1!,29061.5,29072.75,29060.0,29070.25,98.0,2026-09
2026-09-11 03:41:00,CME_MINI:NQ1!,29068.75,29080.0,29068.75,29075.25,173.0,2026-09
2026-09-11 03:42:00,CME_MINI:NQ1!,29076.25,29089.25,29076.25,29087.0,240.0,2026-09
2026-09-11 03:43:00,CME_MINI:NQ1!,29085.0,29089.5,29083.5,29084.75,109.0,2026-09
2026-09-11 03:44:00,CME_MINI:NQ1!,29086.5,29087.25,29082.0,29085.5,77.0,2026-09
2026-09-11 03:45:00,CME_MINI:NQ1!,29086.5,29088.25,29073.75,29076.25,117.0,2026-09
2026-09-11 03:46:00,CME_MINI:NQ1!,29075.75,29077.25,29070.0,29072.25,143.0,2026-09
2026-09-11 03:47:00,CME_MINI:NQ1!,29072.5,29074.25,29062.0,29063.75,185.0,2026-09
2026-09-11 03:48:00,CME_MINI:NQ1!,29064.25,29067.75,29058.5,29060.0,151.0,2026-09
2026-09-11 03:49:00,CME_MINI:NQ1!,29060.0,29060.75,29054.0,29057.0,95.0,2026-09
2026-09-11 03:50:00,CME_MINI:NQ1!,29056.75,29056.75,29052.25,29055.75,92.0,2026-09
2026-09-11 03:51:00,CME_MINI:NQ1!,29056.0,29056.5,29050.75,29054.0,124.0,2026-09
2026-09-11 03:52:00,CME_MINI:NQ1!,29052.5,29054.25,29051.25,29052.0,40.0,2026-09
2026-09-11 12:40:00,CME_MINI:NQ1!,29364.25,29379.5,29360.75,29369.75,710.0,2026-09
2026-09-11 12:41:00,CME_MINI:NQ1!,29370.0,29370.75,29350.5,29360.75,845.0,2026-09
2026-09-11 12:42:00,CME_MINI:NQ1!,29360.0,29364.0,29353.75,29359.25,481.0,2026-09
2026-09-11 12:43:00,CME_MINI:NQ1!,29359.0,29366.0,29344.75,29350.0,547.0,2026-09
2026-09-11 12:44:00,CME_MINI:NQ1!,29351.5,29359.5,29342.75,29356.5,399.0,2026-09
2026-09-11 12:45:00,CME_MINI:NQ1!,29357.25,29357.25,29343.0,29349.25,490.0,2026-09
2026-09-11 12:46:00,CME_MINI:NQ1!,29348.25,29373.25,29348.25,29371.0,642.0,2026-09
2026-09-11 12:47:00,CME_MINI:NQ1!,29370.75,29380.75,29365.0,29377.5,645.0,2026-09
2026-09-11 12:48:00,CME_MINI:NQ1!,29378.0,29389.75,29374.5,29389.75,600.0,2026-09
2026-09-11 12:49:00,CME_MINI:NQ1!,29388.75,29403.25,29387.75,29394.5,846.0,2026-09
2026-09-11 12:50:00,CME_MINI:NQ1!,29394.5,29413.5,29393.5,29410.5,861.0,2026-09
2026-09-11 12:51:00,CME_MINI:NQ1!,29412.0,29416.25,29407.75,29415.5,649.0,2026-09
2026-09-11 12:52:00,CME_MINI:NQ1!,29415.5,29432.75,29413.25,29429.25,916.0,2026-09
2026-09-11 12:53:00,CME_MINI:NQ1!,29429.25,29438.5,29424.0,29438.25,711.0,2026-09
2026-09-11 12:54:00,CME_MINI:NQ1!,29437.5,29446.5,29436.25,29437.25,699.0,2026-09
2026-09-11 12:55:00,CME_MINI:NQ1!,29436.75,29450.0,29433.5,29448.5,613.0,2026-09
2026-09-11 12:56:00,CME_MINI:NQ1!,29448.75,29450.0,29441.0,29446.75,691.0,2026-09
2026-09-11 12:57:00,CME_MINI:NQ1!,29445.25,29462.0,29444.75,29462.0,895.0,2026-09
2026-09-11 12:58:00,CME_MINI:NQ1!,29459.75,29472.5,29453.0,29469.75,676.0,2026-09
2026-09-11 12:59:00,CME_MINI:NQ1!,29469.5,29475.75,29468.0,29469.5,621.0,2026-09
2026-09-11 13:00:00,CME_MINI:NQ1!,29468.75,29500.25,29468.0,29489.5,1799.0,2026-09
2026-09-11 13:01:00,CME_MINI:NQ1!,29489.25,29493.25,29480.5,29486.75,833.0,2026-09
2026-09-11 13:02:00,CME_MINI:NQ1!,29486.25,29486.25,29473.75,29477.75,622.0,2026-09
2026-09-11 13:03:00,CME_MINI:NQ1!,29477.75,29482.5,29472.25,29475.25,648.0,2026-09
2026-09-11 13:04:00,CME_MINI:NQ1!,29476.75,29481.0,29467.0,29469.25,780.0,2026-09
2026-09-11 13:05:00,CME_MINI:NQ1!,29469.75,29478.25,29461.25,29475.25,619.0,2026-09
2026-09-11 13:06:00,CME_MINI:NQ1!,29476.5,29483.75,29471.0,29475.75,588.0,2026-09
2026-09-11 13:07:00,CME_MINI:NQ1!,29474.0,29474.25,29461.5,29462.25,647.0,2026-09
2026-09-11 13:08:00,CME_MINI:NQ1!,29463.0,29464.25,29454.25,29459.25,839.0,2026-09
2026-09-11 13:09:00,CME_MINI:NQ1!,29459.25,29460.75,29446.75,29452.0,772.0,2026-09
2026-09-11 13:10:00,CME_MINI:NQ1!,29452.25,29457.5,29449.0,29451.0,366.0,2026-09
2026-09-11 13:11:00,CME_MINI:NQ1!,29451.5,29451.75,29445.0,29447.0,338.0,2026-09
2026-09-11 13:12:00,CME_MINI:NQ1!,29446.5,29450.25,29442.5,29444.75,470.0,2026-09
2026-09-11 13:13:00,CME_MINI:NQ1!,29444.5,29445.0,29435.75,29437.75,538.0,2026-09
2026-09-11 13:14:00,CME_MINI:NQ1!,29437.0,29443.5,29434.75,29443.5,485.0,2026-09
2026-09-11 13:15:00,CME_MINI:NQ1!,29442.75,29448.25,29436.25,29437.75,620.0,2026-09
2026-09-11 13:16:00,CME_MINI:NQ1!,29438.25,29441.25,29434.25,29435.5,259.0,2026-09
2026-09-11 13:17:00,CME_MINI:NQ1!,29434.75,29437.0,29427.75,29430.0,423.0,2026-09
2026-09-11 13:18:00,CME_MINI:NQ1!,29429.75,29442.75,29428.75,29441.0,362.0,2026-09
2026-09-11 13:19:00,CME_MINI:NQ1!,29441.25,29441.75,29427.0,29430.25,309.0,2026-09
2026-09-11 13:20:00,CME_MINI:NQ1!,29430.25,29440.0,29430.25,29434.5,282.0,2026-09
2026-09-11 13:21:00,CME_MINI:NQ1!,29433.5,29436.0,29427.75,29430.0,263.0,2026-09
2026-09-11 13:22:00,CME_MINI:NQ1!,29430.0,29432.75,29424.25,29429.5,365.0,2026-09
2026-09-11 13:23:00,CME_MINI:NQ1!,29428.25,29432.5,29424.0,29430.25,241.0,2026-09
2026-09-11 13:24:00,CME_MINI:NQ1!,29430.25,29434.0,29429.0,29430.0,281.0,2026-09
2026-09-11 13:25:00,CME_MINI:NQ1!,29430.25,29432.75,29421.5,29428.0,652.0,2026-09
2026-09-11 13:26:00,CME_MINI:NQ1!,29427.0,29434.0,29425.25,29426.75,389.0,2026-09
2026-09-11 13:27:00,CME_MINI:NQ1!,29426.5,29427.5,29414.75,29416.0,542.0,2026-09
2026-09-11 13:28:00,CME_MINI:NQ1!,29416.5,29452.25,29416.5,29443.0,1674.0,2026-09
2026-09-11 13:29:00,CME_MINI:NQ1!,29442.0,29444.75,29416.75,29418.0,887.0,2026-09
2026-09-11 13:30:00,CME_MINI:NQ1!,29417.5,29418.25,29358.25,29379.0,5803.0,2026-09
2026-09-11 13:31:00,CME_MINI:NQ1!,29378.75,29378.75,29347.25,29362.75,3995.0,2026-09
2026-09-11 13:32:00,CME_MINI:NQ1!,29363.0,29389.0,29353.0,29368.5,3767.0,2026-09
2026-09-11 13:33:00,CME_MINI:NQ1!,29368.5,29415.0,29366.0,29406.5,3369.0,2026-09
2026-09-11 13:34:00,CME_MINI:NQ1!,29406.0,29426.25,29395.25,29419.25,2963.0,2026-09
2026-09-11 13:35:00,CME_MINI:NQ1!,29419.5,29431.75,29400.5,29408.75,3300.0,2026-09
2026-09-11 13:36:00,CME_MINI:NQ1!,29407.5,29408.5,29373.25,29375.5,3216.0,2026-09
2026-09-11 13:37:00,CME_MINI:NQ1!,29374.75,29417.25,29374.25,29408.5,3495.0,2026-09
2026-09-11 13:38:00,CME_MINI:NQ1!,29408.0,29413.0,29390.75,29411.0,2356.0,2026-09
2026-09-11 13:39:00,CME_MINI:NQ1!,29411.0,29413.75,29390.0,29400.75,1877.0,2026-09
2026-09-11 13:40:00,CME_MINI:NQ1!,29400.5,29416.75,29353.75,29394.25,4578.0,2026-09
2026-09-11 13:41:00,CME_MINI:NQ1!,29393.5,29440.0,29393.25,29421.25,3108.0,2026-09
2026-09-11 13:42:00,CME_MINI:NQ1!,29420.5,29421.5,29403.5,29411.0,2699.0,2026-09
2026-09-11 13:43:00,CME_MINI:NQ1!,29410.25,29420.0,29392.75,29407.25,2061.0,2026-09
2026-09-11 13:44:00,CME_MINI:NQ1!,29407.25,29433.75,29402.0,29433.75,2303.0,2026-09
2026-09-11 13:45:00,CME_MINI:NQ1!,29434.0,29443.0,29399.0,29440.0,2858.0,2026-09
2026-09-11 13:46:00,CME_MINI:NQ1!,29441.0,29472.0,29423.75,29440.25,4231.0,2026-09
2026-09-11 13:47:00,CME_MINI:NQ1!,29439.5,29442.5,29424.75,29435.25,1734.0,2026-09
2026-09-11 13:48:00,CME_MINI:NQ1!,29434.25,29442.5,29407.5,29410.75,2049.0,2026-09
2026-09-11 13:49:00,CME_MINI:NQ1!,29410.25,29443.0,29409.5,29434.5,1689.0,2026-09
2026-09-11 13:50:00,CME_MINI:NQ1!,29435.5,29445.5,29423.5,29426.75,1565.0,2026-09
2026-09-11 13:51:00,CME_MINI:NQ1!,29428.25,29428.5,29405.0,29418.5,1830.0,2026-09
2026-09-11 13:52:00,CME_MINI:NQ1!,29417.25,29422.25,29379.25,29394.75,2453.0,2026-09
2026-09-11 13:53:00,CME_MINI:NQ1!,29395.0,29410.25,29388.25,29409.75,2246.0,2026-09
2026-09-11 13:54:00,CME_MINI:NQ1!,29410.25,29426.5,29403.0,29426.5,1880.0,2026-09
2026-09-11 13:55:00,CME_MINI:NQ1!,29426.75,29433.0,29415.5,29431.25,1392.0,2026-09
2026-09-11 13:56:00,CME_MINI:NQ1!,29432.0,29440.5,29429.0,29435.0,1182.0,2026-09
2026-09-11 13:57:00,CME_MINI:NQ1!,29435.25,29440.5,29423.0,29440.5,1209.0,2026-09
2026-09-11 13:58:00,CME_MINI:NQ1!,29440.25,29455.0,29436.0,29453.25,1798.0,2026-09
2026-09-11 13:59:00,CME_MINI:NQ1!,29453.25,29480.75,29449.0,29472.75,1519.0,2026-09
2026-09-11 14:00:00,CME_MINI:NQ1!,29473.0,29473.25,29440.75,29451.25,2918.0,2026-09
2026-09-11 14:01:00,CME_MINI:NQ1!,29450.75,29469.0,29430.75,29431.0,2450.0,2026-09
2026-09-11 14:02:00,CME_MINI:NQ1!,29431.5,29437.25,29421.0,29436.0,1795.0,2026-09
2026-09-11 14:03:00,CME_MINI:NQ1!,29436.0,29438.5,29408.25,29410.0,2503.0,2026-09
2026-09-11 14:04:00,CME_MINI:NQ1!,29410.75,29418.0,29386.5,29392.5,1788.0,2026-09
2026-09-11 14:05:00,CME_MINI:NQ1!,29392.0,29408.5,29388.0,29389.0,1829.0,2026-09
2026-09-11 14:06:00,CME_MINI:NQ1!,29388.75,29395.0,29369.0,29374.0,2336.0,2026-09
2026-09-11 14:07:00,CME_MINI:NQ1!,29374.0,29382.75,29365.0,29378.0,1749.0,2026-09
2026-09-11 14:08:00,CME_MINI:NQ1!,29378.5,29392.0,29369.0,29375.75,1536.0,2026-09
2026-09-11 14:09:00,CME_MINI:NQ1!,29374.5,29393.75,29367.0,29393.75,1481.0,2026-09
2026-09-11 14:10:00,CME_MINI:NQ1!,29393.0,29424.25,29388.75,29410.0,2972.0,2026-09
2026-09-11 14:11:00,CME_MINI:NQ1!,29410.0,29412.0,29383.25,29405.25,1722.0,2026-09
2026-09-11 14:12:00,CME_MINI:NQ1!,29405.25,29405.75,29378.75,29395.25,2293.0,2026-09
2026-09-11 14:13:00,CME_MINI:NQ1!,29395.5,29407.25,29384.0,29395.0,1405.0,2026-09
2026-09-11 14:14:00,CME_MINI:NQ1!,29396.75,29405.0,29386.25,29397.75,2380.0,2026-09
2026-09-11 14:15:00,CME_MINI:NQ1!,29397.0,29407.75,29392.5,29397.25,1237.0,2026-09
2026-09-11 14:16:00,CME_MINI:NQ1!,29397.0,29406.0,29380.75,29382.75,1181.0,2026-09
2026-09-11 14:17:00,CME_MINI:NQ1!,29382.5,29387.5,29373.25,29382.25,1090.0,2026-09
2026-09-11 14:18:00,CME_MINI:NQ1!,29380.5,29420.0,29374.0,29415.75,1444.0,2026-09
2026-09-11 14:19:00,CME_MINI:NQ1!,29416.5,29441.0,29413.0,29438.75,1509.0,2026-09
2026-09-11 14:20:00,CME_MINI:NQ1!,29439.25,29455.5,29433.0,29451.0,1540.0,2026-09
2026-09-11 14:21:00,CME_MINI:NQ1!,29452.25,29458.0,29442.0,29452.5,1114.0,2026-09
2026-09-11 14:22:00,CME_MINI:NQ1!,29453.0,29461.75,29441.75,29458.75,1165.0,2026-09
2026-09-11 14:23:00,CME_MINI:NQ1!,29458.75,29460.0,29445.0,29447.75,1006.0,2026-09
2026-09-11 14:24:00,CME_MINI:NQ1!,29447.5,29455.5,29438.5,29444.25,872.0,2026-09
2026-09-11 14:25:00,CME_MINI:NQ1!,29444.0,29454.25,29441.0,29445.0,914.0,2026-09
2026-09-11 14:26:00,CME_MINI:NQ1!,29445.25,29461.0,29439.0,29453.25,1131.0,2026-09
2026-09-11 14:27:00,CME_MINI:NQ1!,29453.75,29466.5,29453.0,29454.75,1234.0,2026-09
2026-09-11 14:28:00,CME_MINI:NQ1!,29454.75,29464.25,29454.75,29461.25,653.0,2026-09
2026-09-11 14:29:00,CME_MINI:NQ1!,29462.75,29467.5,29451.0,29451.0,866.0,2026-09
2026-09-11 14:30:00,CME_MINI:NQ1!,29451.25,29455.25,29436.25,29443.0,1601.0,2026-09
2026-09-11 14:31:00,CME_MINI:NQ1!,29443.5,29453.0,29414.0,29414.75,1749.0,2026-09
2026-09-11 14:32:00,CME_MINI:NQ1!,29414.5,29426.5,29411.25,29426.0,1216.0,2026-09
2026-09-11 14:33:00,CME_MINI:NQ1!,29425.0,29428.75,29406.5,29423.75,1376.0,2026-09
2026-09-11 14:34:00,CME_MINI:NQ1!,29423.5,29426.25,29408.0,29413.5,1126.0,2026-09
2026-09-11 14:35:00,CME_MINI:NQ1!,29412.75,29412.75,29398.0,29404.25,1257.0,2026-09
2026-09-11 14:36:00,CME_MINI:NQ1!,29404.0,29404.0,29391.5,29395.25,1283.0,2026-09
2026-09-11 14:37:00,CME_MINI:NQ1!,29394.75,29406.0,29393.25,29398.75,1352.0,2026-09
2026-09-11 14:38:00,CME_MINI:NQ1!,29398.25,29398.75,29369.25,29378.5,1783.0,2026-09
2026-09-11 14:39:00,CME_MINI:NQ1!,29377.0,29389.5,29375.5,29384.75,1241.0,2026-09
2026-09-11 14:40:00,CME_MINI:NQ1!,29384.5,29410.0,29384.25,29396.25,1929.0,2026-09
2026-09-11 14:41:00,CME_MINI:NQ1!,29395.75,29401.5,29384.25,29390.5,953.0,2026-09
2026-09-11 14:42:00,CME_MINI:NQ1!,29390.25,29397.75,29381.25,29384.5,886.0,2026-09
2026-09-11 14:43:00,CME_MINI:NQ1!,29384.0,29388.5,29354.75,29354.75,1976.0,2026-09
2026-09-11 14:44:00,CME_MINI:NQ1!,29354.5,29373.75,29353.25,29372.0,1245.0,2026-09
2026-09-11 14:45:00,CME_MINI:NQ1!,29372.75,29382.0,29367.0,29381.5,1373.0,2026-09
2026-09-11 14:46:00,CME_MINI:NQ1!,29381.0,29381.25,29351.0,29354.5,1298.0,2026-09
2026-09-11 14:47:00,CME_MINI:NQ1!,29353.5,29361.0,29337.75,29344.0,1738.0,2026-09
2026-09-11 14:48:00,CME_MINI:NQ1!,29344.75,29393.5,29334.0,29370.0,4532.0,2026-09
2026-09-11 14:49:00,CME_MINI:NQ1!,29369.0,29400.75,29363.25,29398.75,2385.0,2026-09
2026-09-11 14:50:00,CME_MINI:NQ1!,29398.5,29401.0,29377.75,29384.0,1992.0,2026-09
2026-09-11 14:51:00,CME_MINI:NQ1!,29384.5,29395.0,29374.0,29385.5,1316.0,2026-09
2026-09-11 14:52:00,CME_MINI:NQ1!,29385.75,29391.0,29375.5,29375.5,766.0,2026-09
2026-09-11 14:53:00,CME_MINI:NQ1!,29375.75,29380.0,29367.0,29373.25,1083.0,2026-09
2026-09-11 14:54:00,CME_MINI:NQ1!,29373.25,29377.5,29367.25,29369.75,748.0,2026-09
2026-09-11 14:55:00,CME_MINI:NQ1!,29369.5,29371.0,29349.25,29356.25,1130.0,2026-09
2026-09-11 14:56:00,CME_MINI:NQ1!,29356.0,29361.75,29349.25,29355.5,911.0,2026-09
2026-09-11 14:57:00,CME_MINI:NQ1!,29355.75,29373.5,29352.0,29370.25,1063.0,2026-09
2026-09-11 14:58:00,CME_MINI:NQ1!,29371.25,29377.0,29361.25,29364.25,1311.0,2026-09
2026-09-11 14:59:00,CME_MINI:NQ1!,29364.5,29377.5,29357.25,29369.75,1025.0,2026-09
2026-09-11 15:00:00,CME_MINI:NQ1!,29370.75,29388.25,29361.0,29385.75,1394.0,2026-09
2026-09-11 15:01:00,CME_MINI:NQ1!,29386.0,29386.5,29372.25,29382.75,1020.0,2026-09
2026-09-11 15:02:00,CME_MINI:NQ1!,29381.5,29386.25,29372.5,29386.0,678.0,2026-09
2026-09-11 15:03:00,CME_MINI:NQ1!,29385.75,29394.25,29375.0,29394.25,851.0,2026-09
2026-09-11 15:04:00,CME_MINI:NQ1!,29393.5,29404.0,29381.0,29403.75,1011.0,2026-09
2026-09-11 15:05:00,CME_MINI:NQ1!,29403.75,29419.75,29400.5,29416.75,1362.0,2026-09
2026-09-11 15:06:00,CME_MINI:NQ1!,29417.0,29432.5,29416.75,29428.75,1219.0,2026-09
2026-09-11 15:07:00,CME_MINI:NQ1!,29429.25,29430.25,29418.0,29425.0,903.0,2026-09
2026-09-11 15:08:00,CME_MINI:NQ1!,29425.25,29425.5,29415.5,29416.75,758.0,2026-09
2026-09-11 15:09:00,CME_MINI:NQ1!,29417.25,29423.75,29412.0,29421.25,915.0,2026-09
2026-09-11 15:10:00,CME_MINI:NQ1!,29421.0,29425.75,29414.75,29420.0,846.0,2026-09
2026-09-11 15:11:00,CME_MINI:NQ1!,29420.0,29420.25,29405.75,29410.5,871.0,2026-09
2026-09-11 15:12:00,CME_MINI:NQ1!,29410.75,29412.5,29400.25,29400.75,718.0,2026-09
2026-09-11 15:13:00,CME_MINI:NQ1!,29400.75,29403.0,29375.25,29390.0,1435.0,2026-09
2026-09-11 15:14:00,CME_MINI:NQ1!,29390.5,29395.75,29386.5,29393.5,713.0,2026-09
2026-09-11 15:15:00,CME_MINI:NQ1!,29393.75,29428.25,29393.75,29426.5,1305.0,2026-09
2026-09-11 15:16:00,CME_MINI:NQ1!,29426.5,29445.5,29422.5,29441.75,1148.0,2026-09
2026-09-11 15:17:00,CME_MINI:NQ1!,29442.25,29443.5,29433.75,29438.25,803.0,2026-09
2026-09-11 15:18:00,CME_MINI:NQ1!,29437.75,29444.25,29434.25,29442.0,733.0,2026-09
2026-09-11 15:19:00,CME_MINI:NQ1!,29442.0,29444.75,29435.0,29438.75,682.0,2026-09
2026-09-11 15:20:00,CME_MINI:NQ1!,29439.25,29442.25,29436.0,29440.0,603.0,2026-09
2026-09-11 15:21:00,CME_MINI:NQ1!,29439.5,29449.0,29435.25,29446.0,885.0,2026-09
2026-09-11 15:22:00,CME_MINI:NQ1!,29445.5,29452.25,29439.25,29448.0,758.0,2026-09
2026-09-11 15:23:00,CME_MINI:NQ1!,29447.75,29451.0,29439.0,29441.75,850.0,2026-09
2026-09-11 15:24:00,CME_MINI:NQ1!,29442.25,29463.0,29441.75,29460.75,922.0,2026-09
2026-09-11 15:25:00,CME_MINI:NQ1!,29461.5,29463.75,29457.0,29458.75,919.0,2026-09
2026-09-11 15:26:00,CME_MINI:NQ1!,29459.25,29478.25,29459.25,29477.5,1667.0,2026-09
2026-09-11 15:27:00,CME_MINI:NQ1!,29477.5,29493.25,29476.5,29492.5,1811.0,2026-09
2026-09-11 15:28:00,CME_MINI:NQ1!,29492.5,29492.5,29481.75,29485.5,1039.0,2026-09
2026-09-11 15:29:00,CME_MINI:NQ1!,29485.75,29488.25,29482.75,29485.0,940.0,2026-09
2026-09-11 15:30:00,CME_MINI:NQ1!,29485.25,29490.0,29477.0,29489.0,1232.0,2026-09
2026-09-11 15:31:00,CME_MINI:NQ1!,29488.75,29492.25,29482.0,29486.75,995.0,2026-09
2026-09-11 15:32:00,CME_MINI:NQ1!,29487.0,29499.75,29485.75,29492.5,1261.0,2026-09
2026-09-11 15:33:00,CME_MINI:NQ1!,29492.5,29494.5,29485.0,29486.25,599.0,2026-09
2026-09-11 15:34:00,CME_MINI:NQ1!,29486.25,29490.0,29483.75,29485.25,708.0,2026-09
2026-09-11 15:35:00,CME_MINI:NQ1!,29485.25,29487.75,29471.25,29476.75,1097.0,2026-09
2026-09-11 15:36:00,CME_MINI:NQ1!,29476.5,29481.25,29473.0,29476.25,686.0,2026-09
2026-09-11 15:37:00,CME_MINI:NQ1!,29476.25,29480.25,29464.5,29467.75,788.0,2026-09
2026-09-11 15:38:00,CME_MINI:NQ1!,29467.75,29469.25,29462.75,29466.5,629.0,2026-09
2026-09-11 15:39:00,CME_MINI:NQ1!,29467.0,29483.0,29466.0,29475.5,788.0,2026-09
2026-09-11 15:40:00,CME_MINI:NQ1!,29475.25,29479.5,29467.0,29472.75,560.0,2026-09
2026-09-11 15:41:00,CME_MINI:NQ1!,29472.0,29477.5,29469.25,29472.25,354.0,2026-09
2026-09-11 15:42:00,CME_MINI:NQ1!,29471.75,29476.5,29470.25,29471.75,451.0,2026-09
2026-09-11 15:43:00,CME_MINI:NQ1!,29472.5,29484.25,29470.75,29480.0,744.0,2026-09
2026-09-11 15:44:00,CME_MINI:NQ1!,29480.25,29482.25,29477.5,29478.0,442.0,2026-09
2026-09-11 15:45:00,CME_MINI:NQ1!,29478.25,29478.75,29471.25,29471.25,635.0,2026-09
2026-09-11 15:46:00,CME_MINI:NQ1!,29471.75,29473.5,29464.25,29473.5,680.0,2026-09
2026-09-11 15:47:00,CME_MINI:NQ1!,29473.5,29475.5,29467.0,29468.75,508.0,2026-09
2026-09-11 15:48:00,CME_MINI:NQ1!,29467.75,29471.25,29461.75,29465.75,521.0,2026-09
2026-09-11 15:49:00,CME_MINI:NQ1!,29465.25,29476.75,29465.0,29469.25,875.0,2026-09
2026-09-11 15:50:00,CME_MINI:NQ1!,29470.75,29476.25,29467.0,29476.25,413.0,2026-09
2026-09-11 15:51:00,CME_MINI:NQ1!,29475.5,29475.75,29466.0,29468.75,314.0,2026-09
2026-09-11 15:52:00,CME_MINI:NQ1!,29466.5,29467.0,29460.0,29462.5,598.0,2026-09
2026-09-11 15:53:00,CME_MINI:NQ1!,29462.25,29462.25,29448.0,29449.0,977.0,2026-09
2026-09-11 15:54:00,CME_MINI:NQ1!,29448.75,29451.0,29442.25,29448.25,870.0,2026-09
2026-09-11 15:55:00,CME_MINI:NQ1!,29448.5,29451.25,29441.25,29442.5,641.0,2026-09
2026-09-11 15:56:00,CME_MINI:NQ1!,29442.75,29451.0,29441.5,29447.25,496.0,2026-09
2026-09-11 15:57:00,CME_MINI:NQ1!,29448.0,29461.5,29447.75,29452.0,700.0,2026-09
2026-09-11 15:58:00,CME_MINI:NQ1!,29451.5,29457.5,29447.5,29457.0,776.0,2026-09
2026-09-11 15:59:00,CME_MINI:NQ1!,29457.25,29457.5,29450.0,29450.0,565.0,2026-09
2026-09-11 16:00:00,CME_MINI:NQ1!,29450.25,29462.75,29450.25,29455.0,683.0,2026-09
2026-09-11 16:01:00,CME_MINI:NQ1!,29454.75,29471.75,29454.75,29469.25,672.0,2026-09
2026-09-11 16:02:00,CME_MINI:NQ1!,29470.0,29480.5,29467.0,29479.75,610.0,2026-09
2026-09-11 16:03:00,CME_MINI:NQ1!,29479.25,29482.25,29466.5,29467.25,742.0,2026-09
2026-09-11 16:04:00,CME_MINI:NQ1!,29466.75,29482.0,29466.5,29481.75,604.0,2026-09
2026-09-11 16:05:00,CME_MINI:NQ1!,29482.0,29485.25,29480.0,29481.75,448.0,2026-09
2026-09-11 16:06:00,CME_MINI:NQ1!,29482.25,29484.25,29475.5,29478.0,440.0,2026-09
2026-09-11 16:07:00,CME_MINI:NQ1!,29478.0,29479.0,29464.25,29465.5,589.0,2026-09
2026-09-11 16:08:00,CME_MINI:NQ1!,29465.5,29469.25,29460.5,29464.25,506.0,2026-09
2026-09-11 16:09:00,CME_MINI:NQ1!,29464.0,29471.0,29463.25,29469.5,308.0,2026-09
2026-09-11 16:10:00,CME_MINI:NQ1!,29469.25,29473.0,29461.0,29462.5,444.0,2026-09
2026-09-11 16:11:00,CME_MINI:NQ1!,29462.5,29467.5,29462.25,29464.75,237.0,2026-09
2026-09-11 16:12:00,CME_MINI:NQ1!,29465.5,29465.75,29456.0,29459.25,478.0,2026-09
2026-09-11 16:13:00,CME_MINI:NQ1!,29459.25,29459.25,29446.0,29446.5,683.0,2026-09
2026-09-11 16:14:00,CME_MINI:NQ1!,29447.5,29450.5,29445.0,29448.0,464.0,2026-09
2026-09-11 16:15:00,CME_MINI:NQ1!,29447.75,29452.25,29441.5,29444.25,542.0,2026-09
2026-09-11 16:16:00,CME_MINI:NQ1!,29444.25,29446.5,29436.5,29438.0,721.0,2026-09
2026-09-11 16:17:00,CME_MINI:NQ1!,29438.25,29445.0,29437.25,29438.25,523.0,2026-09
2026-09-11 16:18:00,CME_MINI:NQ1!,29438.75,29442.75,29433.75,29437.5,454.0,2026-09
2026-09-11 16:19:00,CME_MINI:NQ1!,29437.75,29444.5,29435.75,29438.5,434.0,2026-09
2026-09-11 16:20:00,CME_MINI:NQ1!,29438.75,29442.75,29429.5,29430.0,523.0,2026-09
2026-09-11 16:21:00,CME_MINI:NQ1!,29430.0,29437.5,29429.0,29432.0,455.0,2026-09
2026-09-11 16:22:00,CME_MINI:NQ1!,29432.25,29432.5,29423.0,29426.75,655.0,2026-09
2026-09-11 16:23:00,CME_MINI:NQ1!,29426.0,29430.0,29421.5,29426.0,584.0,2026-09
2026-09-11 16:24:00,CME_MINI:NQ1!,29426.0,29429.25,29422.5,29426.0,286.0,2026-09
2026-09-11 16:25:00,CME_MINI:NQ1!,29426.0,29432.5,29422.75,29424.0,643.0,2026-09
2026-09-11 16:26:00,CME_MINI:NQ1!,29424.0,29430.25,29420.0,29423.0,554.0,2026-09
2026-09-11 16:27:00,CME_MINI:NQ1!,29423.25,29435.0,29422.75,29430.25,898.0,2026-09
2026-09-11 16:28:00,CME_MINI:NQ1!,29429.75,29436.0,29428.5,29433.25,438.0,2026-09
2026-09-11 16:29:00,CME_MINI:NQ1!,29432.75,29434.0,29397.75,29402.75,3113.0,2026-09
2026-09-11 16:30:00,CME_MINI:NQ1!,29402.0,29418.0,29395.25,29416.25,1685.0,2026-09
2026-09-11 16:31:00,CME_MINI:NQ1!,29415.75,29416.25,29406.25,29409.0,777.0,2026-09
2026-09-11 16:32:00,CME_MINI:NQ1!,29408.75,29421.25,29398.5,29417.5,1259.0,2026-09
2026-09-11 16:33:00,CME_MINI:NQ1!,29418.25,29439.5,29418.25,29439.5,885.0,2026-09
2026-09-11 16:34:00,CME_MINI:NQ1!,29439.75,29441.5,29427.25,29427.25,736.0,2026-09
2026-09-11 16:35:00,CME_MINI:NQ1!,29427.75,29429.0,29417.5,29419.0,575.0,2026-09
2026-09-11 16:36:00,CME_MINI:NQ1!,29419.0,29421.25,29410.5,29412.0,461.0,2026-09
2026-09-11 16:37:00,CME_MINI:NQ1!,29412.0,29417.0,29410.75,29416.25,329.0,2026-09
2026-09-11 16:38:00,CME_MINI:NQ1!,29416.5,29418.5,29402.5,29411.0,552.0,2026-09
2026-09-11 16:39:00,CME_MINI:NQ1!,29410.75,29411.5,29396.25,29398.5,703.0,2026-09
2026-09-11 16:40:00,CME_MINI:NQ1!,29398.25,29415.0,29392.0,29414.5,1105.0,2026-09
2026-09-11 16:41:00,CME_MINI:NQ1!,29414.5,29416.0,29409.25,29415.75,598.0,2026-09
2026-09-11 16:42:00,CME_MINI:NQ1!,29415.5,29418.25,29408.5,29415.25,600.0,2026-09
2026-09-11 16:43:00,CME_MINI:NQ1!,29414.25,29426.0,29411.0,29424.5,516.0,2026-09
2026-09-11 16:44:00,CME_MINI:NQ1!,29424.25,29434.0,29424.0,29432.0,619.0,2026-09
2026-09-11 16:45:00,CME_MINI:NQ1!,29431.25,29432.0,29426.25,29431.0,364.0,2026-09
2026-09-11 16:46:00,CME_MINI:NQ1!,29430.5,29435.5,29427.0,29427.0,459.0,2026-09
2026-09-11 16:47:00,CME_MINI:NQ1!,29427.75,29431.5,29424.75,29428.25,314.0,2026-09
2026-09-11 16:48:00,CME_MINI:NQ1!,29428.5,29430.75,29416.25,29418.5,410.0,2026-09
2026-09-11 16:49:00,CME_MINI:NQ1!,29418.25,29419.5,29413.25,29415.75,517.0,2026-09
2026-09-11 16:50:00,CME_MINI:NQ1!,29415.75,29429.0,29414.0,29422.5,518.0,2026-09
2026-09-11 16:51:00,CME_MINI:NQ1!,29423.5,29423.5,29418.25,29421.75,267.0,2026-09
2026-09-11 16:52:00,CME_MINI:NQ1!,29422.0,29425.75,29418.75,29423.5,219.0,2026-09
2026-09-11 16:53:00,CME_MINI:NQ1!,29422.75,29428.5,29421.75,29426.5,265.0,2026-09
2026-09-11 16:54:00,CME_MINI:NQ1!,29426.0,29429.0,29426.0,29429.0,187.0,2026-09
2026-09-11 16:55:00,CME_MINI:NQ1!,29429.25,29436.5,29428.25,29428.5,462.0,2026-09
2026-09-11 16:56:00,CME_MINI:NQ1!,29428.5,29435.75,29427.5,29428.75,319.0,2026-09
2026-09-11 16:57:00,CME_MINI:NQ1!,29428.5,29433.0,29426.0,29428.25,314.0,2026-09
2026-09-11 16:58:00,CME_MINI:NQ1!,29429.25,29436.75,29427.75,29435.5,361.0,2026-09
2026-09-11 16:59:00,CME_MINI:NQ1!,29435.25,29437.75,29433.5,29436.75,297.0,2026-09
2026-09-11 17:00:00,CME_MINI:NQ1!,29437.0,29446.75,29436.75,29438.25,830.0,2026-09
2026-09-11 17:01:00,CME_MINI:NQ1!,29439.5,29442.5,29435.75,29435.75,387.0,2026-09
2026-09-11 17:02:00,CME_MINI:NQ1!,29436.75,29444.0,29435.75,29442.25,490.0,2026-09
2026-09-11 17:03:00,CME_MINI:NQ1!,29442.5,29448.25,29439.0,29447.25,349.0,2026-09
2026-09-11 17:04:00,CME_MINI:NQ1!,29446.75,29449.0,29439.75,29440.25,375.0,2026-09
2026-09-11 17:05:00,CME_MINI:NQ1!,29440.25,29446.5,29440.0,29444.0,282.0,2026-09
2026-09-11 17:06:00,CME_MINI:NQ1!,29444.75,29449.0,29442.25,29444.25,366.0,2026-09
2026-09-11 17:07:00,CME_MINI:NQ1!,29444.25,29464.75,29444.0,29449.75,1952.0,2026-09
2026-09-11 17:08:00,CME_MINI:NQ1!,29449.5,29454.75,29448.0,29449.5,376.0,2026-09
2026-09-11 17:09:00,CME_MINI:NQ1!,29449.75,29453.0,29446.25,29453.0,258.0,2026-09
2026-09-11 17:10:00,CME_MINI:NQ1!,29452.5,29459.0,29443.0,29448.0,859.0,2026-09
2026-09-11 17:11:00,CME_MINI:NQ1!,29448.0,29449.75,29442.25,29445.0,511.0,2026-09
2026-09-11 17:12:00,CME_MINI:NQ1!,29445.0,29453.25,29444.0,29448.25,465.0,2026-09
2026-09-11 17:13:00,CME_MINI:NQ1!,29448.0,29448.75,29438.5,29441.25,460.0,2026-09
2026-09-11 17:14:00,CME_MINI:NQ1!,29441.0,29442.25,29435.75,29437.5,360.0,2026-09
2026-09-11 17:15:00,CME_MINI:NQ1!,29438.25,29445.25,29438.0,29444.25,327.0,2026-09
2026-09-11 17:16:00,CME_MINI:NQ1!,29444.75,29454.0,29441.75,29453.75,432.0,2026-09
2026-09-11 17:17:00,CME_MINI:NQ1!,29454.25,29459.75,29452.0,29459.5,428.0,2026-09
2026-09-11 17:18:00,CME_MINI:NQ1!,29459.25,29459.25,29454.5,29455.0,368.0,2026-09
2026-09-11 17:19:00,CME_MINI:NQ1!,29455.25,29462.75,29453.0,29457.0,495.0,2026-09
2026-09-11 17:20:00,CME_MINI:NQ1!,29456.75,29463.75,29456.5,29458.75,399.0,2026-09
2026-09-11 17:21:00,CME_MINI:NQ1!,29459.0,29466.0,29457.25,29458.25,536.0,2026-09
2026-09-11 17:22:00,CME_MINI:NQ1!,29458.5,29464.25,29458.0,29463.5,219.0,2026-09
2026-09-11 17:23:00,CME_MINI:NQ1!,29463.25,29471.0,29462.25,29469.0,500.0,2026-09
2026-09-11 17:24:00,CME_MINI:NQ1!,29469.0,29475.25,29467.75,29474.25,538.0,2026-09
2026-09-11 17:25:00,CME_MINI:NQ1!,29473.75,29479.0,29471.0,29471.75,669.0,2026-09
2026-09-11 17:26:00,CME_MINI:NQ1!,29472.0,29476.75,29469.25,29473.75,459.0,2026-09
2026-09-11 17:27:00,CME_MINI:NQ1!,29474.5,29476.0,29469.0,29469.0,412.0,2026-09
2026-09-11 17:28:00,CME_MINI:NQ1!,29469.0,29471.5,29462.75,29465.75,482.0,2026-09
2026-09-11 17:29:00,CME_MINI:NQ1!,29464.75,29466.25,29462.5,29463.5,268.0,2026-09
2026-09-11 17:30:00,CME_MINI:NQ1!,29463.25,29470.5,29461.0,29468.0,585.0,2026-09
2026-09-11 17:31:00,CME_MINI:NQ1!,29467.75,29475.75,29467.25,29475.5,399.0,2026-09
2026-09-11 17:32:00,CME_MINI:NQ1!,29475.5,29478.0,29464.0,29465.0,630.0,2026-09
2026-09-11 17:33:00,CME_MINI:NQ1!,29465.0,29469.25,29463.25,29465.5,376.0,2026-09
2026-09-11 17:34:00,CME_MINI:NQ1!,29466.5,29470.0,29461.25,29463.0,367.0,2026-09
2026-09-11 17:35:00,CME_MINI:NQ1!,29463.5,29469.25,29462.25,29463.0,321.0,2026-09
2026-09-11 17:36:00,CME_MINI:NQ1!,29464.0,29467.5,29462.75,29465.5,163.0,2026-09
2026-09-11 17:37:00,CME_MINI:NQ1!,29466.0,29469.0,29465.5,29466.75,237.0,2026-09
2026-09-11 17:38:00,CME_MINI:NQ1!,29466.75,29467.5,29457.5,29463.75,422.0,2026-09
2026-09-11 17:39:00,CME_MINI:NQ1!,29463.5,29464.25,29458.0,29459.25,259.0,2026-09
2026-09-11 17:40:00,CME_MINI:NQ1!,29458.75,29468.25,29458.5,29466.25,429.0,2026-09
2026-09-11 17:41:00,CME_MINI:NQ1!,29466.0,29466.0,29457.5,29460.75,288.0,2026-09
2026-09-11 17:42:00,CME_MINI:NQ1!,29460.25,29467.0,29458.0,29462.25,369.0,2026-09
2026-09-11 17:43:00,CME_MINI:NQ1!,29462.5,29470.5,29461.5,29467.75,398.0,2026-09
2026-09-11 17:44:00,CME_MINI:NQ1!,29467.75,29467.75,29460.5,29462.25,325.0,2026-09
2026-09-11 17:45:00,CME_MINI:NQ1!,29462.5,29464.75,29459.5,29462.25,305.0,2026-09
2026-09-11 17:46:00,CME_MINI:NQ1!,29462.25,29464.75,29460.25,29462.5,226.0,2026-09
2026-09-11 17:47:00,CME_MINI:NQ1!,29462.5,29463.75,29458.5,29462.5,202.0,2026-09
2026-09-11 17:48:00,CME_MINI:NQ1!,29462.0,29462.5,29455.0,29456.25,265.0,2026-09
2026-09-11 17:49:00,CME_MINI:NQ1!,29456.25,29468.5,29456.25,29465.0,363.0,2026-09
2026-09-11 17:50:00,CME_MINI:NQ1!,29465.25,29467.75,29463.25,29463.5,211.0,2026-09
2026-09-11 17:51:00,CME_MINI:NQ1!,29463.75,29466.75,29462.5,29464.25,175.0,2026-09
2026-09-11 17:52:00,CME_MINI:NQ1!,29464.0,29467.25,29463.25,29466.5,169.0,2026-09
2026-09-11 17:53:00,CME_MINI:NQ1!,29466.5,29467.5,29463.25,29466.25,249.0,2026-09
2026-09-11 17:54:00,CME_MINI:NQ1!,29465.5,29467.0,29461.5,29463.25,240.0,2026-09
2026-09-11 17:55:00,CME_MINI:NQ1!,29463.5,29464.75,29460.75,29463.0,194.0,2026-09
2026-09-11 17:56:00,CME_MINI:NQ1!,29462.5,29462.5,29458.0,29458.5,147.0,2026-09
2026-09-11 17:57:00,CME_MINI:NQ1!,29458.5,29459.75,29454.0,29454.0,261.0,2026-09
2026-09-11 17:58:00,CME_MINI:NQ1!,29454.0,29455.0,29451.0,29451.0,476.0,2026-09
2026-09-11 17:59:00,CME_MINI:NQ1!,29451.0,29454.25,29447.75,29452.5,346.0,2026-09
2026-09-11 18:00:00,CME_MINI:NQ1!,29452.25,29458.0,29450.0,29451.75,375.0,2026-09
2026-09-11 18:01:00,CME_MINI:NQ1!,29452.25,29455.0,29449.0,29454.25,255.0,2026-09
2026-09-11 18:02:00,CME_MINI:NQ1!,29455.0,29460.5,29454.0,29454.25,365.0,2026-09
2026-09-11 18:03:00,CME_MINI:NQ1!,29454.25,29459.25,29453.5,29457.25,191.0,2026-09
2026-09-11 18:04:00,CME_MINI:NQ1!,29457.0,29459.25,29453.25,29453.75,201.0,2026-09
2026-09-11 18:05:00,CME_MINI:NQ1!,29453.25,29454.25,29447.5,29448.25,359.0,2026-09
2026-09-11 18:06:00,CME_MINI:NQ1!,29447.75,29451.75,29446.5,29448.75,274.0,2026-09
2026-09-11 18:07:00,CME_MINI:NQ1!,29448.75,29451.25,29446.25,29449.0,189.0,2026-09
2026-09-11 18:08:00,CME_MINI:NQ1!,29449.25,29449.25,29443.0,29443.25,352.0,2026-09
2026-09-11 18:09:00,CME_MINI:NQ1!,29443.5,29448.75,29443.5,29446.75,264.0,2026-09
2026-09-11 18:10:00,CME_MINI:NQ1!,29446.75,29447.0,29441.25,29444.75,319.0,2026-09
2026-09-11 18:11:00,CME_MINI:NQ1!,29444.75,29445.5,29439.5,29442.0,401.0,2026-09
2026-09-11 18:12:00,CME_MINI:NQ1!,29441.75,29444.0,29440.25,29441.25,272.0,2026-09
2026-09-11 18:13:00,CME_MINI:NQ1!,29440.75,29441.0,29437.5,29440.0,329.0,2026-09
2026-09-11 18:14:00,CME_MINI:NQ1!,29440.5,29441.75,29438.5,29441.0,214.0,2026-09
2026-09-11 18:15:00,CME_MINI:NQ1!,29441.5,29443.25,29434.0,29436.5,515.0,2026-09
2026-09-11 18:16:00,CME_MINI:NQ1!,29436.75,29441.25,29436.0,29439.5,266.0,2026-09
2026-09-11 18:17:00,CME_MINI:NQ1!,29439.5,29443.25,29438.0,29441.5,289.0,2026-09
2026-09-11 18:18:00,CME_MINI:NQ1!,29441.5,29445.5,29439.5,29444.25,366.0,2026-09
2026-09-11 18:19:00,CME_MINI:NQ1!,29444.0,29446.5,29438.25,29441.25,625.0,2026-09
2026-09-11 18:20:00,CME_MINI:NQ1!,29441.25,29442.5,29417.0,29425.5,2497.0,2026-09
2026-09-11 18:21:00,CME_MINI:NQ1!,29425.25,29428.0,29418.75,29426.0,963.0,2026-09
2026-09-11 18:22:00,CME_MINI:NQ1!,29425.5,29431.25,29425.25,29429.25,469.0,2026-09
2026-09-11 18:23:00,CME_MINI:NQ1!,29429.25,29432.25,29424.0,29425.75,404.0,2026-09
2026-09-11 18:24:00,CME_MINI:NQ1!,29426.25,29431.75,29425.0,29431.75,271.0,2026-09
2026-09-11 18:25:00,CME_MINI:NQ1!,29431.25,29436.5,29430.0,29431.25,489.0,2026-09
2026-09-11 18:26:00,CME_MINI:NQ1!,29431.0,29436.75,29428.25,29428.75,407.0,2026-09
2026-09-11 18:27:00,CME_MINI:NQ1!,29428.5,29435.0,29426.75,29432.5,651.0,2026-09
2026-09-11 18:28:00,CME_MINI:NQ1!,29432.25,29446.75,29432.25,29444.5,810.0,2026-09
2026-09-11 18:29:00,CME_MINI:NQ1!,29444.25,29446.75,29441.5,29441.5,284.0,2026-09
2026-09-11 18:30:00,CME_MINI:NQ1!,29442.0,29450.75,29438.5,29438.5,663.0,2026-09
2026-09-11 18:31:00,CME_MINI:NQ1!,29438.5,29442.25,29434.0,29434.25,339.0,2026-09
2026-09-11 18:32:00,CME_MINI:NQ1!,29434.75,29443.25,29432.0,29440.5,397.0,2026-09
2026-09-11 18:33:00,CME_MINI:NQ1!,29440.75,29448.5,29439.25,29448.5,262.0,2026-09
2026-09-11 18:34:00,CME_MINI:NQ1!,29448.0,29456.75,29446.0,29455.25,545.0,2026-09
2026-09-11 18:35:00,CME_MINI:NQ1!,29455.25,29456.5,29451.0,29452.75,264.0,2026-09
2026-09-11 18:36:00,CME_MINI:NQ1!,29452.75,29459.0,29452.0,29458.25,262.0,2026-09
2026-09-11 18:37:00,CME_MINI:NQ1!,29458.25,29458.25,29447.0,29447.25,359.0,2026-09
2026-09-11 18:38:00,CME_MINI:NQ1!,29447.0,29448.5,29443.0,29446.25,407.0,2026-09
2026-09-11 18:39:00,CME_MINI:NQ1!,29446.0,29447.0,29444.5,29446.5,188.0,2026-09
2026-09-11 18:40:00,CME_MINI:NQ1!,29446.75,29449.25,29446.0,29448.5,205.0,2026-09
2026-09-11 18:41:00,CME_MINI:NQ1!,29448.75,29450.75,29445.5,29448.75,245.0,2026-09
2026-09-11 18:42:00,CME_MINI:NQ1!,29448.5,29449.0,29440.5,29441.25,281.0,2026-09
2026-09-11 18:43:00,CME_MINI:NQ1!,29440.75,29440.75,29436.0,29436.75,463.0,2026-09
2026-09-11 18:44:00,CME_MINI:NQ1!,29437.0,29439.75,29434.75,29437.75,379.0,2026-09
2026-09-11 18:45:00,CME_MINI:NQ1!,29438.0,29439.25,29432.0,29432.5,523.0,2026-09
2026-09-11 18:46:00,CME_MINI:NQ1!,29432.25,29436.25,29430.5,29433.5,383.0,2026-09
2026-09-11 18:47:00,CME_MINI:NQ1!,29434.0,29444.75,29433.0,29440.0,649.0,2026-09
2026-09-11 18:48:00,CME_MINI:NQ1!,29439.75,29442.75,29430.0,29431.5,584.0,2026-09
2026-09-11 18:49:00,CME_MINI:NQ1!,29431.0,29434.0,29430.5,29431.25,331.0,2026-09
2026-09-11 18:50:00,CME_MINI:NQ1!,29430.75,29433.75,29429.0,29432.5,330.0,2026-09
2026-09-11 18:51:00,CME_MINI:NQ1!,29432.5,29435.0,29431.25,29432.5,245.0,2026-09
2026-09-11 18:52:00,CME_MINI:NQ1!,29432.25,29434.0,29429.0,29430.25,245.0,2026-09
2026-09-11 18:53:00,CME_MINI:NQ1!,29430.0,29432.0,29429.0,29431.25,183.0,2026-09
2026-09-11 18:54:00,CME_MINI:NQ1!,29431.0,29431.75,29427.0,29428.5,294.0,2026-09
2026-09-11 18:55:00,CME_MINI:NQ1!,29427.75,29435.0,29426.5,29433.25,410.0,2026-09
2026-09-11 18:56:00,CME_MINI:NQ1!,29433.25,29438.25,29431.75,29436.5,393.0,2026-09
2026-09-11 18:57:00,CME_MINI:NQ1!,29437.0,29437.25,29428.75,29429.25,236.0,2026-09
2026-09-11 18:58:00,CME_MINI:NQ1!,29429.25,29434.0,29426.75,29433.5,451.0,2026-09
2026-09-11 18:59:00,CME_MINI:NQ1!,29433.25,29433.25,29425.75,29429.5,508.0,2026-09
2026-09-11 19:00:00,CME_MINI:NQ1!,29429.5,29433.25,29427.25,29431.75,441.0,2026-09
2026-09-11 19:01:00,CME_MINI:NQ1!,29431.25,29432.5,29427.25,29427.75,284.0,2026-09
2026-09-11 19:02:00,CME_MINI:NQ1!,29427.25,29428.0,29422.75,29425.25,390.0,2026-09
2026-09-11 19:03:00,CME_MINI:NQ1!,29425.0,29427.0,29422.5,29424.0,241.0,2026-09
2026-09-11 19:04:00,CME_MINI:NQ1!,29424.0,29429.5,29422.0,29426.5,375.0,2026-09
2026-09-11 19:05:00,CME_MINI:NQ1!,29426.5,29428.5,29424.25,29427.25,325.0,2026-09
2026-09-11 19:06:00,CME_MINI:NQ1!,29427.75,29431.5,29421.75,29422.0,421.0,2026-09
2026-09-11 19:07:00,CME_MINI:NQ1!,29421.75,29422.5,29415.75,29418.5,521.0,2026-09
2026-09-11 19:08:00,CME_MINI:NQ1!,29417.75,29420.75,29414.75,29417.0,563.0,2026-09
2026-09-11 19:09:00,CME_MINI:NQ1!,29417.25,29421.0,29411.5,29414.0,601.0,2026-09
2026-09-11 19:10:00,CME_MINI:NQ1!,29414.25,29415.0,29407.75,29408.5,617.0,2026-09
2026-09-11 19:11:00,CME_MINI:NQ1!,29408.5,29413.0,29405.25,29412.75,560.0,2026-09
2026-09-11 19:12:00,CME_MINI:NQ1!,29412.5,29414.5,29409.5,29414.5,461.0,2026-09
2026-09-11 19:13:00,CME_MINI:NQ1!,29414.25,29417.75,29411.25,29412.75,529.0,2026-09
2026-09-11 19:14:00,CME_MINI:NQ1!,29412.75,29418.75,29410.0,29416.0,420.0,2026-09
2026-09-11 19:15:00,CME_MINI:NQ1!,29415.0,29420.75,29414.0,29414.5,743.0,2026-09
2026-09-11 19:16:00,CME_MINI:NQ1!,29414.25,29416.25,29411.5,29413.75,489.0,2026-09
2026-09-11 19:17:00,CME_MINI:NQ1!,29413.75,29422.25,29413.5,29419.75,327.0,2026-09
2026-09-11 19:18:00,CME_MINI:NQ1!,29419.5,29424.25,29418.5,29423.25,270.0,2026-09
2026-09-11 19:19:00,CME_MINI:NQ1!,29423.5,29425.75,29417.75,29419.25,553.0,2026-09
2026-09-11 19:20:00,CME_MINI:NQ1!,29418.75,29421.75,29417.25,29418.75,322.0,2026-09
2026-09-11 19:21:00,CME_MINI:NQ1!,29418.5,29421.25,29415.25,29419.25,288.0,2026-09
2026-09-11 19:22:00,CME_MINI:NQ1!,29419.0,29421.25,29415.75,29416.0,299.0,2026-09
2026-09-11 19:23:00,CME_MINI:NQ1!,29416.25,29419.25,29413.25,29418.75,456.0,2026-09
2026-09-11 19:24:00,CME_MINI:NQ1!,29418.5,29424.5,29418.5,29423.5,534.0,2026-09
2026-09-11 19:25:00,CME_MINI:NQ1!,29423.25,29424.25,29420.0,29420.75,435.0,2026-09
2026-09-11 19:26:00,CME_MINI:NQ1!,29420.25,29427.5,29420.25,29425.5,438.0,2026-09
2026-09-11 19:27:00,CME_MINI:NQ1!,29425.25,29425.5,29418.5,29420.0,437.0,2026-09
2026-09-11 19:28:00,CME_MINI:NQ1!,29420.75,29422.0,29414.5,29415.0,321.0,2026-09
2026-09-11 19:29:00,CME_MINI:NQ1!,29415.0,29416.25,29412.25,29415.0,419.0,2026-09
2026-09-11 19:30:00,CME_MINI:NQ1!,29414.25,29418.25,29412.25,29414.75,661.0,2026-09
2026-09-11 19:31:00,CME_MINI:NQ1!,29414.75,29417.25,29411.5,29416.25,716.0,2026-09
2026-09-11 19:32:00,CME_MINI:NQ1!,29416.5,29418.25,29413.75,29415.5,272.0,2026-09
2026-09-11 19:33:00,CME_MINI:NQ1!,29415.0,29417.75,29412.25,29415.75,288.0,2026-09
2026-09-11 19:34:00,CME_MINI:NQ1!,29415.25,29419.5,29414.75,29419.25,258.0,2026-09
2026-09-11 19:35:00,CME_MINI:NQ1!,29419.0,29421.0,29413.0,29416.25,423.0,2026-09
2026-09-11 19:36:00,CME_MINI:NQ1!,29415.75,29418.75,29412.5,29417.5,250.0,2026-09
2026-09-11 19:37:00,CME_MINI:NQ1!,29417.0,29420.0,29416.5,29418.75,213.0,2026-09
2026-09-11 19:38:00,CME_MINI:NQ1!,29418.5,29419.25,29414.5,29415.75,326.0,2026-09
2026-09-11 19:39:00,CME_MINI:NQ1!,29415.75,29418.0,29414.5,29417.25,244.0,2026-09
2026-09-11 19:40:00,CME_MINI:NQ1!,29417.75,29422.5,29417.0,29421.0,350.0,2026-09
2026-09-11 19:41:00,CME_MINI:NQ1!,29421.25,29423.0,29418.5,29420.75,370.0,2026-09
2026-09-11 19:42:00,CME_MINI:NQ1!,29420.75,29427.0,29419.25,29427.0,476.0,2026-09
2026-09-11 19:43:00,CME_MINI:NQ1!,29427.0,29427.0,29420.5,29420.5,602.0,2026-09
2026-09-11 19:44:00,CME_MINI:NQ1!,29420.75,29424.25,29420.0,29424.0,377.0,2026-09
2026-09-11 19:45:00,CME_MINI:NQ1!,29423.75,29428.5,29422.5,29427.25,592.0,2026-09
2026-09-11 19:46:00,CME_MINI:NQ1!,29427.75,29428.0,29415.25,29416.0,680.0,2026-09
2026-09-11 19:47:00,CME_MINI:NQ1!,29415.75,29419.5,29412.25,29417.0,659.0,2026-09
2026-09-11 19:48:00,CME_MINI:NQ1!,29417.0,29420.25,29412.25,29413.25,424.0,2026-09
2026-09-11 19:49:00,CME_MINI:NQ1!,29412.75,29417.0,29412.0,29413.75,526.0,2026-09
2026-09-11 19:50:00,CME_MINI:NQ1!,29414.5,29414.5,29394.5,29404.75,2136.0,2026-09
2026-09-11 19:51:00,CME_MINI:NQ1!,29404.0,29405.25,29396.0,29397.25,1043.0,2026-09
2026-09-11 19:52:00,CME_MINI:NQ1!,29396.5,29404.75,29396.5,29399.0,920.0,2026-09
2026-09-11 19:53:00,CME_MINI:NQ1!,29398.75,29414.25,29397.25,29401.0,1389.0,2026-09
2026-09-11 19:54:00,CME_MINI:NQ1!,29401.75,29417.75,29401.75,29409.0,1719.0,2026-09
2026-09-11 19:55:00,CME_MINI:NQ1!,29408.75,29408.75,29396.75,29405.0,1604.0,2026-09
2026-09-11 19:56:00,CME_MINI:NQ1!,29404.75,29405.25,29399.5,29404.0,646.0,2026-09
2026-09-11 19:57:00,CME_MINI:NQ1!,29403.75,29408.0,29402.25,29404.0,924.0,2026-09
2026-09-11 19:58:00,CME_MINI:NQ1!,29404.0,29404.25,29394.5,29394.75,1634.0,2026-09
2026-09-11 19:59:00,CME_MINI:NQ1!,29394.75,29401.0,29378.75,29386.75,9375.0,2026-09
2026-09-11 20:00:00,CME_MINI:NQ1!,29386.25,29391.0,29380.5,29383.25,2363.0,2026-09
2026-09-11 20:01:00,CME_MINI:NQ1!,29383.0,29390.0,29381.5,29388.5,799.0,2026-09
2026-09-11 20:02:00,CME_MINI:NQ1!,29388.25,29390.25,29384.5,29386.75,492.0,2026-09
2026-09-11 20:03:00,CME_MINI:NQ1!,29387.25,29389.5,29384.75,29389.0,462.0,2026-09
2026-09-11 20:04:00,CME_MINI:NQ1!,29389.5,29389.75,29381.75,29385.25,447.0,2026-09
2026-09-11 20:05:00,CME_MINI:NQ1!,29385.5,29389.25,29385.0,29386.5,249.0,2026-09
2026-09-11 20:06:00,CME_MINI:NQ1!,29386.5,29389.5,29384.25,29386.5,276.0,2026-09
2026-09-11 20:07:00,CME_MINI:NQ1!,29386.25,29391.0,29385.75,29389.25,248.0,2026-09
2026-09-11 20:08:00,CME_MINI:NQ1!,29390.5,29392.75,29388.75,29392.25,188.0,2026-09
2026-09-11 20:09:00,CME_MINI:NQ1!,29392.25,29392.5,29390.0,29390.75,203.0,2026-09
2026-09-11 20:10:00,CME_MINI:NQ1!,29391.0,29393.0,29385.0,29385.5,366.0,2026-09
2026-09-11 20:11:00,CME_MINI:NQ1!,29385.0,29385.0,29380.5,29383.0,198.0,2026-09
2026-09-11 20:12:00,CME_MINI:NQ1!,29383.25,29383.25,29378.75,29381.0,158.0,2026-09
2026-09-11 20:13:00,CME_MINI:NQ1!,29381.0,29382.75,29377.5,29378.0,179.0,2026-09
2026-09-11 20:14:00,CME_MINI:NQ1!,29377.5,29384.25,29376.25,29381.25,247.0,2026-09
2026-09-11 20:15:00,CME_MINI:NQ1!,29381.5,29382.5,29379.25,29381.0,144.0,2026-09
2026-09-11 20:16:00,CME_MINI:NQ1!,29380.75,29382.25,29379.75,29380.5,54.0,2026-09
2026-09-11 20:17:00,CME_MINI:NQ1!,29380.25,29381.5,29379.25,29380.25,57.0,2026-09
2026-09-11 20:18:00,CME_MINI:NQ1!,29380.0,29380.0,29376.5,29377.75,82.0,2026-09
2026-09-11 20:19:00,CME_MINI:NQ1!,29377.75,29378.25,29376.5,29378.0,41.0,2026-09
2026-09-11 20:20:00,CME_MINI:NQ1!,29378.0,29383.5,29378.0,29383.5,116.0,2026-09
2026-09-11 20:21:00,CME_MINI:NQ1!,29383.5,29386.25,29380.25,29384.75,152.0,2026-09
2026-09-11 20:22:00,CME_MINI:NQ1!,29385.0,29385.75,29382.5,29385.5,56.0,2026-09
2026-09-11 20:23:00,CME_MINI:NQ1!,29385.25,29387.25,29384.5,29385.0,57.0,2026-09
2026-09-11 20:24:00,CME_MINI:NQ1!,29385.25,29385.5,29383.25,29384.75,39.0,2026-09
2026-09-11 20:25:00,CME_MINI:NQ1!,29385.25,29385.5,29383.0,29383.75,36.0,2026-09
2026-09-11 20:26:00,CME_MINI:NQ1!,29383.0,29383.25,29382.5,29382.5,16.0,2026-09
2026-09-11 20:27:00,CME_MINI:NQ1!,29382.25,29382.25,29380.25,29381.0,48.0,2026-09
2026-09-11 20:28:00,CME_MINI:NQ1!,29381.5,29385.0,29380.75,29384.5,46.0,2026-09
2026-09-11 20:29:00,CME_MINI:NQ1!,29384.75,29386.5,29384.0,29384.5,50.0,2026-09
2026-09-11 20:30:00,CME_MINI:NQ1!,29384.75,29386.5,29384.25,29385.75,40.0,2026-09
2026-09-11 20:31:00,CME_MINI:NQ1!,29386.0,29388.75,29386.0,29387.25,158.0,2026-09
2026-09-11 20:32:00,CME_MINI:NQ1!,29387.5,29393.75,29387.5,29393.75,198.0,2026-09
2026-09-11 20:33:00,CME_MINI:NQ1!,29393.25,29394.0,29391.0,29393.5,85.0,2026-09
2026-09-11 20:34:00,CME_MINI:NQ1!,29393.0,29393.5,29388.75,29390.5,96.0,2026-09
2026-09-11 20:35:00,CME_MINI:NQ1!,29390.75,29391.75,29390.0,29391.25,38.0,2026-09
2026-09-11 20:36:00,CME_MINI:NQ1!,29390.75,29391.5,29389.0,29389.75,53.0,2026-09
2026-09-11 20:37:00,CME_MINI:NQ1!,29391.0,29394.5,29391.0,29391.75,98.0,2026-09
2026-09-11 20:38:00,CME_MINI:NQ1!,29392.5,29396.5,29391.5,29395.5,149.0,2026-09
2026-09-11 20:39:00,CME_MINI:NQ1!,29395.25,29396.5,29394.75,29395.5,61.0,2026-09
2026-09-11 20:40:00,CME_MINI:NQ1!,29395.0,29396.25,29392.5,29393.75,158.0,2026-09
2026-09-11 20:41:00,CME_MINI:NQ1!,29393.75,29394.0,29389.25,29390.0,111.0,2026-09
2026-09-11 20:42:00,CME_MINI:NQ1!,29390.5,29392.0,29388.0,29388.25,31.0,2026-09
2026-09-11 20:43:00,CME_MINI:NQ1!,29388.0,29390.25,29386.25,29389.0,51.0,2026-09
2026-09-11 20:44:00,CME_MINI:NQ1!,29389.0,29392.0,29388.0,29389.25,111.0,2026-09
2026-09-11 20:45:00,CME_MINI:NQ1!,29389.25,29390.5,29383.25,29384.5,141.0,2026-09
2026-09-11 20:46:00,CME_MINI:NQ1!,29384.75,29388.5,29384.0,29387.75,68.0,2026-09
2026-09-11 20:47:00,CME_MINI:NQ1!,29387.75,29388.0,29386.0,29386.0,32.0,2026-09
2026-09-11 20:48:00,CME_MINI:NQ1!,29387.0,29388.75,29385.0,29388.75,51.0,2026-09
2026-09-11 20:49:00,CME_MINI:NQ1!,29389.25,29390.25,29386.5,29387.25,141.0,2026-09
2026-09-11 20:50:00,CME_MINI:NQ1!,29387.75,29390.75,29387.0,29387.0,43.0,2026-09
2026-09-11 20:51:00,CME_MINI:NQ1!,29388.0,29390.25,29387.25,29390.0,27.0,2026-09
2026-09-11 20:52:00,CME_MINI:NQ1!,29389.75,29390.5,29387.5,29387.75,21.0,2026-09
2026-09-11 20:53:00,CME_MINI:NQ1!,29388.5,29390.25,29388.5,29389.75,28.0,2026-09
2026-09-11 20:54:00,CME_MINI:NQ1!,29389.75,29393.75,29389.5,29393.75,56.0,2026-09
2026-09-11 20:55:00,CME_MINI:NQ1!,29392.75,29393.75,29391.5,29391.5,37.0,2026-09
2026-09-11 20:56:00,CME_MINI:NQ1!,29392.0,29392.25,29389.5,29390.0,47.0,2026-09
2026-09-11 20:57:00,CME_MINI:NQ1!,29391.25,29392.25,29389.75,29392.25,68.0,2026-09
2026-09-11 20:58:00,CME_MINI:NQ1!,29391.75,29397.5,29391.0,29393.0,210.0,2026-09
2026-09-11 20:59:00,CME_MINI:NQ1!,29392.5,29394.75,29390.0,29391.75,131.0,2026-09
2026-09-13 22:00:00,CME_MINI:NQ1!,28997.75,29111.0,28990.0,29090.75,1644.0,2026-09
2026-09-13 22:01:00,CME_MINI:NQ1!,29094.5,29099.75,29063.25,29078.75,529.0,2026-09
2026-09-13 22:02:00,CME_MINI:NQ1!,29074.5,29099.5,29068.5,29075.75,446.0,2026-09
2026-09-13 22:03:00,CME_MINI:NQ1!,29075.0,29081.75,29032.5,29042.75,530.0,2026-09
2026-09-13 22:04:00,CME_MINI:NQ1!,29042.5,29055.75,29035.5,29039.5,236.0,2026-09
2026-09-13 22:05:00,CME_MINI:NQ1!,29038.0,29052.75,29016.25,29016.25,389.0,2026-09
2026-09-13 22:06:00,CME_MINI:NQ1!,29017.0,29020.0,28981.0,29017.0,677.0,2026-09
2026-09-13 22:07:00,CME_MINI:NQ1!,29016.0,29035.5,29016.0,29025.5,206.0,2026-09
2026-09-13 22:08:00,CME_MINI:NQ1!,29027.0,29027.5,29002.0,29008.0,225.0,2026-09
2026-09-13 22:09:00,CME_MINI:NQ1!,29006.5,29006.75,28988.25,29003.25,361.0,2026-09
2026-09-13 22:10:00,CME_MINI:NQ1!,29002.5,29009.5,28993.0,28999.5,249.0,2026-09
2026-09-13 22:11:00,CME_MINI:NQ1!,28998.75,29001.0,28993.0,28996.75,104.0,2026-09
2026-09-13 22:12:00,CME_MINI:NQ1!,28996.75,29006.75,28994.25,28998.5,190.0,2026-09
2026-09-13 22:13:00,CME_MINI:NQ1!,28999.5,29020.75,28999.5,29008.5,312.0,2026-09
2026-09-13 22:14:00,CME_MINI:NQ1!,29008.5,29028.0,29006.0,29025.5,185.0,2026-09
2026-09-13 22:15:00,CME_MINI:NQ1!,29023.5,29032.5,29021.25,29022.5,179.0,2026-09
2026-09-13 22:16:00,CME_MINI:NQ1!,29022.0,29027.25,29016.5,29026.0,84.0,2026-09
2026-09-13 22:17:00,CME_MINI:NQ1!,29025.5,29030.5,29013.0,29028.25,164.0,2026-09
2026-09-13 22:18:00,CME_MINI:NQ1!,29028.25,29028.25,29020.25,29024.5,112.0,2026-09
2026-09-13 22:19:00,CME_MINI:NQ1!,29025.25,29042.25,29023.0,29041.75,210.0,2026-09
2026-09-13 22:20:00,CME_MINI:NQ1!,29040.5,29046.0,29038.75,29040.75,177.0,2026-09
2026-09-13 22:21:00,CME_MINI:NQ1!,29040.0,29045.0,29038.25,29043.5,383.0,2026-09
2026-09-13 22:22:00,CME_MINI:NQ1!,29043.25,29045.75,29036.0,29037.5,242.0,2026-09
2026-09-13 22:23:00,CME_MINI:NQ1!,29038.75,29044.25,29032.5,29038.25,242.0,2026-09
2026-09-13 22:24:00,CME_MINI:NQ1!,29038.25,29043.25,29033.5,29042.0,122.0,2026-09
2026-09-13 22:25:00,CME_MINI:NQ1!,29043.0,29050.0,29043.0,29050.0,160.0,2026-09
2026-09-13 22:26:00,CME_MINI:NQ1!,29050.0,29063.0,29050.0,29061.5,247.0,2026-09
2026-09-13 22:27:00,CME_MINI:NQ1!,29062.5,29068.0,29060.0,29066.0,376.0,2026-09
2026-09-13 22:28:00,CME_MINI:NQ1!,29065.75,29073.75,29064.0,29072.0,246.0,2026-09
2026-09-13 22:29:00,CME_MINI:NQ1!,29071.25,29086.0,29069.75,29083.75,245.0,2026-09
2026-09-13 22:30:00,CME_MINI:NQ1!,29081.0,29096.0,29080.5,29084.75,304.0,2026-09
2026-09-13 22:31:00,CME_MINI:NQ1!,29083.25,29085.75,29080.25,29082.25,51.0,2026-09
2026-09-13 22:32:00,CME_MINI:NQ1!,29080.5,29089.25,29077.75,29079.5,298.0,2026-09
2026-09-13 22:33:00,CME_MINI:NQ1!,29080.75,29094.0,29080.75,29091.0,186.0,2026-09
2026-09-13 22:34:00,CME_MINI:NQ1!,29090.25,29103.5,29089.75,29097.75,218.0,2026-09
2026-09-13 22:35:00,CME_MINI:NQ1!,29098.0,29098.25,29089.25,29091.0,248.0,2026-09
2026-09-13 22:36:00,CME_MINI:NQ1!,29090.25,29093.25,29089.75,29092.5,38.0,2026-09
2026-09-13 22:37:00,CME_MINI:NQ1!,29092.75,29104.0,29092.25,29101.5,130.0,2026-09
2026-09-13 22:38:00,CME_MINI:NQ1!,29102.25,29102.25,29093.0,29095.25,111.0,2026-09
2026-09-13 22:39:00,CME_MINI:NQ1!,29094.75,29102.0,29093.0,29099.5,68.0,2026-09
2026-09-13 22:40:00,CME_MINI:NQ1!,29098.75,29100.75,29092.5,29093.25,69.0,2026-09
2026-09-13 22:41:00,CME_MINI:NQ1!,29092.25,29096.5,29091.0,29095.25,77.0,2026-09
2026-09-13 22:42:00,CME_MINI:NQ1!,29095.0,29099.0,29094.0,29096.5,90.0,2026-09
2026-09-13 22:43:00,CME_MINI:NQ1!,29096.25,29097.0,29077.25,29087.25,224.0,2026-09
2026-09-13 22:44:00,CME_MINI:NQ1!,29086.0,29086.75,29073.0,29075.5,188.0,2026-09
2026-09-13 22:45:00,CME_MINI:NQ1!,29075.75,29086.25,29065.75,29085.75,274.0,2026-09
2026-09-13 22:46:00,CME_MINI:NQ1!,29085.5,29085.5,29074.5,29079.25,77.0,2026-09
2026-09-13 22:47:00,CME_MINI:NQ1!,29079.25,29079.5,29074.0,29078.25,39.0,2026-09
2026-09-13 22:48:00,CME_MINI:NQ1!,29077.75,29077.75,29071.25,29073.0,39.0,2026-09
2026-09-13 22:49:00,CME_MINI:NQ1!,29072.25,29076.25,29070.5,29075.25,50.0,2026-09
2026-09-13 22:50:00,CME_MINI:NQ1!,29074.25,29084.25,29074.25,29079.0,107.0,2026-09
2026-09-13 22:51:00,CME_MINI:NQ1!,29078.25,29082.0,29077.75,29078.75,53.0,2026-09
2026-09-13 22:52:00,CME_MINI:NQ1!,29078.75,29082.5,29077.5,29081.0,46.0,2026-09
2026-09-13 22:53:00,CME_MINI:NQ1!,29080.25,29081.0,29078.0,29081.0,10.0,2026-09
2026-09-13 22:54:00,CME_MINI:NQ1!,29080.0,29080.5,29078.0,29080.5,14.0,2026-09
2026-09-13 22:55:00,CME_MINI:NQ1!,29079.0,29080.25,29074.0,29078.75,58.0,2026-09
2026-09-13 22:56:00,CME_MINI:NQ1!,29079.25,29079.25,29067.0,29073.0,94.0,2026-09
2026-09-13 22:57:00,CME_MINI:NQ1!,29073.75,29084.75,29073.75,29078.0,86.0,2026-09
2026-09-13 22:58:00,CME_MINI:NQ1!,29080.0,29084.0,29069.5,29069.75,111.0,2026-09
2026-09-13 22:59:00,CME_MINI:NQ1!,29069.25,29071.75,29065.5,29068.5,96.0,2026-09
2026-09-13 23:00:00,CME_MINI:NQ1!,29069.0,29071.5,29062.25,29071.25,159.0,2026-09
2026-09-13 23:01:00,CME_MINI:NQ1!,29072.0,29076.0,29060.0,29066.0,192.0,2026-09
2026-09-13 23:02:00,CME_MINI:NQ1!,29065.5,29066.25,29063.0,29065.0,22.0,2026-09
2026-09-13 23:03:00,CME_MINI:NQ1!,29064.75,29068.25,29060.0,29064.5,56.0,2026-09
2026-09-13 23:04:00,CME_MINI:NQ1!,29064.25,29064.25,29055.5,29061.75,100.0,2026-09
2026-09-13 23:05:00,CME_MINI:NQ1!,29061.75,29064.5,29060.0,29060.0,46.0,2026-09
2026-09-13 23:06:00,CME_MINI:NQ1!,29058.0,29062.25,29056.5,29060.0,36.0,2026-09
2026-09-13 23:07:00,CME_MINI:NQ1!,29059.5,29059.5,29055.75,29058.0,35.0,2026-09
2026-09-13 23:08:00,CME_MINI:NQ1!,29057.75,29065.0,29057.75,29061.75,44.0,2026-09
2026-09-13 23:09:00,CME_MINI:NQ1!,29060.0,29065.25,29060.0,29063.0,36.0,2026-09
2026-09-13 23:10:00,CME_MINI:NQ1!,29062.75,29066.75,29062.75,29066.75,27.0,2026-09
2026-09-13 23:11:00,CME_MINI:NQ1!,29067.0,29067.75,29063.5,29065.25,42.0,2026-09
2026-09-13 23:12:00,CME_MINI:NQ1!,29064.75,29065.75,29063.75,29064.25,12.0,2026-09
2026-09-13 23:13:00,CME_MINI:NQ1!,29063.5,29064.25,29060.5,29063.0,25.0,2026-09
2026-09-13 23:14:00,CME_MINI:NQ1!,29064.25,29067.75,29063.0,29063.0,58.0,2026-09
2026-09-13 23:15:00,CME_MINI:NQ1!,29062.75,29064.5,29061.5,29061.5,42.0,2026-09
2026-09-13 23:16:00,CME_MINI:NQ1!,29063.5,29064.0,29063.5,29063.75,3.0,2026-09
2026-09-13 23:17:00,CME_MINI:NQ1!,29062.75,29063.5,29061.0,29063.5,12.0,2026-09
2026-09-13 23:18:00,CME_MINI:NQ1!,29063.75,29064.5,29062.25,29064.5,13.0,2026-09
2026-09-13 23:19:00,CME_MINI:NQ1!,29062.75,29064.25,29061.0,29061.0,13.0,2026-09
2026-09-13 23:20:00,CME_MINI:NQ1!,29061.25,29062.0,29060.75,29061.25,9.0,2026-09
2026-09-13 23:21:00,CME_MINI:NQ1!,29061.0,29062.5,29061.0,29062.25,13.0,2026-09
2026-09-13 23:22:00,CME_MINI:NQ1!,29062.5,29067.25,29062.5,29064.25,20.0,2026-09
2026-09-13 23:23:00,CME_MINI:NQ1!,29066.0,29079.5,29066.0,29077.0,133.0,2026-09
2026-09-13 23:24:00,CME_MINI:NQ1!,29077.0,29093.75,29077.0,29093.25,232.0,2026-09
2026-09-13 23:25:00,CME_MINI:NQ1!,29092.25,29099.5,29088.75,29096.0,142.0,2026-09
2026-09-13 23:26:00,CME_MINI:NQ1!,29095.5,29096.25,29080.75,29083.5,91.0,2026-09
2026-09-13 23:27:00,CME_MINI:NQ1!,29082.5,29090.0,29082.5,29084.25,36.0,2026-09
2026-09-13 23:28:00,CME_MINI:NQ1!,29084.0,29087.5,29081.25,29086.25,42.0,2026-09
2026-09-13 23:29:00,CME_MINI:NQ1!,29088.0,29096.75,29087.5,29096.75,90.0,2026-09
2026-09-13 23:30:00,CME_MINI:NQ1!,29096.0,29101.5,29095.0,29100.5,82.0,2026-09
2026-09-13 23:31:00,CME_MINI:NQ1!,29098.75,29101.25,29097.0,29098.25,78.0,2026-09
2026-09-13 23:32:00,CME_MINI:NQ1!,29097.75,29097.75,29091.75,29094.5,63.0,2026-09
2026-09-13 23:33:00,CME_MINI:NQ1!,29094.0,29098.5,29093.5,29098.0,29.0,2026-09
2026-09-13 23:34:00,CME_MINI:NQ1!,29098.0,29098.75,29091.0,29092.0,30.0,2026-09
2026-09-13 23:35:00,CME_MINI:NQ1!,29091.25,29091.25,29059.0,29066.75,319.0,2026-09
2026-09-13 23:36:00,CME_MINI:NQ1!,29066.75,29068.5,29063.75,29063.75,31.0,2026-09
2026-09-13 23:37:00,CME_MINI:NQ1!,29065.0,29065.0,29040.5,29046.25,358.0,2026-09
2026-09-13 23:38:00,CME_MINI:NQ1!,29047.0,29058.0,29044.0,29049.25,128.0,2026-09
2026-09-13 23:39:00,CME_MINI:NQ1!,29048.5,29062.25,29045.25,29046.75,87.0,2026-09
2026-09-13 23:40:00,CME_MINI:NQ1!,29046.5,29051.5,29045.0,29051.5,39.0,2026-09
2026-09-13 23:41:00,CME_MINI:NQ1!,29053.0,29055.0,29046.5,29046.5,40.0,2026-09
2026-09-13 23:42:00,CME_MINI:NQ1!,29047.75,29050.0,29042.25,29043.0,40.0,2026-09
2026-09-13 23:43:00,CME_MINI:NQ1!,29042.25,29043.25,29031.0,29041.5,154.0,2026-09
2026-09-13 23:44:00,CME_MINI:NQ1!,29040.5,29041.0,29033.25,29038.75,75.0,2026-09
2026-09-13 23:45:00,CME_MINI:NQ1!,29038.5,29038.5,29030.0,29033.5,109.0,2026-09
2026-09-13 23:46:00,CME_MINI:NQ1!,29033.5,29033.75,29025.0,29025.5,117.0,2026-09
2026-09-13 23:47:00,CME_MINI:NQ1!,29026.25,29031.25,29024.75,29030.75,53.0,2026-09
2026-09-13 23:48:00,CME_MINI:NQ1!,29030.75,29034.75,29028.75,29029.25,45.0,2026-09
2026-09-13 23:49:00,CME_MINI:NQ1!,29028.0,29030.75,29017.5,29022.75,165.0,2026-09
2026-09-13 23:50:00,CME_MINI:NQ1!,29022.0,29029.25,29012.0,29013.25,143.0,2026-09
2026-09-13 23:51:00,CME_MINI:NQ1!,29015.5,29023.75,29010.0,29018.5,124.0,2026-09
2026-09-13 23:52:00,CME_MINI:NQ1!,29017.75,29037.0,29017.5,29035.0,169.0,2026-09
2026-09-13 23:53:00,CME_MINI:NQ1!,29035.75,29037.0,29022.75,29036.25,153.0,2026-09
2026-09-13 23:54:00,CME_MINI:NQ1!,29034.5,29037.25,29020.75,29021.75,63.0,2026-09
2026-09-13 23:55:00,CME_MINI:NQ1!,29022.25,29025.25,29019.0,29025.25,47.0,2026-09
2026-09-13 23:56:00,CME_MINI:NQ1!,29023.25,29023.25,29011.0,29014.75,111.0,2026-09
2026-09-13 23:57:00,CME_MINI:NQ1!,29015.5,29018.5,29012.75,29017.0,53.0,2026-09
2026-09-13 23:58:00,CME_MINI:NQ1!,29015.75,29016.5,29011.5,29015.0,49.0,2026-09
2026-09-13 23:59:00,CME_MINI:NQ1!,29015.75,29021.75,29014.0,29017.5,86.0,2026-09
2026-09-14 00:00:00,CME_MINI:NQ1!,29016.25,29028.75,29016.25,29026.25,252.0,2026-09
2026-09-14 00:01:00,CME_MINI:NQ1!,29026.0,29049.0,29026.0,29045.75,415.0,2026-09
2026-09-14 00:02:00,CME_MINI:NQ1!,29043.75,29047.5,29037.75,29041.25,83.0,2026-09
2026-09-14 00:03:00,CME_MINI:NQ1!,29041.25,29053.25,29041.25,29049.75,269.0,2026-09
2026-09-14 00:04:00,CME_MINI:NQ1!,29049.25,29052.0,29040.5,29047.25,136.0,2026-09
2026-09-14 00:05:00,CME_MINI:NQ1!,29046.25,29055.5,29045.25,29054.0,87.0,2026-09
2026-09-14 00:06:00,CME_MINI:NQ1!,29053.5,29064.5,29053.5,29064.5,131.0,2026-09
2026-09-14 00:07:00,CME_MINI:NQ1!,29064.5,29070.25,29064.5,29068.5,149.0,2026-09
2026-09-14 00:08:00,CME_MINI:NQ1!,29068.75,29074.25,29068.0,29071.25,124.0,2026-09
2026-09-14 00:09:00,CME_MINI:NQ1!,29071.25,29075.25,29065.5,29070.25,97.0,2026-09
2026-09-14 00:10:00,CME_MINI:NQ1!,29069.5,29069.5,29047.5,29067.0,298.0,2026-09
2026-09-14 00:11:00,CME_MINI:NQ1!,29066.25,29067.5,29050.0,29058.25,173.0,2026-09
2026-09-14 00:12:00,CME_MINI:NQ1!,29056.75,29069.0,29050.5,29067.5,120.0,2026-09
2026-09-14 00:13:00,CME_MINI:NQ1!,29067.5,29068.5,29060.25,29061.75,84.0,2026-09
2026-09-14 00:14:00,CME_MINI:NQ1!,29060.5,29060.5,29048.0,29056.25,127.0,2026-09
2026-09-14 00:15:00,CME_MINI:NQ1!,29056.75,29064.5,29045.25,29058.75,160.0,2026-09
2026-09-14 00:16:00,CME_MINI:NQ1!,29059.25,29059.25,29041.25,29053.0,178.0,2026-09
2026-09-14 00:17:00,CME_MINI:NQ1!,29051.25,29054.25,29047.25,29053.75,80.0,2026-09
2026-09-14 00:18:00,CME_MINI:NQ1!,29054.0,29061.0,29048.5,29049.5,132.0,2026-09
2026-09-14 00:19:00,CME_MINI:NQ1!,29052.0,29056.5,29046.75,29047.25,125.0,2026-09
2026-09-14 00:20:00,CME_MINI:NQ1!,29047.5,29047.5,29028.25,29037.25,339.0,2026-09
2026-09-14 00:21:00,CME_MINI:NQ1!,29037.0,29038.25,29021.5,29023.25,361.0,2026-09
2026-09-14 00:22:00,CME_MINI:NQ1!,29022.0,29034.25,29020.5,29029.75,232.0,2026-09
2026-09-14 00:23:00,CME_MINI:NQ1!,29033.25,29041.25,29023.0,29031.5,180.0,2026-09
2026-09-14 00:24:00,CME_MINI:NQ1!,29031.5,29034.0,29024.25,29034.0,77.0,2026-09
2026-09-14 00:25:00,CME_MINI:NQ1!,29035.0,29035.5,29018.75,29019.25,163.0,2026-09
2026-09-14 00:26:00,CME_MINI:NQ1!,29019.0,29021.0,29006.0,29009.0,423.0,2026-09
2026-09-14 00:27:00,CME_MINI:NQ1!,29008.75,29016.0,29005.0,29011.0,168.0,2026-09
2026-09-14 00:28:00,CME_MINI:NQ1!,29009.25,29017.0,29005.75,29010.0,169.0,2026-09
2026-09-14 00:29:00,CME_MINI:NQ1!,29010.0,29017.0,29006.0,29015.0,81.0,2026-09
2026-09-14 00:30:00,CME_MINI:NQ1!,29013.5,29025.5,29012.0,29022.0,107.0,2026-09
2026-09-14 00:31:00,CME_MINI:NQ1!,29021.5,29030.75,29020.0,29030.75,87.0,2026-09
2026-09-14 00:32:00,CME_MINI:NQ1!,29029.75,29030.75,29022.25,29028.0,90.0,2026-09
2026-09-14 00:33:00,CME_MINI:NQ1!,29027.75,29027.75,29018.75,29024.0,60.0,2026-09
2026-09-14 00:34:00,CME_MINI:NQ1!,29023.75,29028.0,29022.25,29023.75,59.0,2026-09
2026-09-14 00:35:00,CME_MINI:NQ1!,29023.75,29032.0,29021.0,29021.0,60.0,2026-09
2026-09-14 00:36:00,CME_MINI:NQ1!,29023.0,29031.25,29020.75,29022.25,72.0,2026-09
2026-09-14 00:37:00,CME_MINI:NQ1!,29023.25,29024.0,29019.5,29020.5,41.0,2026-09
2026-09-14 00:38:00,CME_MINI:NQ1!,29020.5,29020.5,29015.75,29017.0,61.0,2026-09
2026-09-14 00:39:00,CME_MINI:NQ1!,29015.75,29018.25,29011.75,29017.75,64.0,2026-09
2026-09-14 00:40:00,CME_MINI:NQ1!,29015.5,29016.75,29012.25,29016.25,48.0,2026-09
2026-09-14 00:41:00,CME_MINI:NQ1!,29016.75,29018.5,29008.75,29015.5,140.0,2026-09
2026-09-14 00:42:00,CME_MINI:NQ1!,29017.5,29022.5,29015.5,29017.5,74.0,2026-09
2026-09-14 00:43:00,CME_MINI:NQ1!,29019.0,29028.5,29019.0,29026.5,67.0,2026-09
2026-09-14 00:44:00,CME_MINI:NQ1!,29028.25,29037.0,29026.5,29036.25,153.0,2026-09
2026-09-14 00:45:00,CME_MINI:NQ1!,29036.5,29044.5,29025.5,29025.5,180.0,2026-09
2026-09-14 00:46:00,CME_MINI:NQ1!,29025.75,29035.5,29025.75,29031.25,55.0,2026-09
2026-09-14 00:47:00,CME_MINI:NQ1!,29033.0,29037.0,29032.25,29037.0,28.0,2026-09
2026-09-14 00:48:00,CME_MINI:NQ1!,29035.0,29043.25,29033.75,29034.0,87.0,2026-09
2026-09-14 00:49:00,CME_MINI:NQ1!,29034.5,29038.5,29033.0,29034.25,49.0,2026-09
2026-09-14 00:50:00,CME_MINI:NQ1!,29035.0,29040.0,29026.5,29028.75,105.0,2026-09
2026-09-14 00:51:00,CME_MINI:NQ1!,29030.5,29037.25,29029.5,29035.5,66.0,2026-09
2026-09-14 00:52:00,CME_MINI:NQ1!,29033.75,29035.75,29030.0,29030.0,12.0,2026-09
2026-09-14 00:53:00,CME_MINI:NQ1!,29032.0,29037.5,29021.25,29035.75,169.0,2026-09
2026-09-14 00:54:00,CME_MINI:NQ1!,29037.25,29040.0,29035.5,29038.75,97.0,2026-09
2026-09-14 00:55:00,CME_MINI:NQ1!,29038.75,29044.5,29038.75,29043.75,142.0,2026-09
2026-09-14 00:56:00,CME_MINI:NQ1!,29043.75,29046.5,29034.75,29036.0,142.0,2026-09
2026-09-14 00:57:00,CME_MINI:NQ1!,29037.25,29037.25,29030.5,29033.25,43.0,2026-09
2026-09-14 00:58:00,CME_MINI:NQ1!,29033.5,29033.5,29016.0,29019.0,140.0,2026-09
2026-09-14 00:59:00,CME_MINI:NQ1!,29019.75,29019.75,29013.75,29014.5,65.0,2026-09
2026-09-14 01:00:00,CME_MINI:NQ1!,29015.0,29018.5,29000.25,29013.75,266.0,2026-09
2026-09-14 01:01:00,CME_MINI:NQ1!,29013.5,29013.75,29000.25,29012.75,189.0,2026-09
2026-09-14 01:02:00,CME_MINI:NQ1!,29012.25,29026.5,29008.75,29018.0,222.0,2026-09
2026-09-14 01:03:00,CME_MINI:NQ1!,29018.75,29032.25,29016.0,29025.25,136.0,2026-09
2026-09-14 01:04:00,CME_MINI:NQ1!,29023.75,29027.5,29017.75,29019.5,48.0,2026-09
2026-09-14 01:05:00,CME_MINI:NQ1!,29018.5,29024.25,29018.5,29022.0,55.0,2026-09
2026-09-14 01:06:00,CME_MINI:NQ1!,29023.5,29023.5,29014.5,29015.25,57.0,2026-09
2026-09-14 01:07:00,CME_MINI:NQ1!,29016.5,29026.0,29015.25,29023.5,78.0,2026-09
2026-09-14 01:08:00,CME_MINI:NQ1!,29024.5,29025.0,29021.0,29021.5,24.0,2026-09
2026-09-14 01:09:00,CME_MINI:NQ1!,29022.25,29032.0,29020.75,29028.0,122.0,2026-09
2026-09-14 01:10:00,CME_MINI:NQ1!,29029.5,29038.75,29028.25,29036.0,124.0,2026-09
2026-09-14 01:11:00,CME_MINI:NQ1!,29034.75,29038.5,29029.0,29031.25,55.0,2026-09
2026-09-14 01:12:00,CME_MINI:NQ1!,29029.25,29029.75,29013.25,29017.25,115.0,2026-09
2026-09-14 01:13:00,CME_MINI:NQ1!,29017.25,29018.25,29008.0,29009.5,61.0,2026-09
2026-09-14 01:14:00,CME_MINI:NQ1!,29010.5,29018.25,29010.5,29012.0,48.0,2026-09
2026-09-14 01:15:00,CME_MINI:NQ1!,29011.0,29016.5,29009.5,29013.5,32.0,2026-09
2026-09-14 01:16:00,CME_MINI:NQ1!,29015.0,29016.0,29005.5,29006.25,49.0,2026-09
2026-09-14 01:17:00,CME_MINI:NQ1!,29006.25,29012.25,29005.25,29012.25,59.0,2026-09
2026-09-14 01:18:00,CME_MINI:NQ1!,29010.25,29015.5,29010.25,29012.75,36.0,2026-09
2026-09-14 01:19:00,CME_MINI:NQ1!,29013.75,29013.75,29006.25,29007.0,23.0,2026-09
2026-09-14 01:20:00,CME_MINI:NQ1!,29007.0,29011.0,29000.5,29003.75,100.0,2026-09
2026-09-14 01:21:00,CME_MINI:NQ1!,29003.75,29004.0,29001.25,29002.25,39.0,2026-09
2026-09-14 01:22:00,CME_MINI:NQ1!,29002.5,29007.5,29001.5,29002.25,76.0,2026-09
2026-09-14 01:23:00,CME_MINI:NQ1!,29002.25,29005.5,28999.25,29000.25,99.0,2026-09
2026-09-14 01:24:00,CME_MINI:NQ1!,29001.25,29012.75,29000.5,29007.25,209.0,2026-09
2026-09-14 01:25:00,CME_MINI:NQ1!,29006.5,29009.0,29000.75,29006.5,81.0,2026-09
2026-09-14 01:26:00,CME_MINI:NQ1!,29007.75,29014.25,29003.75,29010.0,107.0,2026-09
2026-09-14 01:27:00,CME_MINI:NQ1!,29010.0,29016.5,29009.25,29014.0,78.0,2026-09
2026-09-14 01:28:00,CME_MINI:NQ1!,29014.0,29016.5,29011.0,29016.5,49.0,2026-09
2026-09-14 01:29:00,CME_MINI:NQ1!,29014.25,29021.0,29014.25,29017.75,56.0,2026-09
2026-09-14 01:30:00,CME_MINI:NQ1!,29018.0,29020.5,29012.25,29013.75,64.0,2026-09
2026-09-14 01:31:00,CME_MINI:NQ1!,29013.75,29018.0,29011.75,29011.75,77.0,2026-09
2026-09-14 01:32:00,CME_MINI:NQ1!,29012.25,29015.5,29010.0,29010.25,73.0,2026-09
2026-09-14 01:33:00,CME_MINI:NQ1!,29010.25,29010.25,29003.25,29006.75,91.0,2026-09
2026-09-14 01:34:00,CME_MINI:NQ1!,29007.0,29008.75,29003.75,29004.75,38.0,2026-09
2026-09-14 01:35:00,CME_MINI:NQ1!,29004.75,29014.25,29004.75,29013.5,81.0,2026-09
2026-09-14 01:36:00,CME_MINI:NQ1!,29013.75,29024.5,29013.5,29016.25,181.0,2026-09
2026-09-14 01:37:00,CME_MINI:NQ1!,29016.5,29021.5,29015.75,29015.75,60.0,2026-09
2026-09-14 01:38:00,CME_MINI:NQ1!,29016.5,29025.0,29016.5,29025.0,57.0,2026-09
2026-09-14 01:39:00,CME_MINI:NQ1!,29025.0,29032.0,29024.25,29031.5,74.0,2026-09
2026-09-14 01:40:00,CME_MINI:NQ1!,29031.5,29035.5,29028.75,29030.0,72.0,2026-09
2026-09-14 01:41:00,CME_MINI:NQ1!,29028.0,29037.75,29021.5,29036.0,142.0,2026-09
2026-09-14 01:42:00,CME_MINI:NQ1!,29036.0,29036.0,29025.0,29025.0,106.0,2026-09
2026-09-14 01:43:00,CME_MINI:NQ1!,29025.0,29026.25,29019.25,29025.25,79.0,2026-09
2026-09-14 01:44:00,CME_MINI:NQ1!,29024.5,29027.5,29024.25,29025.75,25.0,2026-09
2026-09-14 01:45:00,CME_MINI:NQ1!,29027.0,29035.75,29027.0,29035.75,56.0,2026-09
2026-09-14 01:46:00,CME_MINI:NQ1!,29036.0,29042.25,29033.25,29038.0,109.0,2026-09
2026-09-14 01:47:00,CME_MINI:NQ1!,29038.25,29045.25,29036.75,29044.0,106.0,2026-09
2026-09-14 01:48:00,CME_MINI:NQ1!,29044.0,29044.25,29040.0,29040.0,88.0,2026-09
2026-09-14 01:49:00,CME_MINI:NQ1!,29040.0,29043.25,29040.0,29041.0,49.0,2026-09
2026-09-14 01:50:00,CME_MINI:NQ1!,29042.0,29044.0,29035.25,29040.25,89.0,2026-09
2026-09-14 01:51:00,CME_MINI:NQ1!,29040.5,29044.5,29037.75,29043.0,50.0,2026-09
2026-09-14 01:52:00,CME_MINI:NQ1!,29043.0,29044.25,29039.0,29044.25,29.0,2026-09
2026-09-14 01:53:00,CME_MINI:NQ1!,29044.25,29049.5,29044.0,29047.25,138.0,2026-09
2026-09-14 01:54:00,CME_MINI:NQ1!,29047.5,29048.75,29045.75,29046.75,72.0,2026-09
2026-09-14 01:55:00,CME_MINI:NQ1!,29046.25,29049.5,29045.75,29047.25,44.0,2026-09
2026-09-14 01:56:00,CME_MINI:NQ1!,29047.0,29056.75,29047.0,29056.0,214.0,2026-09
2026-09-14 01:57:00,CME_MINI:NQ1!,29056.75,29066.75,29054.25,29066.75,208.0,2026-09
2026-09-14 01:58:00,CME_MINI:NQ1!,29065.75,29074.75,29065.5,29067.75,278.0,2026-09
2026-09-14 01:59:00,CME_MINI:NQ1!,29067.25,29072.75,29065.75,29068.25,45.0,2026-09
2026-09-14 02:00:00,CME_MINI:NQ1!,29068.0,29074.5,29065.75,29073.25,158.0,2026-09
2026-09-14 02:01:00,CME_MINI:NQ1!,29071.0,29077.5,29070.75,29073.0,104.0,2026-09
2026-09-14 02:02:00,CME_MINI:NQ1!,29073.25,29073.25,29054.25,29060.0,299.0,2026-09
2026-09-14 02:03:00,CME_MINI:NQ1!,29058.25,29062.25,29054.25,29057.75,78.0,2026-09
2026-09-14 02:04:00,CME_MINI:NQ1!,29057.75,29059.0,29054.0,29058.25,44.0,2026-09
2026-09-14 02:05:00,CME_MINI:NQ1!,29058.0,29065.75,29057.0,29060.0,82.0,2026-09
2026-09-14 02:06:00,CME_MINI:NQ1!,29062.5,29072.75,29058.5,29070.25,89.0,2026-09
2026-09-14 02:07:00,CME_MINI:NQ1!,29071.75,29079.25,29066.75,29077.5,107.0,2026-09
2026-09-14 02:08:00,CME_MINI:NQ1!,29076.5,29080.75,29073.25,29077.25,83.0,2026-09
2026-09-14 02:09:00,CME_MINI:NQ1!,29077.75,29079.0,29066.75,29070.75,115.0,2026-09
2026-09-14 02:10:00,CME_MINI:NQ1!,29068.75,29079.25,29066.5,29068.25,133.0,2026-09
2026-09-14 02:11:00,CME_MINI:NQ1!,29065.75,29069.75,29065.5,29068.5,23.0,2026-09
2026-09-14 02:12:00,CME_MINI:NQ1!,29074.75,29077.5,29068.5,29068.5,60.0,2026-09
2026-09-14 02:13:00,CME_MINI:NQ1!,29070.0,29072.5,29070.0,29072.25,9.0,2026-09
2026-09-14 02:14:00,CME_MINI:NQ1!,29071.0,29072.25,29069.5,29071.5,21.0,2026-09
2026-09-14 02:15:00,CME_MINI:NQ1!,29070.75,29070.75,29060.25,29062.25,130.0,2026-09
2026-09-14 02:16:00,CME_MINI:NQ1!,29062.25,29064.25,29061.25,29061.5,32.0,2026-09
2026-09-14 02:17:00,CME_MINI:NQ1!,29062.0,29063.0,29059.5,29061.5,32.0,2026-09
2026-09-14 02:18:00,CME_MINI:NQ1!,29062.75,29065.0,29060.0,29065.0,22.0,2026-09
2026-09-14 02:19:00,CME_MINI:NQ1!,29065.25,29073.0,29065.25,29072.0,109.0,2026-09
2026-09-14 02:20:00,CME_MINI:NQ1!,29069.25,29073.0,29066.5,29072.5,22.0,2026-09
2026-09-14 02:21:00,CME_MINI:NQ1!,29071.5,29072.5,29069.25,29071.0,12.0,2026-09
2026-09-14 02:22:00,CME_MINI:NQ1!,29071.25,29074.5,29071.0,29074.5,24.0,2026-09
2026-09-14 02:23:00,CME_MINI:NQ1!,29074.75,29075.0,29070.0,29070.5,36.0,2026-09
2026-09-14 02:24:00,CME_MINI:NQ1!,29068.75,29070.0,29065.0,29066.5,31.0,2026-09
2026-09-14 02:25:00,CME_MINI:NQ1!,29069.5,29069.75,29062.5,29065.5,41.0,2026-09
2026-09-14 02:26:00,CME_MINI:NQ1!,29069.75,29071.0,29067.75,29069.5,23.0,2026-09
2026-09-14 02:27:00,CME_MINI:NQ1!,29069.25,29069.25,29065.5,29067.25,32.0,2026-09
2026-09-14 02:28:00,CME_MINI:NQ1!,29066.25,29068.0,29065.0,29065.5,23.0,2026-09
2026-09-14 02:29:00,CME_MINI:NQ1!,29066.0,29068.0,29065.0,29066.0,21.0,2026-09
2026-09-14 02:30:00,CME_MINI:NQ1!,29062.75,29074.0,29062.5,29072.0,63.0,2026-09
2026-09-14 02:31:00,CME_MINI:NQ1!,29072.25,29074.5,29070.5,29071.5,55.0,2026-09
2026-09-14 02:32:00,CME_MINI:NQ1!,29071.5,29071.5,29064.75,29067.5,63.0,2026-09
2026-09-14 02:33:00,CME_MINI:NQ1!,29067.75,29069.0,29067.75,29068.0,5.0,2026-09
2026-09-14 02:34:00,CME_MINI:NQ1!,29068.25,29068.25,29066.0,29067.0,6.0,2026-09
2026-09-14 02:35:00,CME_MINI:NQ1!,29066.25,29067.75,29056.75,29059.5,119.0,2026-09
2026-09-14 02:36:00,CME_MINI:NQ1!,29059.5,29060.25,29054.5,29057.75,118.0,2026-09
2026-09-14 02:37:00,CME_MINI:NQ1!,29059.0,29067.25,29057.0,29059.0,112.0,2026-09
2026-09-14 02:38:00,CME_MINI:NQ1!,29059.0,29063.5,29057.25,29063.5,49.0,2026-09
2026-09-14 02:39:00,CME_MINI:NQ1!,29064.75,29065.5,29055.5,29056.0,50.0,2026-09
2026-09-14 02:40:00,CME_MINI:NQ1!,29058.0,29062.5,29051.25,29054.75,115.0,2026-09
2026-09-14 02:41:00,CME_MINI:NQ1!,29055.0,29055.0,29046.25,29049.0,85.0,2026-09
2026-09-14 02:42:00,CME_MINI:NQ1!,29047.25,29050.5,29040.75,29048.75,125.0,2026-09
2026-09-14 02:43:00,CME_MINI:NQ1!,29045.75,29054.0,29045.0,29052.5,79.0,2026-09
2026-09-14 02:44:00,CME_MINI:NQ1!,29052.75,29052.75,29045.25,29050.0,117.0,2026-09
2026-09-14 02:45:00,CME_MINI:NQ1!,29047.25,29059.0,29047.0,29058.0,85.0,2026-09
2026-09-14 02:46:00,CME_MINI:NQ1!,29058.75,29063.0,29055.5,29058.5,62.0,2026-09
2026-09-14 02:47:00,CME_MINI:NQ1!,29060.75,29065.5,29055.25,29062.5,69.0,2026-09
2026-09-14 02:48:00,CME_MINI:NQ1!,29059.5,29062.25,29058.75,29061.0,24.0,2026-09
2026-09-14 02:49:00,CME_MINI:NQ1!,29061.25,29061.25,29058.75,29061.25,18.0,2026-09
2026-09-14 02:50:00,CME_MINI:NQ1!,29060.25,29066.0,29060.25,29066.0,23.0,2026-09
2026-09-14 02:51:00,CME_MINI:NQ1!,29063.25,29070.0,29063.0,29065.5,83.0,2026-09
2026-09-14 02:52:00,CME_MINI:NQ1!,29065.5,29069.5,29065.0,29069.25,31.0,2026-09
2026-09-14 02:53:00,CME_MINI:NQ1!,29068.5,29068.5,29063.0,29067.0,41.0,2026-09
2026-09-14 02:54:00,CME_MINI:NQ1!,29066.5,29068.0,29064.25,29065.75,35.0,2026-09
2026-09-14 02:55:00,CME_MINI:NQ1!,29065.0,29065.25,29054.5,29058.0,83.0,2026-09
2026-09-14 02:56:00,CME_MINI:NQ1!,29056.5,29060.0,29053.75,29055.0,83.0,2026-09
2026-09-14 02:57:00,CME_MINI:NQ1!,29056.25,29059.0,29054.0,29058.75,38.0,2026-09
2026-09-14 02:58:00,CME_MINI:NQ1!,29058.0,29058.0,29055.5,29056.25,21.0,2026-09
2026-09-14 02:59:00,CME_MINI:NQ1!,29054.5,29057.0,29050.75,29053.5,53.0,2026-09
2026-09-14 03:00:00,CME_MINI:NQ1!,29052.75,29055.75,29046.0,29053.0,130.0,2026-09
2026-09-14 03:01:00,CME_MINI:NQ1!,29052.25,29056.25,29047.5,29051.0,70.0,2026-09
2026-09-14 03:02:00,CME_MINI:NQ1!,29051.0,29057.25,29050.75,29053.5,42.0,2026-09
2026-09-14 03:03:00,CME_MINI:NQ1!,29053.0,29053.5,29050.25,29053.0,31.0,2026-09
2026-09-14 03:04:00,CME_MINI:NQ1!,29053.75,29053.75,29049.0,29051.75,27.0,2026-09
2026-09-14 03:05:00,CME_MINI:NQ1!,29050.0,29056.25,29050.0,29051.25,89.0,2026-09
2026-09-14 03:06:00,CME_MINI:NQ1!,29051.75,29059.25,29051.75,29057.75,58.0,2026-09
2026-09-14 03:07:00,CME_MINI:NQ1!,29057.75,29058.25,29051.0,29055.5,82.0,2026-09
2026-09-14 03:08:00,CME_MINI:NQ1!,29056.0,29058.75,29054.5,29055.5,93.0,2026-09
2026-09-14 03:09:00,CME_MINI:NQ1!,29055.5,29055.75,29050.75,29052.5,65.0,2026-09
2026-09-14 03:10:00,CME_MINI:NQ1!,29052.5,29052.5,29044.0,29046.5,156.0,2026-09
2026-09-14 03:11:00,CME_MINI:NQ1!,29046.25,29046.5,29038.75,29040.0,175.0,2026-09
2026-09-14 03:12:00,CME_MINI:NQ1!,29039.5,29040.75,29029.5,29033.25,203.0,2026-09
2026-09-14 03:13:00,CME_MINI:NQ1!,29032.75,29037.25,29032.0,29035.25,69.0,2026-09
2026-09-14 03:14:00,CME_MINI:NQ1!,29034.5,29035.75,29028.0,29031.0,65.0,2026-09
2026-09-14 03:15:00,CME_MINI:NQ1!,29029.75,29038.0,29028.75,29032.75,86.0,2026-09
2026-09-14 03:16:00,CME_MINI:NQ1!,29032.5,29032.5,29017.75,29023.75,359.0,2026-09
2026-09-14 03:17:00,CME_MINI:NQ1!,29024.25,29024.25,29008.25,29014.75,280.0,2026-09
2026-09-14 03:18:00,CME_MINI:NQ1!,29014.25,29017.25,29012.25,29015.0,72.0,2026-09
2026-09-14 03:19:00,CME_MINI:NQ1!,29014.25,29016.25,29012.75,29014.75,55.0,2026-09
2026-09-14 03:20:00,CME_MINI:NQ1!,29015.75,29019.0,29015.0,29017.5,66.0,2026-09
2026-09-14 03:21:00,CME_MINI:NQ1!,29018.0,29022.5,29017.5,29018.75,118.0,2026-09
2026-09-14 03:22:00,CME_MINI:NQ1!,29020.0,29026.0,29020.0,29023.75,85.0,2026-09
2026-09-14 03:23:00,CME_MINI:NQ1!,29023.75,29025.0,29015.75,29022.0,71.0,2026-09
2026-09-14 03:24:00,CME_MINI:NQ1!,29022.5,29023.25,29019.25,29020.5,45.0,2026-09
2026-09-14 03:25:00,CME_MINI:NQ1!,29022.0,29022.5,29016.25,29019.75,57.0,2026-09
2026-09-14 03:26:00,CME_MINI:NQ1!,29020.25,29024.0,29016.0,29020.0,86.0,2026-09
2026-09-14 03:27:00,CME_MINI:NQ1!,29021.25,29022.5,29021.25,29022.5,21.0,2026-09
2026-09-14 03:28:00,CME_MINI:NQ1!,29022.5,29024.25,29020.5,29024.25,49.0,2026-09
2026-09-14 03:29:00,CME_MINI:NQ1!,29023.25,29029.75,29023.25,29026.5,86.0,2026-09
2026-09-14 03:30:00,CME_MINI:NQ1!,29026.5,29027.0,29015.75,29015.75,97.0,2026-09
2026-09-14 03:31:00,CME_MINI:NQ1!,29016.75,29016.75,29010.0,29015.75,123.0,2026-09
2026-09-14 03:32:00,CME_MINI:NQ1!,29016.5,29021.25,29016.5,29017.0,32.0,2026-09
2026-09-14 03:33:00,CME_MINI:NQ1!,29015.75,29022.75,29015.75,29020.0,38.0,2026-09
2026-09-14 03:34:00,CME_MINI:NQ1!,29020.5,29022.5,29020.25,29020.25,35.0,2026-09
2026-09-14 03:35:00,CME_MINI:NQ1!,29022.0,29023.25,29018.5,29021.75,43.0,2026-09
2026-09-14 03:36:00,CME_MINI:NQ1!,29021.0,29021.25,29017.5,29021.25,27.0,2026-09
2026-09-14 03:37:00,CME_MINI:NQ1!,29022.0,29023.75,29016.75,29019.5,56.0,2026-09
2026-09-14 03:38:00,CME_MINI:NQ1!,29019.75,29021.25,29013.0,29016.0,37.0,2026-09
2026-09-14 03:39:00,CME_MINI:NQ1!,29017.0,29021.25,29016.5,29019.75,23.0,2026-09
2026-09-14 03:40:00,CME_MINI:NQ1!,29020.25,29021.5,29015.75,29015.75,37.0,2026-09
2026-09-14 03:41:00,CME_MINI:NQ1!,29015.5,29017.0,29013.0,29013.25,28.0,2026-09
2026-09-14 03:42:00,CME_MINI:NQ1!,29014.0,29014.75,29011.75,29012.75,60.0,2026-09
2026-09-14 03:43:00,CME_MINI:NQ1!,29013.25,29016.0,29011.5,29016.0,45.0,2026-09
2026-09-14 03:44:00,CME_MINI:NQ1!,29017.75,29018.0,29012.75,29015.5,24.0,2026-09
2026-09-14 03:45:00,CME_MINI:NQ1!,29016.0,29018.5,29015.0,29018.25,26.0,2026-09
2026-09-14 03:46:00,CME_MINI:NQ1!,29016.75,29019.25,29011.75,29012.5,43.0,2026-09
2026-09-14 03:47:00,CME_MINI:NQ1!,29011.25,29015.75,29009.75,29015.0,58.0,2026-09
2026-09-14 03:48:00,CME_MINI:NQ1!,29014.0,29022.5,29011.75,29019.0,54.0,2026-09
2026-09-14 03:49:00,CME_MINI:NQ1!,29019.5,29022.0,29014.75,29015.5,68.0,2026-09
2026-09-14 03:50:00,CME_MINI:NQ1!,29015.0,29015.25,29011.0,29014.0,29.0,2026-09
2026-09-14 03:51:00,CME_MINI:NQ1!,29016.75,29017.25,29013.5,29016.5,26.0,2026-09
2026-09-14 03:52:00,CME_MINI:NQ1!,29016.5,29017.5,29014.25,29017.0,17.0,2026-09
2026-09-14 03:53:00,CME_MINI:NQ1!,29017.5,29025.5,29015.75,29018.75,125.0,2026-09
2026-09-14 03:54:00,CME_MINI:NQ1!,29018.5,29020.0,29016.0,29020.0,13.0,2026-09
2026-09-14 03:55:00,CME_MINI:NQ1!,29019.75,29020.5,29016.5,29018.0,24.0,2026-09
2026-09-14 03:56:00,CME_MINI:NQ1!,29018.25,29018.5,29015.5,29015.5,9.0,2026-09
2026-09-14 03:57:00,CME_MINI:NQ1!,29018.25,29018.25,29016.5,29016.5,13.0,2026-09
2026-09-14 03:58:00,CME_MINI:NQ1!,29017.25,29017.25,29014.25,29015.0,17.0,2026-09
2026-09-14 03:59:00,CME_MINI:NQ1!,29016.0,29017.25,29015.5,29016.5,7.0,2026-09
2026-09-14 04:00:00,CME_MINI:NQ1!,29016.75,29021.0,29015.75,29016.0,57.0,2026-09
2026-09-14 04:01:00,CME_MINI:NQ1!,29019.25,29030.0,29018.0,29022.5,145.0,2026-09
2026-09-14 04:02:00,CME_MINI:NQ1!,29022.25,29024.75,29020.0,29021.25,73.0,2026-09
2026-09-14 04:03:00,CME_MINI:NQ1!,29022.75,29028.25,29022.75,29027.75,49.0,2026-09
2026-09-14 04:04:00,CME_MINI:NQ1!,29027.0,29029.25,29026.5,29029.25,23.0,2026-09
2026-09-14 04:05:00,CME_MINI:NQ1!,29030.0,29033.0,29027.0,29029.0,71.0,2026-09
2026-09-14 04:06:00,CME_MINI:NQ1!,29030.5,29036.25,29029.0,29032.25,88.0,2026-09
2026-09-14 04:07:00,CME_MINI:NQ1!,29033.5,29035.0,29029.0,29031.25,41.0,2026-09
2026-09-14 04:08:00,CME_MINI:NQ1!,29030.75,29031.5,29026.25,29026.25,27.0,2026-09
2026-09-14 04:09:00,CME_MINI:NQ1!,29025.0,29027.75,29023.0,29026.5,49.0,2026-09
2026-09-14 04:10:00,CME_MINI:NQ1!,29024.25,29024.25,29013.75,29014.75,126.0,2026-09
2026-09-14 04:11:00,CME_MINI:NQ1!,29013.75,29018.25,29010.0,29017.75,85.0,2026-09
2026-09-14 18:53:00,CME_MINI:NQ1!,29270.5,29271.0,29266.25,29268.25,112.0,2026-09
2026-09-14 18:54:00,CME_MINI:NQ1!,29267.5,29268.75,29263.25,29264.75,129.0,2026-09
2026-09-14 18:55:00,CME_MINI:NQ1!,29264.0,29265.0,29258.75,29264.5,152.0,2026-09
2026-09-14 18:56:00,CME_MINI:NQ1!,29264.0,29267.25,29262.75,29266.25,145.0,2026-09
2026-09-14 18:57:00,CME_MINI:NQ1!,29266.0,29268.0,29260.75,29261.5,143.0,2026-09
2026-09-14 18:58:00,CME_MINI:NQ1!,29260.0,29261.5,29253.25,29256.75,293.0,2026-09
2026-09-14 18:59:00,CME_MINI:NQ1!,29256.5,29258.5,29256.0,29258.0,131.0,2026-09
2026-09-14 19:00:00,CME_MINI:NQ1!,29257.5,29259.25,29246.0,29249.75,476.0,2026-09
2026-09-14 19:01:00,CME_MINI:NQ1!,29249.75,29251.0,29245.25,29248.75,365.0,2026-09
2026-09-14 19:02:00,CME_MINI:NQ1!,29249.0,29251.75,29244.75,29245.75,324.0,2026-09
2026-09-14 19:03:00,CME_MINI:NQ1!,29245.75,29251.0,29241.25,29247.75,300.0,2026-09
2026-09-14 19:04:00,CME_MINI:NQ1!,29247.5,29252.5,29242.25,29249.25,517.0,2026-09
2026-09-14 19:05:00,CME_MINI:NQ1!,29247.25,29249.75,29239.75,29241.0,294.0,2026-09
2026-09-14 19:06:00,CME_MINI:NQ1!,29240.75,29244.25,29235.75,29236.75,512.0,2026-09
2026-09-14 19:07:00,CME_MINI:NQ1!,29236.0,29240.5,29232.0,29232.25,271.0,2026-09
2026-09-14 19:08:00,CME_MINI:NQ1!,29232.25,29236.0,29228.25,29235.25,363.0,2026-09
2026-09-14 19:09:00,CME_MINI:NQ1!,29234.75,29244.5,29234.0,29235.25,307.0,2026-09
2026-09-14 19:10:00,CME_MINI:NQ1!,29237.0,29237.75,29232.25,29235.5,169.0,2026-09
2026-09-14 19:11:00,CME_MINI:NQ1!,29235.25,29236.5,29232.25,29234.5,127.0,2026-09
2026-09-14 19:12:00,CME_MINI:NQ1!,29234.75,29241.25,29233.75,29233.75,158.0,2026-09
2026-09-14 19:13:00,CME_MINI:NQ1!,29234.0,29235.5,29227.5,29228.25,192.0,2026-09
2026-09-14 19:14:00,CME_MINI:NQ1!,29228.25,29236.5,29227.25,29233.5,251.0,2026-09
2026-09-14 19:15:00,CME_MINI:NQ1!,29233.0,29233.25,29222.75,29223.75,396.0,2026-09
2026-09-14 19:16:00,CME_MINI:NQ1!,29224.0,29228.75,29224.0,29228.25,208.0,2026-09
2026-09-14 19:17:00,CME_MINI:NQ1!,29228.25,29228.5,29225.25,29227.25,143.0,2026-09
2026-09-14 19:18:00,CME_MINI:NQ1!,29227.25,29230.0,29224.25,29224.5,141.0,2026-09
2026-09-14 19:19:00,CME_MINI:NQ1!,29225.0,29230.0,29221.5,29229.5,218.0,2026-09
2026-09-14 19:20:00,CME_MINI:NQ1!,29229.5,29232.0,29225.5,29226.25,247.0,2026-09
2026-09-14 19:21:00,CME_MINI:NQ1!,29226.5,29227.0,29220.5,29222.5,237.0,2026-09
2026-09-14 19:22:00,CME_MINI:NQ1!,29222.75,29223.5,29217.0,29219.25,345.0,2026-09
2026-09-14 19:23:00,CME_MINI:NQ1!,29219.5,29221.75,29217.25,29220.0,199.0,2026-09
2026-09-14 19:24:00,CME_MINI:NQ1!,29219.75,29226.5,29219.0,29225.75,266.0,2026-09
2026-09-14 19:25:00,CME_MINI:NQ1!,29225.0,29229.25,29222.0,29222.25,174.0,2026-09
2026-09-14 19:26:00,CME_MINI:NQ1!,29223.0,29229.0,29223.0,29226.75,158.0,2026-09
2026-09-14 19:27:00,CME_MINI:NQ1!,29226.75,29230.25,29225.75,29226.75,122.0,2026-09
2026-09-14 19:28:00,CME_MINI:NQ1!,29226.75,29230.25,29225.0,29229.75,107.0,2026-09
2026-09-14 19:29:00,CME_MINI:NQ1!,29229.0,29230.75,29224.25,29224.25,172.0,2026-09
2026-09-14 19:30:00,CME_MINI:NQ1!,29224.25,29230.75,29221.75,29224.0,295.0,2026-09
2026-09-14 19:31:00,CME_MINI:NQ1!,29224.75,29229.25,29223.75,29225.0,111.0,2026-09
2026-09-14 19:32:00,CME_MINI:NQ1!,29226.75,29229.5,29224.5,29225.25,129.0,2026-09
2026-09-14 19:33:00,CME_MINI:NQ1!,29225.25,29227.25,29222.25,29223.0,215.0,2026-09
2026-09-14 19:34:00,CME_MINI:NQ1!,29223.25,29226.0,29222.5,29224.0,112.0,2026-09
2026-09-14 19:35:00,CME_MINI:NQ1!,29223.75,29224.25,29213.25,29213.25,376.0,2026-09
2026-09-14 19:36:00,CME_MINI:NQ1!,29213.25,29217.75,29212.0,29213.75,316.0,2026-09
2026-09-14 19:37:00,CME_MINI:NQ1!,29214.0,29219.5,29213.5,29218.0,197.0,2026-09
2026-09-14 19:38:00,CME_MINI:NQ1!,29217.5,29217.5,29214.25,29214.5,77.0,2026-09
2026-09-14 19:39:00,CME_MINI:NQ1!,29214.0,29215.5,29211.0,29212.25,236.0,2026-09
2026-09-14 19:40:00,CME_MINI:NQ1!,29212.0,29222.25,29210.5,29222.0,332.0,2026-09
2026-09-14 19:41:00,CME_MINI:NQ1!,29222.0,29222.25,29217.0,29218.5,182.0,2026-09
2026-09-14 19:42:00,CME_MINI:NQ1!,29219.75,29221.0,29216.0,29216.0,126.0,2026-09
2026-09-14 19:43:00,CME_MINI:NQ1!,29216.5,29218.75,29213.5,29214.5,154.0,2026-09
2026-09-14 19:44:00,CME_MINI:NQ1!,29214.25,29217.5,29213.0,29215.75,191.0,2026-09
2026-09-14 19:45:00,CME_MINI:NQ1!,29216.0,29223.0,29214.0,29221.75,301.0,2026-09
2026-09-14 19:46:00,CME_MINI:NQ1!,29221.25,29225.5,29218.75,29219.75,302.0,2026-09
2026-09-14 19:47:00,CME_MINI:NQ1!,29219.5,29223.75,29215.75,29221.5,241.0,2026-09
2026-09-14 19:48:00,CME_MINI:NQ1!,29221.25,29222.5,29218.0,29220.25,182.0,2026-09
2026-09-14 19:49:00,CME_MINI:NQ1!,29220.75,29224.5,29216.75,29224.25,359.0,2026-09
2026-09-14 19:50:00,CME_MINI:NQ1!,29223.5,29231.5,29203.25,29204.0,1206.0,2026-09
2026-09-14 19:51:00,CME_MINI:NQ1!,29204.25,29205.0,29196.5,29201.0,617.0,2026-09
2026-09-14 19:52:00,CME_MINI:NQ1!,29201.0,29207.75,29193.0,29197.25,739.0,2026-09
2026-09-14 19:53:00,CME_MINI:NQ1!,29196.75,29197.75,29185.0,29192.25,1039.0,2026-09
2026-09-14 19:54:00,CME_MINI:NQ1!,29192.5,29199.5,29190.5,29194.0,989.0,2026-09
2026-09-14 19:55:00,CME_MINI:NQ1!,29194.0,29194.25,29162.5,29166.0,1820.0,2026-09
2026-09-14 19:56:00,CME_MINI:NQ1!,29166.0,29176.25,29163.0,29168.25,799.0,2026-09
2026-09-14 19:57:00,CME_MINI:NQ1!,29168.25,29172.5,29160.0,29171.25,813.0,2026-09
2026-09-14 19:58:00,CME_MINI:NQ1!,29170.25,29174.5,29165.25,29168.75,1108.0,2026-09
2026-09-14 19:59:00,CME_MINI:NQ1!,29169.25,29173.25,29147.0,29151.25,4067.0,2026-09
2026-09-14 20:00:00,CME_MINI:NQ1!,29151.75,29167.25,29150.25,29159.0,1174.0,2026-09
2026-09-14 20:01:00,CME_MINI:NQ1!,29158.75,29163.5,29157.0,29159.5,584.0,2026-09
2026-09-14 20:02:00,CME_MINI:NQ1!,29160.0,29161.0,29154.25,29155.0,297.0,2026-09
2026-09-14 20:03:00,CME_MINI:NQ1!,29154.75,29159.0,29152.25,29157.5,259.0,2026-09
2026-09-14 20:04:00,CME_MINI:NQ1!,29157.5,29163.0,29157.0,29160.5,296.0,2026-09
2026-09-14 20:05:00,CME_MINI:NQ1!,29159.25,29160.25,29152.75,29159.5,291.0,2026-09
2026-09-14 20:06:00,CME_MINI:NQ1!,29158.75,29159.0,29154.0,29157.25,125.0,2026-09
2026-09-14 20:07:00,CME_MINI:NQ1!,29157.5,29163.0,29157.0,29162.0,221.0,2026-09
2026-09-14 20:08:00,CME_MINI:NQ1!,29161.25,29162.0,29157.75,29158.25,131.0,2026-09
2026-09-14 20:09:00,CME_MINI:NQ1!,29158.5,29160.75,29155.5,29156.5,136.0,2026-09
2026-09-14 20:10:00,CME_MINI:NQ1!,29156.75,29159.0,29154.75,29156.5,131.0,2026-09
2026-09-14 20:11:00,CME_MINI:NQ1!,29156.25,29162.0,29155.5,29161.5,106.0,2026-09
2026-09-14 20:12:00,CME_MINI:NQ1!,29161.5,29163.75,29160.5,29163.75,36.0,2026-09
2026-09-14 20:13:00,CME_MINI:NQ1!,29163.25,29166.75,29162.5,29164.0,81.0,2026-09
2026-09-14 20:14:00,CME_MINI:NQ1!,29163.75,29165.75,29162.75,29163.0,50.0,2026-09
2026-09-14 20:15:00,CME_MINI:NQ1!,29163.5,29164.0,29157.0,29158.0,94.0,2026-09
2026-09-14 20:16:00,CME_MINI:NQ1!,29157.5,29157.75,29149.0,29154.75,202.0,2026-09
2026-09-14 20:17:00,CME_MINI:NQ1!,29153.75,29158.5,29153.75,29156.5,47.0,2026-09
2026-09-14 20:18:00,CME_MINI:NQ1!,29156.25,29160.25,29156.0,29158.25,64.0,2026-09
2026-09-14 20:19:00,CME_MINI:NQ1!,29157.5,29161.25,29156.25,29161.25,22.0,2026-09
2026-09-14 20:20:00,CME_MINI:NQ1!,29163.0,29170.75,29163.0,29169.75,95.0,2026-09
2026-09-14 20:21:00,CME_MINI:NQ1!,29170.0,29177.0,29169.5,29172.75,114.0,2026-09
2026-09-14 20:22:00,CME_MINI:NQ1!,29171.75,29176.5,29171.75,29174.5,46.0,2026-09
2026-09-14 20:23:00,CME_MINI:NQ1!,29174.75,29177.0,29172.75,29175.25,51.0,2026-09
2026-09-14 20:24:00,CME_MINI:NQ1!,29175.25,29179.5,29174.75,29179.25,76.0,2026-09
2026-09-14 20:25:00,CME_MINI:NQ1!,29179.0,29183.25,29177.25,29180.75,108.0,2026-09
2026-09-14 20:26:00,CME_MINI:NQ1!,29180.5,29180.5,29175.0,29178.0,76.0,2026-09
2026-09-14 20:27:00,CME_MINI:NQ1!,29179.5,29179.5,29176.75,29177.25,39.0,2026-09
2026-09-14 20:28:00,CME_MINI:NQ1!,29179.5,29181.0,29177.25,29180.0,65.0,2026-09
2026-09-14 20:29:00,CME_MINI:NQ1!,29180.25,29180.75,29178.75,29180.0,24.0,2026-09
2026-09-14 20:30:00,CME_MINI:NQ1!,29180.25,29182.75,29177.5,29177.5,37.0,2026-09
2026-09-14 20:31:00,CME_MINI:NQ1!,29178.25,29178.25,29174.25,29174.25,22.0,2026-09
2026-09-14 20:32:00,CME_MINI:NQ1!,29174.5,29177.0,29174.25,29174.5,42.0,2026-09
2026-09-14 20:33:00,CME_MINI:NQ1!,29176.0,29179.5,29176.0,29179.5,20.0,2026-09
2026-09-14 20:34:00,CME_MINI:NQ1!,29179.25,29182.5,29178.75,29181.5,71.0,2026-09
2026-09-14 20:35:00,CME_MINI:NQ1!,29182.0,29185.5,29179.0,29182.5,199.0,2026-09
2026-09-14 20:36:00,CME_MINI:NQ1!,29182.0,29182.0,29178.75,29178.75,104.0,2026-09
2026-09-14 20:37:00,CME_MINI:NQ1!,29179.25,29181.75,29176.5,29180.75,93.0,2026-09
2026-09-14 20:38:00,CME_MINI:NQ1!,29181.5,29181.5,29179.25,29180.5,34.0,2026-09
2026-09-14 20:39:00,CME_MINI:NQ1!,29181.0,29182.25,29181.0,29182.25,12.0,2026-09
2026-09-14 20:40:00,CME_MINI:NQ1!,29181.75,29186.0,29181.75,29184.25,70.0,2026-09
2026-09-14 20:41:00,CME_MINI:NQ1!,29184.0,29184.0,29180.5,29183.75,18.0,2026-09
2026-09-14 20:42:00,CME_MINI:NQ1!,29183.25,29184.5,29182.5,29182.75,18.0,2026-09
2026-09-14 20:43:00,CME_MINI:NQ1!,29183.25,29183.75,29180.5,29183.75,38.0,2026-09
2026-09-14 20:44:00,CME_MINI:NQ1!,29183.25,29183.75,29179.0,29182.75,76.0,2026-09
2026-09-14 20:45:00,CME_MINI:NQ1!,29182.0,29190.0,29181.25,29186.25,77.0,2026-09
2026-09-14 20:46:00,CME_MINI:NQ1!,29186.0,29186.0,29182.0,29182.0,89.0,2026-09
2026-09-14 20:47:00,CME_MINI:NQ1!,29181.75,29186.5,29181.75,29184.75,88.0,2026-09
2026-09-14 20:48:00,CME_MINI:NQ1!,29183.75,29193.0,29183.75,29190.0,44.0,2026-09
2026-09-14 20:49:00,CME_MINI:NQ1!,29188.25,29191.75,29187.5,29190.5,65.0,2026-09
2026-09-14 20:50:00,CME_MINI:NQ1!,29191.0,29192.0,29188.5,29190.25,46.0,2026-09
2026-09-14 20:51:00,CME_MINI:NQ1!,29189.75,29194.25,29189.25,29190.5,63.0,2026-09
2026-09-14 20:52:00,CME_MINI:NQ1!,29190.5,29192.0,29189.75,29191.5,15.0,2026-09
2026-09-14 20:53:00,CME_MINI:NQ1!,29193.0,29198.5,29192.5,29195.5,70.0,2026-09
2026-09-14 20:54:00,CME_MINI:NQ1!,29197.0,29199.25,29195.25,29197.5,56.0,2026-09
2026-09-14 20:55:00,CME_MINI:NQ1!,29197.25,29199.75,29194.75,29196.75,46.0,2026-09
2026-09-14 20:56:00,CME_MINI:NQ1!,29196.5,29196.5,29185.0,29187.25,189.0,2026-09
2026-09-14 20:57:00,CME_MINI:NQ1!,29187.75,29196.0,29187.75,29194.25,24.0,2026-09
2026-09-14 20:58:00,CME_MINI:NQ1!,29193.75,29195.0,29191.25,29193.75,33.0,2026-09
2026-09-14 20:59:00,CME_MINI:NQ1!,29193.5,29196.25,29192.0,29193.75,86.0,2026-09
2026-09-14 22:00:00,CME_MINI:NQ1!,29488.5,29490.25,29465.0,29467.25,218.0,2026-09
2026-09-14 22:01:00,CME_MINI:NQ1!,29469.25,29474.0,29468.75,29471.75,41.0,2026-09
2026-09-14 22:02:00,CME_MINI:NQ1!,29469.75,29477.25,29469.75,29472.5,104.0,2026-09
2026-09-14 22:03:00,CME_MINI:NQ1!,29470.5,29477.5,29470.0,29474.25,110.0,2026-09
2026-09-14 22:04:00,CME_MINI:NQ1!,29475.25,29477.5,29473.0,29476.0,41.0,2026-09
2026-09-14 22:05:00,CME_MINI:NQ1!,29476.75,29476.75,29461.5,29462.75,86.0,2026-09
2026-09-14 22:06:00,CME_MINI:NQ1!,29464.0,29474.0,29464.0,29469.75,44.0,2026-09
2026-09-14 22:07:00,CME_MINI:NQ1!,29468.25,29468.25,29459.75,29459.75,88.0,2026-09
2026-09-14 22:08:00,CME_MINI:NQ1!,29461.0,29465.25,29458.5,29461.5,78.0,2026-09
2026-09-14 22:09:00,CME_MINI:NQ1!,29461.0,29461.75,29457.5,29461.25,32.0,2026-09
2026-09-14 22:10:00,CME_MINI:NQ1!,29461.25,29463.75,29460.0,29463.0,24.0,2026-09
2026-09-14 22:11:00,CME_MINI:NQ1!,29464.25,29464.25,29458.5,29459.0,79.0,2026-09
2026-09-14 22:12:00,CME_MINI:NQ1!,29461.0,29465.25,29459.75,29463.5,49.0,2026-09
2026-09-14 22:13:00,CME_MINI:NQ1!,29461.0,29463.75,29461.0,29463.0,9.0,2026-09
2026-09-14 22:14:00,CME_MINI:NQ1!,29461.0,29463.25,29460.5,29462.25,24.0,2026-09
2026-09-14 22:15:00,CME_MINI:NQ1!,29463.5,29467.75,29463.5,29464.25,61.0,2026-09
2026-09-14 22:16:00,CME_MINI:NQ1!,29463.25,29463.25,29457.0,29458.25,34.0,2026-09
2026-09-14 22:17:00,CME_MINI:NQ1!,29457.0,29459.25,29451.75,29455.5,140.0,2026-09
2026-09-14 22:18:00,CME_MINI:NQ1!,29456.75,29460.0,29453.0,29459.5,125.0,2026-09
2026-09-14 22:19:00,CME_MINI:NQ1!,29458.25,29459.5,29457.0,29457.75,20.0,2026-09
2026-09-14 22:20:00,CME_MINI:NQ1!,29458.0,29459.75,29457.5,29458.25,43.0,2026-09
2026-09-14 22:21:00,CME_MINI:NQ1!,29458.0,29461.75,29457.0,29461.75,31.0,2026-09
2026-09-14 22:22:00,CME_MINI:NQ1!,29461.75,29462.0,29459.25,29459.25,16.0,2026-09
2026-09-14 22:23:00,CME_MINI:NQ1!,29459.5,29460.75,29458.75,29459.5,13.0,2026-09
2026-09-14 22:24:00,CME_MINI:NQ1!,29458.0,29459.5,29457.25,29459.0,13.0,2026-09
2026-09-14 22:25:00,CME_MINI:NQ1!,29458.0,29458.75,29456.0,29457.5,25.0,2026-09
2026-09-14 22:26:00,CME_MINI:NQ1!,29457.25,29458.25,29453.0,29453.5,25.0,2026-09
2026-09-14 22:27:00,CME_MINI:NQ1!,29454.0,29454.0,29450.0,29451.75,78.0,2026-09
2026-09-14 22:28:00,CME_MINI:NQ1!,29452.0,29453.0,29449.25,29453.0,69.0,2026-09
2026-09-14 22:29:00,CME_MINI:NQ1!,29453.25,29459.0,29453.0,29457.0,53.0,2026-09
2026-09-14 22:30:00,CME_MINI:NQ1!,29457.75,29459.5,29457.0,29459.0,23.0,2026-09
2026-09-14 22:31:00,CME_MINI:NQ1!,29459.0,29461.25,29459.0,29460.5,66.0,2026-09
2026-09-14 22:32:00,CME_MINI:NQ1!,29460.0,29463.0,29459.75,29462.0,75.0,2026-09
2026-09-14 22:33:00,CME_MINI:NQ1!,29462.75,29463.0,29460.5,29461.75,29.0,2026-09
2026-09-14 22:34:00,CME_MINI:NQ1!,29462.0,29462.5,29460.25,29460.25,17.0,2026-09
2026-09-14 22:35:00,CME_MINI:NQ1!,29460.0,29463.5,29459.75,29462.0,31.0,2026-09
2026-09-14 22:36:00,CME_MINI:NQ1!,29462.25,29463.75,29461.5,29461.75,26.0,2026-09
2026-09-14 22:37:00,CME_MINI:NQ1!,29463.0,29465.0,29461.5,29462.0,23.0,2026-09
2026-09-14 22:38:00,CME_MINI:NQ1!,29461.25,29461.25,29456.0,29460.0,96.0,2026-09
2026-09-14 22:39:00,CME_MINI:NQ1!,29460.25,29461.0,29459.25,29459.5,11.0,2026-09
2026-09-14 22:40:00,CME_MINI:NQ1!,29459.5,29459.75,29455.75,29458.75,44.0,2026-09
2026-09-14 22:41:00,CME_MINI:NQ1!,29459.0,29462.5,29457.25,29458.5,47.0,2026-09
2026-09-14 22:42:00,CME_MINI:NQ1!,29456.5,29458.25,29455.0,29457.25,61.0,2026-09
2026-09-14 22:43:00,CME_MINI:NQ1!,29458.5,29458.5,29456.0,29457.5,19.0,2026-09
2026-09-14 22:44:00,CME_MINI:NQ1!,29456.5,29456.5,29454.5,29455.75,21.0,2026-09
2026-09-14 22:45:00,CME_MINI:NQ1!,29456.75,29460.75,29456.0,29460.0,124.0,2026-09
2026-09-14 22:46:00,CME_MINI:NQ1!,29461.25,29463.75,29461.25,29462.25,31.0,2026-09
2026-09-14 22:47:00,CME_MINI:NQ1!,29462.0,29464.75,29460.75,29464.75,42.0,2026-09
2026-09-14 22:48:00,CME_MINI:NQ1!,29463.5,29464.75,29463.25,29463.25,9.0,2026-09
2026-09-14 22:49:00,CME_MINI:NQ1!,29464.0,29466.5,29463.5,29466.0,21.0,2026-09
2026-09-14 22:50:00,CME_MINI:NQ1!,29466.75,29469.0,29466.5,29467.75,38.0,2026-09
2026-09-14 22:51:00,CME_MINI:NQ1!,29467.5,29474.25,29467.5,29470.25,114.0,2026-09
2026-09-14 22:52:00,CME_MINI:NQ1!,29471.0,29473.0,29469.5,29472.0,44.0,2026-09
2026-09-14 22:53:00,CME_MINI:NQ1!,29470.75,29471.0,29464.75,29466.5,101.0,2026-09
2026-09-14 22:54:00,CME_MINI:NQ1!,29468.5,29469.25,29464.75,29466.5,18.0,2026-09
2026-09-14 22:55:00,CME_MINI:NQ1!,29466.25,29468.0,29466.0,29466.75,15.0,2026-09
2026-09-14 22:56:00,CME_MINI:NQ1!,29466.75,29468.25,29464.75,29465.0,27.0,2026-09
2026-09-14 22:57:00,CME_MINI:NQ1!,29464.0,29465.25,29462.75,29465.0,31.0,2026-09
2026-09-14 22:58:00,CME_MINI:NQ1!,29463.25,29463.25,29458.5,29461.0,53.0,2026-09
2026-09-14 22:59:00,CME_MINI:NQ1!,29460.25,29462.0,29458.5,29458.5,26.0,2026-09
2026-09-14 23:00:00,CME_MINI:NQ1!,29459.5,29460.25,29453.0,29458.25,86.0,2026-09
2026-09-14 23:01:00,CME_MINI:NQ1!,29457.0,29458.0,29454.5,29455.5,17.0,2026-09
2026-09-14 23:02:00,CME_MINI:NQ1!,29456.0,29462.5,29449.75,29455.5,167.0,2026-09
2026-09-14 23:03:00,CME_MINI:NQ1!,29455.75,29459.5,29455.5,29458.5,20.0,2026-09
2026-09-14 23:04:00,CME_MINI:NQ1!,29458.25,29458.75,29454.75,29458.5,44.0,2026-09
2026-09-14 23:05:00,CME_MINI:NQ1!,29459.0,29459.25,29456.0,29456.75,22.0,2026-09
2026-09-14 23:06:00,CME_MINI:NQ1!,29456.75,29456.75,29453.5,29454.0,19.0,2026-09
2026-09-14 23:07:00,CME_MINI:NQ1!,29454.25,29457.25,29454.0,29455.5,8.0,2026-09
2026-09-14 23:08:00,CME_MINI:NQ1!,29457.0,29460.25,29457.0,29459.0,13.0,2026-09
2026-09-14 23:09:00,CME_MINI:NQ1!,29459.0,29461.25,29458.25,29460.5,19.0,2026-09
2026-09-14 23:10:00,CME_MINI:NQ1!,29460.0,29460.0,29457.0,29458.25,60.0,2026-09
2026-09-14 23:11:00,CME_MINI:NQ1!,29458.25,29461.25,29457.75,29459.5,22.0,2026-09
2026-09-14 23:12:00,CME_MINI:NQ1!,29462.0,29464.5,29461.75,29464.25,37.0,2026-09
2026-09-14 23:13:00,CME_MINI:NQ1!,29465.25,29467.25,29464.0,29465.5,58.0,2026-09
2026-09-14 23:14:00,CME_MINI:NQ1!,29465.0,29466.0,29461.25,29461.25,100.0,2026-09
2026-09-14 23:15:00,CME_MINI:NQ1!,29462.25,29463.25,29460.25,29460.25,21.0,2026-09
2026-09-14 23:16:00,CME_MINI:NQ1!,29460.5,29461.75,29456.0,29457.75,56.0,2026-09
2026-09-14 23:17:00,CME_MINI:NQ1!,29457.0,29459.25,29455.5,29455.5,21.0,2026-09
2026-09-14 23:18:00,CME_MINI:NQ1!,29456.75,29458.5,29456.0,29456.0,23.0,2026-09
2026-09-14 23:19:00,CME_MINI:NQ1!,29454.5,29455.25,29451.0,29453.25,40.0,2026-09
2026-09-14 23:20:00,CME_MINI:NQ1!,29453.25,29453.25,29450.5,29452.25,22.0,2026-09
2026-09-14 23:21:00,CME_MINI:NQ1!,29453.75,29456.0,29453.0,29454.25,20.0,2026-09
2026-09-14 23:22:00,CME_MINI:NQ1!,29454.75,29457.0,29454.0,29457.0,14.0,2026-09
2026-09-14 23:23:00,CME_MINI:NQ1!,29456.5,29461.5,29456.25,29461.25,28.0,2026-09
2026-09-14 23:24:00,CME_MINI:NQ1!,29460.0,29460.25,29459.0,29459.5,17.0,2026-09
2026-09-14 23:25:00,CME_MINI:NQ1!,29459.0,29460.0,29458.0,29458.75,14.0,2026-09
2026-09-14 23:26:00,CME_MINI:NQ1!,29459.5,29462.75,29459.5,29460.75,42.0,2026-09
2026-09-14 23:27:00,CME_MINI:NQ1!,29461.5,29461.75,29458.75,29459.0,15.0,2026-09
2026-09-14 23:28:00,CME_MINI:NQ1!,29458.25,29459.0,29456.75,29457.5,15.0,2026-09
2026-09-14 23:29:00,CME_MINI:NQ1!,29457.25,29457.75,29453.25,29455.75,89.0,2026-09
2026-09-14 23:30:00,CME_MINI:NQ1!,29454.75,29456.25,29453.0,29454.75,70.0,2026-09
2026-09-14 23:31:00,CME_MINI:NQ1!,29456.5,29458.75,29456.25,29458.0,42.0,2026-09
2026-09-14 23:32:00,CME_MINI:NQ1!,29456.75,29459.25,29456.75,29458.5,23.0,2026-09
2026-09-14 23:33:00,CME_MINI:NQ1!,29456.0,29457.0,29455.5,29455.5,7.0,2026-09
2026-09-14 23:34:00,CME_MINI:NQ1!,29456.0,29456.75,29453.75,29456.75,44.0,2026-09
2026-09-14 23:35:00,CME_MINI:NQ1!,29457.75,29459.5,29457.5,29459.5,15.0,2026-09
2026-09-14 23:36:00,CME_MINI:NQ1!,29458.5,29458.75,29457.75,29457.75,11.0,2026-09
2026-09-14 23:37:00,CME_MINI:NQ1!,29458.0,29458.0,29456.5,29457.5,10.0,2026-09
2026-09-14 23:38:00,CME_MINI:NQ1!,29458.0,29462.0,29457.25,29460.25,13.0,2026-09
2026-09-14 23:39:00,CME_MINI:NQ1!,29460.0,29462.25,29459.0,29460.5,18.0,2026-09
2026-09-14 23:40:00,CME_MINI:NQ1!,29461.5,29463.25,29460.25,29463.25,28.0,2026-09
2026-09-14 23:41:00,CME_MINI:NQ1!,29462.5,29463.0,29458.75,29459.75,22.0,2026-09
2026-09-14 23:42:00,CME_MINI:NQ1!,29460.0,29462.0,29460.0,29461.25,16.0,2026-09
2026-09-14 23:43:00,CME_MINI:NQ1!,29460.0,29460.0,29455.25,29458.0,28.0,2026-09
2026-09-14 23:44:00,CME_MINI:NQ1!,29457.5,29458.75,29457.5,29458.5,6.0,2026-09
2026-09-14 23:45:00,CME_MINI:NQ1!,29458.5,29458.5,29449.75,29453.0,208.0,2026-09
2026-09-14 23:46:00,CME_MINI:NQ1!,29454.25,29461.25,29453.75,29458.75,76.0,2026-09
2026-09-14 23:47:00,CME_MINI:NQ1!,29457.5,29458.75,29451.25,29453.25,69.0,2026-09
2026-09-14 23:48:00,CME_MINI:NQ1!,29452.5,29455.0,29452.5,29453.75,23.0,2026-09
2026-09-14 23:49:00,CME_MINI:NQ1!,29455.25,29456.0,29453.25,29454.0,18.0,2026-09
2026-09-14 23:50:00,CME_MINI:NQ1!,29454.5,29455.5,29452.75,29453.0,30.0,2026-09
2026-09-14 23:51:00,CME_MINI:NQ1!,29453.0,29454.25,29452.25,29453.75,29.0,2026-09
2026-09-14 23:52:00,CME_MINI:NQ1!,29453.5,29453.75,29446.0,29447.25,93.0,2026-09
2026-09-14 23:53:00,CME_MINI:NQ1!,29446.75,29447.5,29442.75,29447.5,119.0,2026-09
2026-09-14 23:54:00,CME_MINI:NQ1!,29447.75,29450.75,29447.25,29450.0,28.0,2026-09
2026-09-14 23:55:00,CME_MINI:NQ1!,29450.75,29451.75,29449.5,29450.5,46.0,2026-09
2026-09-14 23:56:00,CME_MINI:NQ1!,29450.0,29459.25,29449.5,29455.0,74.0,2026-09
2026-09-14 23:57:00,CME_MINI:NQ1!,29454.5,29454.75,29450.5,29451.0,39.0,2026-09
2026-09-14 23:58:00,CME_MINI:NQ1!,29451.5,29459.5,29451.5,29458.25,53.0,2026-09
2026-09-14 23:59:00,CME_MINI:NQ1!,29458.0,29459.5,29455.0,29457.25,30.0,2026-09
2026-09-15 00:00:00,CME_MINI:NQ1!,29457.25,29470.0,29450.0,29461.0,296.0,2026-09
2026-09-15 00:01:00,CME_MINI:NQ1!,29461.25,29461.75,29450.0,29454.25,124.0,2026-09
2026-09-15 00:02:00,CME_MINI:NQ1!,29454.5,29458.0,29448.5,29448.5,121.0,2026-09
2026-09-15 00:03:00,CME_MINI:NQ1!,29449.75,29454.25,29445.75,29450.75,118.0,2026-09
2026-09-15 00:04:00,CME_MINI:NQ1!,29450.75,29455.75,29447.25,29449.25,56.0,2026-09
2026-09-15 00:05:00,CME_MINI:NQ1!,29450.0,29451.0,29432.5,29439.75,279.0,2026-09
2026-09-15 00:06:00,CME_MINI:NQ1!,29441.25,29443.0,29426.75,29432.25,298.0,2026-09
2026-09-15 00:07:00,CME_MINI:NQ1!,29431.0,29448.25,29430.25,29448.25,186.0,2026-09
2026-09-15 00:08:00,CME_MINI:NQ1!,29448.0,29462.0,29448.0,29457.75,213.0,2026-09
2026-09-15 00:09:00,CME_MINI:NQ1!,29457.0,29465.5,29456.75,29459.75,138.0,2026-09
2026-09-15 00:10:00,CME_MINI:NQ1!,29461.25,29461.25,29450.0,29454.0,158.0,2026-09
2026-09-15 00:11:00,CME_MINI:NQ1!,29452.5,29453.25,29444.0,29449.75,180.0,2026-09
2026-09-15 00:12:00,CME_MINI:NQ1!,29450.0,29456.5,29448.25,29449.75,75.0,2026-09
2026-09-15 00:13:00,CME_MINI:NQ1!,29449.75,29459.0,29449.75,29457.0,61.0,2026-09
2026-09-15 00:14:00,CME_MINI:NQ1!,29457.5,29459.5,29454.5,29457.75,48.0,2026-09
2026-09-15 00:15:00,CME_MINI:NQ1!,29457.0,29457.25,29448.25,29452.25,118.0,2026-09
2026-09-15 00:16:00,CME_MINI:NQ1!,29450.75,29454.0,29440.75,29443.75,227.0,2026-09
2026-09-15 00:17:00,CME_MINI:NQ1!,29443.75,29444.75,29436.25,29438.25,195.0,2026-09
2026-09-15 00:18:00,CME_MINI:NQ1!,29437.75,29439.5,29433.75,29437.0,113.0,2026-09
2026-09-15 00:19:00,CME_MINI:NQ1!,29436.5,29447.5,29436.0,29443.75,126.0,2026-09
2026-09-15 00:20:00,CME_MINI:NQ1!,29441.5,29448.25,29436.25,29445.5,121.0,2026-09
2026-09-15 00:21:00,CME_MINI:NQ1!,29446.75,29453.5,29445.75,29452.25,135.0,2026-09
2026-09-15 00:22:00,CME_MINI:NQ1!,29450.0,29454.0,29448.0,29452.0,46.0,2026-09
2026-09-15 00:23:00,CME_MINI:NQ1!,29452.0,29454.25,29450.75,29452.75,42.0,2026-09
2026-09-15 00:24:00,CME_MINI:NQ1!,29451.75,29461.75,29449.5,29459.25,106.0,2026-09
2026-09-15 00:25:00,CME_MINI:NQ1!,29460.0,29466.25,29459.0,29461.5,102.0,2026-09
2026-09-15 00:26:00,CME_MINI:NQ1!,29462.5,29463.75,29459.5,29459.5,74.0,2026-09
2026-09-15 00:27:00,CME_MINI:NQ1!,29459.25,29461.25,29449.0,29449.25,133.0,2026-09
2026-09-15 00:28:00,CME_MINI:NQ1!,29450.0,29454.5,29450.0,29453.25,64.0,2026-09
2026-09-15 00:29:00,CME_MINI:NQ1!,29452.75,29459.25,29452.0,29455.25,69.0,2026-09
2026-09-15 00:30:00,CME_MINI:NQ1!,29453.5,29457.25,29453.0,29455.5,36.0,2026-09
2026-09-15 00:31:00,CME_MINI:NQ1!,29456.25,29458.25,29454.5,29457.0,45.0,2026-09
2026-09-15 00:32:00,CME_MINI:NQ1!,29457.5,29461.25,29452.75,29458.75,101.0,2026-09
2026-09-15 00:33:00,CME_MINI:NQ1!,29459.25,29461.0,29457.0,29460.25,40.0,2026-09
2026-09-15 00:34:00,CME_MINI:NQ1!,29459.5,29461.0,29457.75,29458.5,88.0,2026-09
2026-09-15 00:35:00,CME_MINI:NQ1!,29458.25,29462.75,29458.0,29462.75,44.0,2026-09
2026-09-15 00:36:00,CME_MINI:NQ1!,29463.25,29472.5,29462.75,29470.25,163.0,2026-09
2026-09-15 00:37:00,CME_MINI:NQ1!,29469.5,29470.25,29464.75,29465.0,38.0,2026-09
2026-09-15 00:38:00,CME_MINI:NQ1!,29465.75,29470.25,29465.5,29469.0,24.0,2026-09
2026-09-15 00:39:00,CME_MINI:NQ1!,29469.25,29480.0,29467.75,29477.0,188.0,2026-09
2026-09-15 00:40:00,CME_MINI:NQ1!,29476.25,29483.0,29476.25,29480.0,139.0,2026-09
2026-09-15 00:41:00,CME_MINI:NQ1!,29481.25,29484.75,29480.25,29481.75,106.0,2026-09
2026-09-15 00:42:00,CME_MINI:NQ1!,29481.5,29487.0,29481.5,29486.75,81.0,2026-09
2026-09-15 00:43:00,CME_MINI:NQ1!,29485.75,29490.75,29482.5,29485.75,150.0,2026-09
2026-09-15 00:44:00,CME_MINI:NQ1!,29484.5,29486.0,29479.75,29485.75,85.0,2026-09
2026-09-15 00:45:00,CME_MINI:NQ1!,29484.75,29487.0,29481.5,29482.25,109.0,2026-09
2026-09-15 00:46:00,CME_MINI:NQ1!,29482.5,29482.5,29474.5,29476.75,97.0,2026-09
2026-09-15 00:47:00,CME_MINI:NQ1!,29476.0,29478.0,29473.75,29475.0,36.0,2026-09
2026-09-15 00:48:00,CME_MINI:NQ1!,29474.75,29476.75,29470.5,29470.5,72.0,2026-09
2026-09-15 00:49:00,CME_MINI:NQ1!,29470.75,29480.75,29470.0,29477.25,78.0,2026-09
2026-09-15 00:50:00,CME_MINI:NQ1!,29476.75,29488.75,29476.5,29486.75,144.0,2026-09
2026-09-15 00:51:00,CME_MINI:NQ1!,29485.0,29485.75,29481.25,29481.25,40.0,2026-09
2026-09-15 00:52:00,CME_MINI:NQ1!,29482.25,29489.5,29482.25,29485.75,68.0,2026-09
2026-09-15 00:53:00,CME_MINI:NQ1!,29485.0,29487.0,29484.25,29486.0,37.0,2026-09
2026-09-15 00:54:00,CME_MINI:NQ1!,29486.0,29486.0,29479.75,29480.0,110.0,2026-09
2026-09-15 00:55:00,CME_MINI:NQ1!,29480.25,29484.0,29478.75,29482.75,73.0,2026-09
2026-09-15 00:56:00,CME_MINI:NQ1!,29481.75,29481.75,29472.0,29474.5,90.0,2026-09
2026-09-15 00:57:00,CME_MINI:NQ1!,29475.0,29476.0,29472.0,29475.25,49.0,2026-09
2026-09-15 00:58:00,CME_MINI:NQ1!,29474.25,29475.25,29463.0,29465.5,157.0,2026-09
2026-09-15 00:59:00,CME_MINI:NQ1!,29465.75,29469.5,29465.5,29467.75,95.0,2026-09
2026-09-15 01:00:00,CME_MINI:NQ1!,29467.5,29468.25,29459.5,29462.0,143.0,2026-09
2026-09-15 01:01:00,CME_MINI:NQ1!,29463.25,29472.25,29462.5,29467.0,142.0,2026-09
2026-09-15 01:02:00,CME_MINI:NQ1!,29468.5,29470.0,29462.75,29469.25,64.0,2026-09
2026-09-15 01:03:00,CME_MINI:NQ1!,29468.5,29481.0,29467.25,29480.75,92.0,2026-09
2026-09-15 01:04:00,CME_MINI:NQ1!,29480.0,29489.25,29479.75,29484.5,186.0,2026-09
2026-09-15 01:05:00,CME_MINI:NQ1!,29484.75,29485.0,29476.5,29478.75,97.0,2026-09
2026-09-15 01:06:00,CME_MINI:NQ1!,29478.75,29482.5,29471.5,29474.75,100.0,2026-09
2026-09-15 01:07:00,CME_MINI:NQ1!,29474.75,29479.75,29473.75,29474.25,54.0,2026-09
2026-09-15 01:08:00,CME_MINI:NQ1!,29477.5,29484.75,29477.25,29483.5,99.0,2026-09
2026-09-15 01:09:00,CME_MINI:NQ1!,29484.75,29485.5,29477.0,29477.25,91.0,2026-09
2026-09-15 01:10:00,CME_MINI:NQ1!,29477.25,29482.25,29476.75,29481.25,36.0,2026-09
2026-09-15 01:11:00,CME_MINI:NQ1!,29482.0,29485.5,29481.5,29485.5,64.0,2026-09
2026-09-15 01:12:00,CME_MINI:NQ1!,29485.25,29492.75,29483.75,29486.0,132.0,2026-09
2026-09-15 01:13:00,CME_MINI:NQ1!,29486.25,29486.25,29482.75,29483.75,33.0,2026-09
2026-09-15 01:14:00,CME_MINI:NQ1!,29485.25,29488.0,29482.25,29487.5,58.0,2026-09
2026-09-15 01:15:00,CME_MINI:NQ1!,29487.5,29490.75,29486.0,29489.25,62.0,2026-09
2026-09-15 01:16:00,CME_MINI:NQ1!,29490.0,29495.25,29489.0,29493.75,100.0,2026-09
2026-09-15 01:17:00,CME_MINI:NQ1!,29493.5,29493.5,29489.0,29491.0,70.0,2026-09
2026-09-15 01:18:00,CME_MINI:NQ1!,29490.5,29491.0,29485.5,29487.75,57.0,2026-09
2026-09-15 01:19:00,CME_MINI:NQ1!,29487.5,29489.5,29486.25,29488.25,47.0,2026-09
2026-09-15 01:20:00,CME_MINI:NQ1!,29487.75,29490.25,29485.25,29488.75,62.0,2026-09
2026-09-15 01:21:00,CME_MINI:NQ1!,29487.25,29490.25,29486.75,29490.25,25.0,2026-09
2026-09-15 01:22:00,CME_MINI:NQ1!,29489.5,29489.5,29486.5,29488.5,41.0,2026-09
2026-09-15 01:23:00,CME_MINI:NQ1!,29488.0,29488.5,29483.75,29485.75,44.0,2026-09
2026-09-15 01:24:00,CME_MINI:NQ1!,29486.0,29488.75,29483.75,29488.75,18.0,2026-09
2026-09-15 01:25:00,CME_MINI:NQ1!,29487.5,29490.5,29486.0,29489.25,24.0,2026-09
2026-09-15 01:26:00,CME_MINI:NQ1!,29489.75,29489.75,29483.75,29485.0,25.0,2026-09
2026-09-15 01:27:00,CME_MINI:NQ1!,29484.25,29485.25,29478.5,29480.75,98.0,2026-09
2026-09-15 01:28:00,CME_MINI:NQ1!,29481.25,29481.25,29473.75,29476.5,108.0,2026-09
2026-09-15 01:29:00,CME_MINI:NQ1!,29476.5,29476.5,29470.5,29474.5,101.0,2026-09
2026-09-15 01:30:00,CME_MINI:NQ1!,29473.75,29475.75,29469.25,29472.75,80.0,2026-09
2026-09-15 01:31:00,CME_MINI:NQ1!,29473.0,29477.5,29466.0,29475.75,112.0,2026-09
2026-09-15 01:32:00,CME_MINI:NQ1!,29476.75,29476.75,29468.75,29472.25,97.0,2026-09
2026-09-15 01:33:00,CME_MINI:NQ1!,29473.75,29477.0,29469.5,29470.0,54.0,2026-09
2026-09-15 01:34:00,CME_MINI:NQ1!,29469.0,29469.25,29456.75,29458.0,192.0,2026-09
2026-09-15 01:35:00,CME_MINI:NQ1!,29456.75,29459.25,29449.25,29450.0,236.0,2026-09
2026-09-15 01:36:00,CME_MINI:NQ1!,29451.0,29455.0,29447.75,29447.75,125.0,2026-09
2026-09-15 01:37:00,CME_MINI:NQ1!,29448.0,29452.0,29444.5,29448.0,155.0,2026-09
2026-09-15 01:38:00,CME_MINI:NQ1!,29447.75,29455.75,29447.25,29453.0,99.0,2026-09
2026-09-15 01:39:00,CME_MINI:NQ1!,29454.0,29457.5,29448.0,29453.75,78.0,2026-09
2026-09-15 01:40:00,CME_MINI:NQ1!,29453.0,29453.0,29432.25,29435.25,396.0,2026-09
2026-09-15 01:41:00,CME_MINI:NQ1!,29435.0,29436.75,29430.25,29431.75,170.0,2026-09
2026-09-15 01:42:00,CME_MINI:NQ1!,29431.5,29437.25,29428.0,29436.75,141.0,2026-09
2026-09-15 01:43:00,CME_MINI:NQ1!,29437.25,29441.0,29434.25,29438.75,85.0,2026-09
2026-09-15 01:44:00,CME_MINI:NQ1!,29439.25,29442.0,29437.0,29438.5,82.0,2026-09
2026-09-15 01:45:00,CME_MINI:NQ1!,29439.75,29441.75,29430.25,29438.0,95.0,2026-09
2026-09-15 01:46:00,CME_MINI:NQ1!,29438.75,29442.75,29435.5,29436.5,109.0,2026-09
2026-09-15 01:47:00,CME_MINI:NQ1!,29438.75,29443.75,29437.75,29438.75,169.0,2026-09
2026-09-15 01:48:00,CME_MINI:NQ1!,29438.75,29443.0,29437.0,29442.25,87.0,2026-09
2026-09-15 01:49:00,CME_MINI:NQ1!,29442.25,29454.75,29441.5,29454.0,295.0,2026-09
2026-09-15 01:50:00,CME_MINI:NQ1!,29452.75,29454.25,29441.5,29446.0,206.0,2026-09
2026-09-15 01:51:00,CME_MINI:NQ1!,29445.75,29446.5,29440.0,29442.25,78.0,2026-09
2026-09-15 01:52:00,CME_MINI:NQ1!,29442.0,29453.0,29439.25,29453.0,71.0,2026-09
2026-09-15 01:53:00,CME_MINI:NQ1!,29453.75,29468.25,29452.25,29468.25,203.0,2026-09
2026-09-15 01:54:00,CME_MINI:NQ1!,29467.25,29469.0,29460.0,29460.25,103.0,2026-09
2026-09-15 01:55:00,CME_MINI:NQ1!,29461.5,29470.0,29460.5,29469.25,128.0,2026-09
2026-09-15 01:56:00,CME_MINI:NQ1!,29469.5,29470.0,29459.75,29465.0,100.0,2026-09
2026-09-15 01:57:00,CME_MINI:NQ1!,29464.0,29465.5,29458.0,29460.5,53.0,2026-09
2026-09-15 01:58:00,CME_MINI:NQ1!,29460.75,29462.75,29457.75,29460.5,61.0,2026-09
2026-09-15 01:59:00,CME_MINI:NQ1!,29460.25,29466.0,29459.0,29463.5,27.0,2026-09
2026-09-15 02:00:00,CME_MINI:NQ1!,29463.75,29466.0,29460.0,29463.0,48.0,2026-09
2026-09-15 02:01:00,CME_MINI:NQ1!,29462.75,29473.5,29460.0,29471.5,117.0,2026-09
2026-09-15 02:02:00,CME_MINI:NQ1!,29472.5,29475.25,29469.5,29472.0,155.0,2026-09
2026-09-15 02:03:00,CME_MINI:NQ1!,29474.0,29474.25,29459.75,29466.0,143.0,2026-09
2026-09-15 02:04:00,CME_MINI:NQ1!,29464.75,29471.75,29463.75,29471.0,37.0,2026-09
2026-09-15 02:05:00,CME_MINI:NQ1!,29469.75,29471.0,29462.25,29462.5,43.0,2026-09
2026-09-15 02:06:00,CME_MINI:NQ1!,29462.25,29462.25,29455.25,29458.5,139.0,2026-09
2026-09-15 02:07:00,CME_MINI:NQ1!,29459.0,29465.0,29458.25,29460.75,65.0,2026-09
2026-09-15 02:08:00,CME_MINI:NQ1!,29459.25,29462.0,29453.75,29460.0,55.0,2026-09
2026-09-15 02:09:00,CME_MINI:NQ1!,29460.25,29460.75,29456.75,29460.25,29.0,2026-09
2026-09-15 02:10:00,CME_MINI:NQ1!,29461.5,29461.75,29455.25,29458.25,24.0,2026-09
2026-09-15 02:11:00,CME_MINI:NQ1!,29457.0,29462.0,29454.25,29457.5,72.0,2026-09
2026-09-15 02:12:00,CME_MINI:NQ1!,29458.75,29466.5,29457.5,29462.25,73.0,2026-09
2026-09-15 02:13:00,CME_MINI:NQ1!,29462.0,29463.5,29458.5,29458.5,30.0,2026-09
2026-09-15 02:14:00,CME_MINI:NQ1!,29461.75,29462.25,29460.25,29460.75,18.0,2026-09
2026-09-15 02:15:00,CME_MINI:NQ1!,29461.5,29461.5,29452.0,29460.5,101.0,2026-09
2026-09-15 02:16:00,CME_MINI:NQ1!,29461.0,29465.5,29459.0,29462.75,130.0,2026-09
2026-09-15 02:17:00,CME_MINI:NQ1!,29461.5,29462.5,29458.5,29459.75,12.0,2026-09
2026-09-15 02:18:00,CME_MINI:NQ1!,29459.25,29459.25,29454.0,29457.25,30.0,2026-09
2026-09-15 02:19:00,CME_MINI:NQ1!,29457.25,29460.25,29454.0,29455.25,40.0,2026-09
2026-09-15 02:20:00,CME_MINI:NQ1!,29456.75,29462.5,29455.5,29462.5,23.0,2026-09
2026-09-15 02:21:00,CME_MINI:NQ1!,29460.0,29460.0,29455.0,29455.0,33.0,2026-09
2026-09-15 02:22:00,CME_MINI:NQ1!,29454.25,29457.25,29453.25,29455.25,24.0,2026-09
2026-09-15 02:23:00,CME_MINI:NQ1!,29458.5,29458.75,29455.25,29456.5,16.0,2026-09
2026-09-15 02:24:00,CME_MINI:NQ1!,29457.25,29463.75,29457.25,29463.75,49.0,2026-09
2026-09-15 02:25:00,CME_MINI:NQ1!,29462.5,29468.25,29461.75,29465.0,68.0,2026-09
2026-09-15 02:26:00,CME_MINI:NQ1!,29465.0,29467.0,29457.75,29461.75,73.0,2026-09
2026-09-15 02:27:00,CME_MINI:NQ1!,29463.5,29465.0,29462.0,29462.0,30.0,2026-09
2026-09-15 02:28:00,CME_MINI:NQ1!,29462.5,29463.75,29460.75,29462.75,31.0,2026-09
2026-09-15 02:29:00,CME_MINI:NQ1!,29463.25,29464.0,29461.75,29463.25,15.0,2026-09
2026-09-15 02:30:00,CME_MINI:NQ1!,29464.0,29464.0,29458.5,29462.5,50.0,2026-09
2026-09-15 02:31:00,CME_MINI:NQ1!,29462.25,29469.75,29460.0,29461.0,115.0,2026-09
2026-09-15 02:32:00,CME_MINI:NQ1!,29462.0,29462.75,29456.5,29457.0,57.0,2026-09
2026-09-15 02:33:00,CME_MINI:NQ1!,29458.75,29459.25,29455.5,29458.75,23.0,2026-09
2026-09-15 02:34:00,CME_MINI:NQ1!,29460.5,29466.5,29460.5,29464.5,57.0,2026-09
2026-09-15 02:35:00,CME_MINI:NQ1!,29463.0,29469.75,29461.5,29465.0,57.0,2026-09
2026-09-15 02:36:00,CME_MINI:NQ1!,29464.25,29469.5,29460.0,29469.5,34.0,2026-09
2026-09-15 02:37:00,CME_MINI:NQ1!,29468.5,29468.5,29456.75,29459.5,63.0,2026-09
2026-09-15 02:38:00,CME_MINI:NQ1!,29459.25,29461.0,29457.75,29459.25,25.0,2026-09
2026-09-15 02:39:00,CME_MINI:NQ1!,29459.5,29462.5,29457.25,29461.75,64.0,2026-09
2026-09-15 02:40:00,CME_MINI:NQ1!,29461.5,29466.25,29460.75,29463.75,48.0,2026-09
2026-09-15 02:41:00,CME_MINI:NQ1!,29463.0,29463.0,29461.25,29461.5,9.0,2026-09
2026-09-15 02:42:00,CME_MINI:NQ1!,29460.5,29460.5,29452.0,29457.5,57.0,2026-09
2026-09-15 02:43:00,CME_MINI:NQ1!,29460.25,29465.0,29457.5,29463.5,37.0,2026-09
2026-09-15 02:44:00,CME_MINI:NQ1!,29464.75,29466.0,29459.25,29461.25,64.0,2026-09
2026-09-15 02:45:00,CME_MINI:NQ1!,29459.0,29462.25,29458.0,29460.75,23.0,2026-09
2026-09-15 02:46:00,CME_MINI:NQ1!,29458.75,29461.75,29457.75,29460.0,39.0,2026-09
2026-09-15 02:47:00,CME_MINI:NQ1!,29458.25,29459.75,29455.0,29458.25,24.0,2026-09
2026-09-15 02:48:00,CME_MINI:NQ1!,29458.25,29462.75,29458.0,29461.75,22.0,2026-09
2026-09-15 02:49:00,CME_MINI:NQ1!,29462.5,29468.75,29461.25,29466.25,102.0,2026-09
2026-09-15 02:50:00,CME_MINI:NQ1!,29467.0,29467.75,29462.0,29463.75,42.0,2026-09
2026-09-15 02:51:00,CME_MINI:NQ1!,29462.5,29463.0,29456.75,29458.25,54.0,2026-09
2026-09-15 02:52:00,CME_MINI:NQ1!,29457.75,29465.75,29457.5,29463.0,18.0,2026-09
2026-09-15 02:53:00,CME_MINI:NQ1!,29462.0,29465.75,29461.5,29465.75,16.0,2026-09
2026-09-15 02:54:00,CME_MINI:NQ1!,29466.0,29466.0,29459.25,29461.75,76.0,2026-09
2026-09-15 02:55:00,CME_MINI:NQ1!,29462.75,29468.5,29462.5,29467.75,42.0,2026-09
2026-09-15 02:56:00,CME_MINI:NQ1!,29466.75,29468.75,29465.75,29468.5,39.0,2026-09
2026-09-15 02:57:00,CME_MINI:NQ1!,29468.0,29468.0,29461.25,29463.5,74.0,2026-09
2026-09-15 02:58:00,CME_MINI:NQ1!,29464.0,29466.0,29458.75,29462.75,109.0,2026-09
2026-09-15 02:59:00,CME_MINI:NQ1!,29462.5,29464.25,29459.25,29460.5,96.0,2026-09
2026-09-15 03:00:00,CME_MINI:NQ1!,29460.0,29467.5,29457.5,29467.5,128.0,2026-09
2026-09-15 03:01:00,CME_MINI:NQ1!,29467.75,29467.75,29465.25,29466.5,23.0,2026-09
2026-09-15 03:02:00,CME_MINI:NQ1!,29465.75,29465.75,29461.0,29461.5,35.0,2026-09
2026-09-15 03:03:00,CME_MINI:NQ1!,29462.0,29463.5,29457.0,29458.25,33.0,2026-09
2026-09-15 03:04:00,CME_MINI:NQ1!,29457.5,29459.25,29455.5,29458.0,52.0,2026-09
2026-09-15 03:05:00,CME_MINI:NQ1!,29457.5,29457.5,29453.25,29457.0,54.0,2026-09
2026-09-15 03:06:00,CME_MINI:NQ1!,29457.25,29457.5,29450.25,29452.25,84.0,2026-09
2026-09-15 03:07:00,CME_MINI:NQ1!,29452.0,29455.5,29449.0,29453.25,109.0,2026-09
2026-09-15 03:08:00,CME_MINI:NQ1!,29453.75,29456.0,29452.0,29453.0,88.0,2026-09
2026-09-15 03:09:00,CME_MINI:NQ1!,29453.0,29455.0,29452.0,29452.25,23.0,2026-09
2026-09-15 03:10:00,CME_MINI:NQ1!,29450.5,29452.5,29449.75,29450.5,27.0,2026-09
2026-09-15 03:11:00,CME_MINI:NQ1!,29449.75,29450.5,29444.5,29448.0,76.0,2026-09
2026-09-15 03:12:00,CME_MINI:NQ1!,29448.0,29450.75,29446.75,29450.75,70.0,2026-09
2026-09-15 03:13:00,CME_MINI:NQ1!,29451.0,29453.25,29450.25,29452.75,23.0,2026-09
2026-09-15 03:14:00,CME_MINI:NQ1!,29452.0,29455.25,29450.75,29451.25,65.0,2026-09
2026-09-15 03:15:00,CME_MINI:NQ1!,29450.75,29454.75,29449.5,29450.5,39.0,2026-09
2026-09-15 03:16:00,CME_MINI:NQ1!,29450.75,29451.25,29445.25,29445.25,63.0,2026-09
2026-09-15 03:17:00,CME_MINI:NQ1!,29446.0,29448.5,29444.0,29447.25,32.0,2026-09
2026-09-15 03:18:00,CME_MINI:NQ1!,29446.5,29451.25,29446.5,29449.5,23.0,2026-09
2026-09-15 03:19:00,CME_MINI:NQ1!,29449.75,29450.75,29446.5,29446.5,51.0,2026-09
2026-09-15 03:20:00,CME_MINI:NQ1!,29446.25,29449.0,29446.25,29447.25,19.0,2026-09
2026-09-15 03:21:00,CME_MINI:NQ1!,29449.5,29449.75,29447.5,29447.75,30.0,2026-09
2026-09-15 03:22:00,CME_MINI:NQ1!,29448.5,29448.75,29447.25,29447.25,28.0,2026-09
2026-09-15 03:23:00,CME_MINI:NQ1!,29448.5,29448.5,29443.0,29443.5,34.0,2026-09
2026-09-15 03:24:00,CME_MINI:NQ1!,29443.75,29445.5,29443.75,29445.5,6.0,2026-09
2026-09-15 03:25:00,CME_MINI:NQ1!,29446.25,29446.25,29443.0,29443.0,19.0,2026-09
2026-09-15 03:26:00,CME_MINI:NQ1!,29442.75,29443.75,29440.25,29441.5,51.0,2026-09
2026-09-15 03:27:00,CME_MINI:NQ1!,29442.25,29445.75,29442.0,29445.25,40.0,2026-09
2026-09-15 03:28:00,CME_MINI:NQ1!,29444.25,29445.0,29443.25,29443.75,19.0,2026-09
2026-09-15 03:29:00,CME_MINI:NQ1!,29445.5,29448.25,29445.25,29447.5,54.0,2026-09
2026-09-15 03:30:00,CME_MINI:NQ1!,29444.0,29446.5,29440.5,29446.0,77.0,2026-09
2026-09-15 03:31:00,CME_MINI:NQ1!,29446.75,29447.75,29444.0,29444.25,48.0,2026-09
2026-09-15 03:32:00,CME_MINI:NQ1!,29443.5,29447.25,29443.5,29446.0,22.0,2026-09
2026-09-15 03:33:00,CME_MINI:NQ1!,29446.75,29451.25,29446.75,29448.0,56.0,2026-09
2026-09-15 03:34:00,CME_MINI:NQ1!,29447.5,29447.5,29444.25,29447.0,18.0,2026-09
2026-09-15 03:35:00,CME_MINI:NQ1!,29448.5,29452.0,29448.5,29452.0,11.0,2026-09
2026-09-15 03:36:00,CME_MINI:NQ1!,29450.75,29450.75,29442.25,29445.25,37.0,2026-09
2026-09-15 03:37:00,CME_MINI:NQ1!,29444.0,29446.5,29441.5,29442.25,27.0,2026-09
2026-09-15 03:38:00,CME_MINI:NQ1!,29441.5,29444.5,29441.25,29444.5,22.0,2026-09
2026-09-15 03:39:00,CME_MINI:NQ1!,29443.5,29445.0,29441.25,29442.25,49.0,2026-09
2026-09-15 03:40:00,CME_MINI:NQ1!,29442.75,29444.75,29442.75,29442.75,16.0,2026-09
2026-09-15 03:41:00,CME_MINI:NQ1!,29442.75,29444.25,29441.5,29443.25,27.0,2026-09
2026-09-15 03:42:00,CME_MINI:NQ1!,29444.0,29446.75,29442.75,29445.0,26.0,2026-09
2026-09-15 03:43:00,CME_MINI:NQ1!,29444.25,29445.75,29443.75,29444.0,14.0,2026-09
2026-09-15 03:44:00,CME_MINI:NQ1!,29443.75,29449.0,29443.5,29449.0,17.0,2026-09
2026-09-15 03:45:00,CME_MINI:NQ1!,29449.5,29454.75,29444.5,29447.0,121.0,2026-09
2026-09-15 03:46:00,CME_MINI:NQ1!,29444.75,29448.5,29442.0,29442.0,49.0,2026-09
2026-09-15 03:47:00,CME_MINI:NQ1!,29443.0,29445.75,29442.25,29443.25,53.0,2026-09
2026-09-15 03:48:00,CME_MINI:NQ1!,29441.0,29443.25,29437.25,29438.75,94.0,2026-09
2026-09-15 03:49:00,CME_MINI:NQ1!,29438.25,29441.75,29436.75,29440.75,31.0,2026-09
2026-09-15 03:50:00,CME_MINI:NQ1!,29441.25,29441.25,29438.0,29439.75,57.0,2026-09
2026-09-15 03:51:00,CME_MINI:NQ1!,29439.75,29442.0,29438.0,29441.25,37.0,2026-09
2026-09-15 03:52:00,CME_MINI:NQ1!,29440.5,29440.5,29436.5,29437.5,31.0,2026-09
2026-09-15 03:53:00,CME_MINI:NQ1!,29437.25,29440.0,29436.0,29439.25,22.0,2026-09
2026-09-15 03:54:00,CME_MINI:NQ1!,29437.0,29437.0,29422.5,29424.25,219.0,2026-09
2026-09-15 03:55:00,CME_MINI:NQ1!,29423.0,29424.0,29419.75,29422.5,131.0,2026-09
2026-09-15 03:56:00,CME_MINI:NQ1!,29422.75,29423.75,29415.5,29417.0,76.0,2026-09
2026-09-15 03:57:00,CME_MINI:NQ1!,29416.75,29418.0,29415.0,29417.0,59.0,2026-09
2026-09-15 03:58:00,CME_MINI:NQ1!,29417.5,29417.75,29415.5,29416.75,28.0,2026-09
2026-09-15 03:59:00,CME_MINI:NQ1!,29417.0,29418.5,29415.5,29416.25,78.0,2026-09
2026-09-15 04:00:00,CME_MINI:NQ1!,29415.5,29420.0,29410.25,29417.0,139.0,2026-09
2026-09-15 04:01:00,CME_MINI:NQ1!,29416.5,29417.25,29413.5,29414.5,22.0,2026-09
2026-09-15 04:02:00,CME_MINI:NQ1!,29416.5,29416.5,29409.0,29409.75,84.0,2026-09
2026-09-15 04:03:00,CME_MINI:NQ1!,29410.25,29416.0,29410.0,29415.75,38.0,2026-09
2026-09-15 04:04:00,CME_MINI:NQ1!,29416.0,29426.0,29415.25,29425.0,135.0,2026-09
2026-09-15 04:05:00,CME_MINI:NQ1!,29424.0,29426.75,29423.0,29425.25,36.0,2026-09
2026-09-15 04:06:00,CME_MINI:NQ1!,29425.5,29433.0,29424.75,29429.0,71.0,2026-09
2026-09-15 04:07:00,CME_MINI:NQ1!,29428.5,29429.5,29421.0,29422.25,64.0,2026-09
2026-09-15 04:08:00,CME_MINI:NQ1!,29421.75,29421.75,29416.5,29419.0,68.0,2026-09
2026-09-15 04:09:00,CME_MINI:NQ1!,29418.25,29421.0,29417.75,29421.0,36.0,2026-09
2026-09-15 04:10:00,CME_MINI:NQ1!,29419.5,29425.25,29419.5,29422.25,51.0,2026-09
2026-09-15 04:11:00,CME_MINI:NQ1!,29419.5,29419.5,29413.75,29414.75,36.0,2026-09
2026-09-15 04:12:00,CME_MINI:NQ1!,29413.75,29415.0,29411.5,29415.0,35.0,2026-09
2026-09-15 18:48:00,CME_MINI:NQ1!,29243.25,29244.0,29235.5,29238.5,516.0,2026-09
2026-09-15 18:49:00,CME_MINI:NQ1!,29239.0,29239.0,29229.75,29236.25,923.0,2026-09
2026-09-15 18:50:00,CME_MINI:NQ1!,29236.5,29242.75,29236.5,29238.5,516.0,2026-09
2026-09-15 18:51:00,CME_MINI:NQ1!,29238.75,29238.75,29233.0,29234.25,372.0,2026-09
2026-09-15 18:52:00,CME_MINI:NQ1!,29234.25,29238.75,29234.25,29236.75,181.0,2026-09
2026-09-15 18:53:00,CME_MINI:NQ1!,29236.75,29243.25,29236.0,29240.25,276.0,2026-09
2026-09-15 18:54:00,CME_MINI:NQ1!,29239.5,29244.25,29239.5,29242.75,267.0,2026-09
2026-09-15 18:55:00,CME_MINI:NQ1!,29243.0,29246.0,29240.5,29243.0,220.0,2026-09
2026-09-15 18:56:00,CME_MINI:NQ1!,29243.5,29245.75,29240.25,29243.75,280.0,2026-09
2026-09-15 18:57:00,CME_MINI:NQ1!,29243.75,29248.0,29242.25,29242.25,302.0,2026-09
2026-09-15 18:58:00,CME_MINI:NQ1!,29242.0,29247.75,29241.0,29247.5,374.0,2026-09
2026-09-15 18:59:00,CME_MINI:NQ1!,29247.25,29254.0,29246.25,29252.5,509.0,2026-09
2026-09-15 19:00:00,CME_MINI:NQ1!,29252.75,29258.0,29248.75,29257.25,630.0,2026-09
2026-09-15 19:01:00,CME_MINI:NQ1!,29257.25,29258.75,29247.75,29248.0,428.0,2026-09
2026-09-15 19:02:00,CME_MINI:NQ1!,29247.75,29253.25,29242.75,29250.25,588.0,2026-09
2026-09-15 19:03:00,CME_MINI:NQ1!,29250.5,29252.25,29249.0,29250.75,162.0,2026-09
2026-09-15 19:04:00,CME_MINI:NQ1!,29251.0,29257.5,29249.5,29251.0,380.0,2026-09
2026-09-15 19:05:00,CME_MINI:NQ1!,29250.75,29253.0,29248.0,29249.5,185.0,2026-09
2026-09-15 19:06:00,CME_MINI:NQ1!,29248.75,29250.0,29247.0,29248.25,175.0,2026-09
2026-09-15 19:07:00,CME_MINI:NQ1!,29248.0,29251.5,29244.5,29251.5,224.0,2026-09
2026-09-15 19:08:00,CME_MINI:NQ1!,29251.5,29255.25,29249.0,29252.0,225.0,2026-09
2026-09-15 19:09:00,CME_MINI:NQ1!,29252.75,29255.0,29249.25,29252.75,188.0,2026-09
2026-09-15 19:10:00,CME_MINI:NQ1!,29252.5,29254.75,29249.25,29253.25,173.0,2026-09
2026-09-15 19:11:00,CME_MINI:NQ1!,29252.75,29253.75,29249.25,29249.75,246.0,2026-09
2026-09-15 19:12:00,CME_MINI:NQ1!,29249.75,29250.0,29241.5,29243.75,380.0,2026-09
2026-09-15 19:13:00,CME_MINI:NQ1!,29243.75,29243.75,29238.75,29240.5,334.0,2026-09
2026-09-15 19:14:00,CME_MINI:NQ1!,29240.25,29244.25,29239.25,29241.0,219.0,2026-09
2026-09-15 19:15:00,CME_MINI:NQ1!,29241.0,29242.0,29234.75,29237.0,312.0,2026-09
2026-09-15 19:16:00,CME_MINI:NQ1!,29236.75,29239.5,29233.5,29236.25,404.0,2026-09
2026-09-15 19:17:00,CME_MINI:NQ1!,29237.0,29237.25,29232.75,29235.75,325.0,2026-09
2026-09-15 19:18:00,CME_MINI:NQ1!,29236.25,29239.75,29235.25,29238.75,231.0,2026-09
2026-09-15 19:19:00,CME_MINI:NQ1!,29239.0,29244.0,29238.75,29241.25,350.0,2026-09
2026-09-15 19:20:00,CME_MINI:NQ1!,29240.75,29241.75,29236.0,29236.0,243.0,2026-09
2026-09-15 19:21:00,CME_MINI:NQ1!,29236.25,29237.75,29234.25,29235.5,214.0,2026-09
2026-09-15 19:22:00,CME_MINI:NQ1!,29235.75,29239.25,29234.25,29238.75,220.0,2026-09
2026-09-15 19:23:00,CME_MINI:NQ1!,29238.0,29240.5,29236.25,29237.25,220.0,2026-09
2026-09-15 19:24:00,CME_MINI:NQ1!,29237.5,29239.75,29234.5,29236.0,226.0,2026-09
2026-09-15 19:25:00,CME_MINI:NQ1!,29236.25,29236.25,29231.5,29233.75,327.0,2026-09
2026-09-15 19:26:00,CME_MINI:NQ1!,29234.25,29239.25,29232.5,29238.75,268.0,2026-09
2026-09-15 19:27:00,CME_MINI:NQ1!,29239.0,29243.75,29238.5,29243.25,295.0,2026-09
2026-09-15 19:28:00,CME_MINI:NQ1!,29243.5,29244.0,29239.0,29239.75,233.0,2026-09
2026-09-15 19:29:00,CME_MINI:NQ1!,29239.5,29240.5,29237.5,29238.25,285.0,2026-09
2026-09-15 19:30:00,CME_MINI:NQ1!,29238.75,29239.5,29233.75,29234.5,477.0,2026-09
2026-09-15 19:31:00,CME_MINI:NQ1!,29233.75,29236.5,29233.0,29234.0,319.0,2026-09
2026-09-15 19:32:00,CME_MINI:NQ1!,29234.5,29241.25,29232.5,29239.25,332.0,2026-09
2026-09-15 19:33:00,CME_MINI:NQ1!,29239.0,29241.25,29236.25,29237.75,215.0,2026-09
2026-09-15 19:34:00,CME_MINI:NQ1!,29237.25,29238.25,29232.75,29233.25,284.0,2026-09
2026-09-15 19:35:00,CME_MINI:NQ1!,29233.25,29233.25,29222.25,29224.75,932.0,2026-09
2026-09-15 19:36:00,CME_MINI:NQ1!,29225.0,29229.75,29224.5,29228.0,390.0,2026-09
2026-09-15 19:37:00,CME_MINI:NQ1!,29227.75,29228.0,29218.75,29222.5,520.0,2026-09
2026-09-15 19:38:00,CME_MINI:NQ1!,29222.25,29225.75,29220.25,29221.5,283.0,2026-09
2026-09-15 19:39:00,CME_MINI:NQ1!,29221.25,29221.5,29214.0,29219.25,693.0,2026-09
2026-09-15 19:40:00,CME_MINI:NQ1!,29219.5,29223.0,29215.25,29221.25,540.0,2026-09
2026-09-15 19:41:00,CME_MINI:NQ1!,29222.0,29227.0,29221.25,29224.0,420.0,2026-09
2026-09-15 19:42:00,CME_MINI:NQ1!,29224.25,29226.25,29221.0,29221.5,270.0,2026-09
2026-09-15 19:43:00,CME_MINI:NQ1!,29221.75,29230.0,29216.5,29226.25,738.0,2026-09
2026-09-15 19:44:00,CME_MINI:NQ1!,29226.75,29230.75,29226.75,29227.0,383.0,2026-09
2026-09-15 19:45:00,CME_MINI:NQ1!,29227.0,29230.75,29224.0,29225.75,526.0,2026-09
2026-09-15 19:46:00,CME_MINI:NQ1!,29226.25,29230.0,29223.5,29227.0,537.0,2026-09
2026-09-15 19:47:00,CME_MINI:NQ1!,29227.0,29233.5,29226.25,29226.5,764.0,2026-09
2026-09-15 19:48:00,CME_MINI:NQ1!,29226.25,29228.0,29222.5,29223.25,456.0,2026-09
2026-09-15 19:49:00,CME_MINI:NQ1!,29223.25,29234.5,29222.75,29233.0,425.0,2026-09
2026-09-15 19:50:00,CME_MINI:NQ1!,29232.75,29234.75,29218.0,29218.75,1071.0,2026-09
2026-09-15 19:51:00,CME_MINI:NQ1!,29219.0,29223.0,29218.0,29219.0,600.0,2026-09
2026-09-15 19:52:00,CME_MINI:NQ1!,29219.25,29220.0,29207.5,29215.0,1472.0,2026-09
2026-09-15 19:53:00,CME_MINI:NQ1!,29214.75,29223.75,29212.5,29221.75,898.0,2026-09
2026-09-15 19:54:00,CME_MINI:NQ1!,29222.25,29239.5,29221.5,29237.75,1482.0,2026-09
2026-09-15 19:55:00,CME_MINI:NQ1!,29238.0,29241.25,29228.0,29230.75,1391.0,2026-09
2026-09-15 19:56:00,CME_MINI:NQ1!,29230.75,29234.5,29228.75,29231.75,647.0,2026-09
2026-09-15 19:57:00,CME_MINI:NQ1!,29232.0,29237.25,29229.5,29236.0,846.0,2026-09
2026-09-15 19:58:00,CME_MINI:NQ1!,29235.5,29240.75,29231.75,29240.5,1968.0,2026-09
2026-09-15 19:59:00,CME_MINI:NQ1!,29240.75,29254.25,29238.0,29252.5,9223.0,2026-09
2026-09-15 20:00:00,CME_MINI:NQ1!,29252.0,29276.5,29250.25,29269.5,2751.0,2026-09
2026-09-15 20:01:00,CME_MINI:NQ1!,29270.0,29281.75,29269.0,29279.5,969.0,2026-09
2026-09-15 20:02:00,CME_MINI:NQ1!,29280.0,29280.0,29274.5,29277.75,600.0,2026-09
2026-09-15 20:03:00,CME_MINI:NQ1!,29278.0,29280.5,29273.5,29279.0,641.0,2026-09
2026-09-15 20:04:00,CME_MINI:NQ1!,29279.0,29280.5,29276.5,29277.75,341.0,2026-09
2026-09-15 20:05:00,CME_MINI:NQ1!,29278.25,29278.75,29274.0,29274.25,331.0,2026-09
2026-09-15 20:06:00,CME_MINI:NQ1!,29274.25,29276.0,29273.0,29275.0,364.0,2026-09
2026-09-15 20:07:00,CME_MINI:NQ1!,29275.25,29279.5,29273.0,29278.75,331.0,2026-09
2026-09-15 20:08:00,CME_MINI:NQ1!,29278.75,29279.5,29275.5,29276.25,190.0,2026-09
2026-09-15 20:09:00,CME_MINI:NQ1!,29276.0,29276.75,29272.25,29276.75,272.0,2026-09
2026-09-15 20:10:00,CME_MINI:NQ1!,29277.0,29288.75,29275.25,29287.5,564.0,2026-09
2026-09-15 20:11:00,CME_MINI:NQ1!,29287.5,29291.0,29285.75,29288.5,348.0,2026-09
2026-09-15 20:12:00,CME_MINI:NQ1!,29288.75,29290.5,29286.25,29287.5,235.0,2026-09
2026-09-15 20:13:00,CME_MINI:NQ1!,29287.5,29289.75,29286.5,29289.25,163.0,2026-09
2026-09-15 20:14:00,CME_MINI:NQ1!,29288.75,29288.75,29284.75,29287.0,138.0,2026-09
2026-09-15 20:15:00,CME_MINI:NQ1!,29286.75,29287.5,29284.5,29286.5,135.0,2026-09
2026-09-15 20:16:00,CME_MINI:NQ1!,29287.0,29287.0,29282.5,29284.25,169.0,2026-09
2026-09-15 20:17:00,CME_MINI:NQ1!,29284.25,29286.25,29283.0,29284.5,252.0,2026-09
2026-09-15 20:18:00,CME_MINI:NQ1!,29284.25,29285.5,29283.5,29285.0,117.0,2026-09
2026-09-15 20:19:00,CME_MINI:NQ1!,29285.0,29285.0,29279.5,29281.0,155.0,2026-09
2026-09-15 20:20:00,CME_MINI:NQ1!,29281.5,29282.0,29279.75,29280.5,85.0,2026-09
2026-09-15 20:21:00,CME_MINI:NQ1!,29280.5,29281.0,29278.5,29278.75,110.0,2026-09
2026-09-15 20:22:00,CME_MINI:NQ1!,29278.75,29281.5,29278.5,29279.0,135.0,2026-09
2026-09-15 20:23:00,CME_MINI:NQ1!,29279.0,29279.5,29276.25,29278.75,136.0,2026-09
2026-09-15 20:24:00,CME_MINI:NQ1!,29278.0,29278.25,29274.5,29276.0,284.0,2026-09
2026-09-15 20:25:00,CME_MINI:NQ1!,29276.5,29276.75,29274.5,29274.5,119.0,2026-09
2026-09-15 20:26:00,CME_MINI:NQ1!,29274.25,29275.5,29269.75,29270.25,180.0,2026-09
2026-09-15 20:27:00,CME_MINI:NQ1!,29270.25,29271.5,29269.0,29271.0,92.0,2026-09
2026-09-15 20:28:00,CME_MINI:NQ1!,29270.75,29272.75,29270.5,29270.5,75.0,2026-09
2026-09-15 20:29:00,CME_MINI:NQ1!,29270.25,29272.75,29269.75,29270.5,77.0,2026-09
2026-09-15 20:30:00,CME_MINI:NQ1!,29270.5,29272.75,29267.25,29270.75,97.0,2026-09
2026-09-15 20:31:00,CME_MINI:NQ1!,29270.25,29271.25,29269.75,29270.25,43.0,2026-09
2026-09-15 20:32:00,CME_MINI:NQ1!,29270.25,29277.0,29270.25,29271.5,199.0,2026-09
2026-09-15 20:33:00,CME_MINI:NQ1!,29271.0,29273.0,29270.75,29271.25,52.0,2026-09
2026-09-15 20:34:00,CME_MINI:NQ1!,29271.75,29272.75,29271.5,29271.75,40.0,2026-09
2026-09-15 20:35:00,CME_MINI:NQ1!,29272.5,29277.25,29272.25,29274.25,91.0,2026-09
2026-09-15 20:36:00,CME_MINI:NQ1!,29273.5,29274.0,29271.5,29273.75,47.0,2026-09
2026-09-15 20:37:00,CME_MINI:NQ1!,29272.75,29275.25,29272.75,29274.5,26.0,2026-09
2026-09-15 20:38:00,CME_MINI:NQ1!,29274.5,29280.0,29274.5,29279.0,56.0,2026-09
2026-09-15 20:39:00,CME_MINI:NQ1!,29278.0,29278.75,29276.5,29277.25,71.0,2026-09
2026-09-15 20:40:00,CME_MINI:NQ1!,29276.75,29277.5,29273.5,29274.0,105.0,2026-09
2026-09-15 20:41:00,CME_MINI:NQ1!,29274.0,29281.5,29274.0,29281.5,68.0,2026-09
2026-09-15 20:42:00,CME_MINI:NQ1!,29281.25,29283.0,29280.0,29280.0,137.0,2026-09
2026-09-15 20:43:00,CME_MINI:NQ1!,29280.0,29280.75,29276.5,29278.25,67.0,2026-09
2026-09-15 20:44:00,CME_MINI:NQ1!,29277.25,29279.75,29277.0,29278.75,38.0,2026-09
2026-09-15 20:45:00,CME_MINI:NQ1!,29278.75,29280.5,29277.75,29280.5,85.0,2026-09
2026-09-15 20:46:00,CME_MINI:NQ1!,29280.25,29280.25,29276.75,29276.75,51.0,2026-09
2026-09-15 20:47:00,CME_MINI:NQ1!,29277.0,29281.25,29277.0,29280.5,27.0,2026-09
2026-09-15 20:48:00,CME_MINI:NQ1!,29280.25,29281.5,29279.0,29279.25,28.0,2026-09
2026-09-15 20:49:00,CME_MINI:NQ1!,29280.0,29285.0,29280.0,29284.5,81.0,2026-09
2026-09-15 20:50:00,CME_MINI:NQ1!,29284.5,29285.0,29282.0,29282.0,44.0,2026-09
2026-09-15 20:51:00,CME_MINI:NQ1!,29282.25,29282.25,29279.25,29280.25,31.0,2026-09
2026-09-15 20:52:00,CME_MINI:NQ1!,29281.0,29283.0,29280.5,29281.75,23.0,2026-09
2026-09-15 20:53:00,CME_MINI:NQ1!,29281.75,29283.0,29281.0,29281.75,19.0,2026-09
2026-09-15 20:54:00,CME_MINI:NQ1!,29282.75,29283.25,29281.5,29282.5,28.0,2026-09
2026-09-15 20:55:00,CME_MINI:NQ1!,29282.0,29287.0,29281.0,29286.0,91.0,2026-09
2026-09-15 20:56:00,CME_MINI:NQ1!,29285.5,29286.25,29281.25,29281.25,32.0,2026-09
2026-09-15 20:57:00,CME_MINI:NQ1!,29281.75,29283.25,29281.75,29283.0,19.0,2026-09
2026-09-15 20:58:00,CME_MINI:NQ1!,29282.25,29285.5,29280.0,29283.0,118.0,2026-09
2026-09-15 20:59:00,CME_MINI:NQ1!,29282.75,29282.75,29277.0,29277.0,121.0,2026-09
2026-09-15 22:00:00,CME_MINI:NQ1!,29263.75,29278.5,29251.25,29262.75,224.0,2026-09
2026-09-15 22:01:00,CME_MINI:NQ1!,29265.25,29272.5,29261.75,29268.5,137.0,2026-09
2026-09-15 22:02:00,CME_MINI:NQ1!,29269.75,29273.25,29263.0,29271.0,122.0,2026-09
2026-09-15 22:03:00,CME_MINI:NQ1!,29271.25,29273.5,29266.25,29271.75,92.0,2026-09
2026-09-15 22:04:00,CME_MINI:NQ1!,29271.75,29273.75,29267.75,29273.75,80.0,2026-09
2026-09-15 22:05:00,CME_MINI:NQ1!,29271.75,29273.0,29266.75,29269.75,71.0,2026-09
2026-09-15 22:06:00,CME_MINI:NQ1!,29269.75,29270.25,29265.25,29267.0,43.0,2026-09
2026-09-15 22:07:00,CME_MINI:NQ1!,29267.0,29267.5,29262.75,29266.0,77.0,2026-09
2026-09-15 22:08:00,CME_MINI:NQ1!,29265.75,29265.75,29260.0,29261.25,92.0,2026-09
2026-09-15 22:09:00,CME_MINI:NQ1!,29260.75,29265.25,29258.25,29264.75,82.0,2026-09
2026-09-15 22:10:00,CME_MINI:NQ1!,29263.25,29264.25,29261.25,29262.25,42.0,2026-09
2026-09-15 22:11:00,CME_MINI:NQ1!,29262.5,29263.0,29260.25,29263.0,35.0,2026-09
2026-09-15 22:12:00,CME_MINI:NQ1!,29262.5,29262.5,29257.75,29260.25,48.0,2026-09
2026-09-15 22:13:00,CME_MINI:NQ1!,29259.5,29261.25,29259.0,29260.25,18.0,2026-09
2026-09-15 22:14:00,CME_MINI:NQ1!,29260.0,29265.25,29259.0,29261.5,59.0,2026-09
2026-09-15 22:15:00,CME_MINI:NQ1!,29261.25,29264.75,29260.0,29262.75,37.0,2026-09
2026-09-15 22:16:00,CME_MINI:NQ1!,29264.5,29270.75,29264.5,29266.25,149.0,2026-09
2026-09-15 22:17:00,CME_MINI:NQ1!,29266.5,29267.5,29263.5,29265.5,23.0,2026-09
2026-09-15 22:18:00,CME_MINI:NQ1!,29264.25,29267.25,29263.25,29267.25,18.0,2026-09
2026-09-15 22:19:00,CME_MINI:NQ1!,29267.75,29267.75,29265.5,29265.5,6.0,2026-09
2026-09-15 22:20:00,CME_MINI:NQ1!,29263.5,29266.0,29262.75,29263.5,10.0,2026-09
2026-09-15 22:21:00,CME_MINI:NQ1!,29265.0,29275.0,29265.0,29271.5,76.0,2026-09
2026-09-15 22:22:00,CME_MINI:NQ1!,29272.0,29273.5,29270.25,29273.25,25.0,2026-09
2026-09-15 22:23:00,CME_MINI:NQ1!,29272.5,29274.5,29271.25,29274.25,34.0,2026-09
2026-09-15 22:24:00,CME_MINI:NQ1!,29273.5,29275.0,29270.75,29270.75,22.0,2026-09
2026-09-15 22:25:00,CME_MINI:NQ1!,29270.75,29272.0,29268.0,29268.5,45.0,2026-09
2026-09-15 22:26:00,CME_MINI:NQ1!,29267.25,29269.25,29266.75,29266.75,29.0,2026-09
2026-09-15 22:27:00,CME_MINI:NQ1!,29267.75,29270.25,29262.0,29269.5,75.0,2026-09
2026-09-15 22:28:00,CME_MINI:NQ1!,29268.75,29270.75,29268.25,29270.75,14.0,2026-09
2026-09-15 22:29:00,CME_MINI:NQ1!,29270.0,29270.0,29266.75,29269.25,33.0,2026-09
2026-09-15 22:30:00,CME_MINI:NQ1!,29268.25,29276.0,29266.75,29275.75,62.0,2026-09
2026-09-15 22:31:00,CME_MINI:NQ1!,29276.75,29278.5,29273.75,29273.75,68.0,2026-09
2026-09-15 22:32:00,CME_MINI:NQ1!,29274.25,29274.5,29272.25,29273.0,23.0,2026-09
2026-09-15 22:33:00,CME_MINI:NQ1!,29273.0,29277.75,29272.5,29276.0,35.0,2026-09
2026-09-15 22:34:00,CME_MINI:NQ1!,29276.0,29279.5,29274.75,29277.5,42.0,2026-09
2026-09-15 22:35:00,CME_MINI:NQ1!,29279.25,29281.25,29277.5,29279.5,32.0,2026-09
2026-09-15 22:36:00,CME_MINI:NQ1!,29279.75,29283.25,29279.75,29281.5,54.0,2026-09
2026-09-15 22:37:00,CME_MINI:NQ1!,29282.5,29284.75,29281.75,29283.0,39.0,2026-09
2026-09-15 22:38:00,CME_MINI:NQ1!,29284.5,29286.0,29284.0,29286.0,39.0,2026-09
2026-09-15 22:39:00,CME_MINI:NQ1!,29284.5,29286.25,29284.0,29286.25,19.0,2026-09
2026-09-15 22:40:00,CME_MINI:NQ1!,29285.0,29285.0,29281.0,29282.25,22.0,2026-09
2026-09-15 22:41:00,CME_MINI:NQ1!,29282.0,29286.0,29281.5,29284.5,42.0,2026-09
2026-09-15 22:42:00,CME_MINI:NQ1!,29285.5,29285.75,29283.25,29284.5,14.0,2026-09
2026-09-15 22:43:00,CME_MINI:NQ1!,29282.75,29283.0,29279.5,29282.75,24.0,2026-09
2026-09-15 22:44:00,CME_MINI:NQ1!,29281.75,29283.5,29281.5,29282.75,10.0,2026-09
2026-09-15 22:45:00,CME_MINI:NQ1!,29282.25,29283.0,29281.0,29282.0,20.0,2026-09
2026-09-15 22:46:00,CME_MINI:NQ1!,29282.0,29282.25,29280.5,29280.5,23.0,2026-09
2026-09-15 22:47:00,CME_MINI:NQ1!,29280.0,29281.5,29280.0,29280.75,23.0,2026-09
2026-09-15 22:48:00,CME_MINI:NQ1!,29283.25,29286.25,29282.25,29283.75,47.0,2026-09
2026-09-15 22:49:00,CME_MINI:NQ1!,29285.0,29285.25,29283.5,29283.5,13.0,2026-09
2026-09-15 22:50:00,CME_MINI:NQ1!,29284.75,29285.75,29284.0,29284.0,8.0,2026-09
2026-09-15 22:51:00,CME_MINI:NQ1!,29284.5,29284.75,29284.5,29284.75,3.0,2026-09
2026-09-15 22:52:00,CME_MINI:NQ1!,29286.0,29289.25,29284.75,29286.25,62.0,2026-09
2026-09-15 22:53:00,CME_MINI:NQ1!,29285.5,29287.75,29284.75,29287.25,28.0,2026-09
2026-09-15 22:54:00,CME_MINI:NQ1!,29286.0,29286.75,29284.75,29284.75,10.0,2026-09
2026-09-15 22:55:00,CME_MINI:NQ1!,29285.75,29286.75,29283.5,29285.0,22.0,2026-09
2026-09-15 22:56:00,CME_MINI:NQ1!,29283.75,29285.25,29283.5,29284.0,8.0,2026-09
2026-09-15 22:57:00,CME_MINI:NQ1!,29285.0,29286.0,29284.5,29286.0,12.0,2026-09
2026-09-15 22:58:00,CME_MINI:NQ1!,29286.0,29286.5,29283.75,29284.75,15.0,2026-09
2026-09-15 22:59:00,CME_MINI:NQ1!,29285.0,29285.0,29282.25,29282.5,23.0,2026-09
2026-09-15 23:00:00,CME_MINI:NQ1!,29282.0,29284.5,29278.5,29284.5,68.0,2026-09
2026-09-15 23:01:00,CME_MINI:NQ1!,29284.25,29284.25,29279.25,29281.25,49.0,2026-09
2026-09-15 23:02:00,CME_MINI:NQ1!,29281.25,29281.5,29280.0,29280.0,25.0,2026-09
2026-09-15 23:03:00,CME_MINI:NQ1!,29282.0,29282.75,29279.0,29280.0,35.0,2026-09
2026-09-15 23:04:00,CME_MINI:NQ1!,29279.0,29281.25,29278.0,29280.0,37.0,2026-09
2026-09-15 23:05:00,CME_MINI:NQ1!,29280.5,29282.0,29279.25,29280.75,20.0,2026-09
2026-09-15 23:06:00,CME_MINI:NQ1!,29281.5,29283.0,29280.75,29281.0,13.0,2026-09
2026-09-15 23:07:00,CME_MINI:NQ1!,29280.0,29281.0,29278.5,29279.75,11.0,2026-09
2026-09-15 23:08:00,CME_MINI:NQ1!,29279.5,29280.75,29278.5,29279.75,19.0,2026-09
2026-09-15 23:09:00,CME_MINI:NQ1!,29279.25,29279.5,29279.0,29279.0,12.0,2026-09
2026-09-15 23:10:00,CME_MINI:NQ1!,29279.5,29282.5,29278.5,29279.0,71.0,2026-09
2026-09-15 23:11:00,CME_MINI:NQ1!,29279.25,29281.75,29279.0,29281.25,11.0,2026-09
2026-09-15 23:12:00,CME_MINI:NQ1!,29280.25,29283.25,29277.75,29278.0,60.0,2026-09
2026-09-15 23:13:00,CME_MINI:NQ1!,29278.5,29279.5,29276.0,29278.25,49.0,2026-09
2026-09-15 23:14:00,CME_MINI:NQ1!,29278.75,29279.25,29278.0,29278.75,13.0,2026-09
2026-09-15 23:15:00,CME_MINI:NQ1!,29278.0,29279.5,29277.75,29279.5,7.0,2026-09
2026-09-15 23:16:00,CME_MINI:NQ1!,29279.5,29279.5,29277.25,29277.25,9.0,2026-09
2026-09-15 23:17:00,CME_MINI:NQ1!,29277.75,29277.75,29276.0,29276.75,59.0,2026-09
2026-09-15 23:18:00,CME_MINI:NQ1!,29276.75,29277.25,29273.0,29275.25,43.0,2026-09
2026-09-15 23:19:00,CME_MINI:NQ1!,29276.5,29277.25,29275.0,29275.0,23.0,2026-09
2026-09-15 23:20:00,CME_MINI:NQ1!,29276.5,29277.0,29275.25,29275.25,6.0,2026-09
2026-09-15 23:21:00,CME_MINI:NQ1!,29274.5,29276.0,29273.25,29275.75,16.0,2026-09
2026-09-15 23:22:00,CME_MINI:NQ1!,29276.75,29276.75,29274.0,29274.25,16.0,2026-09
2026-09-15 23:23:00,CME_MINI:NQ1!,29274.0,29276.25,29274.0,29274.75,11.0,2026-09
2026-09-15 23:24:00,CME_MINI:NQ1!,29274.25,29275.0,29273.5,29275.0,11.0,2026-09
2026-09-15 23:25:00,CME_MINI:NQ1!,29274.75,29275.0,29274.0,29274.25,18.0,2026-09
2026-09-15 23:26:00,CME_MINI:NQ1!,29273.5,29274.5,29265.75,29268.5,119.0,2026-09
2026-09-15 23:27:00,CME_MINI:NQ1!,29268.25,29270.25,29266.0,29268.75,41.0,2026-09
2026-09-15 23:28:00,CME_MINI:NQ1!,29268.0,29268.0,29265.75,29266.5,54.0,2026-09
2026-09-15 23:29:00,CME_MINI:NQ1!,29267.0,29267.75,29266.0,29267.0,16.0,2026-09
2026-09-15 23:30:00,CME_MINI:NQ1!,29267.25,29271.0,29267.25,29271.0,39.0,2026-09
2026-09-15 23:31:00,CME_MINI:NQ1!,29271.0,29271.0,29267.75,29267.75,20.0,2026-09
2026-09-15 23:32:00,CME_MINI:NQ1!,29267.5,29270.0,29267.5,29269.25,11.0,2026-09
2026-09-15 23:33:00,CME_MINI:NQ1!,29268.0,29269.0,29268.0,29268.5,3.0,2026-09
2026-09-15 23:34:00,CME_MINI:NQ1!,29269.75,29271.75,29266.0,29268.25,75.0,2026-09
2026-09-15 23:35:00,CME_MINI:NQ1!,29267.0,29267.25,29265.75,29267.25,19.0,2026-09
2026-09-15 23:36:00,CME_MINI:NQ1!,29268.5,29268.75,29265.0,29265.0,23.0,2026-09
2026-09-15 23:37:00,CME_MINI:NQ1!,29265.0,29268.75,29263.25,29268.75,43.0,2026-09
2026-09-15 23:38:00,CME_MINI:NQ1!,29267.75,29271.0,29266.5,29269.5,38.0,2026-09
2026-09-15 23:39:00,CME_MINI:NQ1!,29270.5,29273.5,29270.5,29273.0,38.0,2026-09
2026-09-15 23:40:00,CME_MINI:NQ1!,29272.75,29283.25,29270.0,29282.25,105.0,2026-09
2026-09-15 23:41:00,CME_MINI:NQ1!,29282.5,29284.25,29280.0,29282.0,135.0,2026-09
2026-09-15 23:42:00,CME_MINI:NQ1!,29282.5,29282.5,29279.0,29281.0,37.0,2026-09
2026-09-15 23:43:00,CME_MINI:NQ1!,29282.25,29286.75,29281.5,29282.5,98.0,2026-09
2026-09-15 23:44:00,CME_MINI:NQ1!,29281.5,29283.5,29280.5,29282.25,32.0,2026-09
2026-09-15 23:45:00,CME_MINI:NQ1!,29283.0,29284.25,29280.0,29283.25,28.0,2026-09
2026-09-15 23:46:00,CME_MINI:NQ1!,29281.75,29286.25,29280.5,29283.5,60.0,2026-09
2026-09-15 23:47:00,CME_MINI:NQ1!,29284.5,29284.5,29277.0,29278.5,43.0,2026-09
2026-09-15 23:48:00,CME_MINI:NQ1!,29278.5,29282.0,29277.0,29277.0,58.0,2026-09
2026-09-15 23:49:00,CME_MINI:NQ1!,29276.75,29279.5,29276.25,29278.5,15.0,2026-09
2026-09-15 23:50:00,CME_MINI:NQ1!,29278.75,29284.0,29278.0,29282.5,47.0,2026-09
2026-09-15 23:51:00,CME_MINI:NQ1!,29282.5,29283.25,29278.0,29279.75,34.0,2026-09
2026-09-15 23:52:00,CME_MINI:NQ1!,29280.25,29280.5,29278.5,29279.5,19.0,2026-09
2026-09-15 23:53:00,CME_MINI:NQ1!,29280.0,29286.5,29280.0,29284.0,77.0,2026-09
2026-09-15 23:54:00,CME_MINI:NQ1!,29284.5,29286.25,29283.25,29286.25,13.0,2026-09
2026-09-15 23:55:00,CME_MINI:NQ1!,29286.5,29287.75,29280.5,29280.75,39.0,2026-09
2026-09-15 23:56:00,CME_MINI:NQ1!,29280.0,29280.0,29274.5,29276.75,42.0,2026-09
2026-09-15 23:57:00,CME_MINI:NQ1!,29277.5,29279.0,29276.5,29276.5,18.0,2026-09
2026-09-15 23:58:00,CME_MINI:NQ1!,29276.75,29278.25,29275.75,29277.75,43.0,2026-09
2026-09-15 23:59:00,CME_MINI:NQ1!,29277.5,29279.25,29274.0,29278.5,61.0,2026-09
2026-09-16 00:00:00,CME_MINI:NQ1!,29277.5,29286.0,29276.25,29281.25,150.0,2026-09
2026-09-16 00:01:00,CME_MINI:NQ1!,29281.75,29282.0,29270.5,29270.75,151.0,2026-09
2026-09-16 00:02:00,CME_MINI:NQ1!,29270.0,29271.25,29257.75,29270.75,322.0,2026-09
2026-09-16 00:03:00,CME_MINI:NQ1!,29270.75,29278.5,29267.0,29271.25,162.0,2026-09
2026-09-16 00:04:00,CME_MINI:NQ1!,29273.0,29278.0,29266.0,29267.5,121.0,2026-09
2026-09-16 00:05:00,CME_MINI:NQ1!,29271.0,29276.75,29269.75,29272.25,99.0,2026-09
2026-09-16 00:06:00,CME_MINI:NQ1!,29273.5,29278.25,29266.75,29268.25,104.0,2026-09
2026-09-16 00:07:00,CME_MINI:NQ1!,29268.75,29272.75,29265.75,29268.0,77.0,2026-09
2026-09-16 00:08:00,CME_MINI:NQ1!,29267.0,29271.75,29265.25,29269.25,36.0,2026-09
2026-09-16 00:09:00,CME_MINI:NQ1!,29270.25,29271.0,29262.75,29264.0,66.0,2026-09
2026-09-16 00:10:00,CME_MINI:NQ1!,29267.25,29267.5,29261.0,29261.75,96.0,2026-09
2026-09-16 00:11:00,CME_MINI:NQ1!,29263.75,29280.0,29262.25,29278.25,166.0,2026-09
2026-09-16 00:12:00,CME_MINI:NQ1!,29277.25,29284.0,29275.75,29279.5,147.0,2026-09
2026-09-16 00:13:00,CME_MINI:NQ1!,29279.5,29279.75,29275.75,29277.0,68.0,2026-09
2026-09-16 00:14:00,CME_MINI:NQ1!,29278.0,29282.0,29277.25,29278.25,39.0,2026-09
2026-09-16 00:15:00,CME_MINI:NQ1!,29279.0,29279.25,29271.0,29273.25,114.0,2026-09
2026-09-16 00:16:00,CME_MINI:NQ1!,29273.25,29283.5,29273.25,29276.25,97.0,2026-09
2026-09-16 00:17:00,CME_MINI:NQ1!,29278.5,29283.25,29278.5,29281.0,104.0,2026-09
2026-09-16 00:18:00,CME_MINI:NQ1!,29281.0,29282.5,29277.0,29278.0,102.0,2026-09
2026-09-16 00:19:00,CME_MINI:NQ1!,29279.25,29283.25,29276.5,29279.25,85.0,2026-09
2026-09-16 00:20:00,CME_MINI:NQ1!,29277.75,29279.5,29276.0,29276.75,26.0,2026-09
2026-09-16 00:21:00,CME_MINI:NQ1!,29277.5,29279.25,29276.25,29277.5,49.0,2026-09
2026-09-16 00:22:00,CME_MINI:NQ1!,29277.0,29277.75,29274.75,29276.25,27.0,2026-09
2026-09-16 00:23:00,CME_MINI:NQ1!,29275.25,29276.5,29272.75,29273.0,39.0,2026-09
2026-09-16 00:24:00,CME_MINI:NQ1!,29272.5,29275.0,29270.75,29271.25,24.0,2026-09
2026-09-16 00:25:00,CME_MINI:NQ1!,29270.75,29273.5,29267.0,29267.0,132.0,2026-09
2026-09-16 00:26:00,CME_MINI:NQ1!,29268.0,29272.25,29268.0,29271.0,38.0,2026-09
2026-09-16 00:27:00,CME_MINI:NQ1!,29272.5,29272.75,29268.5,29270.25,22.0,2026-09
2026-09-16 00:28:00,CME_MINI:NQ1!,29270.25,29278.0,29269.75,29276.75,45.0,2026-09
2026-09-16 00:29:00,CME_MINI:NQ1!,29276.5,29276.75,29274.25,29274.5,31.0,2026-09
2026-09-16 00:30:00,CME_MINI:NQ1!,29275.5,29285.25,29274.5,29280.5,123.0,2026-09
2026-09-16 00:31:00,CME_MINI:NQ1!,29281.0,29281.25,29272.75,29279.75,60.0,2026-09
2026-09-16 00:32:00,CME_MINI:NQ1!,29279.5,29281.5,29279.0,29279.5,21.0,2026-09
2026-09-16 00:33:00,CME_MINI:NQ1!,29277.0,29279.0,29273.25,29274.25,64.0,2026-09
2026-09-16 00:34:00,CME_MINI:NQ1!,29273.0,29274.0,29271.5,29271.75,19.0,2026-09
2026-09-16 00:35:00,CME_MINI:NQ1!,29271.25,29271.25,29264.75,29270.5,105.0,2026-09
2026-09-16 00:36:00,CME_MINI:NQ1!,29271.0,29278.5,29270.75,29276.5,55.0,2026-09
2026-09-16 00:37:00,CME_MINI:NQ1!,29275.5,29280.25,29275.5,29277.0,58.0,2026-09
2026-09-16 00:38:00,CME_MINI:NQ1!,29276.25,29279.5,29274.75,29277.25,24.0,2026-09
2026-09-16 00:39:00,CME_MINI:NQ1!,29279.25,29280.25,29278.25,29278.75,35.0,2026-09
2026-09-16 00:40:00,CME_MINI:NQ1!,29277.25,29277.25,29274.25,29274.5,24.0,2026-09
2026-09-16 00:41:00,CME_MINI:NQ1!,29275.0,29278.0,29273.25,29277.25,35.0,2026-09
2026-09-16 00:42:00,CME_MINI:NQ1!,29276.75,29276.75,29273.75,29274.0,65.0,2026-09
2026-09-16 00:43:00,CME_MINI:NQ1!,29274.5,29276.5,29271.5,29272.25,36.0,2026-09
2026-09-16 00:44:00,CME_MINI:NQ1!,29272.25,29273.75,29272.0,29272.25,12.0,2026-09
2026-09-16 00:45:00,CME_MINI:NQ1!,29272.5,29275.75,29269.0,29273.75,64.0,2026-09
2026-09-16 00:46:00,CME_MINI:NQ1!,29273.0,29273.0,29269.25,29270.0,20.0,2026-09
2026-09-16 00:47:00,CME_MINI:NQ1!,29269.0,29272.5,29267.5,29271.75,32.0,2026-09
2026-09-16 00:48:00,CME_MINI:NQ1!,29271.0,29285.25,29270.75,29282.25,138.0,2026-09
2026-09-16 00:49:00,CME_MINI:NQ1!,29283.0,29284.25,29278.75,29279.0,92.0,2026-09
2026-09-16 00:50:00,CME_MINI:NQ1!,29280.75,29280.75,29276.5,29277.75,46.0,2026-09
2026-09-16 00:51:00,CME_MINI:NQ1!,29275.75,29277.25,29274.75,29277.25,38.0,2026-09
2026-09-16 00:52:00,CME_MINI:NQ1!,29278.0,29281.75,29277.75,29281.75,33.0,2026-09
2026-09-16 00:53:00,CME_MINI:NQ1!,29282.25,29282.5,29276.0,29277.25,47.0,2026-09
2026-09-16 00:54:00,CME_MINI:NQ1!,29277.25,29278.75,29274.75,29278.5,20.0,2026-09
2026-09-16 00:55:00,CME_MINI:NQ1!,29277.5,29277.5,29269.75,29269.75,78.0,2026-09
2026-09-16 00:56:00,CME_MINI:NQ1!,29269.75,29274.25,29268.5,29274.0,50.0,2026-09
2026-09-16 00:57:00,CME_MINI:NQ1!,29274.75,29274.75,29272.5,29274.25,17.0,2026-09
2026-09-16 00:58:00,CME_MINI:NQ1!,29273.5,29279.75,29273.25,29277.0,74.0,2026-09
2026-09-16 00:59:00,CME_MINI:NQ1!,29276.25,29277.0,29271.25,29272.5,48.0,2026-09
2026-09-16 01:00:00,CME_MINI:NQ1!,29272.25,29277.0,29272.0,29273.5,43.0,2026-09
2026-09-16 01:01:00,CME_MINI:NQ1!,29274.25,29277.0,29267.0,29267.75,105.0,2026-09
2026-09-16 01:02:00,CME_MINI:NQ1!,29268.5,29269.25,29263.25,29266.75,71.0,2026-09
2026-09-16 01:03:00,CME_MINI:NQ1!,29265.0,29272.75,29264.75,29264.75,89.0,2026-09
2026-09-16 01:04:00,CME_MINI:NQ1!,29264.5,29265.75,29258.75,29260.5,185.0,2026-09
2026-09-16 01:05:00,CME_MINI:NQ1!,29259.25,29259.25,29252.75,29256.5,248.0,2026-09
2026-09-16 01:06:00,CME_MINI:NQ1!,29257.25,29258.25,29252.5,29253.25,114.0,2026-09
2026-09-16 01:07:00,CME_MINI:NQ1!,29253.0,29253.0,29246.0,29249.25,208.0,2026-09
2026-09-16 01:08:00,CME_MINI:NQ1!,29249.0,29254.25,29247.25,29251.25,135.0,2026-09
2026-09-16 01:09:00,CME_MINI:NQ1!,29251.75,29253.25,29243.0,29246.0,186.0,2026-09
2026-09-16 01:10:00,CME_MINI:NQ1!,29245.75,29255.5,29240.5,29254.25,265.0,2026-09
2026-09-16 01:11:00,CME_MINI:NQ1!,29254.25,29261.75,29252.25,29257.5,141.0,2026-09
2026-09-16 01:12:00,CME_MINI:NQ1!,29257.5,29262.0,29254.25,29256.75,98.0,2026-09
2026-09-16 01:13:00,CME_MINI:NQ1!,29257.0,29275.0,29256.75,29273.75,264.0,2026-09
2026-09-16 01:14:00,CME_MINI:NQ1!,29274.25,29283.5,29271.75,29282.5,421.0,2026-09
2026-09-16 01:15:00,CME_MINI:NQ1!,29283.0,29288.0,29278.75,29284.0,301.0,2026-09
2026-09-16 01:16:00,CME_MINI:NQ1!,29283.5,29283.5,29277.25,29283.0,137.0,2026-09
2026-09-16 01:17:00,CME_MINI:NQ1!,29281.75,29281.75,29269.75,29276.5,178.0,2026-09
2026-09-16 01:18:00,CME_MINI:NQ1!,29275.5,29278.0,29270.5,29272.0,67.0,2026-09
2026-09-16 01:19:00,CME_MINI:NQ1!,29273.75,29275.5,29272.75,29274.75,42.0,2026-09
2026-09-16 01:20:00,CME_MINI:NQ1!,29274.25,29278.0,29272.5,29275.0,68.0,2026-09
2026-09-16 01:21:00,CME_MINI:NQ1!,29276.25,29276.75,29273.5,29276.0,30.0,2026-09
2026-09-16 01:22:00,CME_MINI:NQ1!,29276.0,29282.0,29276.0,29279.75,103.0,2026-09
2026-09-16 01:23:00,CME_MINI:NQ1!,29279.5,29282.75,29279.0,29282.0,84.0,2026-09
2026-09-16 01:24:00,CME_MINI:NQ1!,29282.75,29288.75,29282.75,29285.5,159.0,2026-09
2026-09-16 01:25:00,CME_MINI:NQ1!,29285.5,29288.75,29283.5,29288.0,79.0,2026-09
2026-09-16 01:26:00,CME_MINI:NQ1!,29288.25,29288.5,29277.5,29278.25,76.0,2026-09
2026-09-16 01:27:00,CME_MINI:NQ1!,29276.75,29283.0,29276.75,29282.25,40.0,2026-09
2026-09-16 01:28:00,CME_MINI:NQ1!,29281.0,29283.25,29281.0,29282.75,28.0,2026-09
2026-09-16 01:29:00,CME_MINI:NQ1!,29281.25,29281.75,29277.0,29277.0,40.0,2026-09
2026-09-16 01:30:00,CME_MINI:NQ1!,29276.75,29278.75,29266.0,29266.5,179.0,2026-09
2026-09-16 01:31:00,CME_MINI:NQ1!,29266.5,29270.25,29261.5,29263.25,127.0,2026-09
2026-09-16 01:32:00,CME_MINI:NQ1!,29264.25,29273.25,29263.25,29270.5,67.0,2026-09
2026-09-16 01:33:00,CME_MINI:NQ1!,29269.5,29270.75,29267.0,29268.5,40.0,2026-09
2026-09-16 01:34:00,CME_MINI:NQ1!,29268.0,29272.0,29268.0,29271.0,37.0,2026-09
2026-09-16 01:35:00,CME_MINI:NQ1!,29270.75,29274.0,29265.0,29265.75,70.0,2026-09
2026-09-16 01:36:00,CME_MINI:NQ1!,29265.0,29266.5,29251.5,29254.0,215.0,2026-09
2026-09-16 01:37:00,CME_MINI:NQ1!,29254.25,29256.5,29248.5,29248.5,109.0,2026-09
2026-09-16 01:38:00,CME_MINI:NQ1!,29249.25,29251.0,29244.75,29250.0,121.0,2026-09
2026-09-16 01:39:00,CME_MINI:NQ1!,29249.5,29252.25,29245.0,29251.0,107.0,2026-09
2026-09-16 01:40:00,CME_MINI:NQ1!,29250.25,29254.25,29248.75,29254.25,66.0,2026-09
2026-09-16 01:41:00,CME_MINI:NQ1!,29254.5,29262.0,29253.0,29255.5,120.0,2026-09
2026-09-16 01:42:00,CME_MINI:NQ1!,29256.75,29258.0,29251.75,29254.0,55.0,2026-09
2026-09-16 01:43:00,CME_MINI:NQ1!,29256.0,29257.5,29251.25,29251.25,55.0,2026-09
2026-09-16 01:44:00,CME_MINI:NQ1!,29251.75,29258.5,29251.0,29256.5,34.0,2026-09
2026-09-16 01:45:00,CME_MINI:NQ1!,29256.5,29267.0,29256.0,29261.0,137.0,2026-09
2026-09-16 01:46:00,CME_MINI:NQ1!,29262.25,29264.0,29256.5,29257.5,84.0,2026-09
2026-09-16 01:47:00,CME_MINI:NQ1!,29256.0,29262.0,29253.5,29256.25,206.0,2026-09
2026-09-16 01:48:00,CME_MINI:NQ1!,29256.75,29259.0,29253.0,29255.0,23.0,2026-09
2026-09-16 01:49:00,CME_MINI:NQ1!,29255.0,29256.25,29249.75,29251.75,51.0,2026-09
2026-09-16 01:50:00,CME_MINI:NQ1!,29251.0,29252.5,29239.0,29239.0,141.0,2026-09
2026-09-16 01:51:00,CME_MINI:NQ1!,29239.25,29244.0,29235.75,29242.75,199.0,2026-09
2026-09-16 01:52:00,CME_MINI:NQ1!,29241.5,29244.75,29240.5,29243.5,41.0,2026-09
2026-09-16 01:53:00,CME_MINI:NQ1!,29242.5,29242.5,29236.5,29239.25,148.0,2026-09
2026-09-16 01:54:00,CME_MINI:NQ1!,29238.75,29240.0,29232.0,29234.5,144.0,2026-09
2026-09-16 01:55:00,CME_MINI:NQ1!,29233.75,29240.0,29232.5,29236.5,124.0,2026-09
2026-09-16 01:56:00,CME_MINI:NQ1!,29236.0,29237.75,29232.0,29233.5,63.0,2026-09
2026-09-16 01:57:00,CME_MINI:NQ1!,29234.5,29234.5,29230.25,29232.25,106.0,2026-09
2026-09-16 01:58:00,CME_MINI:NQ1!,29231.25,29234.5,29229.25,29230.5,57.0,2026-09
2026-09-16 01:59:00,CME_MINI:NQ1!,29230.25,29231.5,29226.0,29230.0,146.0,2026-09
2026-09-16 02:00:00,CME_MINI:NQ1!,29228.75,29239.5,29228.0,29238.5,136.0,2026-09
2026-09-16 02:01:00,CME_MINI:NQ1!,29239.0,29249.5,29238.25,29246.5,231.0,2026-09
2026-09-16 02:02:00,CME_MINI:NQ1!,29246.0,29260.5,29243.5,29259.5,259.0,2026-09
2026-09-16 02:03:00,CME_MINI:NQ1!,29259.5,29259.5,29251.75,29251.75,190.0,2026-09
2026-09-16 02:04:00,CME_MINI:NQ1!,29251.25,29254.25,29248.75,29253.25,56.0,2026-09
2026-09-16 02:05:00,CME_MINI:NQ1!,29254.0,29255.0,29242.75,29246.25,77.0,2026-09
2026-09-16 02:06:00,CME_MINI:NQ1!,29245.25,29246.75,29238.5,29240.5,121.0,2026-09
2026-09-16 02:07:00,CME_MINI:NQ1!,29240.75,29240.75,29234.0,29238.75,70.0,2026-09
2026-09-16 02:08:00,CME_MINI:NQ1!,29239.25,29244.75,29238.0,29243.5,38.0,2026-09
2026-09-16 02:09:00,CME_MINI:NQ1!,29243.75,29246.75,29238.75,29243.75,79.0,2026-09
2026-09-16 02:10:00,CME_MINI:NQ1!,29244.0,29253.5,29244.0,29246.0,73.0,2026-09
2026-09-16 02:11:00,CME_MINI:NQ1!,29246.0,29247.0,29236.0,29236.25,93.0,2026-09
2026-09-16 02:12:00,CME_MINI:NQ1!,29237.0,29239.0,29228.0,29235.75,178.0,2026-09
2026-09-16 02:13:00,CME_MINI:NQ1!,29235.5,29236.25,29233.25,29235.25,38.0,2026-09
2026-09-16 02:14:00,CME_MINI:NQ1!,29234.5,29234.75,29230.75,29233.0,35.0,2026-09
2026-09-16 02:15:00,CME_MINI:NQ1!,29234.5,29243.0,29233.75,29241.25,69.0,2026-09
2026-09-16 02:16:00,CME_MINI:NQ1!,29240.0,29245.25,29237.25,29244.75,48.0,2026-09
2026-09-16 02:17:00,CME_MINI:NQ1!,29244.25,29248.5,29243.5,29248.25,46.0,2026-09
2026-09-16 02:18:00,CME_MINI:NQ1!,29246.0,29246.25,29242.0,29244.75,50.0,2026-09
2026-09-16 02:19:00,CME_MINI:NQ1!,29247.0,29249.0,29245.25,29247.75,66.0,2026-09
2026-09-16 02:20:00,CME_MINI:NQ1!,29247.25,29247.25,29241.5,29245.25,38.0,2026-09
2026-09-16 02:21:00,CME_MINI:NQ1!,29244.5,29248.0,29244.25,29248.0,26.0,2026-09
2026-09-16 02:22:00,CME_MINI:NQ1!,29249.75,29252.0,29245.0,29246.25,58.0,2026-09
2026-09-16 02:23:00,CME_MINI:NQ1!,29246.0,29249.5,29246.0,29248.25,27.0,2026-09
2026-09-16 02:24:00,CME_MINI:NQ1!,29249.0,29260.0,29248.5,29258.5,107.0,2026-09
2026-09-16 02:25:00,CME_MINI:NQ1!,29259.0,29264.5,29259.0,29263.0,68.0,2026-09
2026-09-16 02:26:00,CME_MINI:NQ1!,29263.75,29265.5,29258.5,29263.5,119.0,2026-09
2026-09-16 02:27:00,CME_MINI:NQ1!,29264.25,29271.75,29264.25,29269.0,128.0,2026-09
2026-09-16 02:28:00,CME_MINI:NQ1!,29267.75,29269.5,29264.0,29267.0,48.0,2026-09
2026-09-16 02:29:00,CME_MINI:NQ1!,29266.25,29278.5,29266.25,29274.5,271.0,2026-09
2026-09-16 02:30:00,CME_MINI:NQ1!,29274.75,29284.0,29273.0,29277.5,251.0,2026-09
2026-09-16 02:31:00,CME_MINI:NQ1!,29278.0,29281.5,29274.75,29281.5,168.0,2026-09
2026-09-16 02:32:00,CME_MINI:NQ1!,29280.5,29283.25,29273.75,29274.0,99.0,2026-09
2026-09-16 02:33:00,CME_MINI:NQ1!,29274.75,29274.75,29268.25,29268.75,91.0,2026-09
2026-09-16 02:34:00,CME_MINI:NQ1!,29269.25,29278.5,29269.25,29274.75,64.0,2026-09
2026-09-16 02:35:00,CME_MINI:NQ1!,29276.25,29282.5,29275.0,29281.5,74.0,2026-09
2026-09-16 02:36:00,CME_MINI:NQ1!,29281.75,29283.0,29277.25,29281.0,143.0,2026-09
2026-09-16 02:37:00,CME_MINI:NQ1!,29281.0,29281.0,29276.25,29276.25,66.0,2026-09
2026-09-16 02:38:00,CME_MINI:NQ1!,29277.75,29277.75,29272.0,29273.25,77.0,2026-09
2026-09-16 02:39:00,CME_MINI:NQ1!,29273.25,29274.5,29268.0,29269.75,67.0,2026-09
2026-09-16 02:40:00,CME_MINI:NQ1!,29271.25,29273.75,29269.0,29270.75,24.0,2026-09
2026-09-16 02:41:00,CME_MINI:NQ1!,29270.5,29270.75,29265.0,29267.25,44.0,2026-09
2026-09-16 02:42:00,CME_MINI:NQ1!,29267.0,29267.25,29257.75,29257.75,90.0,2026-09
2026-09-16 02:43:00,CME_MINI:NQ1!,29258.25,29266.75,29258.0,29260.75,74.0,2026-09
2026-09-16 02:44:00,CME_MINI:NQ1!,29260.75,29261.0,29254.75,29260.5,99.0,2026-09
2026-09-16 02:45:00,CME_MINI:NQ1!,29261.0,29263.5,29259.5,29263.5,29.0,2026-09
2026-09-16 02:46:00,CME_MINI:NQ1!,29264.0,29267.75,29262.25,29265.0,79.0,2026-09
2026-09-16 02:47:00,CME_MINI:NQ1!,29265.25,29265.25,29261.25,29262.5,24.0,2026-09
2026-09-16 02:48:00,CME_MINI:NQ1!,29262.25,29267.25,29262.25,29266.5,24.0,2026-09
2026-09-16 02:49:00,CME_MINI:NQ1!,29267.75,29270.5,29266.0,29268.0,37.0,2026-09
2026-09-16 02:50:00,CME_MINI:NQ1!,29267.25,29270.25,29264.5,29270.25,37.0,2026-09
2026-09-16 02:51:00,CME_MINI:NQ1!,29270.5,29276.75,29268.75,29275.75,68.0,2026-09
2026-09-16 02:52:00,CME_MINI:NQ1!,29275.75,29275.75,29273.0,29273.25,59.0,2026-09
2026-09-16 02:53:00,CME_MINI:NQ1!,29272.5,29280.0,29271.25,29278.75,115.0,2026-09
2026-09-16 02:54:00,CME_MINI:NQ1!,29278.75,29278.75,29272.75,29274.0,37.0,2026-09
2026-09-16 02:55:00,CME_MINI:NQ1!,29274.75,29276.25,29273.75,29275.75,27.0,2026-09
2026-09-16 02:56:00,CME_MINI:NQ1!,29276.0,29281.25,29275.5,29276.0,62.0,2026-09
2026-09-16 02:57:00,CME_MINI:NQ1!,29277.0,29278.75,29274.75,29276.5,22.0,2026-09
2026-09-16 02:58:00,CME_MINI:NQ1!,29277.25,29277.75,29275.0,29276.75,31.0,2026-09
2026-09-16 02:59:00,CME_MINI:NQ1!,29276.25,29283.5,29276.25,29282.75,77.0,2026-09
2026-09-16 03:00:00,CME_MINI:NQ1!,29282.75,29288.5,29280.75,29287.0,147.0,2026-09
2026-09-16 03:01:00,CME_MINI:NQ1!,29286.75,29290.5,29286.25,29289.5,117.0,2026-09
2026-09-16 03:02:00,CME_MINI:NQ1!,29289.0,29298.0,29288.0,29294.75,212.0,2026-09
2026-09-16 03:03:00,CME_MINI:NQ1!,29294.5,29302.5,29294.5,29302.25,109.0,2026-09
2026-09-16 03:04:00,CME_MINI:NQ1!,29301.75,29305.0,29298.75,29300.0,129.0,2026-09
2026-09-16 03:05:00,CME_MINI:NQ1!,29300.0,29302.75,29298.0,29301.75,67.0,2026-09
2026-09-16 03:06:00,CME_MINI:NQ1!,29302.25,29305.75,29301.0,29304.5,79.0,2026-09
2026-09-16 03:07:00,CME_MINI:NQ1!,29304.5,29304.75,29297.0,29298.5,116.0,2026-09
2026-09-16 03:08:00,CME_MINI:NQ1!,29298.25,29301.75,29297.25,29301.0,51.0,2026-09
2026-09-16 03:09:00,CME_MINI:NQ1!,29299.25,29299.25,29292.0,29295.0,93.0,2026-09
2026-09-16 03:10:00,CME_MINI:NQ1!,29295.75,29299.75,29295.75,29297.75,131.0,2026-09
2026-09-16 03:11:00,CME_MINI:NQ1!,29297.0,29298.0,29293.5,29294.5,93.0,2026-09
2026-09-16 03:12:00,CME_MINI:NQ1!,29295.25,29303.25,29295.25,29301.25,133.0,2026-09
2026-09-16 03:13:00,CME_MINI:NQ1!,29302.25,29308.0,29298.75,29307.0,100.0,2026-09
2026-09-16 03:14:00,CME_MINI:NQ1!,29306.75,29321.25,29306.25,29320.0,330.0,2026-09
2026-09-16 03:15:00,CME_MINI:NQ1!,29320.25,29323.75,29317.5,29323.75,160.0,2026-09
2026-09-16 03:16:00,CME_MINI:NQ1!,29323.25,29329.5,29321.25,29329.0,169.0,2026-09
2026-09-16 03:17:00,CME_MINI:NQ1!,29329.0,29335.75,29326.5,29333.75,229.0,2026-09
2026-09-16 03:18:00,CME_MINI:NQ1!,29334.25,29334.25,29329.25,29331.0,93.0,2026-09
2026-09-16 03:19:00,CME_MINI:NQ1!,29331.25,29333.0,29328.75,29332.5,65.0,2026-09
2026-09-16 03:20:00,CME_MINI:NQ1!,29332.75,29335.0,29327.75,29332.0,89.0,2026-09
2026-09-16 03:21:00,CME_MINI:NQ1!,29333.75,29358.5,29332.5,29354.0,648.0,2026-09
2026-09-16 03:22:00,CME_MINI:NQ1!,29354.5,29356.0,29344.75,29346.0,251.0,2026-09
2026-09-16 03:23:00,CME_MINI:NQ1!,29346.0,29352.75,29345.75,29349.25,93.0,2026-09
2026-09-16 03:24:00,CME_MINI:NQ1!,29348.75,29349.5,29340.75,29342.75,115.0,2026-09
2026-09-16 03:25:00,CME_MINI:NQ1!,29344.0,29346.0,29343.25,29344.25,73.0,2026-09
2026-09-16 03:26:00,CME_MINI:NQ1!,29345.0,29347.25,29344.0,29346.75,65.0,2026-09
2026-09-16 03:27:00,CME_MINI:NQ1!,29346.25,29346.25,29329.0,29331.0,186.0,2026-09
2026-09-16 03:28:00,CME_MINI:NQ1!,29331.25,29333.0,29325.75,29326.5,119.0,2026-09
2026-09-16 03:29:00,CME_MINI:NQ1!,29326.25,29328.5,29320.0,29320.5,138.0,2026-09
2026-09-16 03:30:00,CME_MINI:NQ1!,29320.0,29324.5,29315.0,29316.0,149.0,2026-09
2026-09-16 03:31:00,CME_MINI:NQ1!,29316.0,29324.0,29315.75,29315.75,117.0,2026-09
2026-09-16 03:32:00,CME_MINI:NQ1!,29315.5,29317.5,29310.0,29312.75,118.0,2026-09
2026-09-16 03:33:00,CME_MINI:NQ1!,29312.0,29314.5,29310.0,29313.5,67.0,2026-09
2026-09-16 03:34:00,CME_MINI:NQ1!,29312.75,29313.25,29307.25,29308.0,45.0,2026-09
2026-09-16 03:35:00,CME_MINI:NQ1!,29309.0,29309.75,29304.5,29307.75,114.0,2026-09
2026-09-16 03:36:00,CME_MINI:NQ1!,29306.25,29308.25,29302.0,29302.5,79.0,2026-09
2026-09-16 03:37:00,CME_MINI:NQ1!,29303.0,29307.0,29299.75,29301.5,183.0,2026-09
2026-09-16 03:38:00,CME_MINI:NQ1!,29302.25,29309.75,29300.5,29309.25,122.0,2026-09
2026-09-16 03:39:00,CME_MINI:NQ1!,29308.75,29312.5,29307.25,29311.25,142.0,2026-09
2026-09-16 03:40:00,CME_MINI:NQ1!,29311.25,29316.0,29310.0,29314.0,107.0,2026-09
2026-09-16 03:41:00,CME_MINI:NQ1!,29313.75,29314.75,29309.75,29311.25,68.0,2026-09
2026-09-16 03:42:00,CME_MINI:NQ1!,29311.0,29312.0,29308.5,29309.5,61.0,2026-09
2026-09-16 03:43:00,CME_MINI:NQ1!,29310.5,29319.0,29310.5,29317.5,74.0,2026-09
2026-09-16 03:44:00,CME_MINI:NQ1!,29317.25,29324.0,29315.75,29321.75,289.0,2026-09
2026-09-16 03:45:00,CME_MINI:NQ1!,29321.75,29330.75,29321.75,29328.25,176.0,2026-09
2026-09-16 03:46:00,CME_MINI:NQ1!,29327.5,29332.25,29325.5,29331.75,87.0,2026-09
2026-09-16 03:47:00,CME_MINI:NQ1!,29331.75,29336.75,29327.75,29334.0,120.0,2026-09
2026-09-16 03:48:00,CME_MINI:NQ1!,29334.25,29338.75,29330.0,29331.75,217.0,2026-09
2026-09-16 03:49:00,CME_MINI:NQ1!,29331.0,29332.75,29327.0,29328.75,147.0,2026-09
2026-09-16 03:50:00,CME_MINI:NQ1!,29328.25,29331.25,29326.5,29328.5,39.0,2026-09
2026-09-16 03:51:00,CME_MINI:NQ1!,29328.25,29329.25,29326.75,29329.0,34.0,2026-09
2026-09-16 03:52:00,CME_MINI:NQ1!,29329.75,29333.75,29329.75,29333.75,120.0,2026-09
2026-09-16 03:53:00,CME_MINI:NQ1!,29333.0,29335.25,29331.75,29332.25,37.0,2026-09
2026-09-16 03:54:00,CME_MINI:NQ1!,29332.0,29332.0,29325.25,29326.75,61.0,2026-09
2026-09-16 03:55:00,CME_MINI:NQ1!,29326.5,29332.25,29324.75,29330.75,52.0,2026-09
2026-09-16 03:56:00,CME_MINI:NQ1!,29328.25,29333.5,29326.5,29333.25,35.0,2026-09
2026-09-16 03:57:00,CME_MINI:NQ1!,29333.0,29336.5,29329.75,29332.25,40.0,2026-09
2026-09-16 03:58:00,CME_MINI:NQ1!,29331.5,29332.75,29330.5,29331.25,18.0,2026-09
2026-09-16 03:59:00,CME_MINI:NQ1!,29331.0,29331.0,29329.75,29329.75,14.0,2026-09
2026-09-16 04:00:00,CME_MINI:NQ1!,29331.0,29336.75,29330.0,29336.75,62.0,2026-09
2026-09-16 04:01:00,CME_MINI:NQ1!,29336.25,29337.0,29334.5,29335.75,42.0,2026-09
2026-09-16 04:02:00,CME_MINI:NQ1!,29335.5,29338.75,29334.5,29338.0,36.0,2026-09
2026-09-16 04:03:00,CME_MINI:NQ1!,29336.0,29338.0,29335.0,29338.0,30.0,2026-09
2026-09-16 04:04:00,CME_MINI:NQ1!,29337.75,29342.25,29337.75,29339.5,71.0,2026-09
2026-09-16 04:05:00,CME_MINI:NQ1!,29339.0,29339.75,29331.0,29332.5,67.0,2026-09
2026-09-16 04:06:00,CME_MINI:NQ1!,29333.0,29336.5,29331.5,29332.75,63.0,2026-09
2026-09-16 04:07:00,CME_MINI:NQ1!,29332.75,29336.0,29328.75,29329.25,147.0,2026-09
2026-09-16 18:55:00,CME_MINI:NQ1!,29296.0,29326.5,29286.75,29294.0,2966.0,2026-09
2026-09-16 18:56:00,CME_MINI:NQ1!,29295.75,29295.75,29257.0,29259.5,3290.0,2026-09
2026-09-16 18:57:00,CME_MINI:NQ1!,29259.0,29260.0,29221.5,29240.25,3178.0,2026-09
2026-09-16 18:58:00,CME_MINI:NQ1!,29240.5,29262.75,29234.25,29256.0,2332.0,2026-09
2026-09-16 18:59:00,CME_MINI:NQ1!,29255.5,29275.5,29225.0,29231.75,2891.0,2026-09
2026-09-16 19:00:00,CME_MINI:NQ1!,29231.0,29287.25,29221.25,29283.25,3667.0,2026-09
2026-09-16 19:01:00,CME_MINI:NQ1!,29282.5,29293.0,29255.25,29258.5,2454.0,2026-09
2026-09-16 19:02:00,CME_MINI:NQ1!,29258.5,29272.75,29246.75,29261.75,2206.0,2026-09
2026-09-16 19:03:00,CME_MINI:NQ1!,29261.0,29296.75,29252.0,29289.25,1924.0,2026-09
2026-09-16 19:04:00,CME_MINI:NQ1!,29289.75,29303.75,29265.75,29273.25,1774.0,2026-09
2026-09-16 19:05:00,CME_MINI:NQ1!,29273.0,29275.75,29229.0,29262.0,2821.0,2026-09
2026-09-16 19:06:00,CME_MINI:NQ1!,29262.0,29277.75,29254.25,29256.75,1829.0,2026-09
2026-09-16 19:07:00,CME_MINI:NQ1!,29257.25,29257.75,29223.5,29241.75,1943.0,2026-09
2026-09-16 19:08:00,CME_MINI:NQ1!,29240.25,29248.75,29199.0,29209.25,3114.0,2026-09
2026-09-16 19:09:00,CME_MINI:NQ1!,29209.75,29213.5,29187.0,29204.75,2092.0,2026-09
2026-09-16 19:10:00,CME_MINI:NQ1!,29203.75,29213.0,29168.5,29169.25,2611.0,2026-09
2026-09-16 19:11:00,CME_MINI:NQ1!,29169.75,29177.0,29139.25,29147.0,2676.0,2026-09
2026-09-16 19:12:00,CME_MINI:NQ1!,29147.0,29157.0,29130.75,29139.0,2146.0,2026-09
2026-09-16 19:13:00,CME_MINI:NQ1!,29138.75,29148.25,29114.5,29120.75,2283.0,2026-09
2026-09-16 19:14:00,CME_MINI:NQ1!,29120.5,29152.75,29108.0,29130.0,3292.0,2026-09
2026-09-16 19:15:00,CME_MINI:NQ1!,29129.75,29164.25,29127.25,29134.75,2064.0,2026-09
2026-09-16 19:16:00,CME_MINI:NQ1!,29135.75,29135.75,29108.0,29132.25,2137.0,2026-09
2026-09-16 19:17:00,CME_MINI:NQ1!,29132.0,29141.25,29118.75,29123.75,2110.0,2026-09
2026-09-16 19:18:00,CME_MINI:NQ1!,29123.0,29135.25,29114.25,29115.5,1625.0,2026-09
2026-09-16 19:19:00,CME_MINI:NQ1!,29116.0,29122.5,29084.0,29109.75,2467.0,2026-09
2026-09-16 19:20:00,CME_MINI:NQ1!,29109.75,29131.5,29095.75,29096.5,2125.0,2026-09
2026-09-16 19:21:00,CME_MINI:NQ1!,29097.25,29105.5,29088.75,29103.25,1634.0,2026-09
2026-09-16 19:22:00,CME_MINI:NQ1!,29104.25,29119.0,29083.25,29087.75,2027.0,2026-09
2026-09-16 19:23:00,CME_MINI:NQ1!,29088.25,29111.0,29085.5,29095.25,2459.0,2026-09
2026-09-16 19:24:00,CME_MINI:NQ1!,29096.25,29115.0,29088.75,29111.25,1678.0,2026-09
2026-09-16 19:25:00,CME_MINI:NQ1!,29113.25,29125.0,29065.5,29066.0,2491.0,2026-09
2026-09-16 19:26:00,CME_MINI:NQ1!,29065.0,29071.5,29055.75,29063.5,1753.0,2026-09
2026-09-16 19:27:00,CME_MINI:NQ1!,29064.0,29091.0,29053.0,29086.75,1763.0,2026-09
2026-09-16 19:28:00,CME_MINI:NQ1!,29085.5,29099.75,29067.5,29075.75,1544.0,2026-09
2026-09-16 19:29:00,CME_MINI:NQ1!,29076.75,29136.75,29076.5,29132.0,2039.0,2026-09
2026-09-16 19:30:00,CME_MINI:NQ1!,29132.0,29146.25,29122.5,29143.25,2381.0,2026-09
2026-09-16 19:31:00,CME_MINI:NQ1!,29142.75,29157.5,29138.25,29147.75,2389.0,2026-09
2026-09-16 19:32:00,CME_MINI:NQ1!,29148.5,29179.0,29143.5,29168.25,2057.0,2026-09
2026-09-16 19:33:00,CME_MINI:NQ1!,29167.75,29180.25,29149.25,29172.0,1969.0,2026-09
2026-09-16 19:34:00,CME_MINI:NQ1!,29172.75,29196.75,29166.0,29195.25,1413.0,2026-09
2026-09-16 19:35:00,CME_MINI:NQ1!,29195.25,29199.75,29172.75,29185.5,1694.0,2026-09
2026-09-16 19:36:00,CME_MINI:NQ1!,29185.0,29187.25,29143.0,29149.5,1893.0,2026-09
2026-09-16 19:37:00,CME_MINI:NQ1!,29150.0,29180.0,29142.25,29180.0,1485.0,2026-09
2026-09-16 19:38:00,CME_MINI:NQ1!,29180.0,29184.0,29164.25,29169.0,1178.0,2026-09
2026-09-16 19:39:00,CME_MINI:NQ1!,29168.75,29196.75,29168.0,29190.0,1081.0,2026-09
2026-09-16 19:40:00,CME_MINI:NQ1!,29190.25,29193.0,29178.25,29182.75,1374.0,2026-09
2026-09-16 19:41:00,CME_MINI:NQ1!,29183.0,29208.75,29163.25,29163.25,1763.0,2026-09
2026-09-16 19:42:00,CME_MINI:NQ1!,29162.75,29174.75,29151.0,29167.25,1260.0,2026-09
2026-09-16 19:43:00,CME_MINI:NQ1!,29168.0,29184.5,29165.5,29179.5,1120.0,2026-09
2026-09-16 19:44:00,CME_MINI:NQ1!,29178.25,29189.75,29167.75,29174.0,881.0,2026-09
2026-09-16 19:45:00,CME_MINI:NQ1!,29174.25,29214.75,29173.25,29214.5,1528.0,2026-09
2026-09-16 19:46:00,CME_MINI:NQ1!,29214.0,29225.75,29205.75,29211.25,1901.0,2026-09
2026-09-16 19:47:00,CME_MINI:NQ1!,29211.25,29226.75,29206.75,29224.5,1060.0,2026-09
2026-09-16 19:48:00,CME_MINI:NQ1!,29225.25,29236.5,29216.75,29230.25,1391.0,2026-09
2026-09-16 19:49:00,CME_MINI:NQ1!,29229.75,29235.25,29221.0,29224.75,1213.0,2026-09
2026-09-16 19:50:00,CME_MINI:NQ1!,29224.5,29248.5,29218.25,29243.5,2232.0,2026-09
2026-09-16 19:51:00,CME_MINI:NQ1!,29243.25,29254.25,29225.25,29225.25,1511.0,2026-09
2026-09-16 19:52:00,CME_MINI:NQ1!,29226.0,29237.25,29217.25,29236.75,1627.0,2026-09
2026-09-16 19:53:00,CME_MINI:NQ1!,29236.5,29240.25,29220.75,29226.75,1074.0,2026-09
2026-09-16 19:54:00,CME_MINI:NQ1!,29227.25,29248.5,29217.0,29240.0,2277.0,2026-09
2026-09-16 19:55:00,CME_MINI:NQ1!,29241.0,29241.5,29217.75,29237.25,2432.0,2026-09
2026-09-16 19:56:00,CME_MINI:NQ1!,29237.75,29246.75,29229.0,29246.75,1208.0,2026-09
2026-09-16 19:57:00,CME_MINI:NQ1!,29246.25,29249.75,29229.0,29235.5,1370.0,2026-09
2026-09-16 19:58:00,CME_MINI:NQ1!,29235.75,29238.0,29227.25,29237.5,1266.0,2026-09
2026-09-16 19:59:00,CME_MINI:NQ1!,29237.75,29268.75,29229.5,29254.0,7794.0,2026-09
2026-09-16 20:00:00,CME_MINI:NQ1!,29254.25,29270.0,29248.0,29260.75,2665.0,2026-09
2026-09-16 20:01:00,CME_MINI:NQ1!,29260.75,29265.0,29252.75,29259.0,1111.0,2026-09
2026-09-16 20:02:00,CME_MINI:NQ1!,29259.5,29276.75,29259.0,29271.25,1205.0,2026-09
2026-09-16 20:03:00,CME_MINI:NQ1!,29272.0,29283.25,29271.0,29278.0,778.0,2026-09
2026-09-16 20:04:00,CME_MINI:NQ1!,29277.5,29277.5,29261.0,29269.0,564.0,2026-09
2026-09-16 20:05:00,CME_MINI:NQ1!,29269.0,29273.75,29266.5,29271.25,409.0,2026-09
2026-09-16 20:06:00,CME_MINI:NQ1!,29271.0,29279.75,29269.75,29273.5,735.0,2026-09
2026-09-16 20:07:00,CME_MINI:NQ1!,29272.75,29275.0,29259.5,29262.75,491.0,2026-09
2026-09-16 20:08:00,CME_MINI:NQ1!,29263.75,29268.5,29260.5,29261.75,239.0,2026-09
2026-09-16 20:09:00,CME_MINI:NQ1!,29262.25,29269.75,29257.75,29268.75,378.0,2026-09
2026-09-16 20:10:00,CME_MINI:NQ1!,29267.25,29270.25,29263.75,29263.75,230.0,2026-09
2026-09-16 20:11:00,CME_MINI:NQ1!,29264.25,29264.5,29259.0,29261.75,236.0,2026-09
2026-09-16 20:12:00,CME_MINI:NQ1!,29261.75,29265.0,29259.75,29264.75,173.0,2026-09
2026-09-16 20:13:00,CME_MINI:NQ1!,29264.25,29266.25,29260.0,29262.0,192.0,2026-09
2026-09-16 20:14:00,CME_MINI:NQ1!,29262.5,29269.0,29261.0,29265.75,175.0,2026-09
2026-09-16 20:15:00,CME_MINI:NQ1!,29265.5,29266.5,29260.0,29266.0,157.0,2026-09
2026-09-16 20:16:00,CME_MINI:NQ1!,29267.0,29267.5,29257.0,29260.75,186.0,2026-09
2026-09-16 20:17:00,CME_MINI:NQ1!,29261.0,29270.25,29260.25,29269.75,192.0,2026-09
2026-09-16 20:18:00,CME_MINI:NQ1!,29270.25,29270.25,29260.5,29265.5,190.0,2026-09
2026-09-16 20:19:00,CME_MINI:NQ1!,29264.5,29264.75,29260.5,29261.0,130.0,2026-09
2026-09-16 20:20:00,CME_MINI:NQ1!,29261.75,29266.0,29259.0,29263.25,165.0,2026-09
2026-09-16 20:21:00,CME_MINI:NQ1!,29263.75,29265.25,29261.25,29262.25,70.0,2026-09
2026-09-16 20:22:00,CME_MINI:NQ1!,29262.75,29263.0,29258.5,29260.75,86.0,2026-09
2026-09-16 20:23:00,CME_MINI:NQ1!,29260.5,29260.5,29252.25,29253.75,237.0,2026-09
2026-09-16 20:24:00,CME_MINI:NQ1!,29253.75,29255.0,29248.75,29249.75,201.0,2026-09
2026-09-16 20:25:00,CME_MINI:NQ1!,29250.0,29250.25,29241.25,29244.5,303.0,2026-09
2026-09-16 20:26:00,CME_MINI:NQ1!,29243.75,29243.75,29231.0,29235.25,289.0,2026-09
2026-09-16 20:27:00,CME_MINI:NQ1!,29234.75,29235.5,29232.0,29232.5,155.0,2026-09
2026-09-16 20:28:00,CME_MINI:NQ1!,29232.75,29241.0,29232.75,29237.0,153.0,2026-09
2026-09-16 20:29:00,CME_MINI:NQ1!,29237.0,29246.5,29236.5,29244.5,184.0,2026-09
2026-09-16 20:30:00,CME_MINI:NQ1!,29243.75,29249.0,29238.0,29247.75,99.0,2026-09
2026-09-16 20:31:00,CME_MINI:NQ1!,29247.75,29249.0,29242.0,29246.75,85.0,2026-09
2026-09-16 20:32:00,CME_MINI:NQ1!,29247.25,29248.75,29243.25,29243.25,47.0,2026-09
2026-09-16 20:33:00,CME_MINI:NQ1!,29245.0,29246.25,29240.5,29246.0,90.0,2026-09
2026-09-16 20:34:00,CME_MINI:NQ1!,29246.25,29255.0,29246.25,29254.5,144.0,2026-09
2026-09-16 20:35:00,CME_MINI:NQ1!,29251.5,29254.25,29250.5,29251.0,34.0,2026-09
2026-09-16 20:36:00,CME_MINI:NQ1!,29251.0,29254.75,29245.0,29245.25,49.0,2026-09
2026-09-16 20:37:00,CME_MINI:NQ1!,29245.25,29251.5,29242.75,29251.0,34.0,2026-09
2026-09-16 20:38:00,CME_MINI:NQ1!,29252.0,29253.5,29249.25,29249.75,58.0,2026-09
2026-09-16 20:39:00,CME_MINI:NQ1!,29249.5,29261.75,29248.75,29260.25,93.0,2026-09
2026-09-16 20:40:00,CME_MINI:NQ1!,29260.75,29264.75,29259.75,29261.5,153.0,2026-09
2026-09-16 20:41:00,CME_MINI:NQ1!,29263.0,29267.5,29262.5,29262.5,114.0,2026-09
2026-09-16 20:42:00,CME_MINI:NQ1!,29262.0,29262.0,29256.75,29258.0,91.0,2026-09
2026-09-16 20:43:00,CME_MINI:NQ1!,29257.75,29259.25,29252.0,29256.75,110.0,2026-09
2026-09-16 20:44:00,CME_MINI:NQ1!,29257.25,29263.25,29256.0,29259.75,73.0,2026-09
2026-09-16 20:45:00,CME_MINI:NQ1!,29260.25,29263.0,29257.5,29258.25,65.0,2026-09
2026-09-16 20:46:00,CME_MINI:NQ1!,29258.25,29263.25,29256.75,29262.25,62.0,2026-09
2026-09-16 20:47:00,CME_MINI:NQ1!,29262.75,29264.5,29262.0,29264.5,27.0,2026-09
2026-09-16 20:48:00,CME_MINI:NQ1!,29265.0,29265.25,29262.5,29264.5,39.0,2026-09
2026-09-16 20:49:00,CME_MINI:NQ1!,29265.0,29268.5,29263.75,29268.0,60.0,2026-09
2026-09-16 20:50:00,CME_MINI:NQ1!,29268.0,29272.75,29267.5,29271.5,87.0,2026-09
2026-09-16 20:51:00,CME_MINI:NQ1!,29271.25,29271.25,29266.25,29267.0,67.0,2026-09
2026-09-16 20:52:00,CME_MINI:NQ1!,29266.0,29267.5,29262.5,29263.25,51.0,2026-09
2026-09-16 20:53:00,CME_MINI:NQ1!,29262.75,29265.75,29261.75,29265.75,45.0,2026-09
2026-09-16 20:54:00,CME_MINI:NQ1!,29266.0,29267.0,29264.25,29266.0,48.0,2026-09
2026-09-16 20:55:00,CME_MINI:NQ1!,29266.75,29269.25,29262.25,29265.75,66.0,2026-09
2026-09-16 20:56:00,CME_MINI:NQ1!,29265.25,29266.0,29252.0,29264.75,166.0,2026-09
2026-09-16 20:57:00,CME_MINI:NQ1!,29263.75,29269.75,29260.75,29263.75,154.0,2026-09
2026-09-16 20:58:00,CME_MINI:NQ1!,29264.0,29267.5,29263.0,29266.75,50.0,2026-09
2026-09-16 20:59:00,CME_MINI:NQ1!,29267.75,29268.5,29263.25,29263.75,143.0,2026-09
2026-09-16 22:00:00,CME_MINI:NQ1!,29271.0,29288.5,29268.0,29270.0,318.0,2026-09
2026-09-16 22:01:00,CME_MINI:NQ1!,29270.5,29279.5,29264.0,29265.75,168.0,2026-09
2026-09-16 22:02:00,CME_MINI:NQ1!,29265.75,29265.75,29257.5,29260.75,93.0,2026-09
2026-09-16 22:03:00,CME_MINI:NQ1!,29257.5,29262.25,29251.75,29257.0,77.0,2026-09
2026-09-16 22:04:00,CME_MINI:NQ1!,29257.0,29258.0,29247.75,29251.25,93.0,2026-09
2026-09-16 22:05:00,CME_MINI:NQ1!,29253.25,29280.75,29253.25,29280.25,243.0,2026-09
2026-09-16 22:06:00,CME_MINI:NQ1!,29280.25,29283.75,29272.75,29280.0,178.0,2026-09
2026-09-16 22:07:00,CME_MINI:NQ1!,29277.25,29280.25,29274.5,29280.0,66.0,2026-09
2026-09-16 22:08:00,CME_MINI:NQ1!,29276.25,29288.0,29274.5,29283.0,133.0,2026-09
2026-09-16 22:09:00,CME_MINI:NQ1!,29283.25,29287.75,29277.0,29282.75,88.0,2026-09
2026-09-16 22:10:00,CME_MINI:NQ1!,29282.0,29283.5,29279.5,29281.25,52.0,2026-09
2026-09-16 22:11:00,CME_MINI:NQ1!,29279.5,29281.25,29276.25,29278.0,72.0,2026-09
2026-09-16 22:12:00,CME_MINI:NQ1!,29276.75,29283.25,29276.75,29282.5,70.0,2026-09
2026-09-16 22:13:00,CME_MINI:NQ1!,29282.25,29286.25,29280.5,29282.0,89.0,2026-09
2026-09-16 22:14:00,CME_MINI:NQ1!,29283.0,29284.25,29281.25,29281.25,28.0,2026-09
2026-09-16 22:15:00,CME_MINI:NQ1!,29284.75,29285.75,29281.0,29281.5,32.0,2026-09
2026-09-16 22:16:00,CME_MINI:NQ1!,29281.25,29283.25,29280.0,29283.25,38.0,2026-09
2026-09-16 22:17:00,CME_MINI:NQ1!,29282.5,29286.0,29280.5,29286.0,50.0,2026-09
2026-09-16 22:18:00,CME_MINI:NQ1!,29286.75,29288.0,29285.25,29286.75,37.0,2026-09
2026-09-16 22:19:00,CME_MINI:NQ1!,29287.0,29287.25,29284.5,29287.0,31.0,2026-09
2026-09-16 22:20:00,CME_MINI:NQ1!,29286.5,29298.0,29286.5,29296.5,159.0,2026-09
2026-09-16 22:21:00,CME_MINI:NQ1!,29296.25,29300.0,29292.5,29300.0,113.0,2026-09
2026-09-16 22:22:00,CME_MINI:NQ1!,29300.0,29300.0,29296.5,29296.5,77.0,2026-09
2026-09-16 22:23:00,CME_MINI:NQ1!,29295.75,29297.0,29290.5,29296.0,78.0,2026-09
2026-09-16 22:24:00,CME_MINI:NQ1!,29296.25,29300.0,29295.5,29296.75,52.0,2026-09
2026-09-16 22:25:00,CME_MINI:NQ1!,29297.5,29323.0,29297.0,29320.75,347.0,2026-09
2026-09-16 22:26:00,CME_MINI:NQ1!,29320.75,29329.5,29320.25,29322.75,190.0,2026-09
2026-09-16 22:27:00,CME_MINI:NQ1!,29322.0,29323.75,29318.5,29320.75,74.0,2026-09
2026-09-16 22:28:00,CME_MINI:NQ1!,29320.25,29321.5,29317.0,29321.0,47.0,2026-09
2026-09-16 22:29:00,CME_MINI:NQ1!,29321.0,29323.25,29319.0,29322.5,65.0,2026-09
2026-09-16 22:30:00,CME_MINI:NQ1!,29323.75,29335.5,29321.25,29335.25,140.0,2026-09
2026-09-16 22:31:00,CME_MINI:NQ1!,29333.75,29333.75,29326.75,29327.75,79.0,2026-09
2026-09-16 22:32:00,CME_MINI:NQ1!,29329.0,29331.5,29325.5,29331.25,106.0,2026-09
2026-09-16 22:33:00,CME_MINI:NQ1!,29331.0,29337.25,29330.25,29333.0,93.0,2026-09
2026-09-16 22:34:00,CME_MINI:NQ1!,29333.75,29334.75,29331.25,29333.5,44.0,2026-09
2026-09-16 22:35:00,CME_MINI:NQ1!,29332.75,29336.0,29332.75,29333.25,44.0,2026-09
2026-09-16 22:36:00,CME_MINI:NQ1!,29333.25,29340.0,29333.25,29338.0,66.0,2026-09
2026-09-16 22:37:00,CME_MINI:NQ1!,29339.25,29344.25,29335.75,29342.0,116.0,2026-09
2026-09-16 22:38:00,CME_MINI:NQ1!,29341.25,29348.25,29341.0,29344.25,93.0,2026-09
2026-09-16 22:39:00,CME_MINI:NQ1!,29345.5,29352.75,29344.0,29349.75,184.0,2026-09
2026-09-16 22:40:00,CME_MINI:NQ1!,29350.0,29357.75,29349.75,29352.0,203.0,2026-09
2026-09-16 22:41:00,CME_MINI:NQ1!,29351.75,29369.25,29351.75,29364.25,300.0,2026-09
2026-09-16 22:42:00,CME_MINI:NQ1!,29364.5,29368.5,29353.0,29354.75,243.0,2026-09
2026-09-16 22:43:00,CME_MINI:NQ1!,29354.75,29362.25,29353.25,29361.75,72.0,2026-09
2026-09-16 22:44:00,CME_MINI:NQ1!,29360.75,29361.0,29356.25,29357.25,66.0,2026-09
2026-09-16 22:45:00,CME_MINI:NQ1!,29357.0,29360.5,29353.5,29357.0,175.0,2026-09
2026-09-16 22:46:00,CME_MINI:NQ1!,29357.75,29362.5,29357.75,29358.0,78.0,2026-09
2026-09-16 22:47:00,CME_MINI:NQ1!,29357.75,29361.0,29357.5,29357.5,59.0,2026-09
2026-09-16 22:48:00,CME_MINI:NQ1!,29359.0,29359.0,29352.25,29353.5,73.0,2026-09
2026-09-16 22:49:00,CME_MINI:NQ1!,29353.75,29353.75,29342.75,29346.75,255.0,2026-09
2026-09-16 22:50:00,CME_MINI:NQ1!,29346.5,29352.0,29346.0,29351.0,148.0,2026-09
2026-09-16 22:51:00,CME_MINI:NQ1!,29350.5,29351.25,29346.75,29347.75,45.0,2026-09
2026-09-16 22:52:00,CME_MINI:NQ1!,29347.0,29350.0,29345.25,29347.0,48.0,2026-09
2026-09-16 22:53:00,CME_MINI:NQ1!,29346.25,29346.5,29344.25,29344.75,46.0,2026-09
2026-09-16 22:54:00,CME_MINI:NQ1!,29345.5,29347.75,29343.5,29345.25,92.0,2026-09
2026-09-16 22:55:00,CME_MINI:NQ1!,29346.5,29346.5,29342.75,29343.75,40.0,2026-09
2026-09-16 22:56:00,CME_MINI:NQ1!,29345.0,29345.75,29342.75,29344.0,30.0,2026-09
2026-09-16 22:57:00,CME_MINI:NQ1!,29344.5,29347.25,29342.0,29344.75,76.0,2026-09
2026-09-16 22:58:00,CME_MINI:NQ1!,29344.5,29353.25,29344.0,29350.5,89.0,2026-09
2026-09-16 22:59:00,CME_MINI:NQ1!,29349.75,29353.0,29349.5,29350.0,67.0,2026-09
2026-09-16 23:00:00,CME_MINI:NQ1!,29350.75,29358.0,29349.25,29352.5,167.0,2026-09
2026-09-16 23:01:00,CME_MINI:NQ1!,29353.25,29364.5,29352.5,29363.0,162.0,2026-09
2026-09-16 23:02:00,CME_MINI:NQ1!,29362.25,29362.25,29350.5,29353.5,97.0,2026-09
2026-09-16 23:03:00,CME_MINI:NQ1!,29352.25,29355.75,29352.25,29353.25,36.0,2026-09
2026-09-16 23:04:00,CME_MINI:NQ1!,29355.5,29357.0,29354.0,29356.0,27.0,2026-09
2026-09-16 23:05:00,CME_MINI:NQ1!,29354.75,29358.5,29354.75,29356.0,39.0,2026-09
2026-09-16 23:06:00,CME_MINI:NQ1!,29356.5,29360.5,29354.75,29359.75,49.0,2026-09
2026-09-16 23:07:00,CME_MINI:NQ1!,29358.25,29358.5,29352.25,29354.25,52.0,2026-09
2026-09-16 23:08:00,CME_MINI:NQ1!,29355.25,29360.5,29355.25,29360.5,44.0,2026-09
2026-09-16 23:09:00,CME_MINI:NQ1!,29360.0,29374.25,29359.75,29372.5,227.0,2026-09
2026-09-16 23:10:00,CME_MINI:NQ1!,29373.0,29375.0,29370.0,29372.75,99.0,2026-09
2026-09-16 23:11:00,CME_MINI:NQ1!,29372.0,29374.0,29371.0,29372.0,38.0,2026-09
2026-09-16 23:12:00,CME_MINI:NQ1!,29372.25,29373.0,29369.25,29370.0,45.0,2026-09
2026-09-16 23:13:00,CME_MINI:NQ1!,29370.25,29371.75,29369.25,29371.0,41.0,2026-09
2026-09-16 23:14:00,CME_MINI:NQ1!,29370.5,29370.5,29364.25,29368.25,82.0,2026-09
2026-09-16 23:15:00,CME_MINI:NQ1!,29370.0,29375.0,29369.75,29373.25,111.0,2026-09
2026-09-16 23:16:00,CME_MINI:NQ1!,29373.0,29376.25,29372.75,29376.0,60.0,2026-09
2026-09-16 23:17:00,CME_MINI:NQ1!,29376.25,29392.0,29376.25,29389.5,346.0,2026-09
2026-09-16 23:18:00,CME_MINI:NQ1!,29389.5,29392.0,29382.75,29384.75,105.0,2026-09
2026-09-16 23:19:00,CME_MINI:NQ1!,29383.75,29385.0,29381.0,29382.75,96.0,2026-09
2026-09-16 23:20:00,CME_MINI:NQ1!,29382.0,29393.75,29382.0,29389.75,126.0,2026-09
2026-09-16 23:21:00,CME_MINI:NQ1!,29389.5,29393.25,29389.25,29392.25,57.0,2026-09
2026-09-16 23:22:00,CME_MINI:NQ1!,29392.25,29394.0,29390.25,29394.0,60.0,2026-09
2026-09-16 23:23:00,CME_MINI:NQ1!,29393.25,29399.75,29392.5,29397.0,189.0,2026-09
2026-09-16 23:24:00,CME_MINI:NQ1!,29396.5,29397.5,29393.5,29397.25,58.0,2026-09
2026-09-16 23:25:00,CME_MINI:NQ1!,29397.0,29398.25,29394.5,29395.5,56.0,2026-09
2026-09-16 23:26:00,CME_MINI:NQ1!,29396.5,29397.25,29389.0,29397.25,195.0,2026-09
2026-09-16 23:27:00,CME_MINI:NQ1!,29396.5,29413.0,29396.5,29408.75,323.0,2026-09
2026-09-16 23:28:00,CME_MINI:NQ1!,29408.75,29416.75,29408.75,29413.25,242.0,2026-09
2026-09-16 23:29:00,CME_MINI:NQ1!,29413.0,29413.0,29394.75,29395.5,296.0,2026-09
2026-09-16 23:30:00,CME_MINI:NQ1!,29396.0,29404.5,29395.5,29401.75,213.0,2026-09
2026-09-16 23:31:00,CME_MINI:NQ1!,29400.75,29407.75,29399.5,29407.0,99.0,2026-09
2026-09-16 23:32:00,CME_MINI:NQ1!,29406.25,29410.5,29401.0,29410.5,173.0,2026-09
2026-09-16 23:33:00,CME_MINI:NQ1!,29410.75,29411.25,29407.0,29409.0,55.0,2026-09
2026-09-16 23:34:00,CME_MINI:NQ1!,29409.75,29412.5,29408.5,29410.5,40.0,2026-09
2026-09-16 23:35:00,CME_MINI:NQ1!,29411.0,29411.0,29405.5,29407.25,47.0,2026-09
2026-09-16 23:36:00,CME_MINI:NQ1!,29405.25,29407.0,29403.5,29406.25,37.0,2026-09
2026-09-16 23:37:00,CME_MINI:NQ1!,29405.5,29405.5,29402.0,29402.0,71.0,2026-09
2026-09-16 23:38:00,CME_MINI:NQ1!,29402.25,29404.25,29395.5,29398.75,258.0,2026-09
2026-09-16 23:39:00,CME_MINI:NQ1!,29399.25,29404.25,29399.25,29402.25,54.0,2026-09
2026-09-16 23:40:00,CME_MINI:NQ1!,29403.5,29444.25,29401.25,29436.25,1085.0,2026-09
2026-09-16 23:41:00,CME_MINI:NQ1!,29435.75,29435.75,29413.75,29415.25,300.0,2026-09
2026-09-16 23:42:00,CME_MINI:NQ1!,29416.25,29420.25,29415.0,29416.5,84.0,2026-09
2026-09-16 23:43:00,CME_MINI:NQ1!,29418.25,29431.5,29418.25,29427.25,155.0,2026-09
2026-09-16 23:44:00,CME_MINI:NQ1!,29428.5,29437.5,29427.75,29436.5,163.0,2026-09
2026-09-16 23:45:00,CME_MINI:NQ1!,29435.25,29443.0,29433.5,29438.25,234.0,2026-09
2026-09-16 23:46:00,CME_MINI:NQ1!,29440.75,29451.75,29436.75,29450.5,261.0,2026-09
2026-09-16 23:47:00,CME_MINI:NQ1!,29449.25,29457.0,29445.25,29450.75,439.0,2026-09
2026-09-16 23:48:00,CME_MINI:NQ1!,29450.0,29453.75,29447.5,29453.25,260.0,2026-09
2026-09-16 23:49:00,CME_MINI:NQ1!,29454.0,29454.0,29446.0,29449.75,182.0,2026-09
2026-09-16 23:50:00,CME_MINI:NQ1!,29450.5,29450.5,29440.0,29441.75,214.0,2026-09
2026-09-16 23:51:00,CME_MINI:NQ1!,29443.0,29446.75,29441.75,29446.5,78.0,2026-09
2026-09-16 23:52:00,CME_MINI:NQ1!,29446.0,29451.75,29445.25,29447.25,164.0,2026-09
2026-09-16 23:53:00,CME_MINI:NQ1!,29446.5,29447.75,29442.75,29444.5,61.0,2026-09
2026-09-16 23:54:00,CME_MINI:NQ1!,29444.75,29449.0,29439.5,29442.75,122.0,2026-09
2026-09-16 23:55:00,CME_MINI:NQ1!,29443.75,29444.5,29437.5,29439.5,113.0,2026-09
2026-09-16 23:56:00,CME_MINI:NQ1!,29440.5,29449.5,29435.0,29449.25,256.0,2026-09
2026-09-16 23:57:00,CME_MINI:NQ1!,29449.25,29449.25,29444.5,29446.0,72.0,2026-09
2026-09-16 23:58:00,CME_MINI:NQ1!,29446.5,29448.75,29444.5,29447.75,81.0,2026-09
2026-09-16 23:59:00,CME_MINI:NQ1!,29446.5,29452.0,29440.75,29450.5,137.0,2026-09
2026-09-17 00:00:00,CME_MINI:NQ1!,29451.5,29464.75,29444.5,29462.5,444.0,2026-09
2026-09-17 00:01:00,CME_MINI:NQ1!,29461.75,29461.75,29449.25,29451.75,184.0,2026-09
2026-09-17 00:02:00,CME_MINI:NQ1!,29452.25,29452.25,29441.5,29448.5,150.0,2026-09
2026-09-17 00:03:00,CME_MINI:NQ1!,29449.5,29456.75,29446.25,29453.0,217.0,2026-09
2026-09-17 00:04:00,CME_MINI:NQ1!,29453.5,29458.0,29448.0,29451.0,165.0,2026-09
2026-09-17 00:05:00,CME_MINI:NQ1!,29450.25,29455.75,29441.0,29452.25,180.0,2026-09
2026-09-17 00:06:00,CME_MINI:NQ1!,29450.25,29456.25,29447.25,29450.75,163.0,2026-09
2026-09-17 00:07:00,CME_MINI:NQ1!,29452.0,29462.0,29452.0,29456.0,179.0,2026-09
2026-09-17 00:08:00,CME_MINI:NQ1!,29455.0,29459.25,29447.75,29458.5,170.0,2026-09
2026-09-17 00:09:00,CME_MINI:NQ1!,29459.0,29459.0,29450.75,29453.75,91.0,2026-09
2026-09-17 00:10:00,CME_MINI:NQ1!,29454.25,29456.75,29444.25,29448.75,231.0,2026-09
2026-09-17 00:11:00,CME_MINI:NQ1!,29448.25,29456.25,29448.0,29456.25,165.0,2026-09
2026-09-17 00:12:00,CME_MINI:NQ1!,29455.5,29457.75,29435.0,29439.25,261.0,2026-09
2026-09-17 00:13:00,CME_MINI:NQ1!,29439.25,29440.0,29416.0,29418.75,534.0,2026-09
2026-09-17 00:14:00,CME_MINI:NQ1!,29419.0,29421.0,29412.75,29413.75,290.0,2026-09
2026-09-17 00:15:00,CME_MINI:NQ1!,29414.0,29436.5,29409.5,29432.5,512.0,2026-09
2026-09-17 00:16:00,CME_MINI:NQ1!,29432.5,29435.25,29423.75,29425.25,227.0,2026-09
2026-09-17 00:17:00,CME_MINI:NQ1!,29427.5,29440.0,29423.75,29439.25,296.0,2026-09
2026-09-17 00:18:00,CME_MINI:NQ1!,29438.25,29448.75,29437.0,29440.5,191.0,2026-09
2026-09-17 00:19:00,CME_MINI:NQ1!,29440.5,29447.75,29438.0,29442.5,162.0,2026-09
2026-09-17 00:20:00,CME_MINI:NQ1!,29442.0,29447.0,29437.0,29438.5,231.0,2026-09
2026-09-17 00:21:00,CME_MINI:NQ1!,29440.5,29440.75,29431.0,29435.25,89.0,2026-09
2026-09-17 00:22:00,CME_MINI:NQ1!,29434.75,29434.75,29426.5,29429.25,142.0,2026-09
2026-09-17 00:23:00,CME_MINI:NQ1!,29429.75,29433.25,29427.0,29430.0,97.0,2026-09
2026-09-17 00:24:00,CME_MINI:NQ1!,29428.0,29436.75,29428.0,29430.25,46.0,2026-09
2026-09-17 00:25:00,CME_MINI:NQ1!,29432.5,29433.75,29426.75,29433.75,78.0,2026-09
2026-09-17 00:26:00,CME_MINI:NQ1!,29434.75,29443.25,29434.75,29434.75,165.0,2026-09
2026-09-17 00:27:00,CME_MINI:NQ1!,29435.25,29443.5,29431.5,29439.0,135.0,2026-09
2026-09-17 00:28:00,CME_MINI:NQ1!,29438.75,29440.25,29433.75,29436.5,90.0,2026-09
2026-09-17 00:29:00,CME_MINI:NQ1!,29434.75,29439.25,29433.5,29433.75,53.0,2026-09
2026-09-17 00:30:00,CME_MINI:NQ1!,29433.75,29440.0,29432.0,29437.75,97.0,2026-09
2026-09-17 00:31:00,CME_MINI:NQ1!,29436.5,29454.25,29433.75,29450.5,343.0,2026-09
2026-09-17 00:32:00,CME_MINI:NQ1!,29451.0,29463.5,29446.0,29457.25,296.0,2026-09
2026-09-17 00:33:00,CME_MINI:NQ1!,29455.0,29469.5,29453.5,29464.5,343.0,2026-09
2026-09-17 00:34:00,CME_MINI:NQ1!,29465.0,29465.25,29454.75,29457.25,153.0,2026-09
2026-09-17 00:35:00,CME_MINI:NQ1!,29458.25,29467.25,29455.5,29464.5,101.0,2026-09
2026-09-17 00:36:00,CME_MINI:NQ1!,29466.0,29466.5,29459.0,29460.5,76.0,2026-09
2026-09-17 00:37:00,CME_MINI:NQ1!,29458.75,29460.5,29454.0,29459.25,93.0,2026-09
2026-09-17 00:38:00,CME_MINI:NQ1!,29461.25,29465.0,29460.0,29461.0,39.0,2026-09
2026-09-17 00:39:00,CME_MINI:NQ1!,29460.0,29465.5,29459.75,29464.75,82.0,2026-09
2026-09-17 00:40:00,CME_MINI:NQ1!,29463.75,29467.75,29461.25,29463.0,84.0,2026-09
2026-09-17 00:41:00,CME_MINI:NQ1!,29463.0,29465.25,29461.25,29462.5,51.0,2026-09
2026-09-17 00:42:00,CME_MINI:NQ1!,29463.25,29465.25,29459.25,29465.25,81.0,2026-09
2026-09-17 00:43:00,CME_MINI:NQ1!,29463.75,29478.0,29461.75,29476.0,147.0,2026-09
2026-09-17 00:44:00,CME_MINI:NQ1!,29475.25,29475.25,29456.5,29458.5,290.0,2026-09
2026-09-17 00:45:00,CME_MINI:NQ1!,29458.75,29459.0,29446.25,29453.0,271.0,2026-09
2026-09-17 00:46:00,CME_MINI:NQ1!,29451.0,29451.0,29438.25,29446.5,246.0,2026-09
2026-09-17 00:47:00,CME_MINI:NQ1!,29444.5,29452.75,29444.5,29451.0,124.0,2026-09
2026-09-17 00:48:00,CME_MINI:NQ1!,29453.0,29455.0,29447.0,29450.0,99.0,2026-09
2026-09-17 00:49:00,CME_MINI:NQ1!,29448.5,29453.25,29445.0,29449.25,74.0,2026-09
2026-09-17 00:50:00,CME_MINI:NQ1!,29452.0,29453.0,29446.5,29451.0,59.0,2026-09
2026-09-17 00:51:00,CME_MINI:NQ1!,29451.75,29452.5,29447.0,29447.0,55.0,2026-09
2026-09-17 00:52:00,CME_MINI:NQ1!,29448.0,29449.0,29440.5,29441.25,118.0,2026-09
2026-09-17 00:53:00,CME_MINI:NQ1!,29440.5,29440.5,29428.75,29434.0,212.0,2026-09
2026-09-17 00:54:00,CME_MINI:NQ1!,29434.25,29437.25,29429.75,29436.0,105.0,2026-09
2026-09-17 00:55:00,CME_MINI:NQ1!,29436.5,29444.5,29434.0,29442.75,125.0,2026-09
2026-09-17 00:56:00,CME_MINI:NQ1!,29441.75,29458.5,29441.5,29456.75,162.0,2026-09
2026-09-17 00:57:00,CME_MINI:NQ1!,29456.75,29461.25,29451.5,29459.0,148.0,2026-09
2026-09-17 00:58:00,CME_MINI:NQ1!,29457.0,29467.0,29456.75,29460.25,176.0,2026-09
2026-09-17 00:59:00,CME_MINI:NQ1!,29460.0,29462.75,29448.0,29450.25,201.0,2026-09
2026-09-17 01:00:00,CME_MINI:NQ1!,29451.5,29453.25,29439.75,29441.0,182.0,2026-09
2026-09-17 01:01:00,CME_MINI:NQ1!,29442.25,29443.5,29438.5,29440.25,110.0,2026-09
2026-09-17 01:02:00,CME_MINI:NQ1!,29440.75,29442.5,29436.25,29440.25,82.0,2026-09
2026-09-17 01:03:00,CME_MINI:NQ1!,29440.25,29444.25,29437.75,29443.25,76.0,2026-09
2026-09-17 01:04:00,CME_MINI:NQ1!,29444.25,29451.75,29440.75,29451.75,138.0,2026-09
2026-09-17 01:05:00,CME_MINI:NQ1!,29451.25,29463.25,29448.25,29463.0,186.0,2026-09
2026-09-17 01:06:00,CME_MINI:NQ1!,29462.5,29471.25,29459.25,29471.25,166.0,2026-09
2026-09-17 01:07:00,CME_MINI:NQ1!,29471.25,29474.25,29468.5,29470.5,166.0,2026-09
2026-09-17 01:08:00,CME_MINI:NQ1!,29471.0,29471.25,29463.0,29466.25,146.0,2026-09
2026-09-17 01:09:00,CME_MINI:NQ1!,29467.75,29469.0,29451.0,29452.75,213.0,2026-09
2026-09-17 01:10:00,CME_MINI:NQ1!,29452.0,29452.5,29441.25,29445.5,215.0,2026-09
2026-09-17 01:11:00,CME_MINI:NQ1!,29445.5,29448.0,29440.75,29443.0,82.0,2026-09
2026-09-17 01:12:00,CME_MINI:NQ1!,29442.0,29443.75,29438.0,29439.25,130.0,2026-09
2026-09-17 01:13:00,CME_MINI:NQ1!,29437.0,29444.5,29434.0,29441.0,144.0,2026-09
2026-09-17 01:14:00,CME_MINI:NQ1!,29441.75,29453.25,29440.5,29450.5,116.0,2026-09
2026-09-17 01:15:00,CME_MINI:NQ1!,29451.0,29454.25,29442.25,29449.0,222.0,2026-09
2026-09-17 01:16:00,CME_MINI:NQ1!,29449.75,29450.25,29443.5,29446.0,97.0,2026-09
2026-09-17 01:17:00,CME_MINI:NQ1!,29444.0,29447.0,29441.0,29443.25,62.0,2026-09
2026-09-17 01:18:00,CME_MINI:NQ1!,29443.25,29444.25,29439.25,29439.75,53.0,2026-09
2026-09-17 01:19:00,CME_MINI:NQ1!,29440.75,29446.5,29440.5,29443.75,103.0,2026-09
2026-09-17 01:20:00,CME_MINI:NQ1!,29444.25,29450.75,29443.25,29447.5,102.0,2026-09
2026-09-17 01:21:00,CME_MINI:NQ1!,29446.25,29453.0,29446.25,29451.25,107.0,2026-09
2026-09-17 01:22:00,CME_MINI:NQ1!,29448.5,29450.25,29445.75,29450.25,33.0,2026-09
2026-09-17 01:23:00,CME_MINI:NQ1!,29449.0,29454.25,29448.0,29448.25,53.0,2026-09
2026-09-17 01:24:00,CME_MINI:NQ1!,29448.75,29451.75,29446.75,29449.25,74.0,2026-09
2026-09-17 01:25:00,CME_MINI:NQ1!,29450.25,29453.5,29446.0,29450.5,73.0,2026-09
2026-09-17 01:26:00,CME_MINI:NQ1!,29451.0,29451.25,29445.0,29446.75,50.0,2026-09
2026-09-17 01:27:00,CME_MINI:NQ1!,29445.75,29448.0,29443.25,29448.0,31.0,2026-09
2026-09-17 01:28:00,CME_MINI:NQ1!,29447.75,29449.5,29444.25,29449.25,53.0,2026-09
2026-09-17 01:29:00,CME_MINI:NQ1!,29448.75,29450.0,29445.75,29446.5,24.0,2026-09
2026-09-17 01:30:00,CME_MINI:NQ1!,29447.0,29453.5,29447.0,29450.5,50.0,2026-09
2026-09-17 01:31:00,CME_MINI:NQ1!,29450.0,29456.75,29449.75,29455.5,59.0,2026-09
2026-09-17 01:32:00,CME_MINI:NQ1!,29455.5,29466.5,29454.5,29459.0,266.0,2026-09
2026-09-17 01:33:00,CME_MINI:NQ1!,29459.25,29460.25,29455.75,29458.25,100.0,2026-09
2026-09-17 01:34:00,CME_MINI:NQ1!,29457.0,29459.0,29453.25,29456.5,143.0,2026-09
2026-09-17 01:35:00,CME_MINI:NQ1!,29457.75,29464.25,29455.75,29462.0,89.0,2026-09
2026-09-17 01:36:00,CME_MINI:NQ1!,29460.75,29469.25,29460.25,29467.0,210.0,2026-09
2026-09-17 01:37:00,CME_MINI:NQ1!,29467.5,29467.5,29449.0,29450.0,133.0,2026-09
2026-09-17 01:38:00,CME_MINI:NQ1!,29450.5,29455.0,29448.5,29450.25,49.0,2026-09
2026-09-17 01:39:00,CME_MINI:NQ1!,29450.25,29451.75,29440.75,29442.75,96.0,2026-09
2026-09-17 01:40:00,CME_MINI:NQ1!,29441.0,29444.25,29437.5,29440.0,145.0,2026-09
2026-09-17 01:41:00,CME_MINI:NQ1!,29438.25,29441.0,29427.75,29429.25,199.0,2026-09
2026-09-17 01:42:00,CME_MINI:NQ1!,29429.75,29444.0,29429.5,29441.0,198.0,2026-09
2026-09-17 01:43:00,CME_MINI:NQ1!,29439.75,29447.0,29433.0,29440.25,194.0,2026-09
2026-09-17 01:44:00,CME_MINI:NQ1!,29441.5,29445.25,29439.75,29442.25,49.0,2026-09
2026-09-17 01:45:00,CME_MINI:NQ1!,29441.5,29447.0,29440.25,29442.75,49.0,2026-09
2026-09-17 01:46:00,CME_MINI:NQ1!,29442.5,29443.25,29440.25,29442.75,26.0,2026-09
2026-09-17 01:47:00,CME_MINI:NQ1!,29443.0,29443.0,29437.0,29437.5,72.0,2026-09
2026-09-17 01:48:00,CME_MINI:NQ1!,29435.75,29439.5,29435.5,29439.25,36.0,2026-09
2026-09-17 01:49:00,CME_MINI:NQ1!,29440.0,29445.5,29439.5,29441.0,50.0,2026-09
2026-09-17 01:50:00,CME_MINI:NQ1!,29440.25,29440.5,29429.25,29433.0,137.0,2026-09
2026-09-17 01:51:00,CME_MINI:NQ1!,29434.0,29438.0,29428.0,29428.5,137.0,2026-09
2026-09-17 01:52:00,CME_MINI:NQ1!,29429.25,29429.25,29417.25,29418.25,263.0,2026-09
2026-09-17 01:53:00,CME_MINI:NQ1!,29418.75,29423.0,29413.0,29419.0,253.0,2026-09
2026-09-17 01:54:00,CME_MINI:NQ1!,29419.75,29427.25,29418.0,29423.75,77.0,2026-09
2026-09-17 01:55:00,CME_MINI:NQ1!,29423.0,29425.25,29412.25,29412.75,140.0,2026-09
2026-09-17 01:56:00,CME_MINI:NQ1!,29413.0,29414.5,29406.25,29407.5,322.0,2026-09
2026-09-17 01:57:00,CME_MINI:NQ1!,29406.25,29425.0,29406.25,29416.75,275.0,2026-09
2026-09-17 01:58:00,CME_MINI:NQ1!,29418.0,29420.5,29412.25,29418.25,123.0,2026-09
2026-09-17 01:59:00,CME_MINI:NQ1!,29418.75,29420.0,29416.5,29418.5,56.0,2026-09
2026-09-17 02:00:00,CME_MINI:NQ1!,29419.0,29425.25,29417.0,29424.25,100.0,2026-09
2026-09-17 02:01:00,CME_MINI:NQ1!,29423.0,29430.0,29419.5,29422.0,119.0,2026-09
2026-09-17 02:02:00,CME_MINI:NQ1!,29421.25,29424.25,29417.0,29422.75,77.0,2026-09
2026-09-17 02:03:00,CME_MINI:NQ1!,29421.75,29435.25,29421.75,29434.25,123.0,2026-09
2026-09-17 02:04:00,CME_MINI:NQ1!,29434.25,29439.0,29429.25,29439.0,162.0,2026-09
2026-09-17 02:05:00,CME_MINI:NQ1!,29438.5,29438.5,29424.0,29425.0,166.0,2026-09
2026-09-17 02:06:00,CME_MINI:NQ1!,29424.5,29424.5,29414.0,29414.0,335.0,2026-09
2026-09-17 02:07:00,CME_MINI:NQ1!,29414.75,29418.5,29412.0,29416.0,142.0,2026-09
2026-09-17 02:08:00,CME_MINI:NQ1!,29415.75,29419.75,29411.25,29411.5,120.0,2026-09
2026-09-17 02:09:00,CME_MINI:NQ1!,29411.0,29414.75,29410.75,29413.5,63.0,2026-09
2026-09-17 02:10:00,CME_MINI:NQ1!,29412.5,29420.0,29411.0,29416.5,123.0,2026-09
2026-09-17 02:11:00,CME_MINI:NQ1!,29416.5,29416.75,29410.5,29414.75,87.0,2026-09
2026-09-17 02:12:00,CME_MINI:NQ1!,29415.75,29418.25,29406.25,29407.75,117.0,2026-09
2026-09-17 02:13:00,CME_MINI:NQ1!,29408.75,29413.0,29406.25,29411.25,98.0,2026-09
2026-09-17 02:14:00,CME_MINI:NQ1!,29411.75,29413.5,29410.25,29412.0,50.0,2026-09
2026-09-17 02:15:00,CME_MINI:NQ1!,29413.25,29415.5,29409.5,29414.0,81.0,2026-09
2026-09-17 02:16:00,CME_MINI:NQ1!,29414.25,29424.0,29414.0,29419.75,104.0,2026-09
2026-09-17 02:17:00,CME_MINI:NQ1!,29420.25,29420.25,29416.5,29418.5,19.0,2026-09
2026-09-17 02:18:00,CME_MINI:NQ1!,29419.25,29424.5,29412.25,29422.25,105.0,2026-09
2026-09-17 02:19:00,CME_MINI:NQ1!,29422.0,29426.25,29420.25,29421.5,59.0,2026-09
2026-09-17 02:20:00,CME_MINI:NQ1!,29421.5,29427.25,29417.75,29422.75,76.0,2026-09
2026-09-17 02:21:00,CME_MINI:NQ1!,29423.5,29427.0,29420.5,29420.75,32.0,2026-09
2026-09-17 02:22:00,CME_MINI:NQ1!,29420.75,29420.75,29413.75,29417.5,114.0,2026-09
2026-09-17 02:23:00,CME_MINI:NQ1!,29418.5,29424.75,29416.5,29423.25,62.0,2026-09
2026-09-17 02:24:00,CME_MINI:NQ1!,29423.5,29423.5,29416.5,29422.75,31.0,2026-09
2026-09-17 02:25:00,CME_MINI:NQ1!,29420.75,29424.5,29420.25,29424.25,33.0,2026-09
2026-09-17 02:26:00,CME_MINI:NQ1!,29423.25,29428.5,29423.25,29427.5,72.0,2026-09
2026-09-17 02:27:00,CME_MINI:NQ1!,29428.75,29428.75,29419.25,29420.0,84.0,2026-09
2026-09-17 02:28:00,CME_MINI:NQ1!,29420.25,29420.75,29411.75,29412.25,89.0,2026-09
2026-09-17 02:29:00,CME_MINI:NQ1!,29412.25,29419.25,29411.75,29418.25,120.0,2026-09
2026-09-17 02:30:00,CME_MINI:NQ1!,29418.25,29425.25,29416.75,29424.5,87.0,2026-09
2026-09-17 02:31:00,CME_MINI:NQ1!,29426.0,29431.25,29421.75,29429.25,80.0,2026-09
2026-09-17 02:32:00,CME_MINI:NQ1!,29429.5,29435.5,29425.75,29430.0,102.0,2026-09
2026-09-17 02:33:00,CME_MINI:NQ1!,29431.0,29433.0,29427.75,29433.0,47.0,2026-09
2026-09-17 02:34:00,CME_MINI:NQ1!,29430.0,29433.0,29427.0,29428.0,38.0,2026-09
2026-09-17 02:35:00,CME_MINI:NQ1!,29428.0,29435.75,29426.75,29435.75,59.0,2026-09
2026-09-17 02:36:00,CME_MINI:NQ1!,29435.5,29437.25,29434.0,29436.5,73.0,2026-09
2026-09-17 02:37:00,CME_MINI:NQ1!,29435.5,29438.25,29434.25,29437.25,97.0,2026-09
2026-09-17 02:38:00,CME_MINI:NQ1!,29437.25,29451.0,29434.75,29446.0,189.0,2026-09
2026-09-17 02:39:00,CME_MINI:NQ1!,29446.25,29450.0,29443.0,29443.0,114.0,2026-09
2026-09-17 02:40:00,CME_MINI:NQ1!,29443.75,29445.75,29442.25,29445.75,60.0,2026-09
2026-09-17 02:41:00,CME_MINI:NQ1!,29446.0,29448.75,29441.5,29448.25,89.0,2026-09
2026-09-17 02:42:00,CME_MINI:NQ1!,29448.0,29454.0,29448.0,29451.0,92.0,2026-09
2026-09-17 02:43:00,CME_MINI:NQ1!,29452.75,29454.25,29447.75,29447.75,43.0,2026-09
2026-09-17 02:44:00,CME_MINI:NQ1!,29447.5,29450.75,29446.25,29447.75,49.0,2026-09
2026-09-17 02:45:00,CME_MINI:NQ1!,29448.5,29448.75,29441.0,29443.75,114.0,2026-09
2026-09-17 02:46:00,CME_MINI:NQ1!,29444.25,29445.5,29437.75,29441.5,65.0,2026-09
2026-09-17 02:47:00,CME_MINI:NQ1!,29443.25,29448.75,29441.5,29448.25,48.0,2026-09
2026-09-17 02:48:00,CME_MINI:NQ1!,29446.25,29449.25,29442.5,29443.75,67.0,2026-09
2026-09-17 02:49:00,CME_MINI:NQ1!,29443.5,29445.25,29440.25,29444.25,30.0,2026-09
2026-09-17 02:50:00,CME_MINI:NQ1!,29444.0,29449.25,29442.5,29449.25,27.0,2026-09
2026-09-17 02:51:00,CME_MINI:NQ1!,29448.0,29449.25,29446.0,29449.0,23.0,2026-09
2026-09-17 02:52:00,CME_MINI:NQ1!,29448.0,29448.75,29437.75,29439.5,89.0,2026-09
2026-09-17 02:53:00,CME_MINI:NQ1!,29440.0,29441.5,29430.0,29430.0,141.0,2026-09
2026-09-17 02:54:00,CME_MINI:NQ1!,29429.0,29429.0,29422.5,29424.75,214.0,2026-09
2026-09-17 02:55:00,CME_MINI:NQ1!,29423.5,29426.5,29421.5,29424.25,96.0,2026-09
2026-09-17 02:56:00,CME_MINI:NQ1!,29425.5,29431.75,29425.0,29428.5,121.0,2026-09
2026-09-17 02:57:00,CME_MINI:NQ1!,29428.25,29430.0,29426.25,29430.0,32.0,2026-09
2026-09-17 02:58:00,CME_MINI:NQ1!,29430.75,29430.75,29418.0,29418.0,150.0,2026-09
2026-09-17 02:59:00,CME_MINI:NQ1!,29418.25,29425.0,29418.25,29421.75,118.0,2026-09
2026-09-17 03:00:00,CME_MINI:NQ1!,29423.0,29425.0,29419.5,29425.0,45.0,2026-09
2026-09-17 03:01:00,CME_MINI:NQ1!,29425.25,29426.0,29422.0,29424.25,31.0,2026-09
2026-09-17 03:02:00,CME_MINI:NQ1!,29421.5,29422.25,29419.0,29421.75,46.0,2026-09
2026-09-17 03:03:00,CME_MINI:NQ1!,29423.75,29427.75,29423.75,29425.0,38.0,2026-09
2026-09-17 03:04:00,CME_MINI:NQ1!,29426.0,29434.0,29425.75,29433.25,68.0,2026-09
2026-09-17 03:05:00,CME_MINI:NQ1!,29434.0,29437.25,29433.0,29435.25,63.0,2026-09
2026-09-17 03:06:00,CME_MINI:NQ1!,29436.5,29436.5,29434.25,29434.75,39.0,2026-09
2026-09-17 03:07:00,CME_MINI:NQ1!,29435.75,29437.75,29434.75,29435.25,29.0,2026-09
2026-09-17 03:08:00,CME_MINI:NQ1!,29435.25,29444.0,29435.25,29443.0,67.0,2026-09
2026-09-17 03:09:00,CME_MINI:NQ1!,29441.5,29441.75,29438.0,29438.75,32.0,2026-09
2026-09-17 03:10:00,CME_MINI:NQ1!,29440.0,29440.75,29430.5,29432.0,55.0,2026-09
2026-09-17 03:11:00,CME_MINI:NQ1!,29432.0,29435.5,29427.75,29433.75,47.0,2026-09
2026-09-17 03:12:00,CME_MINI:NQ1!,29433.5,29440.0,29432.75,29440.0,51.0,2026-09
2026-09-17 03:13:00,CME_MINI:NQ1!,29437.5,29439.0,29436.5,29438.25,22.0,2026-09
2026-09-17 03:14:00,CME_MINI:NQ1!,29439.75,29443.75,29438.25,29443.25,60.0,2026-09
2026-09-17 03:15:00,CME_MINI:NQ1!,29442.0,29446.75,29440.75,29440.75,61.0,2026-09
2026-09-17 03:16:00,CME_MINI:NQ1!,29441.5,29442.75,29438.0,29440.0,44.0,2026-09
2026-09-17 03:17:00,CME_MINI:NQ1!,29440.25,29440.25,29438.0,29440.0,14.0,2026-09
2026-09-17 03:18:00,CME_MINI:NQ1!,29438.0,29438.0,29431.5,29432.0,73.0,2026-09
2026-09-17 03:19:00,CME_MINI:NQ1!,29432.75,29436.0,29432.75,29435.25,39.0,2026-09
2026-09-17 03:20:00,CME_MINI:NQ1!,29434.0,29434.0,29428.25,29430.0,39.0,2026-09
2026-09-17 03:21:00,CME_MINI:NQ1!,29430.75,29437.75,29430.75,29436.25,41.0,2026-09
2026-09-17 03:22:00,CME_MINI:NQ1!,29437.0,29442.75,29436.0,29438.75,56.0,2026-09
2026-09-17 03:23:00,CME_MINI:NQ1!,29439.0,29441.25,29438.0,29441.25,14.0,2026-09
2026-09-17 03:24:00,CME_MINI:NQ1!,29441.5,29446.5,29441.5,29446.5,19.0,2026-09
2026-09-17 03:25:00,CME_MINI:NQ1!,29446.0,29446.75,29444.25,29445.25,22.0,2026-09
2026-09-17 03:26:00,CME_MINI:NQ1!,29443.75,29446.0,29443.0,29443.0,16.0,2026-09
2026-09-17 03:27:00,CME_MINI:NQ1!,29442.25,29449.0,29442.25,29448.5,50.0,2026-09
2026-09-17 03:28:00,CME_MINI:NQ1!,29446.0,29447.5,29444.5,29445.0,22.0,2026-09
2026-09-17 03:29:00,CME_MINI:NQ1!,29443.5,29446.75,29443.0,29446.5,27.0,2026-09
2026-09-17 03:30:00,CME_MINI:NQ1!,29446.0,29446.0,29440.25,29444.25,50.0,2026-09
2026-09-17 03:31:00,CME_MINI:NQ1!,29443.0,29446.0,29442.0,29443.25,41.0,2026-09
2026-09-17 03:32:00,CME_MINI:NQ1!,29442.75,29443.75,29441.75,29443.25,11.0,2026-09
2026-09-17 03:33:00,CME_MINI:NQ1!,29442.75,29445.25,29440.75,29441.75,30.0,2026-09
2026-09-17 03:34:00,CME_MINI:NQ1!,29441.25,29450.75,29441.25,29446.5,96.0,2026-09
2026-09-17 03:35:00,CME_MINI:NQ1!,29446.75,29448.75,29444.75,29444.75,16.0,2026-09
2026-09-17 03:36:00,CME_MINI:NQ1!,29446.0,29447.25,29443.0,29444.75,19.0,2026-09
2026-09-17 03:37:00,CME_MINI:NQ1!,29445.0,29447.0,29443.25,29447.0,6.0,2026-09
2026-09-17 03:38:00,CME_MINI:NQ1!,29446.75,29449.75,29445.5,29449.75,22.0,2026-09
2026-09-17 03:39:00,CME_MINI:NQ1!,29448.0,29453.75,29447.25,29453.0,61.0,2026-09
2026-09-17 03:40:00,CME_MINI:NQ1!,29452.75,29455.0,29450.5,29454.25,77.0,2026-09
2026-09-17 03:41:00,CME_MINI:NQ1!,29454.25,29462.5,29454.25,29460.5,198.0,2026-09
2026-09-17 03:42:00,CME_MINI:NQ1!,29461.0,29462.25,29458.0,29459.5,49.0,2026-09
2026-09-17 03:43:00,CME_MINI:NQ1!,29459.5,29462.25,29459.5,29460.75,24.0,2026-09
2026-09-17 03:44:00,CME_MINI:NQ1!,29461.5,29461.5,29459.0,29461.0,26.0,2026-09
2026-09-17 03:45:00,CME_MINI:NQ1!,29461.0,29461.0,29455.5,29456.0,59.0,2026-09
2026-09-17 03:46:00,CME_MINI:NQ1!,29455.75,29457.25,29446.75,29446.75,138.0,2026-09
2026-09-17 03:47:00,CME_MINI:NQ1!,29448.0,29448.0,29441.75,29447.0,58.0,2026-09
2026-09-17 03:48:00,CME_MINI:NQ1!,29447.5,29457.25,29447.5,29454.0,81.0,2026-09
2026-09-17 03:49:00,CME_MINI:NQ1!,29455.25,29459.0,29454.0,29458.25,29.0,2026-09
2026-09-17 03:50:00,CME_MINI:NQ1!,29457.75,29457.75,29453.75,29455.75,32.0,2026-09
2026-09-17 03:51:00,CME_MINI:NQ1!,29455.75,29458.5,29451.5,29452.75,61.0,2026-09
2026-09-17 03:52:00,CME_MINI:NQ1!,29452.5,29452.5,29450.0,29452.0,24.0,2026-09
2026-09-17 03:53:00,CME_MINI:NQ1!,29453.25,29454.75,29452.25,29454.5,14.0,2026-09
2026-09-17 03:54:00,CME_MINI:NQ1!,29454.0,29456.75,29453.0,29455.75,30.0,2026-09
2026-09-17 03:55:00,CME_MINI:NQ1!,29455.25,29461.0,29455.25,29457.25,87.0,2026-09
2026-09-17 03:56:00,CME_MINI:NQ1!,29457.0,29464.0,29456.25,29464.0,68.0,2026-09
2026-09-17 03:57:00,CME_MINI:NQ1!,29463.5,29466.5,29462.5,29465.5,76.0,2026-09
2026-09-17 03:58:00,CME_MINI:NQ1!,29465.5,29466.5,29464.0,29465.5,39.0,2026-09
2026-09-17 03:59:00,CME_MINI:NQ1!,29464.5,29464.5,29459.75,29459.75,53.0,2026-09
2026-09-17 04:00:00,CME_MINI:NQ1!,29460.5,29463.75,29460.0,29461.0,63.0,2026-09
2026-09-17 04:01:00,CME_MINI:NQ1!,29460.5,29468.5,29459.25,29467.0,84.0,2026-09
2026-09-17 04:02:00,CME_MINI:NQ1!,29467.0,29469.5,29464.25,29464.25,74.0,2026-09
2026-09-17 04:03:00,CME_MINI:NQ1!,29464.0,29466.5,29462.75,29466.0,77.0,2026-09
2026-09-17 04:04:00,CME_MINI:NQ1!,29465.75,29469.75,29463.5,29466.25,93.0,2026-09
2026-09-17 04:05:00,CME_MINI:NQ1!,29467.0,29467.75,29464.75,29464.75,34.0,2026-09
2026-09-17 04:06:00,CME_MINI:NQ1!,29465.25,29467.5,29462.75,29462.75,25.0,2026-09
2026-09-17 04:07:00,CME_MINI:NQ1!,29462.75,29469.25,29461.75,29467.75,71.0,2026-09
2026-09-17 04:08:00,CME_MINI:NQ1!,29467.0,29468.0,29465.0,29465.75,19.0,2026-09
2026-09-17 04:09:00,CME_MINI:NQ1!,29466.0,29466.0,29462.25,29462.75,21.0,2026-09
2026-09-17 04:10:00,CME_MINI:NQ1!,29462.0,29464.0,29461.25,29462.75,49.0,2026-09
2026-09-17 04:11:00,CME_MINI:NQ1!,29462.5,29462.5,29460.0,29461.25,38.0,2026-09
2026-09-17 04:12:00,CME_MINI:NQ1!,29460.5,29461.25,29453.25,29454.25,88.0,2026-09
2026-09-17 04:13:00,CME_MINI:NQ1!,29454.5,29459.5,29454.0,29457.75,69.0,2026-09
2026-09-17 04:14:00,CME_MINI:NQ1!,29457.75,29458.75,29456.25,29458.75,11.0,2026-09
2026-09-17 18:39:00,CME_MINI:NQ1!,29710.75,29713.0,29708.25,29709.75,455.0,2026-09
2026-09-17 18:40:00,CME_MINI:NQ1!,29709.5,29713.25,29705.0,29713.0,718.0,2026-09
2026-09-17 18:41:00,CME_MINI:NQ1!,29712.75,29716.5,29711.25,29712.0,544.0,2026-09
2026-09-17 18:42:00,CME_MINI:NQ1!,29712.0,29713.75,29708.5,29711.75,730.0,2026-09
2026-09-17 18:43:00,CME_MINI:NQ1!,29711.75,29714.75,29711.25,29712.0,302.0,2026-09
2026-09-17 18:44:00,CME_MINI:NQ1!,29712.0,29718.0,29711.5,29717.0,425.0,2026-09
2026-09-17 18:45:00,CME_MINI:NQ1!,29716.5,29722.0,29715.0,29719.0,551.0,2026-09
2026-09-17 18:46:00,CME_MINI:NQ1!,29718.5,29720.25,29716.5,29718.5,357.0,2026-09
2026-09-17 18:47:00,CME_MINI:NQ1!,29718.0,29719.25,29716.25,29719.0,368.0,2026-09
2026-09-17 18:48:00,CME_MINI:NQ1!,29719.5,29725.75,29718.75,29724.5,511.0,2026-09
2026-09-17 18:49:00,CME_MINI:NQ1!,29724.75,29728.5,29721.0,29721.5,530.0,2026-09
2026-09-17 18:50:00,CME_MINI:NQ1!,29721.0,29724.0,29720.75,29723.5,295.0,2026-09
2026-09-17 18:51:00,CME_MINI:NQ1!,29724.25,29726.0,29722.25,29725.25,395.0,2026-09
2026-09-17 18:52:00,CME_MINI:NQ1!,29725.0,29726.0,29717.75,29718.0,373.0,2026-09
2026-09-17 18:53:00,CME_MINI:NQ1!,29718.0,29720.25,29716.0,29718.75,398.0,2026-09
2026-09-17 18:54:00,CME_MINI:NQ1!,29718.5,29721.25,29716.5,29720.5,259.0,2026-09
2026-09-17 18:55:00,CME_MINI:NQ1!,29720.5,29725.0,29718.0,29718.25,447.0,2026-09
2026-09-17 18:56:00,CME_MINI:NQ1!,29718.25,29719.5,29715.0,29717.75,385.0,2026-09
2026-09-17 18:57:00,CME_MINI:NQ1!,29718.25,29723.25,29717.5,29722.25,518.0,2026-09
2026-09-17 18:58:00,CME_MINI:NQ1!,29722.25,29724.0,29719.25,29721.75,288.0,2026-09
2026-09-17 18:59:00,CME_MINI:NQ1!,29721.75,29723.0,29719.25,29722.0,289.0,2026-09
2026-09-17 19:00:00,CME_MINI:NQ1!,29722.0,29733.5,29720.0,29733.0,874.0,2026-09
2026-09-17 19:01:00,CME_MINI:NQ1!,29732.5,29732.5,29727.75,29729.5,471.0,2026-09
2026-09-17 19:02:00,CME_MINI:NQ1!,29730.0,29730.5,29725.25,29730.0,372.0,2026-09
2026-09-17 19:03:00,CME_MINI:NQ1!,29730.25,29733.0,29728.5,29731.25,374.0,2026-09
2026-09-17 19:04:00,CME_MINI:NQ1!,29731.0,29736.75,29730.75,29735.0,516.0,2026-09
2026-09-17 19:05:00,CME_MINI:NQ1!,29735.25,29746.0,29735.25,29745.25,995.0,2026-09
2026-09-17 19:06:00,CME_MINI:NQ1!,29745.0,29751.0,29741.75,29749.25,910.0,2026-09
2026-09-17 19:07:00,CME_MINI:NQ1!,29749.25,29749.5,29743.5,29747.0,506.0,2026-09
2026-09-17 19:08:00,CME_MINI:NQ1!,29746.75,29747.5,29743.25,29744.0,417.0,2026-09
2026-09-17 19:09:00,CME_MINI:NQ1!,29743.75,29744.25,29735.25,29739.25,755.0,2026-09
2026-09-17 19:10:00,CME_MINI:NQ1!,29739.5,29741.25,29736.5,29739.0,442.0,2026-09
2026-09-17 19:11:00,CME_MINI:NQ1!,29739.0,29740.25,29734.5,29737.75,390.0,2026-09
2026-09-17 19:12:00,CME_MINI:NQ1!,29737.5,29740.0,29735.25,29739.25,445.0,2026-09
2026-09-17 19:13:00,CME_MINI:NQ1!,29739.0,29744.75,29737.75,29744.5,459.0,2026-09
2026-09-17 19:14:00,CME_MINI:NQ1!,29745.0,29746.0,29739.5,29740.0,412.0,2026-09
2026-09-17 19:15:00,CME_MINI:NQ1!,29740.25,29742.5,29739.25,29740.5,361.0,2026-09
2026-09-17 19:16:00,CME_MINI:NQ1!,29740.75,29741.75,29736.75,29739.0,453.0,2026-09
2026-09-17 19:17:00,CME_MINI:NQ1!,29739.0,29741.0,29737.5,29740.5,346.0,2026-09
2026-09-17 19:18:00,CME_MINI:NQ1!,29740.25,29746.0,29739.75,29744.75,330.0,2026-09
2026-09-17 19:19:00,CME_MINI:NQ1!,29744.75,29746.5,29742.5,29743.75,360.0,2026-09
2026-09-17 19:20:00,CME_MINI:NQ1!,29744.0,29746.0,29743.0,29745.0,299.0,2026-09
2026-09-17 19:21:00,CME_MINI:NQ1!,29745.25,29746.25,29742.0,29743.0,453.0,2026-09
2026-09-17 19:22:00,CME_MINI:NQ1!,29743.0,29743.25,29740.0,29740.25,250.0,2026-09
2026-09-17 19:23:00,CME_MINI:NQ1!,29741.0,29741.75,29738.5,29740.5,356.0,2026-09
2026-09-17 19:24:00,CME_MINI:NQ1!,29740.5,29740.75,29734.0,29735.25,482.0,2026-09
2026-09-17 19:25:00,CME_MINI:NQ1!,29735.0,29739.0,29732.5,29738.5,548.0,2026-09
2026-09-17 19:26:00,CME_MINI:NQ1!,29738.5,29738.5,29731.5,29732.25,390.0,2026-09
2026-09-17 19:27:00,CME_MINI:NQ1!,29732.5,29733.5,29728.25,29731.25,565.0,2026-09
2026-09-17 19:28:00,CME_MINI:NQ1!,29731.5,29734.75,29730.5,29733.75,327.0,2026-09
2026-09-17 19:29:00,CME_MINI:NQ1!,29733.5,29734.0,29730.75,29732.0,399.0,2026-09
2026-09-17 19:30:00,CME_MINI:NQ1!,29732.0,29747.0,29730.75,29746.5,939.0,2026-09
2026-09-17 19:31:00,CME_MINI:NQ1!,29746.25,29754.0,29745.0,29752.0,923.0,2026-09
2026-09-17 19:32:00,CME_MINI:NQ1!,29751.5,29753.0,29748.0,29752.0,547.0,2026-09
2026-09-17 19:33:00,CME_MINI:NQ1!,29751.75,29752.5,29749.0,29750.5,484.0,2026-09
2026-09-17 19:34:00,CME_MINI:NQ1!,29750.75,29753.0,29747.5,29752.75,412.0,2026-09
2026-09-17 19:35:00,CME_MINI:NQ1!,29752.25,29757.75,29752.0,29754.5,641.0,2026-09
2026-09-17 19:36:00,CME_MINI:NQ1!,29755.0,29760.5,29754.25,29756.25,699.0,2026-09
2026-09-17 19:37:00,CME_MINI:NQ1!,29756.25,29759.75,29755.75,29758.5,481.0,2026-09
2026-09-17 19:38:00,CME_MINI:NQ1!,29758.25,29760.75,29755.75,29757.75,556.0,2026-09
2026-09-17 19:39:00,CME_MINI:NQ1!,29757.75,29758.5,29755.0,29758.0,370.0,2026-09
2026-09-17 19:40:00,CME_MINI:NQ1!,29758.25,29759.5,29753.75,29754.75,614.0,2026-09
2026-09-17 19:41:00,CME_MINI:NQ1!,29754.5,29757.75,29750.75,29751.75,664.0,2026-09
2026-09-17 19:42:00,CME_MINI:NQ1!,29751.75,29753.25,29746.5,29752.25,702.0,2026-09
2026-09-17 19:43:00,CME_MINI:NQ1!,29752.5,29758.0,29752.5,29757.0,547.0,2026-09
2026-09-17 19:44:00,CME_MINI:NQ1!,29757.25,29770.0,29757.0,29763.25,1135.0,2026-09
2026-09-17 19:45:00,CME_MINI:NQ1!,29763.5,29765.5,29755.75,29759.75,991.0,2026-09
2026-09-17 19:46:00,CME_MINI:NQ1!,29759.5,29761.25,29750.75,29752.0,625.0,2026-09
2026-09-17 19:47:00,CME_MINI:NQ1!,29752.0,29754.25,29749.5,29753.5,607.0,2026-09
2026-09-17 19:48:00,CME_MINI:NQ1!,29753.0,29755.5,29751.0,29754.5,505.0,2026-09
2026-09-17 19:49:00,CME_MINI:NQ1!,29755.0,29757.0,29752.0,29753.5,633.0,2026-09
2026-09-17 19:50:00,CME_MINI:NQ1!,29754.0,29769.0,29753.5,29767.0,1956.0,2026-09
2026-09-17 19:51:00,CME_MINI:NQ1!,29767.25,29783.0,29766.25,29781.0,1630.0,2026-09
2026-09-17 19:52:00,CME_MINI:NQ1!,29781.0,29781.75,29773.75,29780.0,1165.0,2026-09
2026-09-17 19:53:00,CME_MINI:NQ1!,29779.75,29791.5,29777.25,29788.25,1695.0,2026-09
2026-09-17 19:54:00,CME_MINI:NQ1!,29788.5,29793.25,29768.25,29769.25,2403.0,2026-09
2026-09-17 19:55:00,CME_MINI:NQ1!,29769.75,29775.25,29762.0,29769.0,2058.0,2026-09
2026-09-17 19:56:00,CME_MINI:NQ1!,29768.5,29773.5,29767.25,29773.5,1425.0,2026-09
2026-09-17 19:57:00,CME_MINI:NQ1!,29773.0,29775.0,29766.5,29767.5,1520.0,2026-09
2026-09-17 19:58:00,CME_MINI:NQ1!,29767.25,29768.25,29756.0,29758.75,2460.0,2026-09
2026-09-17 19:59:00,CME_MINI:NQ1!,29759.0,29759.5,29731.5,29744.5,11492.0,2026-09
2026-09-17 20:00:00,CME_MINI:NQ1!,29744.5,29748.25,29736.5,29739.5,2844.0,2026-09
2026-09-17 20:01:00,CME_MINI:NQ1!,29739.25,29745.5,29734.25,29741.75,1192.0,2026-09
2026-09-17 20:02:00,CME_MINI:NQ1!,29741.25,29744.0,29738.75,29742.5,714.0,2026-09
2026-09-17 20:03:00,CME_MINI:NQ1!,29742.5,29744.25,29739.5,29739.75,553.0,2026-09
2026-09-17 20:04:00,CME_MINI:NQ1!,29740.0,29741.25,29737.0,29737.25,490.0,2026-09
2026-09-17 20:05:00,CME_MINI:NQ1!,29737.5,29744.5,29737.0,29744.5,566.0,2026-09
2026-09-17 20:06:00,CME_MINI:NQ1!,29744.25,29744.75,29735.5,29739.0,462.0,2026-09
2026-09-17 20:07:00,CME_MINI:NQ1!,29739.25,29744.5,29738.5,29743.5,269.0,2026-09
2026-09-17 20:08:00,CME_MINI:NQ1!,29743.5,29744.75,29740.25,29740.25,245.0,2026-09
2026-09-17 20:09:00,CME_MINI:NQ1!,29740.5,29743.75,29737.0,29743.5,529.0,2026-09
2026-09-17 20:10:00,CME_MINI:NQ1!,29743.25,29744.5,29739.5,29740.75,380.0,2026-09
2026-09-17 20:11:00,CME_MINI:NQ1!,29740.75,29742.5,29738.25,29738.75,313.0,2026-09
2026-09-17 20:12:00,CME_MINI:NQ1!,29739.0,29739.75,29733.5,29733.75,336.0,2026-09
2026-09-17 20:13:00,CME_MINI:NQ1!,29733.75,29735.75,29731.25,29731.5,289.0,2026-09
2026-09-17 20:14:00,CME_MINI:NQ1!,29731.5,29732.25,29723.5,29724.75,699.0,2026-09
2026-09-17 20:15:00,CME_MINI:NQ1!,29724.25,29728.25,29722.5,29724.0,348.0,2026-09
2026-09-17 20:16:00,CME_MINI:NQ1!,29724.25,29726.25,29716.75,29718.25,583.0,2026-09
2026-09-17 20:17:00,CME_MINI:NQ1!,29718.0,29721.75,29716.0,29721.0,230.0,2026-09
2026-09-17 20:18:00,CME_MINI:NQ1!,29721.0,29724.5,29720.0,29721.25,167.0,2026-09
2026-09-17 20:19:00,CME_MINI:NQ1!,29721.0,29723.25,29716.5,29716.75,119.0,2026-09
2026-09-17 20:20:00,CME_MINI:NQ1!,29716.5,29719.5,29715.75,29716.25,168.0,2026-09
2026-09-17 20:21:00,CME_MINI:NQ1!,29715.75,29719.5,29715.0,29717.0,105.0,2026-09
2026-09-17 20:22:00,CME_MINI:NQ1!,29716.5,29719.0,29715.25,29718.5,98.0,2026-09
2026-09-17 20:23:00,CME_MINI:NQ1!,29717.75,29719.5,29716.5,29716.5,101.0,2026-09
2026-09-17 20:24:00,CME_MINI:NQ1!,29716.25,29718.75,29715.0,29718.0,253.0,2026-09
2026-09-17 20:25:00,CME_MINI:NQ1!,29718.0,29718.0,29715.5,29717.75,97.0,2026-09
2026-09-17 20:26:00,CME_MINI:NQ1!,29717.5,29718.5,29715.0,29715.75,94.0,2026-09
2026-09-17 20:27:00,CME_MINI:NQ1!,29716.25,29718.0,29715.0,29717.75,116.0,2026-09
2026-09-17 20:28:00,CME_MINI:NQ1!,29717.5,29719.0,29715.25,29716.75,124.0,2026-09
2026-09-17 20:29:00,CME_MINI:NQ1!,29716.5,29717.5,29715.0,29715.0,47.0,2026-09
2026-09-17 20:30:00,CME_MINI:NQ1!,29715.25,29717.0,29714.5,29714.75,55.0,2026-09
2026-09-17 20:31:00,CME_MINI:NQ1!,29714.5,29717.25,29714.5,29716.75,55.0,2026-09
2026-09-17 20:32:00,CME_MINI:NQ1!,29716.5,29717.75,29715.5,29716.75,92.0,2026-09
2026-09-17 20:33:00,CME_MINI:NQ1!,29716.75,29718.0,29716.25,29718.0,36.0,2026-09
2026-09-17 20:34:00,CME_MINI:NQ1!,29718.0,29718.5,29715.25,29717.75,74.0,2026-09
2026-09-17 20:35:00,CME_MINI:NQ1!,29717.5,29720.5,29716.25,29716.25,214.0,2026-09
2026-09-17 20:36:00,CME_MINI:NQ1!,29716.75,29720.5,29716.75,29720.0,78.0,2026-09
2026-09-17 20:37:00,CME_MINI:NQ1!,29719.75,29722.25,29719.75,29720.75,123.0,2026-09
2026-09-17 20:38:00,CME_MINI:NQ1!,29720.5,29722.0,29719.0,29719.25,127.0,2026-09
2026-09-17 20:39:00,CME_MINI:NQ1!,29719.0,29721.25,29719.0,29720.25,56.0,2026-09
2026-09-17 20:40:00,CME_MINI:NQ1!,29720.0,29721.75,29719.75,29720.75,58.0,2026-09
2026-09-17 20:41:00,CME_MINI:NQ1!,29720.25,29721.0,29719.5,29720.0,55.0,2026-09
2026-09-17 20:42:00,CME_MINI:NQ1!,29719.75,29720.5,29717.0,29717.0,84.0,2026-09
2026-09-17 20:43:00,CME_MINI:NQ1!,29716.5,29717.25,29714.75,29716.0,87.0,2026-09
2026-09-17 20:44:00,CME_MINI:NQ1!,29715.75,29716.5,29714.5,29715.5,75.0,2026-09
2026-09-17 20:45:00,CME_MINI:NQ1!,29715.75,29716.5,29714.5,29714.5,134.0,2026-09
2026-09-17 20:46:00,CME_MINI:NQ1!,29714.5,29717.5,29714.25,29717.0,76.0,2026-09
2026-09-17 20:47:00,CME_MINI:NQ1!,29717.25,29718.0,29716.75,29717.25,65.0,2026-09
2026-09-17 20:48:00,CME_MINI:NQ1!,29717.5,29720.0,29717.25,29719.75,80.0,2026-09
2026-09-17 20:49:00,CME_MINI:NQ1!,29720.25,29720.25,29715.5,29716.5,127.0,2026-09
2026-09-17 20:50:00,CME_MINI:NQ1!,29716.25,29716.75,29712.5,29712.75,117.0,2026-09
2026-09-17 20:51:00,CME_MINI:NQ1!,29712.75,29718.5,29712.75,29718.0,136.0,2026-09
2026-09-17 20:52:00,CME_MINI:NQ1!,29718.5,29720.0,29718.25,29718.75,73.0,2026-09
2026-09-17 20:53:00,CME_MINI:NQ1!,29719.25,29721.25,29719.25,29720.75,45.0,2026-09
2026-09-17 20:54:00,CME_MINI:NQ1!,29722.0,29723.0,29719.75,29721.0,58.0,2026-09
2026-09-17 20:55:00,CME_MINI:NQ1!,29720.5,29722.25,29720.0,29722.0,72.0,2026-09
2026-09-17 20:56:00,CME_MINI:NQ1!,29721.75,29723.75,29720.5,29723.25,67.0,2026-09
2026-09-17 20:57:00,CME_MINI:NQ1!,29722.5,29725.75,29722.5,29723.25,118.0,2026-09
2026-09-17 20:58:00,CME_MINI:NQ1!,29722.75,29725.5,29722.5,29723.25,38.0,2026-09
2026-09-17 20:59:00,CME_MINI:NQ1!,29723.25,29723.25,29717.25,29720.5,85.0,2026-09
2026-09-17 22:00:00,CME_MINI:NQ1!,29723.75,29728.5,29713.5,29717.0,407.0,2026-09
2026-09-17 22:01:00,CME_MINI:NQ1!,29717.5,29718.75,29711.5,29718.5,167.0,2026-09
2026-09-17 22:02:00,CME_MINI:NQ1!,29716.5,29716.75,29708.5,29708.5,139.0,2026-09
2026-09-17 22:03:00,CME_MINI:NQ1!,29709.0,29709.75,29706.75,29708.75,60.0,2026-09
2026-09-17 22:04:00,CME_MINI:NQ1!,29709.0,29710.0,29707.0,29707.0,27.0,2026-09
2026-09-17 22:05:00,CME_MINI:NQ1!,29707.75,29711.5,29704.25,29709.25,157.0,2026-09
2026-09-17 22:06:00,CME_MINI:NQ1!,29710.0,29710.0,29706.25,29708.25,32.0,2026-09
2026-09-17 22:07:00,CME_MINI:NQ1!,29706.5,29706.5,29701.5,29703.5,110.0,2026-09
2026-09-17 22:08:00,CME_MINI:NQ1!,29704.0,29704.5,29696.25,29698.5,223.0,2026-09
2026-09-17 22:09:00,CME_MINI:NQ1!,29698.5,29700.0,29696.5,29699.25,45.0,2026-09
2026-09-17 22:10:00,CME_MINI:NQ1!,29700.25,29702.0,29699.0,29699.25,112.0,2026-09
2026-09-17 22:11:00,CME_MINI:NQ1!,29699.75,29701.75,29699.25,29701.5,82.0,2026-09
2026-09-17 22:12:00,CME_MINI:NQ1!,29700.5,29705.0,29699.25,29702.75,53.0,2026-09
2026-09-17 22:13:00,CME_MINI:NQ1!,29702.75,29703.75,29700.75,29703.25,46.0,2026-09
2026-09-17 22:14:00,CME_MINI:NQ1!,29703.5,29706.75,29703.5,29704.25,53.0,2026-09
2026-09-17 22:15:00,CME_MINI:NQ1!,29704.25,29705.25,29701.25,29701.25,22.0,2026-09
2026-09-17 22:16:00,CME_MINI:NQ1!,29701.25,29702.5,29695.25,29697.0,85.0,2026-09
2026-09-17 22:17:00,CME_MINI:NQ1!,29697.75,29698.75,29690.0,29694.0,133.0,2026-09
2026-09-17 22:18:00,CME_MINI:NQ1!,29694.75,29700.0,29694.75,29699.0,71.0,2026-09
2026-09-17 22:19:00,CME_MINI:NQ1!,29700.0,29700.0,29697.75,29699.0,40.0,2026-09
2026-09-17 22:20:00,CME_MINI:NQ1!,29699.75,29702.25,29690.75,29694.5,143.0,2026-09
2026-09-17 22:21:00,CME_MINI:NQ1!,29695.5,29696.25,29692.75,29695.0,38.0,2026-09
2026-09-17 22:22:00,CME_MINI:NQ1!,29695.25,29695.25,29692.0,29692.5,43.0,2026-09
2026-09-17 22:23:00,CME_MINI:NQ1!,29693.0,29693.75,29689.5,29691.25,78.0,2026-09
2026-09-17 22:24:00,CME_MINI:NQ1!,29691.25,29694.0,29691.25,29694.0,21.0,2026-09
2026-09-17 22:25:00,CME_MINI:NQ1!,29694.0,29696.75,29691.5,29691.75,69.0,2026-09
2026-09-17 22:26:00,CME_MINI:NQ1!,29692.5,29694.0,29688.25,29690.0,71.0,2026-09
2026-09-17 22:27:00,CME_MINI:NQ1!,29689.25,29690.75,29688.25,29689.25,58.0,2026-09
2026-09-17 22:28:00,CME_MINI:NQ1!,29690.25,29691.0,29686.5,29686.75,112.0,2026-09
2026-09-17 22:29:00,CME_MINI:NQ1!,29686.5,29686.5,29680.75,29683.25,177.0,2026-09
2026-09-17 22:30:00,CME_MINI:NQ1!,29682.75,29683.75,29679.5,29681.75,66.0,2026-09
2026-09-17 22:31:00,CME_MINI:NQ1!,29681.25,29684.0,29680.25,29683.5,130.0,2026-09
2026-09-17 22:32:00,CME_MINI:NQ1!,29683.25,29684.0,29679.75,29679.75,54.0,2026-09
2026-09-17 22:33:00,CME_MINI:NQ1!,29680.0,29680.0,29674.5,29675.0,121.0,2026-09
2026-09-17 22:34:00,CME_MINI:NQ1!,29675.5,29678.5,29675.5,29678.5,56.0,2026-09
2026-09-17 22:35:00,CME_MINI:NQ1!,29677.75,29678.0,29676.5,29676.5,24.0,2026-09
2026-09-17 22:36:00,CME_MINI:NQ1!,29677.25,29687.25,29677.25,29682.5,213.0,2026-09
2026-09-17 22:37:00,CME_MINI:NQ1!,29682.25,29684.75,29680.75,29684.5,85.0,2026-09
2026-09-17 22:38:00,CME_MINI:NQ1!,29683.5,29684.25,29680.75,29683.0,48.0,2026-09
2026-09-17 22:39:00,CME_MINI:NQ1!,29681.75,29686.0,29679.75,29681.75,219.0,2026-09
2026-09-17 22:40:00,CME_MINI:NQ1!,29681.5,29683.75,29677.5,29678.0,83.0,2026-09
2026-09-17 22:41:00,CME_MINI:NQ1!,29677.75,29682.0,29677.25,29681.25,61.0,2026-09
2026-09-17 22:42:00,CME_MINI:NQ1!,29681.25,29681.25,29676.0,29678.0,91.0,2026-09
2026-09-17 22:43:00,CME_MINI:NQ1!,29678.75,29679.75,29677.0,29679.25,35.0,2026-09
2026-09-17 22:44:00,CME_MINI:NQ1!,29679.0,29682.0,29678.0,29681.25,29.0,2026-09
2026-09-17 22:45:00,CME_MINI:NQ1!,29681.75,29683.25,29680.75,29683.25,23.0,2026-09
2026-09-17 22:46:00,CME_MINI:NQ1!,29683.0,29683.0,29679.25,29683.0,60.0,2026-09
2026-09-17 22:47:00,CME_MINI:NQ1!,29682.25,29683.75,29680.0,29680.5,60.0,2026-09
2026-09-17 22:48:00,CME_MINI:NQ1!,29681.0,29683.25,29680.75,29681.75,48.0,2026-09
2026-09-17 22:49:00,CME_MINI:NQ1!,29682.25,29683.5,29681.5,29683.5,25.0,2026-09
2026-09-17 22:50:00,CME_MINI:NQ1!,29683.25,29683.25,29678.75,29681.0,45.0,2026-09
2026-09-17 22:51:00,CME_MINI:NQ1!,29680.5,29680.5,29677.0,29679.5,61.0,2026-09
2026-09-17 22:52:00,CME_MINI:NQ1!,29679.5,29681.0,29679.5,29680.0,25.0,2026-09
2026-09-17 22:53:00,CME_MINI:NQ1!,29680.0,29680.25,29675.75,29677.5,76.0,2026-09
2026-09-17 22:54:00,CME_MINI:NQ1!,29678.25,29678.75,29674.0,29674.5,106.0,2026-09
2026-09-17 22:55:00,CME_MINI:NQ1!,29675.5,29683.75,29674.25,29681.0,107.0,2026-09
2026-09-17 22:56:00,CME_MINI:NQ1!,29681.25,29683.25,29679.5,29682.5,24.0,2026-09
2026-09-17 22:57:00,CME_MINI:NQ1!,29683.0,29684.0,29681.25,29684.0,28.0,2026-09
2026-09-17 22:58:00,CME_MINI:NQ1!,29684.0,29688.25,29684.0,29687.0,123.0,2026-09
2026-09-17 22:59:00,CME_MINI:NQ1!,29686.5,29689.0,29685.25,29687.5,75.0,2026-09
2026-09-17 23:00:00,CME_MINI:NQ1!,29686.75,29693.0,29686.75,29691.25,131.0,2026-09
2026-09-17 23:01:00,CME_MINI:NQ1!,29690.75,29696.5,29690.25,29692.75,170.0,2026-09
2026-09-17 23:02:00,CME_MINI:NQ1!,29692.75,29694.25,29692.0,29694.25,42.0,2026-09
2026-09-17 23:03:00,CME_MINI:NQ1!,29694.5,29697.75,29694.0,29695.75,164.0,2026-09
2026-09-17 23:04:00,CME_MINI:NQ1!,29695.75,29700.75,29695.5,29698.0,211.0,2026-09
2026-09-17 23:05:00,CME_MINI:NQ1!,29698.0,29708.0,29698.0,29704.5,205.0,2026-09
2026-09-17 23:06:00,CME_MINI:NQ1!,29704.5,29706.75,29703.75,29705.0,75.0,2026-09
2026-09-17 23:07:00,CME_MINI:NQ1!,29704.75,29706.0,29704.0,29704.0,49.0,2026-09
2026-09-17 23:08:00,CME_MINI:NQ1!,29704.0,29707.0,29704.0,29705.25,46.0,2026-09
2026-09-17 23:09:00,CME_MINI:NQ1!,29705.25,29707.75,29704.75,29706.75,59.0,2026-09
2026-09-17 23:10:00,CME_MINI:NQ1!,29706.5,29712.0,29706.5,29709.75,197.0,2026-09
2026-09-17 23:11:00,CME_MINI:NQ1!,29710.5,29711.75,29702.0,29704.5,115.0,2026-09
2026-09-17 23:12:00,CME_MINI:NQ1!,29703.5,29704.5,29701.5,29701.75,71.0,2026-09
2026-09-17 23:13:00,CME_MINI:NQ1!,29701.5,29702.75,29692.0,29695.0,190.0,2026-09
2026-09-17 23:14:00,CME_MINI:NQ1!,29695.75,29696.0,29692.75,29693.0,52.0,2026-09
2026-09-17 23:15:00,CME_MINI:NQ1!,29693.0,29696.75,29690.75,29692.75,115.0,2026-09
2026-09-17 23:16:00,CME_MINI:NQ1!,29693.25,29694.5,29686.0,29687.5,122.0,2026-09
2026-09-17 23:17:00,CME_MINI:NQ1!,29688.75,29693.0,29687.75,29692.5,79.0,2026-09
2026-09-17 23:18:00,CME_MINI:NQ1!,29692.25,29694.5,29692.25,29694.5,40.0,2026-09
2026-09-17 23:19:00,CME_MINI:NQ1!,29694.0,29697.0,29694.0,29694.5,20.0,2026-09
2026-09-17 23:20:00,CME_MINI:NQ1!,29694.0,29697.25,29694.0,29696.0,42.0,2026-09
2026-09-17 23:21:00,CME_MINI:NQ1!,29696.75,29698.75,29694.75,29694.75,37.0,2026-09
2026-09-17 23:22:00,CME_MINI:NQ1!,29694.5,29698.5,29694.5,29698.5,23.0,2026-09
2026-09-17 23:23:00,CME_MINI:NQ1!,29698.25,29703.75,29698.25,29699.75,101.0,2026-09
2026-09-17 23:24:00,CME_MINI:NQ1!,29700.5,29701.0,29697.75,29697.75,26.0,2026-09
2026-09-17 23:25:00,CME_MINI:NQ1!,29698.5,29699.5,29694.0,29694.0,51.0,2026-09
2026-09-17 23:26:00,CME_MINI:NQ1!,29694.5,29695.5,29690.5,29691.5,53.0,2026-09
2026-09-17 23:27:00,CME_MINI:NQ1!,29690.75,29693.0,29689.0,29692.5,83.0,2026-09
2026-09-17 23:28:00,CME_MINI:NQ1!,29691.75,29693.0,29690.5,29692.0,24.0,2026-09
2026-09-17 23:29:00,CME_MINI:NQ1!,29691.5,29691.5,29688.75,29690.0,18.0,2026-09
2026-09-17 23:30:00,CME_MINI:NQ1!,29690.25,29695.0,29687.5,29693.25,82.0,2026-09
2026-09-17 23:31:00,CME_MINI:NQ1!,29694.0,29694.0,29690.25,29691.75,37.0,2026-09
2026-09-17 23:32:00,CME_MINI:NQ1!,29692.5,29694.25,29691.75,29693.25,15.0,2026-09
2026-09-17 23:33:00,CME_MINI:NQ1!,29693.0,29696.0,29691.5,29696.0,22.0,2026-09
2026-09-17 23:34:00,CME_MINI:NQ1!,29696.25,29697.5,29694.75,29696.75,23.0,2026-09
2026-09-17 23:35:00,CME_MINI:NQ1!,29696.0,29697.25,29695.5,29695.5,12.0,2026-09
2026-09-17 23:36:00,CME_MINI:NQ1!,29695.25,29695.5,29693.5,29695.25,29.0,2026-09
2026-09-17 23:37:00,CME_MINI:NQ1!,29695.75,29701.25,29695.75,29699.25,48.0,2026-09
2026-09-17 23:38:00,CME_MINI:NQ1!,29698.0,29700.0,29695.0,29698.5,31.0,2026-09
2026-09-17 23:39:00,CME_MINI:NQ1!,29698.0,29699.5,29696.5,29698.0,17.0,2026-09
2026-09-17 23:40:00,CME_MINI:NQ1!,29698.5,29700.5,29697.75,29698.5,28.0,2026-09
2026-09-17 23:41:00,CME_MINI:NQ1!,29699.75,29704.0,29698.25,29702.0,68.0,2026-09
2026-09-17 23:42:00,CME_MINI:NQ1!,29701.75,29705.0,29701.75,29702.25,35.0,2026-09
2026-09-17 23:43:00,CME_MINI:NQ1!,29702.0,29703.0,29693.75,29695.5,71.0,2026-09
2026-09-17 23:44:00,CME_MINI:NQ1!,29696.25,29699.25,29695.0,29698.5,51.0,2026-09
2026-09-17 23:45:00,CME_MINI:NQ1!,29697.5,29702.0,29690.0,29696.5,130.0,2026-09
2026-09-17 23:46:00,CME_MINI:NQ1!,29695.5,29696.75,29692.25,29695.75,60.0,2026-09
2026-09-17 23:47:00,CME_MINI:NQ1!,29697.5,29702.25,29693.75,29695.25,45.0,2026-09
2026-09-17 23:48:00,CME_MINI:NQ1!,29695.25,29697.5,29692.25,29692.5,58.0,2026-09
2026-09-17 23:49:00,CME_MINI:NQ1!,29693.5,29698.75,29693.5,29698.25,23.0,2026-09
2026-09-17 23:50:00,CME_MINI:NQ1!,29697.5,29698.5,29695.5,29696.0,28.0,2026-09
2026-09-17 23:51:00,CME_MINI:NQ1!,29696.75,29699.25,29695.25,29697.25,31.0,2026-09
2026-09-17 23:52:00,CME_MINI:NQ1!,29695.5,29699.0,29695.5,29697.75,25.0,2026-09
2026-09-17 23:53:00,CME_MINI:NQ1!,29697.25,29700.25,29697.25,29698.5,50.0,2026-09
2026-09-17 23:54:00,CME_MINI:NQ1!,29699.25,29702.0,29699.25,29699.5,26.0,2026-09
2026-09-17 23:55:00,CME_MINI:NQ1!,29699.5,29701.75,29696.5,29698.0,36.0,2026-09
2026-09-17 23:56:00,CME_MINI:NQ1!,29698.75,29701.25,29698.5,29699.5,23.0,2026-09
2026-09-17 23:57:00,CME_MINI:NQ1!,29699.25,29699.25,29696.5,29699.0,32.0,2026-09
2026-09-17 23:58:00,CME_MINI:NQ1!,29698.0,29698.25,29695.25,29697.0,23.0,2026-09
2026-09-17 23:59:00,CME_MINI:NQ1!,29697.75,29700.0,29696.5,29696.5,40.0,2026-09
2026-09-18 00:00:00,CME_MINI:NQ1!,29697.25,29701.0,29688.0,29691.25,337.0,2026-09
2026-09-18 00:01:00,CME_MINI:NQ1!,29691.25,29706.5,29689.75,29705.5,252.0,2026-09
2026-09-18 00:02:00,CME_MINI:NQ1!,29706.0,29708.0,29697.5,29701.0,117.0,2026-09
2026-09-18 00:03:00,CME_MINI:NQ1!,29701.25,29706.5,29695.0,29700.5,90.0,2026-09
2026-09-18 00:04:00,CME_MINI:NQ1!,29699.5,29703.0,29696.5,29699.75,61.0,2026-09
2026-09-18 00:05:00,CME_MINI:NQ1!,29695.0,29698.5,29686.5,29692.75,136.0,2026-09
2026-09-18 00:06:00,CME_MINI:NQ1!,29693.75,29700.0,29692.0,29697.0,126.0,2026-09
2026-09-18 00:07:00,CME_MINI:NQ1!,29696.5,29696.5,29678.75,29684.25,232.0,2026-09
2026-09-18 00:08:00,CME_MINI:NQ1!,29685.25,29693.5,29683.75,29687.25,145.0,2026-09
2026-09-18 00:09:00,CME_MINI:NQ1!,29688.5,29693.75,29688.5,29691.0,142.0,2026-09
2026-09-18 00:10:00,CME_MINI:NQ1!,29690.75,29693.25,29684.25,29685.5,83.0,2026-09
2026-09-18 00:11:00,CME_MINI:NQ1!,29684.5,29688.75,29681.25,29684.75,138.0,2026-09
2026-09-18 00:12:00,CME_MINI:NQ1!,29684.75,29686.0,29676.0,29679.0,109.0,2026-09
2026-09-18 00:13:00,CME_MINI:NQ1!,29679.0,29688.0,29678.75,29686.0,128.0,2026-09
2026-09-18 00:14:00,CME_MINI:NQ1!,29686.25,29698.5,29685.75,29698.25,126.0,2026-09
2026-09-18 00:15:00,CME_MINI:NQ1!,29698.75,29701.5,29693.5,29696.0,135.0,2026-09
2026-09-18 00:16:00,CME_MINI:NQ1!,29695.75,29698.75,29687.5,29690.25,163.0,2026-09
2026-09-18 00:17:00,CME_MINI:NQ1!,29690.75,29697.0,29690.75,29693.5,82.0,2026-09
2026-09-18 00:18:00,CME_MINI:NQ1!,29693.25,29701.5,29693.25,29700.25,56.0,2026-09
2026-09-18 00:19:00,CME_MINI:NQ1!,29699.75,29700.0,29694.0,29694.75,55.0,2026-09
2026-09-18 00:20:00,CME_MINI:NQ1!,29695.25,29695.5,29690.25,29690.25,28.0,2026-09
2026-09-18 00:21:00,CME_MINI:NQ1!,29691.25,29691.25,29686.0,29690.75,94.0,2026-09
2026-09-18 00:22:00,CME_MINI:NQ1!,29688.75,29693.25,29688.75,29691.25,24.0,2026-09
2026-09-18 00:23:00,CME_MINI:NQ1!,29691.25,29695.0,29689.5,29692.5,42.0,2026-09
2026-09-18 00:24:00,CME_MINI:NQ1!,29691.5,29696.75,29688.75,29695.25,62.0,2026-09
2026-09-18 00:25:00,CME_MINI:NQ1!,29695.5,29700.25,29694.5,29700.25,41.0,2026-09
2026-09-18 00:26:00,CME_MINI:NQ1!,29699.25,29700.0,29693.5,29698.0,84.0,2026-09
2026-09-18 00:27:00,CME_MINI:NQ1!,29698.25,29698.75,29693.0,29693.25,47.0,2026-09
2026-09-18 00:28:00,CME_MINI:NQ1!,29693.25,29693.25,29682.5,29684.25,199.0,2026-09
2026-09-18 00:29:00,CME_MINI:NQ1!,29684.75,29687.75,29682.25,29686.75,60.0,2026-09
2026-09-18 00:30:00,CME_MINI:NQ1!,29687.5,29696.5,29687.5,29694.0,68.0,2026-09
2026-09-18 00:31:00,CME_MINI:NQ1!,29692.25,29695.75,29690.5,29692.25,61.0,2026-09
2026-09-18 00:32:00,CME_MINI:NQ1!,29690.75,29696.5,29690.0,29695.75,46.0,2026-09
2026-09-18 00:33:00,CME_MINI:NQ1!,29696.25,29696.25,29691.75,29692.0,26.0,2026-09
2026-09-18 00:34:00,CME_MINI:NQ1!,29691.5,29697.25,29691.5,29695.25,49.0,2026-09
2026-09-18 00:35:00,CME_MINI:NQ1!,29694.75,29695.5,29692.25,29693.0,27.0,2026-09
2026-09-18 00:36:00,CME_MINI:NQ1!,29693.0,29693.75,29685.0,29686.75,95.0,2026-09
2026-09-18 00:37:00,CME_MINI:NQ1!,29687.75,29691.5,29686.25,29686.75,46.0,2026-09
2026-09-18 00:38:00,CME_MINI:NQ1!,29687.0,29688.0,29680.0,29680.5,120.0,2026-09
2026-09-18 00:39:00,CME_MINI:NQ1!,29680.75,29682.0,29671.75,29672.25,268.0,2026-09
2026-09-18 00:40:00,CME_MINI:NQ1!,29672.0,29673.0,29663.75,29667.75,410.0,2026-09
2026-09-18 00:41:00,CME_MINI:NQ1!,29668.0,29672.0,29667.25,29668.0,105.0,2026-09
2026-09-18 00:42:00,CME_MINI:NQ1!,29668.25,29669.0,29662.25,29666.5,145.0,2026-09
2026-09-18 00:43:00,CME_MINI:NQ1!,29666.5,29675.5,29666.5,29674.0,183.0,2026-09
2026-09-18 00:44:00,CME_MINI:NQ1!,29674.5,29685.75,29674.5,29680.75,179.0,2026-09
2026-09-18 00:45:00,CME_MINI:NQ1!,29680.0,29683.0,29674.25,29676.5,77.0,2026-09
2026-09-18 00:46:00,CME_MINI:NQ1!,29677.75,29680.5,29674.25,29678.25,80.0,2026-09
2026-09-18 00:47:00,CME_MINI:NQ1!,29679.0,29680.25,29669.5,29670.25,100.0,2026-09
2026-09-18 00:48:00,CME_MINI:NQ1!,29671.0,29672.25,29666.25,29667.75,87.0,2026-09
2026-09-18 00:49:00,CME_MINI:NQ1!,29668.25,29670.25,29664.5,29665.0,64.0,2026-09
2026-09-18 00:50:00,CME_MINI:NQ1!,29665.0,29668.25,29660.5,29666.0,199.0,2026-09
2026-09-18 00:51:00,CME_MINI:NQ1!,29665.0,29668.25,29663.75,29665.5,54.0,2026-09
2026-09-18 00:52:00,CME_MINI:NQ1!,29665.75,29667.75,29664.5,29667.5,69.0,2026-09
2026-09-18 00:53:00,CME_MINI:NQ1!,29668.75,29670.5,29667.25,29668.25,52.0,2026-09
2026-09-18 00:54:00,CME_MINI:NQ1!,29667.75,29670.0,29666.75,29668.25,32.0,2026-09
2026-09-18 00:55:00,CME_MINI:NQ1!,29669.5,29669.5,29665.25,29668.5,29.0,2026-09
2026-09-18 00:56:00,CME_MINI:NQ1!,29668.75,29669.25,29665.75,29667.0,45.0,2026-09
2026-09-18 00:57:00,CME_MINI:NQ1!,29667.25,29668.0,29665.0,29668.0,44.0,2026-09
2026-09-18 00:58:00,CME_MINI:NQ1!,29667.5,29668.25,29665.75,29668.0,29.0,2026-09
2026-09-18 00:59:00,CME_MINI:NQ1!,29668.75,29669.25,29664.75,29666.5,70.0,2026-09
2026-09-18 01:00:00,CME_MINI:NQ1!,29665.75,29682.25,29665.0,29665.25,279.0,2026-09
2026-09-18 01:01:00,CME_MINI:NQ1!,29668.5,29670.5,29658.25,29662.75,235.0,2026-09
2026-09-18 01:02:00,CME_MINI:NQ1!,29663.5,29666.5,29662.0,29663.0,53.0,2026-09
2026-09-18 01:03:00,CME_MINI:NQ1!,29662.25,29663.75,29659.25,29663.5,79.0,2026-09
2026-09-18 01:04:00,CME_MINI:NQ1!,29663.75,29665.0,29659.0,29659.5,55.0,2026-09
2026-09-18 01:05:00,CME_MINI:NQ1!,29660.75,29669.0,29660.0,29666.75,103.0,2026-09
2026-09-18 01:06:00,CME_MINI:NQ1!,29667.25,29676.0,29663.5,29671.75,135.0,2026-09
2026-09-18 01:07:00,CME_MINI:NQ1!,29671.0,29674.5,29670.25,29674.5,85.0,2026-09
2026-09-18 01:08:00,CME_MINI:NQ1!,29674.75,29675.0,29665.75,29668.75,87.0,2026-09
2026-09-18 01:09:00,CME_MINI:NQ1!,29669.0,29671.25,29665.75,29665.75,42.0,2026-09
2026-09-18 01:10:00,CME_MINI:NQ1!,29666.25,29669.25,29664.25,29668.25,70.0,2026-09
2026-09-18 01:11:00,CME_MINI:NQ1!,29669.25,29670.0,29663.25,29669.75,85.0,2026-09
2026-09-18 01:12:00,CME_MINI:NQ1!,29670.25,29670.25,29663.5,29667.75,57.0,2026-09
2026-09-18 01:13:00,CME_MINI:NQ1!,29667.75,29667.75,29659.75,29663.25,99.0,2026-09
2026-09-18 01:14:00,CME_MINI:NQ1!,29662.75,29667.75,29661.75,29662.0,44.0,2026-09
2026-09-18 01:15:00,CME_MINI:NQ1!,29661.5,29661.5,29656.0,29657.5,157.0,2026-09
2026-09-18 01:16:00,CME_MINI:NQ1!,29658.0,29659.25,29648.0,29652.75,414.0,2026-09
2026-09-18 01:17:00,CME_MINI:NQ1!,29653.5,29659.25,29653.0,29657.25,132.0,2026-09
2026-09-18 01:18:00,CME_MINI:NQ1!,29657.0,29657.0,29651.75,29653.0,135.0,2026-09
2026-09-18 01:19:00,CME_MINI:NQ1!,29653.75,29660.75,29650.5,29659.0,119.0,2026-09
2026-09-18 01:20:00,CME_MINI:NQ1!,29659.25,29663.0,29655.0,29661.25,98.0,2026-09
2026-09-18 01:21:00,CME_MINI:NQ1!,29660.0,29664.5,29658.0,29661.75,79.0,2026-09
2026-09-18 01:22:00,CME_MINI:NQ1!,29661.25,29661.5,29654.25,29656.75,43.0,2026-09
2026-09-18 01:23:00,CME_MINI:NQ1!,29656.75,29658.75,29652.5,29654.25,51.0,2026-09
2026-09-18 01:24:00,CME_MINI:NQ1!,29653.0,29658.75,29653.0,29657.25,45.0,2026-09
2026-09-18 01:25:00,CME_MINI:NQ1!,29657.75,29658.75,29651.0,29652.5,36.0,2026-09
2026-09-18 01:26:00,CME_MINI:NQ1!,29652.25,29653.5,29649.25,29652.25,78.0,2026-09
2026-09-18 01:27:00,CME_MINI:NQ1!,29651.5,29655.5,29649.5,29654.75,64.0,2026-09
2026-09-18 01:28:00,CME_MINI:NQ1!,29653.75,29656.75,29652.25,29656.5,21.0,2026-09
2026-09-18 01:29:00,CME_MINI:NQ1!,29656.25,29660.25,29656.25,29657.5,55.0,2026-09
2026-09-18 01:30:00,CME_MINI:NQ1!,29657.25,29663.5,29656.0,29659.75,151.0,2026-09
2026-09-18 01:31:00,CME_MINI:NQ1!,29658.75,29660.0,29654.25,29654.75,60.0,2026-09
2026-09-18 01:32:00,CME_MINI:NQ1!,29655.25,29656.75,29652.0,29656.75,63.0,2026-09
2026-09-18 01:33:00,CME_MINI:NQ1!,29654.5,29658.0,29653.5,29654.0,37.0,2026-09
2026-09-18 01:34:00,CME_MINI:NQ1!,29654.75,29661.75,29654.0,29660.25,52.0,2026-09
2026-09-18 01:35:00,CME_MINI:NQ1!,29658.75,29662.75,29655.0,29662.5,68.0,2026-09
2026-09-18 01:36:00,CME_MINI:NQ1!,29661.75,29667.25,29661.25,29664.75,147.0,2026-09
2026-09-18 01:37:00,CME_MINI:NQ1!,29664.75,29667.25,29664.25,29665.75,55.0,2026-09
2026-09-18 01:38:00,CME_MINI:NQ1!,29666.25,29668.0,29662.0,29665.0,48.0,2026-09
2026-09-18 01:39:00,CME_MINI:NQ1!,29664.25,29666.75,29661.5,29662.25,83.0,2026-09
2026-09-18 01:40:00,CME_MINI:NQ1!,29661.5,29669.0,29660.5,29668.0,94.0,2026-09
2026-09-18 01:41:00,CME_MINI:NQ1!,29667.75,29674.5,29666.75,29674.0,156.0,2026-09
2026-09-18 01:42:00,CME_MINI:NQ1!,29673.0,29677.5,29670.5,29671.75,160.0,2026-09
2026-09-18 01:43:00,CME_MINI:NQ1!,29672.75,29674.0,29672.0,29672.25,41.0,2026-09
2026-09-18 01:44:00,CME_MINI:NQ1!,29672.5,29672.75,29663.0,29664.5,96.0,2026-09
2026-09-18 01:45:00,CME_MINI:NQ1!,29665.0,29673.0,29664.5,29672.5,86.0,2026-09
2026-09-18 01:46:00,CME_MINI:NQ1!,29672.75,29673.75,29670.5,29673.0,56.0,2026-09
2026-09-18 01:47:00,CME_MINI:NQ1!,29673.5,29675.5,29672.25,29675.25,59.0,2026-09
2026-09-18 01:48:00,CME_MINI:NQ1!,29675.25,29681.0,29673.75,29679.5,176.0,2026-09
2026-09-18 01:49:00,CME_MINI:NQ1!,29680.25,29683.0,29679.75,29680.25,87.0,2026-09
2026-09-18 01:50:00,CME_MINI:NQ1!,29680.5,29680.75,29671.5,29671.5,136.0,2026-09
2026-09-18 01:51:00,CME_MINI:NQ1!,29672.0,29675.25,29669.5,29673.5,77.0,2026-09
2026-09-18 01:52:00,CME_MINI:NQ1!,29673.5,29679.25,29671.25,29678.0,89.0,2026-09
2026-09-18 01:53:00,CME_MINI:NQ1!,29677.75,29679.0,29676.0,29678.0,55.0,2026-09
2026-09-18 01:54:00,CME_MINI:NQ1!,29678.0,29679.5,29676.5,29677.5,29.0,2026-09
2026-09-18 01:55:00,CME_MINI:NQ1!,29678.75,29678.75,29671.75,29674.5,73.0,2026-09
2026-09-18 01:56:00,CME_MINI:NQ1!,29675.5,29677.25,29673.75,29675.25,66.0,2026-09
2026-09-18 01:57:00,CME_MINI:NQ1!,29675.25,29679.75,29675.25,29677.75,83.0,2026-09
2026-09-18 01:58:00,CME_MINI:NQ1!,29680.0,29680.5,29678.0,29679.0,35.0,2026-09
2026-09-18 01:59:00,CME_MINI:NQ1!,29680.5,29680.5,29678.0,29678.0,41.0,2026-09
2026-09-18 02:00:00,CME_MINI:NQ1!,29679.75,29682.5,29678.0,29678.0,112.0,2026-09
2026-09-18 02:01:00,CME_MINI:NQ1!,29678.5,29684.0,29676.5,29684.0,78.0,2026-09
2026-09-18 02:02:00,CME_MINI:NQ1!,29683.75,29683.75,29679.75,29679.75,54.0,2026-09
2026-09-18 02:03:00,CME_MINI:NQ1!,29681.0,29682.5,29677.25,29677.75,42.0,2026-09
2026-09-18 02:04:00,CME_MINI:NQ1!,29677.5,29680.0,29676.0,29676.5,36.0,2026-09
2026-09-18 02:05:00,CME_MINI:NQ1!,29676.5,29679.0,29676.25,29676.75,35.0,2026-09
2026-09-18 02:06:00,CME_MINI:NQ1!,29678.75,29678.75,29671.0,29672.5,81.0,2026-09
2026-09-18 02:07:00,CME_MINI:NQ1!,29673.25,29674.5,29672.25,29673.0,49.0,2026-09
2026-09-18 02:08:00,CME_MINI:NQ1!,29672.75,29674.5,29670.5,29671.0,39.0,2026-09
2026-09-18 02:09:00,CME_MINI:NQ1!,29670.75,29672.75,29670.25,29671.25,38.0,2026-09
2026-09-18 02:10:00,CME_MINI:NQ1!,29670.75,29671.0,29663.0,29666.75,149.0,2026-09
2026-09-18 02:11:00,CME_MINI:NQ1!,29667.5,29671.0,29666.25,29666.25,41.0,2026-09
2026-09-18 02:12:00,CME_MINI:NQ1!,29667.5,29670.0,29665.25,29668.75,43.0,2026-09
2026-09-18 02:13:00,CME_MINI:NQ1!,29667.5,29671.0,29666.5,29671.0,26.0,2026-09
2026-09-18 02:14:00,CME_MINI:NQ1!,29670.75,29676.25,29669.25,29673.75,87.0,2026-09
2026-09-18 02:15:00,CME_MINI:NQ1!,29674.5,29676.25,29671.5,29674.5,40.0,2026-09
2026-09-18 02:16:00,CME_MINI:NQ1!,29674.0,29678.5,29673.75,29677.75,65.0,2026-09
2026-09-18 02:17:00,CME_MINI:NQ1!,29676.0,29677.25,29674.0,29674.0,42.0,2026-09
2026-09-18 02:18:00,CME_MINI:NQ1!,29674.5,29679.0,29674.5,29678.75,21.0,2026-09
2026-09-18 02:19:00,CME_MINI:NQ1!,29678.0,29681.75,29676.75,29681.0,53.0,2026-09
2026-09-18 02:20:00,CME_MINI:NQ1!,29681.0,29685.75,29680.0,29683.25,111.0,2026-09
2026-09-18 02:21:00,CME_MINI:NQ1!,29682.5,29687.75,29681.0,29683.0,155.0,2026-09
2026-09-18 02:22:00,CME_MINI:NQ1!,29683.5,29683.5,29680.0,29681.0,45.0,2026-09
2026-09-18 02:23:00,CME_MINI:NQ1!,29680.25,29691.25,29680.25,29690.0,126.0,2026-09
2026-09-18 02:24:00,CME_MINI:NQ1!,29690.0,29692.25,29688.0,29690.0,120.0,2026-09
2026-09-18 02:25:00,CME_MINI:NQ1!,29690.5,29691.25,29687.5,29688.0,44.0,2026-09
2026-09-18 02:26:00,CME_MINI:NQ1!,29687.75,29690.25,29686.75,29686.75,66.0,2026-09
2026-09-18 02:27:00,CME_MINI:NQ1!,29686.25,29687.25,29681.25,29687.25,83.0,2026-09
2026-09-18 02:28:00,CME_MINI:NQ1!,29687.25,29688.25,29683.75,29686.25,52.0,2026-09
2026-09-18 02:29:00,CME_MINI:NQ1!,29687.25,29689.75,29686.5,29687.75,40.0,2026-09
2026-09-18 02:30:00,CME_MINI:NQ1!,29688.0,29690.0,29685.25,29688.75,98.0,2026-09
2026-09-18 02:31:00,CME_MINI:NQ1!,29686.0,29690.75,29684.0,29685.0,47.0,2026-09
2026-09-18 02:32:00,CME_MINI:NQ1!,29685.0,29687.5,29685.0,29686.25,58.0,2026-09
2026-09-18 02:33:00,CME_MINI:NQ1!,29687.0,29689.75,29686.0,29688.0,63.0,2026-09
2026-09-18 02:34:00,CME_MINI:NQ1!,29690.25,29692.25,29690.0,29691.25,63.0,2026-09
2026-09-18 02:35:00,CME_MINI:NQ1!,29691.75,29693.25,29688.5,29690.75,65.0,2026-09
2026-09-18 02:36:00,CME_MINI:NQ1!,29690.0,29691.25,29688.75,29691.25,22.0,2026-09
2026-09-18 02:37:00,CME_MINI:NQ1!,29689.5,29689.75,29686.75,29687.75,29.0,2026-09
2026-09-18 02:38:00,CME_MINI:NQ1!,29687.0,29687.0,29683.75,29685.25,47.0,2026-09
2026-09-18 02:39:00,CME_MINI:NQ1!,29685.75,29688.75,29685.75,29687.0,31.0,2026-09
2026-09-18 02:40:00,CME_MINI:NQ1!,29686.5,29688.75,29686.5,29688.75,31.0,2026-09
2026-09-18 02:41:00,CME_MINI:NQ1!,29689.25,29692.75,29688.5,29692.75,45.0,2026-09
2026-09-18 02:42:00,CME_MINI:NQ1!,29692.75,29698.25,29691.5,29698.25,127.0,2026-09
2026-09-18 02:43:00,CME_MINI:NQ1!,29697.5,29698.0,29695.0,29695.5,67.0,2026-09
2026-09-18 02:44:00,CME_MINI:NQ1!,29694.75,29697.5,29692.0,29693.5,57.0,2026-09
2026-09-18 02:45:00,CME_MINI:NQ1!,29693.0,29698.75,29692.0,29696.25,83.0,2026-09
2026-09-18 02:46:00,CME_MINI:NQ1!,29694.75,29698.0,29694.75,29698.0,30.0,2026-09
2026-09-18 02:47:00,CME_MINI:NQ1!,29697.5,29699.5,29696.5,29698.75,40.0,2026-09
2026-09-18 02:48:00,CME_MINI:NQ1!,29698.25,29698.75,29696.75,29697.25,26.0,2026-09
2026-09-18 02:49:00,CME_MINI:NQ1!,29697.0,29698.5,29695.25,29698.25,42.0,2026-09
2026-09-18 02:50:00,CME_MINI:NQ1!,29698.25,29704.0,29698.25,29701.0,185.0,2026-09
2026-09-18 02:51:00,CME_MINI:NQ1!,29700.5,29701.0,29697.75,29699.25,38.0,2026-09
2026-09-18 02:52:00,CME_MINI:NQ1!,29699.25,29700.5,29694.5,29695.25,89.0,2026-09
2026-09-18 02:53:00,CME_MINI:NQ1!,29695.5,29700.25,29695.0,29695.0,87.0,2026-09
2026-09-18 02:54:00,CME_MINI:NQ1!,29695.25,29703.0,29689.75,29695.25,268.0,2026-09
2026-09-18 02:55:00,CME_MINI:NQ1!,29694.25,29701.75,29691.25,29699.25,149.0,2026-09
2026-09-18 02:56:00,CME_MINI:NQ1!,29699.5,29702.75,29693.0,29696.0,98.0,2026-09
2026-09-18 02:57:00,CME_MINI:NQ1!,29696.5,29697.25,29691.0,29692.75,69.0,2026-09
2026-09-18 02:58:00,CME_MINI:NQ1!,29692.25,29693.25,29687.25,29692.5,81.0,2026-09
2026-09-18 02:59:00,CME_MINI:NQ1!,29692.5,29695.25,29691.75,29692.75,62.0,2026-09
2026-09-18 03:00:00,CME_MINI:NQ1!,29693.75,29694.0,29689.0,29692.5,151.0,2026-09
2026-09-18 03:01:00,CME_MINI:NQ1!,29692.25,29696.0,29690.75,29694.5,53.0,2026-09
2026-09-18 03:02:00,CME_MINI:NQ1!,29693.5,29700.0,29693.25,29698.5,117.0,2026-09
2026-09-18 03:03:00,CME_MINI:NQ1!,29697.75,29700.25,29697.75,29700.25,19.0,2026-09
2026-09-18 03:04:00,CME_MINI:NQ1!,29700.75,29709.0,29699.25,29709.0,207.0,2026-09
2026-09-18 03:05:00,CME_MINI:NQ1!,29709.0,29713.5,29708.0,29711.25,230.0,2026-09
2026-09-18 03:06:00,CME_MINI:NQ1!,29712.25,29714.0,29710.75,29713.0,128.0,2026-09
2026-09-18 03:07:00,CME_MINI:NQ1!,29713.5,29720.5,29712.25,29720.0,238.0,2026-09
2026-09-18 03:08:00,CME_MINI:NQ1!,29719.75,29729.0,29719.75,29726.25,273.0,2026-09
2026-09-18 03:09:00,CME_MINI:NQ1!,29726.0,29728.0,29721.0,29725.25,139.0,2026-09
2026-09-18 03:10:00,CME_MINI:NQ1!,29725.5,29730.0,29725.0,29728.25,231.0,2026-09
2026-09-18 03:11:00,CME_MINI:NQ1!,29728.25,29731.75,29725.75,29729.75,371.0,2026-09
2026-09-18 03:12:00,CME_MINI:NQ1!,29729.75,29735.0,29729.5,29735.0,311.0,2026-09
2026-09-18 03:13:00,CME_MINI:NQ1!,29733.75,29737.5,29731.75,29734.75,361.0,2026-09
2026-09-18 03:14:00,CME_MINI:NQ1!,29734.25,29738.0,29730.0,29737.0,209.0,2026-09
2026-09-18 03:15:00,CME_MINI:NQ1!,29737.5,29737.75,29730.25,29731.75,115.0,2026-09
2026-09-18 03:16:00,CME_MINI:NQ1!,29732.0,29733.25,29730.25,29730.25,73.0,2026-09
2026-09-18 03:17:00,CME_MINI:NQ1!,29731.75,29732.0,29726.0,29726.25,167.0,2026-09
2026-09-18 03:18:00,CME_MINI:NQ1!,29725.5,29727.0,29719.5,29724.75,212.0,2026-09
2026-09-18 03:19:00,CME_MINI:NQ1!,29724.75,29729.25,29724.25,29727.75,74.0,2026-09
2026-09-18 03:20:00,CME_MINI:NQ1!,29729.0,29737.25,29728.75,29736.0,132.0,2026-09
2026-09-18 03:21:00,CME_MINI:NQ1!,29736.0,29738.5,29734.75,29738.0,138.0,2026-09
2026-09-18 03:22:00,CME_MINI:NQ1!,29737.5,29738.0,29732.75,29735.75,107.0,2026-09
2026-09-18 03:23:00,CME_MINI:NQ1!,29735.75,29736.5,29729.5,29731.0,80.0,2026-09
2026-09-18 03:24:00,CME_MINI:NQ1!,29731.0,29733.5,29730.75,29731.25,66.0,2026-09
2026-09-18 03:25:00,CME_MINI:NQ1!,29732.5,29733.75,29730.0,29733.0,61.0,2026-09
2026-09-18 03:26:00,CME_MINI:NQ1!,29732.25,29737.5,29730.0,29735.5,63.0,2026-09
2026-09-18 03:27:00,CME_MINI:NQ1!,29736.75,29736.75,29734.0,29734.0,15.0,2026-09
2026-09-18 03:28:00,CME_MINI:NQ1!,29734.75,29737.75,29734.5,29737.0,38.0,2026-09
2026-09-18 03:29:00,CME_MINI:NQ1!,29737.25,29737.25,29732.5,29733.5,54.0,2026-09
2026-09-18 03:30:00,CME_MINI:NQ1!,29734.0,29736.0,29732.0,29733.5,86.0,2026-09
2026-09-18 03:31:00,CME_MINI:NQ1!,29733.5,29733.75,29729.25,29731.25,67.0,2026-09
2026-09-18 03:32:00,CME_MINI:NQ1!,29729.0,29731.25,29727.25,29731.25,116.0,2026-09
2026-09-18 03:33:00,CME_MINI:NQ1!,29732.0,29739.0,29732.0,29737.75,90.0,2026-09
2026-09-18 03:34:00,CME_MINI:NQ1!,29737.25,29739.25,29734.5,29737.25,80.0,2026-09
2026-09-18 03:35:00,CME_MINI:NQ1!,29737.75,29742.0,29737.5,29741.25,198.0,2026-09
2026-09-18 03:36:00,CME_MINI:NQ1!,29740.75,29747.0,29740.25,29745.0,365.0,2026-09
2026-09-18 03:37:00,CME_MINI:NQ1!,29744.25,29745.75,29742.25,29744.5,87.0,2026-09
2026-09-18 03:38:00,CME_MINI:NQ1!,29744.0,29744.75,29740.25,29741.75,86.0,2026-09
2026-09-18 03:39:00,CME_MINI:NQ1!,29742.0,29745.0,29738.5,29743.25,126.0,2026-09
2026-09-18 03:40:00,CME_MINI:NQ1!,29742.25,29746.75,29742.25,29745.75,55.0,2026-09
2026-09-18 03:41:00,CME_MINI:NQ1!,29746.0,29747.0,29744.5,29746.0,49.0,2026-09
2026-09-18 03:42:00,CME_MINI:NQ1!,29746.25,29748.0,29745.0,29747.25,88.0,2026-09
2026-09-18 03:43:00,CME_MINI:NQ1!,29748.0,29748.25,29746.0,29746.75,57.0,2026-09
2026-09-18 03:44:00,CME_MINI:NQ1!,29747.5,29748.25,29745.75,29747.75,71.0,2026-09
2026-09-18 03:45:00,CME_MINI:NQ1!,29748.0,29759.5,29747.75,29756.0,367.0,2026-09
2026-09-18 03:46:00,CME_MINI:NQ1!,29755.5,29760.0,29755.5,29757.0,90.0,2026-09
2026-09-18 03:47:00,CME_MINI:NQ1!,29756.75,29762.0,29756.5,29759.5,187.0,2026-09
2026-09-18 03:48:00,CME_MINI:NQ1!,29759.25,29761.5,29756.75,29760.5,62.0,2026-09
2026-09-18 03:49:00,CME_MINI:NQ1!,29760.0,29763.75,29760.0,29762.25,187.0,2026-09
2026-09-18 03:50:00,CME_MINI:NQ1!,29761.5,29764.75,29761.0,29764.25,60.0,2026-09
2026-09-18 03:51:00,CME_MINI:NQ1!,29763.5,29764.25,29757.25,29758.75,129.0,2026-09
2026-09-18 03:52:00,CME_MINI:NQ1!,29758.0,29758.0,29754.25,29757.25,121.0,2026-09
2026-09-18 03:53:00,CME_MINI:NQ1!,29757.5,29758.5,29754.25,29755.5,45.0,2026-09
2026-09-18 03:54:00,CME_MINI:NQ1!,29755.25,29757.5,29754.5,29756.75,46.0,2026-09
2026-09-18 03:55:00,CME_MINI:NQ1!,29756.75,29756.75,29753.25,29755.25,55.0,2026-09
2026-09-18 03:56:00,CME_MINI:NQ1!,29756.25,29758.5,29755.5,29756.5,33.0,2026-09
2026-09-18 03:57:00,CME_MINI:NQ1!,29756.75,29757.5,29754.0,29754.0,63.0,2026-09
2026-09-18 03:58:00,CME_MINI:NQ1!,29753.25,29753.25,29749.75,29749.75,54.0,2026-09
2026-09-18 12:40:00,CME_MINI:NQ1!,29785.25,29788.75,29783.75,29784.75,148.0,2026-09
2026-09-18 12:41:00,CME_MINI:NQ1!,29784.75,29789.0,29779.75,29789.0,185.0,2026-09
2026-09-18 12:42:00,CME_MINI:NQ1!,29788.75,29794.0,29785.0,29792.0,233.0,2026-09
2026-09-18 12:43:00,CME_MINI:NQ1!,29792.75,29793.5,29788.75,29790.25,124.0,2026-09
2026-09-18 12:44:00,CME_MINI:NQ1!,29790.0,29790.75,29787.0,29790.0,61.0,2026-09
2026-09-18 12:45:00,CME_MINI:NQ1!,29789.25,29791.25,29787.5,29789.0,86.0,2026-09
2026-09-18 12:46:00,CME_MINI:NQ1!,29788.25,29793.75,29787.5,29790.0,156.0,2026-09
2026-09-18 12:47:00,CME_MINI:NQ1!,29789.5,29795.5,29786.0,29790.0,206.0,2026-09
2026-09-18 12:48:00,CME_MINI:NQ1!,29790.75,29790.75,29786.5,29790.5,103.0,2026-09
2026-09-18 12:49:00,CME_MINI:NQ1!,29791.0,29791.25,29785.5,29786.25,113.0,2026-09
2026-09-18 12:50:00,CME_MINI:NQ1!,29786.0,29789.5,29783.5,29787.25,117.0,2026-09
2026-09-18 12:51:00,CME_MINI:NQ1!,29788.0,29794.5,29786.0,29791.75,113.0,2026-09
2026-09-18 12:52:00,CME_MINI:NQ1!,29791.5,29791.75,29785.5,29788.0,86.0,2026-09
2026-09-18 12:53:00,CME_MINI:NQ1!,29787.75,29788.75,29785.5,29787.5,69.0,2026-09
2026-09-18 12:54:00,CME_MINI:NQ1!,29787.75,29787.75,29784.25,29785.5,89.0,2026-09
2026-09-18 12:55:00,CME_MINI:NQ1!,29785.5,29787.75,29783.0,29784.25,136.0,2026-09
2026-09-18 12:56:00,CME_MINI:NQ1!,29784.5,29784.5,29777.75,29782.5,200.0,2026-09
2026-09-18 12:57:00,CME_MINI:NQ1!,29782.0,29782.75,29774.75,29780.25,198.0,2026-09
2026-09-18 12:58:00,CME_MINI:NQ1!,29779.75,29780.5,29770.0,29773.0,199.0,2026-09
2026-09-18 12:59:00,CME_MINI:NQ1!,29773.5,29776.75,29770.0,29776.5,191.0,2026-09
2026-09-18 13:00:00,CME_MINI:NQ1!,29776.25,29776.75,29768.25,29773.25,412.0,2026-09
2026-09-18 13:01:00,CME_MINI:NQ1!,29773.25,29783.5,29771.5,29772.25,308.0,2026-09
2026-09-18 13:02:00,CME_MINI:NQ1!,29772.0,29776.25,29764.25,29766.75,535.0,2026-09
2026-09-18 13:03:00,CME_MINI:NQ1!,29766.75,29772.0,29765.75,29772.0,208.0,2026-09
2026-09-18 13:04:00,CME_MINI:NQ1!,29771.5,29775.25,29770.25,29771.75,216.0,2026-09
2026-09-18 13:05:00,CME_MINI:NQ1!,29772.0,29776.5,29770.75,29775.5,180.0,2026-09
2026-09-18 13:06:00,CME_MINI:NQ1!,29775.75,29782.0,29775.25,29776.25,208.0,2026-09
2026-09-18 13:07:00,CME_MINI:NQ1!,29775.5,29779.5,29774.0,29779.5,170.0,2026-09
2026-09-18 13:08:00,CME_MINI:NQ1!,29778.0,29788.5,29778.0,29786.75,398.0,2026-09
2026-09-18 13:09:00,CME_MINI:NQ1!,29786.75,29788.0,29782.0,29786.0,194.0,2026-09
2026-09-18 13:10:00,CME_MINI:NQ1!,29785.75,29789.75,29784.0,29785.0,271.0,2026-09
2026-09-18 13:11:00,CME_MINI:NQ1!,29786.5,29790.75,29785.75,29788.25,174.0,2026-09
2026-09-18 13:12:00,CME_MINI:NQ1!,29787.5,29789.75,29783.0,29784.25,129.0,2026-09
2026-09-18 13:13:00,CME_MINI:NQ1!,29783.75,29788.0,29783.0,29785.25,213.0,2026-09
2026-09-18 13:14:00,CME_MINI:NQ1!,29786.5,29788.5,29785.5,29786.25,139.0,2026-09
2026-09-18 13:15:00,CME_MINI:NQ1!,29786.75,29788.25,29785.25,29785.75,145.0,2026-09
2026-09-18 13:16:00,CME_MINI:NQ1!,29785.75,29792.75,29785.5,29792.0,353.0,2026-09
2026-09-18 13:17:00,CME_MINI:NQ1!,29792.5,29794.0,29790.25,29791.75,329.0,2026-09
2026-09-18 13:18:00,CME_MINI:NQ1!,29791.25,29796.25,29788.5,29789.75,380.0,2026-09
2026-09-18 13:19:00,CME_MINI:NQ1!,29789.25,29794.25,29788.0,29793.5,183.0,2026-09
2026-09-18 13:20:00,CME_MINI:NQ1!,29793.25,29794.25,29790.5,29791.75,261.0,2026-09
2026-09-18 13:21:00,CME_MINI:NQ1!,29791.5,29793.0,29786.75,29791.75,230.0,2026-09
2026-09-18 13:22:00,CME_MINI:NQ1!,29791.75,29794.25,29786.0,29787.0,313.0,2026-09
2026-09-18 13:23:00,CME_MINI:NQ1!,29787.25,29787.25,29780.75,29781.5,339.0,2026-09
2026-09-18 13:24:00,CME_MINI:NQ1!,29781.75,29784.0,29768.5,29768.75,585.0,2026-09
2026-09-18 13:25:00,CME_MINI:NQ1!,29768.75,29768.75,29751.75,29760.5,1431.0,2026-09
2026-09-18 13:26:00,CME_MINI:NQ1!,29760.5,29760.5,29751.0,29754.75,754.0,2026-09
2026-09-18 13:27:00,CME_MINI:NQ1!,29755.5,29793.25,29744.75,29788.75,2385.0,2026-09
2026-09-18 13:28:00,CME_MINI:NQ1!,29787.25,29809.0,29787.25,29796.5,2583.0,2026-09
2026-09-18 13:29:00,CME_MINI:NQ1!,29796.5,29819.5,29791.25,29814.25,2889.0,2026-09
2026-09-18 13:30:00,CME_MINI:NQ1!,29814.0,29832.5,29803.5,29814.0,6455.0,2026-09
2026-09-18 13:31:00,CME_MINI:NQ1!,29814.0,29842.0,29812.0,29841.0,3492.0,2026-09
2026-09-18 13:32:00,CME_MINI:NQ1!,29840.5,29840.5,29808.75,29811.75,3148.0,2026-09
2026-09-18 13:33:00,CME_MINI:NQ1!,29812.0,29821.75,29801.5,29815.0,2300.0,2026-09
2026-09-18 13:34:00,CME_MINI:NQ1!,29815.0,29823.75,29804.25,29810.75,1738.0,2026-09
2026-09-18 13:35:00,CME_MINI:NQ1!,29811.25,29818.25,29798.0,29815.5,3328.0,2026-09
2026-09-18 13:36:00,CME_MINI:NQ1!,29816.5,29837.25,29811.0,29832.75,2139.0,2026-09
2026-09-18 13:37:00,CME_MINI:NQ1!,29832.75,29838.25,29822.5,29837.75,1464.0,2026-09
2026-09-18 13:38:00,CME_MINI:NQ1!,29837.25,29837.25,29823.75,29829.0,1385.0,2026-09
2026-09-18 13:39:00,CME_MINI:NQ1!,29830.0,29839.75,29829.25,29836.25,1234.0,2026-09
2026-09-18 13:40:00,CME_MINI:NQ1!,29835.75,29844.75,29826.25,29829.0,1880.0,2026-09
2026-09-18 13:41:00,CME_MINI:NQ1!,29829.0,29844.25,29823.75,29840.75,1699.0,2026-09
2026-09-18 13:42:00,CME_MINI:NQ1!,29840.5,29840.5,29829.0,29830.0,1181.0,2026-09
2026-09-18 13:43:00,CME_MINI:NQ1!,29830.75,29832.75,29802.75,29805.5,1847.0,2026-09
2026-09-18 13:44:00,CME_MINI:NQ1!,29805.25,29817.25,29802.25,29816.75,1559.0,2026-09
2026-09-18 13:45:00,CME_MINI:NQ1!,29817.5,29836.75,29811.0,29833.75,2043.0,2026-09
2026-09-18 13:46:00,CME_MINI:NQ1!,29834.0,29838.25,29825.5,29825.75,1280.0,2026-09
2026-09-18 13:47:00,CME_MINI:NQ1!,29826.25,29826.75,29808.0,29809.25,1410.0,2026-09
2026-09-18 13:48:00,CME_MINI:NQ1!,29809.5,29812.75,29796.5,29798.75,1704.0,2026-09
2026-09-18 13:49:00,CME_MINI:NQ1!,29798.25,29806.25,29791.25,29795.25,1372.0,2026-09
2026-09-18 13:50:00,CME_MINI:NQ1!,29795.25,29795.5,29785.0,29792.0,1585.0,2026-09
2026-09-18 13:51:00,CME_MINI:NQ1!,29791.75,29795.75,29781.75,29795.0,1434.0,2026-09
2026-09-18 13:52:00,CME_MINI:NQ1!,29795.25,29805.0,29788.75,29804.75,1437.0,2026-09
2026-09-18 13:53:00,CME_MINI:NQ1!,29804.5,29805.75,29788.0,29793.75,1231.0,2026-09
2026-09-18 13:54:00,CME_MINI:NQ1!,29793.75,29799.0,29778.75,29782.75,1601.0,2026-09
2026-09-18 13:55:00,CME_MINI:NQ1!,29782.75,29789.5,29770.0,29784.75,1698.0,2026-09
2026-09-18 13:56:00,CME_MINI:NQ1!,29785.75,29788.75,29776.0,29778.75,921.0,2026-09
2026-09-18 13:57:00,CME_MINI:NQ1!,29778.5,29783.75,29768.75,29777.25,1203.0,2026-09
2026-09-18 13:58:00,CME_MINI:NQ1!,29778.25,29787.75,29773.25,29773.75,979.0,2026-09
2026-09-18 13:59:00,CME_MINI:NQ1!,29773.5,29779.25,29765.75,29776.75,1207.0,2026-09
2026-09-18 14:00:00,CME_MINI:NQ1!,29776.25,29783.75,29764.0,29775.0,1969.0,2026-09
2026-09-18 14:01:00,CME_MINI:NQ1!,29775.5,29783.25,29751.0,29751.0,2054.0,2026-09
2026-09-18 14:02:00,CME_MINI:NQ1!,29752.0,29753.25,29729.75,29732.5,2641.0,2026-09
2026-09-18 14:03:00,CME_MINI:NQ1!,29733.0,29738.25,29727.5,29730.25,1886.0,2026-09
2026-09-18 14:04:00,CME_MINI:NQ1!,29729.0,29737.25,29723.25,29728.25,1669.0,2026-09
2026-09-18 14:05:00,CME_MINI:NQ1!,29728.25,29739.0,29714.5,29738.0,2507.0,2026-09
2026-09-18 14:06:00,CME_MINI:NQ1!,29738.25,29747.5,29734.5,29741.5,1898.0,2026-09
2026-09-18 14:07:00,CME_MINI:NQ1!,29741.75,29741.75,29715.5,29720.25,1954.0,2026-09
2026-09-18 14:08:00,CME_MINI:NQ1!,29719.5,29726.0,29711.75,29722.5,1501.0,2026-09
2026-09-18 14:09:00,CME_MINI:NQ1!,29723.5,29740.75,29717.5,29740.25,1388.0,2026-09
2026-09-18 14:10:00,CME_MINI:NQ1!,29739.75,29754.5,29738.75,29754.25,1845.0,2026-09
2026-09-18 14:11:00,CME_MINI:NQ1!,29754.5,29756.25,29745.5,29754.5,1572.0,2026-09
2026-09-18 14:12:00,CME_MINI:NQ1!,29755.25,29755.75,29739.0,29744.25,1546.0,2026-09
2026-09-18 14:13:00,CME_MINI:NQ1!,29744.75,29747.25,29724.5,29731.75,2202.0,2026-09
2026-09-18 14:14:00,CME_MINI:NQ1!,29732.0,29734.25,29717.0,29719.25,1333.0,2026-09
2026-09-18 14:15:00,CME_MINI:NQ1!,29719.25,29726.75,29714.25,29717.25,1606.0,2026-09
2026-09-18 14:16:00,CME_MINI:NQ1!,29717.25,29719.0,29692.75,29698.5,2733.0,2026-09
2026-09-18 14:17:00,CME_MINI:NQ1!,29698.25,29716.25,29695.0,29713.5,1876.0,2026-09
2026-09-18 14:18:00,CME_MINI:NQ1!,29713.25,29724.0,29712.25,29723.0,1459.0,2026-09
2026-09-18 14:19:00,CME_MINI:NQ1!,29723.5,29726.25,29716.75,29725.25,1098.0,2026-09
2026-09-18 14:20:00,CME_MINI:NQ1!,29724.75,29729.5,29717.25,29722.0,1422.0,2026-09
2026-09-18 14:21:00,CME_MINI:NQ1!,29721.75,29732.25,29717.25,29728.0,1065.0,2026-09
2026-09-18 14:22:00,CME_MINI:NQ1!,29728.0,29747.75,29726.75,29745.5,2050.0,2026-09
2026-09-18 14:23:00,CME_MINI:NQ1!,29745.0,29746.75,29733.75,29745.25,1090.0,2026-09
2026-09-18 14:24:00,CME_MINI:NQ1!,29745.75,29745.75,29730.5,29732.5,1306.0,2026-09
2026-09-18 14:25:00,CME_MINI:NQ1!,29732.75,29738.75,29724.75,29731.5,1144.0,2026-09
2026-09-18 14:26:00,CME_MINI:NQ1!,29731.0,29736.5,29725.75,29726.0,766.0,2026-09
2026-09-18 14:27:00,CME_MINI:NQ1!,29726.75,29740.0,29724.25,29737.0,916.0,2026-09
2026-09-18 14:28:00,CME_MINI:NQ1!,29737.25,29745.5,29733.75,29734.0,1008.0,2026-09
2026-09-18 14:29:00,CME_MINI:NQ1!,29735.0,29736.25,29727.75,29728.75,725.0,2026-09
2026-09-18 14:30:00,CME_MINI:NQ1!,29728.25,29738.25,29724.25,29728.25,1371.0,2026-09
2026-09-18 14:31:00,CME_MINI:NQ1!,29728.0,29731.5,29717.5,29720.25,1129.0,2026-09
2026-09-18 14:32:00,CME_MINI:NQ1!,29720.75,29726.0,29716.25,29720.25,975.0,2026-09
2026-09-18 14:33:00,CME_MINI:NQ1!,29720.75,29725.75,29712.25,29723.25,932.0,2026-09
2026-09-18 14:34:00,CME_MINI:NQ1!,29723.25,29728.0,29717.5,29725.75,801.0,2026-09
2026-09-18 14:35:00,CME_MINI:NQ1!,29726.75,29731.25,29720.75,29724.0,798.0,2026-09
2026-09-18 14:36:00,CME_MINI:NQ1!,29724.25,29725.0,29710.5,29714.75,1040.0,2026-09
2026-09-18 14:37:00,CME_MINI:NQ1!,29715.25,29729.75,29713.0,29725.25,856.0,2026-09
2026-09-18 14:38:00,CME_MINI:NQ1!,29725.25,29733.0,29724.25,29732.25,695.0,2026-09
2026-09-18 14:39:00,CME_MINI:NQ1!,29732.25,29752.25,29729.5,29734.5,2570.0,2026-09
2026-09-18 14:40:00,CME_MINI:NQ1!,29734.25,29736.5,29730.0,29733.5,736.0,2026-09
2026-09-18 14:41:00,CME_MINI:NQ1!,29733.75,29736.75,29723.75,29727.5,951.0,2026-09
2026-09-18 14:42:00,CME_MINI:NQ1!,29728.75,29730.25,29702.75,29711.5,1402.0,2026-09
2026-09-18 14:43:00,CME_MINI:NQ1!,29712.25,29713.25,29704.25,29711.0,846.0,2026-09
2026-09-18 14:44:00,CME_MINI:NQ1!,29711.25,29716.25,29707.25,29714.25,668.0,2026-09
2026-09-18 14:45:00,CME_MINI:NQ1!,29715.0,29715.25,29707.0,29712.25,730.0,2026-09
2026-09-18 14:46:00,CME_MINI:NQ1!,29711.75,29729.5,29711.5,29725.75,1270.0,2026-09
2026-09-18 14:47:00,CME_MINI:NQ1!,29724.5,29735.75,29722.5,29728.0,916.0,2026-09
2026-09-18 14:48:00,CME_MINI:NQ1!,29728.0,29732.5,29724.5,29732.0,560.0,2026-09
2026-09-18 14:49:00,CME_MINI:NQ1!,29731.75,29744.0,29731.0,29742.5,1042.0,2026-09
2026-09-18 14:50:00,CME_MINI:NQ1!,29742.25,29750.25,29735.0,29749.25,1248.0,2026-09
2026-09-18 14:51:00,CME_MINI:NQ1!,29749.5,29759.0,29746.25,29755.5,1741.0,2026-09
2026-09-18 14:52:00,CME_MINI:NQ1!,29756.25,29766.75,29754.5,29761.25,1541.0,2026-09
2026-09-18 14:53:00,CME_MINI:NQ1!,29761.5,29765.5,29758.25,29763.75,935.0,2026-09
2026-09-18 14:54:00,CME_MINI:NQ1!,29764.0,29766.0,29757.0,29763.5,943.0,2026-09
2026-09-18 14:55:00,CME_MINI:NQ1!,29764.0,29767.25,29754.5,29755.25,1104.0,2026-09
2026-09-18 14:56:00,CME_MINI:NQ1!,29756.0,29760.0,29752.25,29756.25,774.0,2026-09
2026-09-18 14:57:00,CME_MINI:NQ1!,29756.0,29756.75,29751.25,29753.5,860.0,2026-09
2026-09-18 14:58:00,CME_MINI:NQ1!,29753.0,29756.75,29747.5,29751.25,845.0,2026-09
2026-09-18 14:59:00,CME_MINI:NQ1!,29751.5,29759.75,29750.75,29758.25,819.0,2026-09
2026-09-18 15:00:00,CME_MINI:NQ1!,29758.25,29765.0,29753.0,29756.5,1061.0,2026-09
2026-09-18 15:01:00,CME_MINI:NQ1!,29756.0,29758.25,29745.5,29746.0,844.0,2026-09
2026-09-18 15:02:00,CME_MINI:NQ1!,29746.75,29746.75,29736.25,29744.75,1043.0,2026-09
2026-09-18 15:03:00,CME_MINI:NQ1!,29745.5,29756.5,29741.25,29754.75,997.0,2026-09
2026-09-18 15:04:00,CME_MINI:NQ1!,29755.25,29757.25,29748.25,29751.25,587.0,2026-09
2026-09-18 15:05:00,CME_MINI:NQ1!,29751.25,29764.25,29746.25,29764.25,826.0,2026-09
2026-09-18 15:06:00,CME_MINI:NQ1!,29763.5,29772.5,29755.5,29764.5,1066.0,2026-09
2026-09-18 15:07:00,CME_MINI:NQ1!,29765.25,29768.75,29761.75,29766.0,621.0,2026-09
2026-09-18 15:08:00,CME_MINI:NQ1!,29765.75,29766.75,29757.5,29763.75,559.0,2026-09
2026-09-18 15:09:00,CME_MINI:NQ1!,29764.0,29764.75,29749.25,29749.75,660.0,2026-09
2026-09-18 15:10:00,CME_MINI:NQ1!,29750.25,29754.0,29746.0,29752.5,706.0,2026-09
2026-09-18 15:11:00,CME_MINI:NQ1!,29753.25,29754.25,29735.75,29736.75,1048.0,2026-09
2026-09-18 15:12:00,CME_MINI:NQ1!,29737.25,29739.5,29732.5,29734.0,1034.0,2026-09
2026-09-18 15:13:00,CME_MINI:NQ1!,29734.0,29740.0,29725.0,29737.75,1263.0,2026-09
2026-09-18 15:14:00,CME_MINI:NQ1!,29737.25,29738.75,29727.5,29729.5,493.0,2026-09
2026-09-18 15:15:00,CME_MINI:NQ1!,29730.25,29735.75,29725.75,29732.0,673.0,2026-09
2026-09-18 15:16:00,CME_MINI:NQ1!,29731.5,29735.75,29722.25,29725.5,648.0,2026-09
2026-09-18 15:17:00,CME_MINI:NQ1!,29726.0,29734.5,29723.0,29725.25,577.0,2026-09
2026-09-18 15:18:00,CME_MINI:NQ1!,29726.0,29730.0,29720.25,29724.25,708.0,2026-09
2026-09-18 15:19:00,CME_MINI:NQ1!,29724.25,29735.25,29723.5,29731.0,608.0,2026-09
2026-09-18 15:20:00,CME_MINI:NQ1!,29731.75,29737.5,29727.75,29737.25,648.0,2026-09
2026-09-18 15:21:00,CME_MINI:NQ1!,29737.75,29738.25,29731.25,29731.25,550.0,2026-09
2026-09-18 15:22:00,CME_MINI:NQ1!,29731.75,29735.5,29725.5,29730.25,580.0,2026-09
2026-09-18 15:23:00,CME_MINI:NQ1!,29730.75,29742.25,29730.75,29739.5,911.0,2026-09
2026-09-18 15:24:00,CME_MINI:NQ1!,29739.5,29743.25,29736.5,29738.75,572.0,2026-09
2026-09-18 15:25:00,CME_MINI:NQ1!,29738.75,29747.25,29738.0,29746.0,643.0,2026-09
2026-09-18 15:26:00,CME_MINI:NQ1!,29746.0,29754.5,29745.75,29750.25,897.0,2026-09
2026-09-18 15:27:00,CME_MINI:NQ1!,29750.5,29751.25,29744.75,29747.75,545.0,2026-09
2026-09-18 15:28:00,CME_MINI:NQ1!,29748.0,29752.5,29745.75,29750.25,445.0,2026-09
2026-09-18 15:29:00,CME_MINI:NQ1!,29749.5,29751.5,29743.0,29749.25,620.0,2026-09
2026-09-18 15:30:00,CME_MINI:NQ1!,29749.5,29755.5,29731.5,29737.0,2008.0,2026-09
2026-09-18 15:31:00,CME_MINI:NQ1!,29737.25,29739.25,29730.25,29733.25,1227.0,2026-09
2026-09-18 15:32:00,CME_MINI:NQ1!,29732.75,29738.0,29727.75,29738.0,784.0,2026-09
2026-09-18 15:33:00,CME_MINI:NQ1!,29738.5,29741.5,29730.5,29735.0,667.0,2026-09
2026-09-18 15:34:00,CME_MINI:NQ1!,29734.75,29737.0,29728.75,29735.5,652.0,2026-09
2026-09-18 15:35:00,CME_MINI:NQ1!,29735.75,29739.75,29733.0,29738.5,531.0,2026-09
2026-09-18 15:36:00,CME_MINI:NQ1!,29738.5,29744.0,29733.75,29740.0,709.0,2026-09
2026-09-18 15:37:00,CME_MINI:NQ1!,29740.5,29741.5,29736.0,29736.75,526.0,2026-09
2026-09-18 15:38:00,CME_MINI:NQ1!,29736.25,29737.75,29728.25,29730.25,704.0,2026-09
2026-09-18 15:39:00,CME_MINI:NQ1!,29730.25,29731.25,29721.0,29725.75,803.0,2026-09
2026-09-18 15:40:00,CME_MINI:NQ1!,29725.5,29725.75,29714.75,29714.75,1022.0,2026-09
2026-09-18 15:41:00,CME_MINI:NQ1!,29715.0,29723.5,29710.25,29720.75,1026.0,2026-09
2026-09-18 15:42:00,CME_MINI:NQ1!,29720.5,29723.75,29716.25,29722.75,620.0,2026-09
2026-09-18 15:43:00,CME_MINI:NQ1!,29723.25,29727.75,29722.25,29724.0,544.0,2026-09
2026-09-18 15:44:00,CME_MINI:NQ1!,29725.0,29726.0,29718.25,29723.5,459.0,2026-09
2026-09-18 15:45:00,CME_MINI:NQ1!,29723.75,29727.0,29712.25,29712.25,598.0,2026-09
2026-09-18 15:46:00,CME_MINI:NQ1!,29712.75,29721.0,29712.25,29718.75,618.0,2026-09
2026-09-18 15:47:00,CME_MINI:NQ1!,29718.5,29721.0,29715.75,29721.0,378.0,2026-09
2026-09-18 15:48:00,CME_MINI:NQ1!,29720.75,29726.0,29719.25,29723.75,398.0,2026-09
2026-09-18 15:49:00,CME_MINI:NQ1!,29723.75,29723.75,29718.25,29719.5,333.0,2026-09
2026-09-18 15:50:00,CME_MINI:NQ1!,29720.0,29729.75,29717.0,29729.75,615.0,2026-09
2026-09-18 15:51:00,CME_MINI:NQ1!,29729.75,29730.5,29722.0,29722.5,574.0,2026-09
2026-09-18 15:52:00,CME_MINI:NQ1!,29722.0,29723.0,29715.0,29722.75,558.0,2026-09
2026-09-18 15:53:00,CME_MINI:NQ1!,29723.0,29723.75,29710.0,29710.5,673.0,2026-09
2026-09-18 15:54:00,CME_MINI:NQ1!,29710.75,29714.25,29708.0,29710.25,645.0,2026-09
2026-09-18 15:55:00,CME_MINI:NQ1!,29710.75,29713.75,29708.5,29710.75,510.0,2026-09
2026-09-18 15:56:00,CME_MINI:NQ1!,29710.75,29719.5,29710.5,29717.25,708.0,2026-09
2026-09-18 15:57:00,CME_MINI:NQ1!,29717.25,29720.5,29710.75,29710.75,558.0,2026-09
2026-09-18 15:58:00,CME_MINI:NQ1!,29711.0,29713.0,29705.0,29706.0,692.0,2026-09
2026-09-18 15:59:00,CME_MINI:NQ1!,29705.25,29710.0,29702.75,29708.25,664.0,2026-09
2026-09-18 16:00:00,CME_MINI:NQ1!,29708.5,29709.75,29699.25,29703.25,925.0,2026-09
2026-09-18 16:01:00,CME_MINI:NQ1!,29703.25,29707.0,29701.0,29703.5,526.0,2026-09
2026-09-18 16:02:00,CME_MINI:NQ1!,29703.75,29709.75,29700.75,29707.5,567.0,2026-09
2026-09-18 16:03:00,CME_MINI:NQ1!,29707.75,29711.0,29702.75,29706.5,570.0,2026-09
2026-09-18 16:04:00,CME_MINI:NQ1!,29706.25,29707.25,29702.25,29705.75,399.0,2026-09
2026-09-18 16:05:00,CME_MINI:NQ1!,29706.5,29712.0,29705.75,29711.5,503.0,2026-09
2026-09-18 16:06:00,CME_MINI:NQ1!,29711.0,29716.0,29711.0,29715.0,616.0,2026-09
2026-09-18 16:07:00,CME_MINI:NQ1!,29715.25,29723.0,29714.5,29722.5,580.0,2026-09
2026-09-18 16:08:00,CME_MINI:NQ1!,29722.75,29724.25,29710.0,29710.5,645.0,2026-09
2026-09-18 16:09:00,CME_MINI:NQ1!,29711.25,29715.5,29711.25,29714.25,529.0,2026-09
2026-09-18 16:10:00,CME_MINI:NQ1!,29714.25,29716.75,29712.0,29714.0,404.0,2026-09
2026-09-18 16:11:00,CME_MINI:NQ1!,29714.0,29715.75,29710.25,29712.0,329.0,2026-09
2026-09-18 16:12:00,CME_MINI:NQ1!,29712.5,29719.0,29712.5,29718.25,387.0,2026-09
2026-09-18 16:13:00,CME_MINI:NQ1!,29718.0,29718.75,29709.25,29709.5,388.0,2026-09
2026-09-18 16:14:00,CME_MINI:NQ1!,29709.75,29714.5,29709.0,29709.0,384.0,2026-09
2026-09-18 16:15:00,CME_MINI:NQ1!,29709.25,29711.25,29706.25,29706.5,550.0,2026-09
2026-09-18 16:16:00,CME_MINI:NQ1!,29707.0,29712.75,29704.25,29707.25,625.0,2026-09
2026-09-18 16:17:00,CME_MINI:NQ1!,29707.25,29713.75,29707.25,29710.25,360.0,2026-09
2026-09-18 16:18:00,CME_MINI:NQ1!,29710.0,29722.75,29710.0,29717.75,794.0,2026-09
2026-09-18 16:19:00,CME_MINI:NQ1!,29718.25,29721.25,29716.75,29721.0,330.0,2026-09
2026-09-18 16:20:00,CME_MINI:NQ1!,29721.0,29722.0,29713.75,29716.5,472.0,2026-09
2026-09-18 16:21:00,CME_MINI:NQ1!,29716.5,29719.25,29711.25,29716.0,373.0,2026-09
2026-09-18 16:22:00,CME_MINI:NQ1!,29716.0,29716.5,29709.5,29710.25,330.0,2026-09
2026-09-18 16:23:00,CME_MINI:NQ1!,29710.75,29711.25,29675.25,29677.5,2647.0,2026-09
2026-09-18 16:24:00,CME_MINI:NQ1!,29678.0,29678.5,29669.0,29672.75,1336.0,2026-09
2026-09-18 16:25:00,CME_MINI:NQ1!,29672.75,29673.0,29659.25,29671.75,1460.0,2026-09
2026-09-18 16:26:00,CME_MINI:NQ1!,29671.5,29676.0,29668.5,29669.75,1037.0,2026-09
2026-09-18 16:27:00,CME_MINI:NQ1!,29669.5,29685.0,29669.5,29684.0,847.0,2026-09
2026-09-18 16:28:00,CME_MINI:NQ1!,29684.25,29702.25,29680.75,29691.0,2654.0,2026-09
2026-09-18 16:29:00,CME_MINI:NQ1!,29690.75,29705.25,29688.25,29699.75,1078.0,2026-09
2026-09-18 16:30:00,CME_MINI:NQ1!,29700.0,29711.25,29692.5,29709.0,1239.0,2026-09
2026-09-18 16:31:00,CME_MINI:NQ1!,29709.5,29710.0,29696.25,29698.0,675.0,2026-09
2026-09-18 16:32:00,CME_MINI:NQ1!,29698.0,29704.0,29695.25,29702.0,488.0,2026-09
2026-09-18 16:33:00,CME_MINI:NQ1!,29702.25,29718.25,29699.5,29714.5,1257.0,2026-09
2026-09-18 16:34:00,CME_MINI:NQ1!,29714.5,29721.0,29711.0,29713.75,1065.0,2026-09
2026-09-18 16:35:00,CME_MINI:NQ1!,29714.75,29719.5,29711.5,29715.5,544.0,2026-09
2026-09-18 16:36:00,CME_MINI:NQ1!,29715.25,29719.0,29708.5,29708.75,474.0,2026-09
2026-09-18 16:37:00,CME_MINI:NQ1!,29709.25,29712.0,29704.25,29705.0,696.0,2026-09
2026-09-18 16:38:00,CME_MINI:NQ1!,29704.75,29708.5,29697.25,29702.0,945.0,2026-09
2026-09-18 16:39:00,CME_MINI:NQ1!,29701.75,29712.0,29701.0,29708.75,464.0,2026-09
2026-09-18 16:40:00,CME_MINI:NQ1!,29708.25,29710.75,29705.5,29706.75,313.0,2026-09
2026-09-18 16:41:00,CME_MINI:NQ1!,29707.25,29712.25,29702.25,29703.0,452.0,2026-09
2026-09-18 16:42:00,CME_MINI:NQ1!,29703.75,29716.5,29702.0,29715.5,569.0,2026-09
2026-09-18 16:43:00,CME_MINI:NQ1!,29715.25,29716.75,29710.0,29714.5,347.0,2026-09
2026-09-18 16:44:00,CME_MINI:NQ1!,29713.5,29722.5,29712.75,29716.0,635.0,2026-09
2026-09-18 16:45:00,CME_MINI:NQ1!,29716.5,29718.75,29713.25,29717.5,435.0,2026-09
2026-09-18 16:46:00,CME_MINI:NQ1!,29717.75,29720.0,29709.0,29709.5,344.0,2026-09
2026-09-18 16:47:00,CME_MINI:NQ1!,29709.25,29715.75,29701.0,29712.25,798.0,2026-09
2026-09-18 16:48:00,CME_MINI:NQ1!,29712.25,29712.5,29705.75,29706.0,324.0,2026-09
2026-09-18 16:49:00,CME_MINI:NQ1!,29706.0,29715.25,29705.0,29714.0,495.0,2026-09
2026-09-18 16:50:00,CME_MINI:NQ1!,29713.75,29719.25,29713.75,29715.25,412.0,2026-09
2026-09-18 16:51:00,CME_MINI:NQ1!,29716.0,29723.25,29714.75,29721.5,417.0,2026-09
2026-09-18 16:52:00,CME_MINI:NQ1!,29721.5,29728.0,29720.75,29724.0,808.0,2026-09
2026-09-18 16:53:00,CME_MINI:NQ1!,29724.5,29730.25,29724.5,29728.5,427.0,2026-09
2026-09-18 16:54:00,CME_MINI:NQ1!,29728.5,29730.5,29725.75,29727.75,504.0,2026-09
2026-09-18 16:55:00,CME_MINI:NQ1!,29728.25,29731.25,29725.5,29729.5,464.0,2026-09
2026-09-18 16:56:00,CME_MINI:NQ1!,29730.25,29731.0,29724.0,29727.25,412.0,2026-09
2026-09-18 16:57:00,CME_MINI:NQ1!,29727.0,29730.0,29726.25,29728.25,263.0,2026-09
2026-09-18 16:58:00,CME_MINI:NQ1!,29728.25,29735.0,29724.0,29725.75,924.0,2026-09
2026-09-18 16:59:00,CME_MINI:NQ1!,29725.75,29728.0,29722.0,29727.5,625.0,2026-09
2026-09-18 17:00:00,CME_MINI:NQ1!,29728.0,29729.0,29719.75,29724.5,562.0,2026-09
2026-09-18 17:01:00,CME_MINI:NQ1!,29724.5,29729.5,29724.0,29726.5,368.0,2026-09
2026-09-18 17:02:00,CME_MINI:NQ1!,29726.75,29731.0,29725.75,29728.0,339.0,2026-09
2026-09-18 17:03:00,CME_MINI:NQ1!,29728.5,29735.75,29727.5,29734.5,551.0,2026-09
2026-09-18 17:04:00,CME_MINI:NQ1!,29734.5,29734.5,29729.25,29731.5,384.0,2026-09
2026-09-18 17:05:00,CME_MINI:NQ1!,29731.25,29742.0,29730.75,29738.0,793.0,2026-09
2026-09-18 17:06:00,CME_MINI:NQ1!,29737.75,29741.75,29735.0,29736.5,537.0,2026-09
2026-09-18 17:07:00,CME_MINI:NQ1!,29736.25,29740.0,29735.0,29738.75,351.0,2026-09
2026-09-18 17:08:00,CME_MINI:NQ1!,29739.0,29743.25,29736.5,29737.0,534.0,2026-09
2026-09-18 17:09:00,CME_MINI:NQ1!,29736.75,29739.25,29732.75,29736.75,470.0,2026-09
2026-09-18 17:10:00,CME_MINI:NQ1!,29736.75,29738.5,29728.75,29729.5,685.0,2026-09
2026-09-18 17:11:00,CME_MINI:NQ1!,29729.75,29731.5,29727.0,29731.5,517.0,2026-09
2026-09-18 17:12:00,CME_MINI:NQ1!,29731.75,29731.75,29725.5,29729.75,470.0,2026-09
2026-09-18 17:13:00,CME_MINI:NQ1!,29730.25,29739.5,29729.75,29738.75,514.0,2026-09
2026-09-18 17:14:00,CME_MINI:NQ1!,29738.75,29741.75,29738.5,29741.25,506.0,2026-09
2026-09-18 17:15:00,CME_MINI:NQ1!,29741.5,29749.0,29739.25,29748.5,611.0,2026-09
2026-09-18 17:16:00,CME_MINI:NQ1!,29748.0,29748.25,29740.0,29743.25,552.0,2026-09
2026-09-18 17:17:00,CME_MINI:NQ1!,29743.0,29749.25,29742.0,29748.25,424.0,2026-09
2026-09-18 17:18:00,CME_MINI:NQ1!,29748.0,29748.75,29741.25,29742.75,299.0,2026-09
2026-09-18 17:19:00,CME_MINI:NQ1!,29742.75,29746.25,29741.0,29746.0,333.0,2026-09
2026-09-18 17:20:00,CME_MINI:NQ1!,29746.25,29747.25,29740.5,29741.25,275.0,2026-09
2026-09-18 17:21:00,CME_MINI:NQ1!,29741.0,29743.75,29741.0,29741.5,270.0,2026-09
2026-09-18 17:22:00,CME_MINI:NQ1!,29741.75,29746.25,29738.0,29745.75,502.0,2026-09
2026-09-18 17:23:00,CME_MINI:NQ1!,29745.5,29746.75,29743.5,29746.5,355.0,2026-09
2026-09-18 17:24:00,CME_MINI:NQ1!,29746.5,29748.25,29744.75,29747.75,306.0,2026-09
2026-09-18 17:25:00,CME_MINI:NQ1!,29747.5,29750.75,29746.25,29749.75,467.0,2026-09
2026-09-18 17:26:00,CME_MINI:NQ1!,29749.75,29751.25,29746.75,29749.5,440.0,2026-09
2026-09-18 17:27:00,CME_MINI:NQ1!,29749.25,29751.5,29747.25,29749.75,462.0,2026-09
2026-09-18 17:28:00,CME_MINI:NQ1!,29749.75,29751.25,29743.75,29744.0,464.0,2026-09
2026-09-18 17:29:00,CME_MINI:NQ1!,29744.25,29745.25,29740.25,29741.75,372.0,2026-09
2026-09-18 17:30:00,CME_MINI:NQ1!,29741.5,29741.75,29732.5,29735.0,615.0,2026-09
2026-09-18 17:31:00,CME_MINI:NQ1!,29734.75,29738.0,29733.0,29737.25,411.0,2026-09
2026-09-18 17:32:00,CME_MINI:NQ1!,29736.25,29739.0,29735.25,29738.25,244.0,2026-09
2026-09-18 17:33:00,CME_MINI:NQ1!,29738.0,29738.25,29731.75,29735.0,367.0,2026-09
2026-09-18 17:34:00,CME_MINI:NQ1!,29734.5,29742.0,29734.0,29741.0,476.0,2026-09
2026-09-18 17:35:00,CME_MINI:NQ1!,29741.25,29749.25,29741.25,29748.0,592.0,2026-09
2026-09-18 17:36:00,CME_MINI:NQ1!,29748.25,29754.75,29748.25,29752.5,712.0,2026-09
2026-09-18 17:37:00,CME_MINI:NQ1!,29752.0,29756.0,29750.0,29751.0,441.0,2026-09
2026-09-18 17:38:00,CME_MINI:NQ1!,29751.25,29753.0,29748.5,29752.5,341.0,2026-09
2026-09-18 17:39:00,CME_MINI:NQ1!,29753.0,29755.75,29752.0,29755.5,264.0,2026-09
2026-09-18 17:40:00,CME_MINI:NQ1!,29754.75,29756.75,29753.0,29756.0,332.0,2026-09
2026-09-18 17:41:00,CME_MINI:NQ1!,29756.0,29757.75,29752.75,29755.5,334.0,2026-09
2026-09-18 17:42:00,CME_MINI:NQ1!,29756.0,29757.0,29752.5,29754.75,327.0,2026-09
2026-09-18 17:43:00,CME_MINI:NQ1!,29754.75,29757.0,29753.5,29755.0,293.0,2026-09
2026-09-18 17:44:00,CME_MINI:NQ1!,29755.75,29762.5,29755.75,29762.0,735.0,2026-09
2026-09-18 17:45:00,CME_MINI:NQ1!,29761.75,29763.0,29759.5,29760.0,433.0,2026-09
2026-09-18 17:46:00,CME_MINI:NQ1!,29760.5,29763.0,29759.0,29762.0,365.0,2026-09
2026-09-18 17:47:00,CME_MINI:NQ1!,29762.0,29764.75,29761.75,29762.25,328.0,2026-09
2026-09-18 17:48:00,CME_MINI:NQ1!,29762.5,29764.25,29757.25,29758.5,408.0,2026-09
2026-09-18 17:49:00,CME_MINI:NQ1!,29758.0,29759.75,29757.0,29758.25,327.0,2026-09
2026-09-18 17:50:00,CME_MINI:NQ1!,29758.25,29760.75,29756.5,29760.25,424.0,2026-09
2026-09-18 17:51:00,CME_MINI:NQ1!,29760.0,29765.5,29760.0,29763.75,378.0,2026-09
2026-09-18 17:52:00,CME_MINI:NQ1!,29763.5,29766.75,29762.0,29766.0,322.0,2026-09
2026-09-18 17:53:00,CME_MINI:NQ1!,29765.75,29765.75,29761.5,29762.0,455.0,2026-09
2026-09-18 17:54:00,CME_MINI:NQ1!,29762.25,29764.25,29760.75,29762.0,187.0,2026-09
2026-09-18 17:55:00,CME_MINI:NQ1!,29762.0,29764.5,29759.75,29763.75,386.0,2026-09
2026-09-18 17:56:00,CME_MINI:NQ1!,29763.5,29766.0,29763.25,29765.5,296.0,2026-09
2026-09-18 17:57:00,CME_MINI:NQ1!,29765.5,29768.0,29764.0,29764.5,367.0,2026-09
2026-09-18 17:58:00,CME_MINI:NQ1!,29764.25,29764.75,29761.0,29764.25,329.0,2026-09
2026-09-18 17:59:00,CME_MINI:NQ1!,29764.25,29766.75,29763.0,29763.25,304.0,2026-09
2026-09-18 18:00:00,CME_MINI:NQ1!,29763.0,29765.5,29756.75,29757.0,706.0,2026-09
2026-09-18 18:01:00,CME_MINI:NQ1!,29757.5,29768.75,29756.0,29763.5,669.0,2026-09
2026-09-18 18:02:00,CME_MINI:NQ1!,29763.5,29764.25,29760.5,29761.5,286.0,2026-09
2026-09-18 18:03:00,CME_MINI:NQ1!,29761.5,29762.75,29759.75,29762.75,192.0,2026-09
2026-09-18 18:04:00,CME_MINI:NQ1!,29762.5,29764.0,29760.25,29761.5,256.0,2026-09
2026-09-18 18:05:00,CME_MINI:NQ1!,29761.75,29763.5,29760.25,29763.0,297.0,2026-09
2026-09-18 18:06:00,CME_MINI:NQ1!,29763.0,29763.25,29757.75,29758.0,282.0,2026-09
2026-09-18 18:07:00,CME_MINI:NQ1!,29757.5,29760.25,29756.0,29759.75,347.0,2026-09
2026-09-18 18:08:00,CME_MINI:NQ1!,29760.0,29763.0,29758.25,29758.25,291.0,2026-09
2026-09-18 18:09:00,CME_MINI:NQ1!,29758.75,29759.0,29755.25,29758.25,264.0,2026-09
2026-09-18 18:10:00,CME_MINI:NQ1!,29757.75,29760.0,29755.75,29758.5,303.0,2026-09
2026-09-18 18:11:00,CME_MINI:NQ1!,29758.0,29758.25,29750.75,29755.0,563.0,2026-09
2026-09-18 18:12:00,CME_MINI:NQ1!,29755.0,29755.0,29748.0,29753.5,545.0,2026-09
2026-09-18 18:13:00,CME_MINI:NQ1!,29754.0,29756.5,29751.25,29754.75,477.0,2026-09
2026-09-18 18:14:00,CME_MINI:NQ1!,29755.0,29755.0,29752.0,29753.75,271.0,2026-09
2026-09-18 18:15:00,CME_MINI:NQ1!,29753.25,29756.5,29753.0,29755.75,364.0,2026-09
2026-09-18 18:16:00,CME_MINI:NQ1!,29756.0,29763.0,29756.0,29761.0,462.0,2026-09
2026-09-18 18:17:00,CME_MINI:NQ1!,29761.0,29761.5,29755.75,29757.25,308.0,2026-09
2026-09-18 18:18:00,CME_MINI:NQ1!,29757.5,29761.75,29757.0,29760.25,298.0,2026-09
2026-09-18 18:19:00,CME_MINI:NQ1!,29760.5,29764.75,29759.75,29764.5,388.0,2026-09
2026-09-18 18:20:00,CME_MINI:NQ1!,29764.25,29770.5,29764.0,29769.0,587.0,2026-09
2026-09-18 18:21:00,CME_MINI:NQ1!,29769.0,29777.0,29768.75,29774.75,1092.0,2026-09
2026-09-18 18:22:00,CME_MINI:NQ1!,29774.75,29787.25,29772.75,29784.0,1264.0,2026-09
2026-09-18 18:23:00,CME_MINI:NQ1!,29783.75,29788.0,29777.5,29780.0,926.0,2026-09
2026-09-18 18:24:00,CME_MINI:NQ1!,29779.25,29779.5,29774.5,29776.25,600.0,2026-09
2026-09-18 18:25:00,CME_MINI:NQ1!,29776.25,29778.75,29773.0,29774.5,452.0,2026-09
2026-09-18 18:26:00,CME_MINI:NQ1!,29774.75,29777.5,29772.75,29773.0,233.0,2026-09
2026-09-18 18:27:00,CME_MINI:NQ1!,29773.0,29781.5,29771.75,29777.75,480.0,2026-09
2026-09-18 18:28:00,CME_MINI:NQ1!,29777.75,29778.25,29771.25,29774.25,348.0,2026-09
2026-09-18 18:29:00,CME_MINI:NQ1!,29774.75,29781.25,29774.0,29780.75,263.0,2026-09
2026-09-18 18:30:00,CME_MINI:NQ1!,29780.5,29782.0,29776.0,29776.75,600.0,2026-09
2026-09-18 18:31:00,CME_MINI:NQ1!,29776.75,29778.75,29775.5,29777.75,242.0,2026-09
2026-09-18 18:32:00,CME_MINI:NQ1!,29777.5,29778.75,29776.75,29778.0,202.0,2026-09
2026-09-18 18:33:00,CME_MINI:NQ1!,29777.5,29780.0,29774.5,29779.5,319.0,2026-09
2026-09-18 18:34:00,CME_MINI:NQ1!,29779.75,29785.5,29777.25,29785.0,345.0,2026-09
2026-09-18 18:35:00,CME_MINI:NQ1!,29784.75,29785.75,29780.75,29785.25,435.0,2026-09
2026-09-18 18:36:00,CME_MINI:NQ1!,29785.0,29785.5,29779.5,29781.5,422.0,2026-09
2026-09-18 18:37:00,CME_MINI:NQ1!,29781.25,29781.25,29776.25,29779.75,383.0,2026-09
2026-09-18 18:38:00,CME_MINI:NQ1!,29780.0,29780.0,29773.25,29776.0,356.0,2026-09
2026-09-18 18:39:00,CME_MINI:NQ1!,29775.75,29781.5,29775.75,29780.0,230.0,2026-09
2026-09-18 18:40:00,CME_MINI:NQ1!,29780.0,29780.75,29777.25,29780.0,206.0,2026-09
2026-09-18 18:41:00,CME_MINI:NQ1!,29780.0,29782.75,29778.75,29781.5,233.0,2026-09
2026-09-18 18:42:00,CME_MINI:NQ1!,29781.0,29784.5,29781.0,29783.75,389.0,2026-09
2026-09-18 18:43:00,CME_MINI:NQ1!,29783.75,29789.0,29783.0,29787.75,480.0,2026-09
2026-09-18 18:44:00,CME_MINI:NQ1!,29787.25,29792.5,29786.25,29790.75,679.0,2026-09
2026-09-18 18:45:00,CME_MINI:NQ1!,29791.25,29802.0,29790.5,29801.0,909.0,2026-09
2026-09-18 18:46:00,CME_MINI:NQ1!,29801.25,29818.0,29798.75,29815.25,1701.0,2026-09
2026-09-18 18:47:00,CME_MINI:NQ1!,29815.25,29823.0,29814.25,29819.5,1030.0,2026-09
2026-09-18 18:48:00,CME_MINI:NQ1!,29819.25,29824.5,29817.0,29821.5,702.0,2026-09
2026-09-18 18:49:00,CME_MINI:NQ1!,29821.25,29823.0,29817.5,29819.5,617.0,2026-09
2026-09-18 18:50:00,CME_MINI:NQ1!,29819.25,29826.0,29818.75,29821.25,771.0,2026-09
2026-09-18 18:51:00,CME_MINI:NQ1!,29821.0,29826.25,29821.0,29823.25,603.0,2026-09
2026-09-18 18:52:00,CME_MINI:NQ1!,29823.25,29830.75,29822.75,29828.75,678.0,2026-09
2026-09-18 18:53:00,CME_MINI:NQ1!,29828.25,29847.75,29827.75,29843.25,1660.0,2026-09
2026-09-18 18:54:00,CME_MINI:NQ1!,29843.0,29849.5,29836.25,29837.25,1291.0,2026-09
2026-09-18 18:55:00,CME_MINI:NQ1!,29837.5,29838.0,29828.75,29835.25,982.0,2026-09
2026-09-18 18:56:00,CME_MINI:NQ1!,29835.0,29837.5,29830.25,29831.0,479.0,2026-09
2026-09-18 18:57:00,CME_MINI:NQ1!,29831.0,29837.5,29830.25,29835.75,478.0,2026-09
2026-09-18 18:58:00,CME_MINI:NQ1!,29835.5,29837.75,29832.0,29833.5,882.0,2026-09
2026-09-18 18:59:00,CME_MINI:NQ1!,29833.25,29834.25,29826.5,29832.0,853.0,2026-09
2026-09-18 19:00:00,CME_MINI:NQ1!,29832.25,29839.5,29830.0,29836.25,906.0,2026-09
2026-09-18 19:01:00,CME_MINI:NQ1!,29836.5,29838.25,29829.75,29832.0,534.0,2026-09
2026-09-18 19:02:00,CME_MINI:NQ1!,29832.5,29834.25,29830.75,29832.75,351.0,2026-09
2026-09-18 19:03:00,CME_MINI:NQ1!,29833.0,29839.0,29830.75,29838.5,432.0,2026-09
2026-09-18 19:04:00,CME_MINI:NQ1!,29838.25,29848.25,29838.0,29844.5,1012.0,2026-09
2026-09-18 19:05:00,CME_MINI:NQ1!,29845.0,29847.0,29842.0,29847.0,659.0,2026-09
2026-09-18 19:06:00,CME_MINI:NQ1!,29846.5,29852.25,29840.25,29841.0,934.0,2026-09
2026-09-18 19:07:00,CME_MINI:NQ1!,29840.75,29841.25,29832.25,29833.5,673.0,2026-09
2026-09-18 19:08:00,CME_MINI:NQ1!,29833.5,29839.5,29831.25,29831.25,423.0,2026-09
2026-09-18 19:09:00,CME_MINI:NQ1!,29831.5,29837.5,29831.0,29837.5,297.0,2026-09
2026-09-18 19:10:00,CME_MINI:NQ1!,29837.5,29839.75,29834.75,29834.75,325.0,2026-09
2026-09-18 19:11:00,CME_MINI:NQ1!,29835.25,29840.5,29834.0,29840.0,326.0,2026-09
2026-09-18 19:12:00,CME_MINI:NQ1!,29840.25,29844.75,29836.5,29844.0,467.0,2026-09
2026-09-18 19:13:00,CME_MINI:NQ1!,29844.0,29844.0,29833.5,29835.25,616.0,2026-09
2026-09-18 19:14:00,CME_MINI:NQ1!,29834.25,29837.25,29830.0,29835.0,662.0,2026-09
2026-09-18 19:15:00,CME_MINI:NQ1!,29834.75,29836.5,29832.0,29835.5,312.0,2026-09
2026-09-18 19:16:00,CME_MINI:NQ1!,29835.0,29838.0,29832.75,29835.5,341.0,2026-09
2026-09-18 19:17:00,CME_MINI:NQ1!,29836.25,29839.0,29832.75,29837.25,319.0,2026-09
2026-09-18 19:18:00,CME_MINI:NQ1!,29837.0,29840.5,29836.25,29837.75,328.0,2026-09
2026-09-18 19:19:00,CME_MINI:NQ1!,29837.75,29840.0,29834.0,29837.75,420.0,2026-09
2026-09-18 19:20:00,CME_MINI:NQ1!,29837.75,29838.5,29832.25,29838.0,431.0,2026-09
2026-09-18 19:21:00,CME_MINI:NQ1!,29837.75,29846.0,29837.5,29840.5,623.0,2026-09
2026-09-18 19:22:00,CME_MINI:NQ1!,29841.0,29841.75,29838.0,29838.75,284.0,2026-09
2026-09-18 19:23:00,CME_MINI:NQ1!,29839.25,29843.0,29839.0,29841.5,793.0,2026-09
2026-09-18 19:24:00,CME_MINI:NQ1!,29841.25,29844.0,29836.75,29840.25,547.0,2026-09
2026-09-18 19:25:00,CME_MINI:NQ1!,29840.75,29842.25,29835.25,29836.25,361.0,2026-09
2026-09-18 19:26:00,CME_MINI:NQ1!,29836.0,29837.25,29833.25,29836.5,351.0,2026-09
2026-09-18 19:27:00,CME_MINI:NQ1!,29836.5,29840.0,29835.5,29838.75,267.0,2026-09
2026-09-18 19:28:00,CME_MINI:NQ1!,29838.75,29839.75,29835.75,29838.75,327.0,2026-09
2026-09-18 19:29:00,CME_MINI:NQ1!,29838.75,29839.5,29829.25,29831.25,650.0,2026-09
2026-09-18 19:30:00,CME_MINI:NQ1!,29831.5,29834.0,29822.75,29827.75,1004.0,2026-09
2026-09-18 19:31:00,CME_MINI:NQ1!,29827.5,29830.75,29824.25,29824.75,552.0,2026-09
2026-09-18 19:32:00,CME_MINI:NQ1!,29824.5,29828.75,29824.5,29825.5,366.0,2026-09
2026-09-18 19:33:00,CME_MINI:NQ1!,29825.5,29827.75,29823.5,29826.0,380.0,2026-09
2026-09-18 19:34:00,CME_MINI:NQ1!,29826.0,29827.25,29823.75,29826.0,437.0,2026-09
2026-09-18 19:35:00,CME_MINI:NQ1!,29825.5,29829.75,29824.25,29825.75,415.0,2026-09
2026-09-18 19:36:00,CME_MINI:NQ1!,29825.5,29832.0,29825.5,29831.0,420.0,2026-09
2026-09-18 19:37:00,CME_MINI:NQ1!,29830.75,29840.5,29830.0,29839.25,885.0,2026-09
2026-09-18 19:38:00,CME_MINI:NQ1!,29838.75,29842.25,29838.25,29841.25,515.0,2026-09
2026-09-18 19:39:00,CME_MINI:NQ1!,29841.25,29843.75,29838.0,29840.25,573.0,2026-09
2026-09-18 19:40:00,CME_MINI:NQ1!,29840.5,29842.75,29836.75,29840.0,668.0,2026-09
2026-09-18 19:41:00,CME_MINI:NQ1!,29840.0,29845.25,29839.25,29843.75,632.0,2026-09
2026-09-18 19:42:00,CME_MINI:NQ1!,29843.5,29847.5,29841.0,29843.25,542.0,2026-09
2026-09-18 19:43:00,CME_MINI:NQ1!,29843.25,29849.5,29842.5,29848.25,566.0,2026-09
2026-09-18 19:44:00,CME_MINI:NQ1!,29848.0,29853.25,29847.25,29852.25,542.0,2026-09
2026-09-18 19:45:00,CME_MINI:NQ1!,29852.75,29857.25,29850.0,29854.75,1234.0,2026-09
2026-09-18 19:46:00,CME_MINI:NQ1!,29854.5,29858.25,29852.25,29857.25,765.0,2026-09
2026-09-18 19:47:00,CME_MINI:NQ1!,29857.0,29868.0,29856.5,29862.25,1190.0,2026-09
2026-09-18 19:48:00,CME_MINI:NQ1!,29861.75,29865.75,29861.5,29865.0,587.0,2026-09
2026-09-18 19:49:00,CME_MINI:NQ1!,29865.5,29873.0,29865.5,29872.75,1128.0,2026-09
2026-09-18 19:50:00,CME_MINI:NQ1!,29872.25,29888.75,29866.75,29876.0,3457.0,2026-09
2026-09-18 19:51:00,CME_MINI:NQ1!,29875.75,29878.75,29864.0,29864.75,1428.0,2026-09
2026-09-18 19:52:00,CME_MINI:NQ1!,29865.5,29871.75,29862.25,29867.5,1371.0,2026-09
2026-09-18 19:53:00,CME_MINI:NQ1!,29867.5,29872.75,29866.0,29871.0,921.0,2026-09
2026-09-18 19:54:00,CME_MINI:NQ1!,29870.5,29878.0,29864.75,29877.5,2023.0,2026-09
2026-09-18 19:55:00,CME_MINI:NQ1!,29877.75,29928.0,29877.5,29907.5,4600.0,2026-09
2026-09-18 19:56:00,CME_MINI:NQ1!,29907.25,29913.25,29905.75,29910.25,1587.0,2026-09
2026-09-18 19:57:00,CME_MINI:NQ1!,29909.75,29937.75,29908.5,29937.25,2476.0,2026-09
2026-09-18 19:58:00,CME_MINI:NQ1!,29937.0,29937.0,29916.25,29918.5,3782.0,2026-09
2026-09-18 19:59:00,CME_MINI:NQ1!,29918.25,29923.75,29910.25,29916.5,12572.0,2026-09
2026-09-18 20:00:00,CME_MINI:NQ1!,29916.25,29932.25,29912.25,29930.5,4283.0,2026-09
2026-09-18 20:01:00,CME_MINI:NQ1!,29930.25,29934.75,29923.25,29932.25,1626.0,2026-09
2026-09-18 20:02:00,CME_MINI:NQ1!,29932.25,29951.25,29931.25,29942.0,1827.0,2026-09
2026-09-18 20:03:00,CME_MINI:NQ1!,29942.0,29952.75,29937.75,29948.25,972.0,2026-09
2026-09-18 20:04:00,CME_MINI:NQ1!,29948.25,29951.0,29945.0,29947.0,686.0,2026-09
2026-09-18 20:05:00,CME_MINI:NQ1!,29947.0,29951.0,29942.0,29949.5,749.0,2026-09
2026-09-18 20:06:00,CME_MINI:NQ1!,29949.75,29950.0,29941.75,29944.5,413.0,2026-09
2026-09-18 20:07:00,CME_MINI:NQ1!,29944.25,29948.25,29942.5,29946.25,351.0,2026-09
2026-09-18 20:08:00,CME_MINI:NQ1!,29946.5,29949.25,29943.5,29944.25,383.0,2026-09
2026-09-18 20:09:00,CME_MINI:NQ1!,29944.5,29945.5,29939.25,29944.75,719.0,2026-09
2026-09-18 20:10:00,CME_MINI:NQ1!,29944.5,29980.5,29944.5,29980.25,1482.0,2026-09
2026-09-18 20:11:00,CME_MINI:NQ1!,29980.0,29989.25,29976.5,29985.75,1141.0,2026-09
2026-09-18 20:12:00,CME_MINI:NQ1!,29985.75,29993.25,29976.5,29980.75,738.0,2026-09
2026-09-18 20:13:00,CME_MINI:NQ1!,29981.0,29982.5,29975.25,29975.75,471.0,2026-09
2026-09-18 20:14:00,CME_MINI:NQ1!,29976.25,29977.0,29968.75,29970.0,410.0,2026-09
2026-09-18 20:15:00,CME_MINI:NQ1!,29970.5,29975.25,29966.5,29972.25,403.0,2026-09
2026-09-18 20:16:00,CME_MINI:NQ1!,29972.0,29972.75,29968.0,29970.5,260.0,2026-09
2026-09-18 20:17:00,CME_MINI:NQ1!,29970.5,29974.75,29969.75,29973.75,261.0,2026-09
2026-09-18 20:18:00,CME_MINI:NQ1!,29975.0,29975.0,29966.0,29967.5,186.0,2026-09
2026-09-18 20:19:00,CME_MINI:NQ1!,29968.0,29969.5,29965.0,29966.0,210.0,2026-09
2026-09-18 20:20:00,CME_MINI:NQ1!,29966.75,29973.0,29966.25,29967.5,302.0,2026-09
2026-09-18 20:21:00,CME_MINI:NQ1!,29968.5,29968.5,29962.5,29963.75,332.0,2026-09
2026-09-18 20:22:00,CME_MINI:NQ1!,29964.25,29966.5,29961.25,29962.0,365.0,2026-09
2026-09-18 20:23:00,CME_MINI:NQ1!,29962.75,29966.0,29962.5,29963.25,107.0,2026-09
2026-09-18 20:24:00,CME_MINI:NQ1!,29962.75,29966.75,29960.25,29964.75,138.0,2026-09
2026-09-18 20:25:00,CME_MINI:NQ1!,29964.25,29970.25,29964.0,29967.75,231.0,2026-09
2026-09-18 20:26:00,CME_MINI:NQ1!,29968.0,29969.0,29965.75,29965.75,89.0,2026-09
2026-09-18 20:27:00,CME_MINI:NQ1!,29965.5,29968.5,29965.25,29967.5,65.0,2026-09
2026-09-18 20:28:00,CME_MINI:NQ1!,29967.75,29969.75,29966.25,29969.0,92.0,2026-09
2026-09-18 20:29:00,CME_MINI:NQ1!,29969.0,29969.25,29965.5,29967.25,167.0,2026-09
2026-09-18 20:30:00,CME_MINI:NQ1!,29968.5,29969.75,29966.75,29967.75,132.0,2026-09
2026-09-18 20:31:00,CME_MINI:NQ1!,29968.0,29968.0,29963.75,29967.0,142.0,2026-09
2026-09-18 20:32:00,CME_MINI:NQ1!,29966.5,29966.5,29963.25,29964.0,129.0,2026-09
2026-09-18 20:33:00,CME_MINI:NQ1!,29963.75,29965.5,29963.0,29963.25,77.0,2026-09
2026-09-18 20:34:00,CME_MINI:NQ1!,29964.5,29974.0,29964.5,29966.25,329.0,2026-09
2026-09-18 20:35:00,CME_MINI:NQ1!,29966.0,29966.75,29961.5,29962.25,94.0,2026-09
2026-09-18 20:36:00,CME_MINI:NQ1!,29962.0,29964.5,29961.5,29964.5,42.0,2026-09
2026-09-18 20:37:00,CME_MINI:NQ1!,29963.5,29963.5,29958.0,29958.5,144.0,2026-09
2026-09-18 20:38:00,CME_MINI:NQ1!,29958.75,29959.5,29956.5,29958.75,104.0,2026-09
2026-09-18 20:39:00,CME_MINI:NQ1!,29959.0,29967.75,29958.0,29966.25,243.0,2026-09
2026-09-18 20:40:00,CME_MINI:NQ1!,29966.5,29973.75,29966.5,29971.75,141.0,2026-09
2026-09-18 20:41:00,CME_MINI:NQ1!,29972.0,29975.75,29971.5,29973.75,181.0,2026-09
2026-09-18 20:42:00,CME_MINI:NQ1!,29973.75,29974.25,29968.25,29973.25,159.0,2026-09
2026-09-18 20:43:00,CME_MINI:NQ1!,29972.0,29974.75,29971.25,29974.0,66.0,2026-09
2026-09-18 20:44:00,CME_MINI:NQ1!,29973.5,29975.25,29972.0,29974.75,89.0,2026-09
2026-09-18 20:45:00,CME_MINI:NQ1!,29974.25,29981.25,29973.5,29980.25,181.0,2026-09
2026-09-18 20:46:00,CME_MINI:NQ1!,29980.5,29986.5,29980.0,29985.0,193.0,2026-09
2026-09-18 20:47:00,CME_MINI:NQ1!,29984.5,29986.0,29979.25,29981.0,222.0,2026-09
2026-09-18 20:48:00,CME_MINI:NQ1!,29980.5,29982.25,29977.25,29978.25,97.0,2026-09
2026-09-18 20:49:00,CME_MINI:NQ1!,29978.25,29980.75,29976.75,29977.75,112.0,2026-09
2026-09-18 20:50:00,CME_MINI:NQ1!,29977.25,29980.0,29976.75,29980.0,109.0,2026-09
2026-09-18 20:51:00,CME_MINI:NQ1!,29980.0,29981.75,29977.25,29977.25,81.0,2026-09
2026-09-18 20:52:00,CME_MINI:NQ1!,29977.5,29978.0,29970.75,29972.5,191.0,2026-09
2026-09-18 20:53:00,CME_MINI:NQ1!,29971.5,29971.5,29965.0,29965.0,131.0,2026-09
2026-09-18 20:54:00,CME_MINI:NQ1!,29965.75,29965.75,29958.25,29959.25,131.0,2026-09
2026-09-18 20:55:00,CME_MINI:NQ1!,29959.75,29962.0,29959.5,29959.5,114.0,2026-09
2026-09-18 20:56:00,CME_MINI:NQ1!,29959.5,29960.0,29957.5,29957.75,91.0,2026-09
2026-09-18 20:57:00,CME_MINI:NQ1!,29957.5,29958.25,29955.25,29957.25,164.0,2026-09
2026-09-18 20:58:00,CME_MINI:NQ1!,29957.0,29957.5,29953.0,29955.0,163.0,2026-09
2026-09-18 20:59:00,CME_MINI:NQ1!,29954.25,29955.5,29950.0,29955.0,200.0,2026-09
