datetime,symbol,open,high,low,close,volume,year_month
2026-07-01 00:00:00,CME_MINI:ES1!,7545.0,7547.25,7544.5,7547.0,476.0,2026-07
2026-07-01 00:01:00,CME_MINI:ES1!,7546.75,7547.5,7545.0,7545.75,279.0,2026-07
2026-07-01 00:02:00,CME_MINI:ES1!,7545.75,7547.5,7544.25,7544.25,233.0,2026-07
2026-07-01 00:03:00,CME_MINI:ES1!,7544.0,7546.75,7543.75,7546.25,159.0,2026-07
2026-07-01 00:04:00,CME_MINI:ES1!,7546.0,7546.25,7545.0,7546.0,110.0,2026-07
2026-07-01 00:05:00,CME_MINI:ES1!,7546.0,7546.5,7543.75,7545.0,137.0,2026-07
2026-07-01 00:06:00,CME_MINI:ES1!,7545.25,7546.75,7543.5,7544.0,267.0,2026-07
2026-07-01 00:07:00,CME_MINI:ES1!,7543.75,7544.75,7543.25,7544.25,212.0,2026-07
2026-07-01 00:08:00,CME_MINI:ES1!,7544.5,7545.0,7543.5,7545.0,206.0,2026-07
2026-07-01 00:09:00,CME_MINI:ES1!,7545.0,7545.0,7543.75,7544.5,247.0,2026-07
2026-07-01 00:10:00,CME_MINI:ES1!,7544.75,7546.0,7544.0,7546.0,152.0,2026-07
2026-07-01 00:11:00,CME_MINI:ES1!,7546.0,7546.0,7544.25,7544.25,117.0,2026-07
2026-07-01 00:12:00,CME_MINI:ES1!,7544.0,7545.0,7543.5,7544.5,126.0,2026-07
2026-07-01 00:13:00,CME_MINI:ES1!,7544.5,7545.5,7544.0,7545.0,61.0,2026-07
2026-07-01 00:14:00,CME_MINI:ES1!,7545.0,7545.0,7543.5,7544.25,89.0,2026-07
2026-07-01 00:15:00,CME_MINI:ES1!,7544.5,7545.5,7543.0,7543.5,255.0,2026-07
2026-07-01 00:16:00,CME_MINI:ES1!,7543.25,7545.25,7543.25,7544.75,152.0,2026-07
2026-07-01 00:17:00,CME_MINI:ES1!,7544.75,7546.0,7544.5,7544.75,146.0,2026-07
2026-07-01 00:18:00,CME_MINI:ES1!,7544.25,7544.25,7544.0,7544.25,71.0,2026-07
2026-07-01 00:19:00,CME_MINI:ES1!,7544.25,7544.75,7543.75,7543.75,59.0,2026-07
2026-07-01 00:20:00,CME_MINI:ES1!,7543.75,7545.25,7543.75,7544.75,84.0,2026-07
2026-07-01 00:21:00,CME_MINI:ES1!,7545.0,7545.5,7543.25,7543.25,114.0,2026-07
2026-07-01 00:22:00,CME_MINI:ES1!,7543.0,7543.25,7541.75,7542.75,293.0,2026-07
2026-07-01 00:23:00,CME_MINI:ES1!,7542.75,7543.0,7542.0,7542.75,154.0,2026-07
2026-07-01 00:24:00,CME_MINI:ES1!,7542.75,7544.5,7542.5,7544.0,189.0,2026-07
2026-07-01 00:25:00,CME_MINI:ES1!,7543.75,7543.75,7542.75,7543.25,148.0,2026-07
2026-07-01 00:26:00,CME_MINI:ES1!,7543.25,7543.75,7542.75,7542.75,72.0,2026-07
2026-07-01 00:27:00,CME_MINI:ES1!,7542.75,7544.25,7542.75,7544.0,183.0,2026-07
2026-07-01 00:28:00,CME_MINI:ES1!,7544.0,7545.25,7544.0,7545.25,117.0,2026-07
2026-07-01 00:29:00,CME_MINI:ES1!,7545.5,7546.0,7544.5,7545.25,201.0,2026-07
2026-07-01 00:30:00,CME_MINI:ES1!,7545.5,7546.75,7545.25,7546.25,168.0,2026-07
2026-07-01 00:31:00,CME_MINI:ES1!,7546.25,7547.25,7545.75,7546.5,195.0,2026-07
2026-07-01 00:32:00,CME_MINI:ES1!,7546.75,7548.25,7546.25,7548.0,239.0,2026-07
2026-07-01 00:33:00,CME_MINI:ES1!,7548.0,7548.25,7547.75,7548.25,125.0,2026-07
2026-07-01 00:34:00,CME_MINI:ES1!,7548.25,7548.25,7547.5,7547.5,102.0,2026-07
2026-07-01 00:35:00,CME_MINI:ES1!,7547.75,7547.75,7545.75,7546.0,149.0,2026-07
2026-07-01 00:36:00,CME_MINI:ES1!,7546.0,7547.5,7546.0,7547.25,173.0,2026-07
2026-07-01 00:37:00,CME_MINI:ES1!,7547.0,7548.0,7546.75,7547.5,118.0,2026-07
2026-07-01 00:38:00,CME_MINI:ES1!,7547.5,7548.0,7547.25,7547.5,75.0,2026-07
2026-07-01 00:39:00,CME_MINI:ES1!,7547.75,7548.0,7547.25,7547.25,179.0,2026-07
2026-07-01 00:40:00,CME_MINI:ES1!,7547.5,7548.75,7547.5,7548.25,87.0,2026-07
2026-07-01 00:41:00,CME_MINI:ES1!,7548.25,7548.25,7547.25,7547.25,101.0,2026-07
2026-07-01 00:42:00,CME_MINI:ES1!,7547.5,7547.75,7547.0,7547.5,55.0,2026-07
2026-07-01 00:43:00,CME_MINI:ES1!,7547.5,7547.75,7547.5,7547.75,47.0,2026-07
2026-07-01 00:44:00,CME_MINI:ES1!,7547.75,7547.75,7547.0,7547.5,51.0,2026-07
2026-07-01 00:45:00,CME_MINI:ES1!,7547.5,7548.0,7547.25,7547.5,100.0,2026-07
2026-07-01 00:46:00,CME_MINI:ES1!,7547.5,7548.25,7547.5,7547.75,88.0,2026-07
2026-07-01 00:47:00,CME_MINI:ES1!,7547.75,7548.0,7547.0,7548.0,77.0,2026-07
2026-07-01 00:48:00,CME_MINI:ES1!,7547.75,7548.0,7547.25,7547.75,56.0,2026-07
2026-07-01 00:49:00,CME_MINI:ES1!,7547.75,7549.25,7547.75,7549.25,118.0,2026-07
2026-07-01 00:50:00,CME_MINI:ES1!,7549.0,7549.0,7548.0,7548.75,102.0,2026-07
2026-07-01 00:51:00,CME_MINI:ES1!,7548.5,7549.25,7548.25,7548.5,74.0,2026-07
2026-07-01 00:52:00,CME_MINI:ES1!,7548.75,7548.75,7547.5,7548.75,122.0,2026-07
2026-07-01 00:53:00,CME_MINI:ES1!,7548.5,7548.5,7547.5,7547.5,78.0,2026-07
2026-07-01 00:54:00,CME_MINI:ES1!,7547.5,7547.5,7545.5,7545.75,291.0,2026-07
2026-07-01 00:55:00,CME_MINI:ES1!,7546.0,7546.75,7546.0,7546.5,138.0,2026-07
2026-07-01 00:56:00,CME_MINI:ES1!,7546.5,7546.75,7545.75,7546.75,79.0,2026-07
2026-07-01 00:57:00,CME_MINI:ES1!,7546.75,7547.75,7546.25,7547.0,133.0,2026-07
2026-07-01 00:58:00,CME_MINI:ES1!,7547.0,7547.0,7545.5,7545.75,97.0,2026-07
2026-07-01 00:59:00,CME_MINI:ES1!,7545.75,7545.75,7544.75,7545.0,210.0,2026-07
2026-07-01 01:00:00,CME_MINI:ES1!,7545.0,7545.75,7544.75,7545.0,273.0,2026-07
2026-07-01 01:01:00,CME_MINI:ES1!,7545.0,7545.5,7544.0,7545.25,201.0,2026-07
2026-07-01 01:02:00,CME_MINI:ES1!,7545.25,7545.25,7542.75,7543.25,304.0,2026-07
2026-07-01 01:03:00,CME_MINI:ES1!,7543.5,7543.75,7542.25,7542.5,167.0,2026-07
2026-07-01 01:04:00,CME_MINI:ES1!,7542.75,7542.75,7539.75,7540.0,505.0,2026-07
2026-07-01 01:05:00,CME_MINI:ES1!,7540.0,7541.0,7539.75,7540.75,284.0,2026-07
2026-07-01 01:06:00,CME_MINI:ES1!,7540.5,7541.5,7539.5,7539.75,267.0,2026-07
2026-07-01 01:07:00,CME_MINI:ES1!,7540.0,7541.0,7539.75,7540.5,144.0,2026-07
2026-07-01 01:08:00,CME_MINI:ES1!,7540.5,7540.5,7539.0,7539.25,203.0,2026-07
2026-07-01 01:09:00,CME_MINI:ES1!,7539.25,7539.75,7538.75,7539.25,239.0,2026-07
2026-07-01 01:10:00,CME_MINI:ES1!,7539.0,7539.25,7537.0,7538.0,511.0,2026-07
2026-07-01 01:11:00,CME_MINI:ES1!,7538.0,7538.25,7537.25,7537.75,169.0,2026-07
2026-07-01 01:12:00,CME_MINI:ES1!,7537.75,7538.5,7535.75,7536.0,528.0,2026-07
2026-07-01 01:13:00,CME_MINI:ES1!,7536.0,7537.25,7534.75,7537.25,458.0,2026-07
2026-07-01 01:14:00,CME_MINI:ES1!,7537.5,7539.75,7537.25,7539.5,375.0,2026-07
2026-07-01 01:15:00,CME_MINI:ES1!,7539.5,7540.75,7538.0,7538.75,372.0,2026-07
2026-07-01 01:16:00,CME_MINI:ES1!,7538.5,7538.5,7535.25,7535.75,273.0,2026-07
2026-07-01 01:17:00,CME_MINI:ES1!,7536.0,7537.5,7534.5,7535.0,263.0,2026-07
2026-07-01 01:18:00,CME_MINI:ES1!,7535.25,7537.0,7535.0,7536.5,341.0,2026-07
2026-07-01 01:19:00,CME_MINI:ES1!,7536.75,7537.5,7536.25,7537.25,119.0,2026-07
2026-07-01 01:20:00,CME_MINI:ES1!,7537.25,7538.0,7535.75,7537.5,208.0,2026-07
2026-07-01 01:21:00,CME_MINI:ES1!,7537.5,7538.25,7536.75,7537.25,118.0,2026-07
2026-07-01 01:22:00,CME_MINI:ES1!,7537.5,7538.75,7536.75,7538.25,141.0,2026-07
2026-07-01 01:23:00,CME_MINI:ES1!,7538.5,7538.75,7538.0,7538.25,127.0,2026-07
2026-07-01 01:24:00,CME_MINI:ES1!,7538.5,7539.0,7536.75,7537.0,159.0,2026-07
2026-07-01 01:25:00,CME_MINI:ES1!,7537.0,7537.75,7536.25,7536.25,147.0,2026-07
2026-07-01 01:26:00,CME_MINI:ES1!,7536.0,7537.75,7536.0,7537.0,163.0,2026-07
2026-07-01 01:27:00,CME_MINI:ES1!,7537.0,7537.25,7536.25,7536.25,115.0,2026-07
2026-07-01 01:28:00,CME_MINI:ES1!,7536.0,7537.25,7535.75,7537.25,91.0,2026-07
2026-07-01 01:29:00,CME_MINI:ES1!,7537.25,7537.5,7536.75,7536.75,104.0,2026-07
2026-07-01 01:30:00,CME_MINI:ES1!,7536.75,7538.75,7536.5,7537.0,390.0,2026-07
2026-07-01 01:31:00,CME_MINI:ES1!,7536.75,7537.25,7534.0,7534.25,341.0,2026-07
2026-07-01 01:32:00,CME_MINI:ES1!,7534.25,7536.5,7534.25,7535.75,266.0,2026-07
2026-07-01 01:33:00,CME_MINI:ES1!,7536.0,7536.0,7534.5,7534.75,103.0,2026-07
2026-07-01 01:34:00,CME_MINI:ES1!,7535.0,7535.5,7534.25,7535.0,101.0,2026-07
2026-07-01 01:35:00,CME_MINI:ES1!,7535.0,7535.75,7534.75,7535.75,87.0,2026-07
2026-07-01 01:36:00,CME_MINI:ES1!,7535.5,7536.75,7534.75,7535.75,159.0,2026-07
2026-07-01 01:37:00,CME_MINI:ES1!,7535.75,7536.0,7534.75,7536.0,149.0,2026-07
2026-07-01 01:38:00,CME_MINI:ES1!,7535.75,7537.5,7535.75,7536.75,189.0,2026-07
2026-07-01 01:39:00,CME_MINI:ES1!,7536.5,7537.0,7535.75,7536.0,139.0,2026-07
2026-07-01 01:40:00,CME_MINI:ES1!,7536.0,7536.25,7534.5,7535.75,153.0,2026-07
2026-07-01 01:41:00,CME_MINI:ES1!,7535.5,7535.75,7535.0,7535.5,109.0,2026-07
2026-07-01 01:42:00,CME_MINI:ES1!,7535.5,7535.75,7534.75,7535.25,72.0,2026-07
2026-07-01 01:43:00,CME_MINI:ES1!,7535.25,7535.5,7535.0,7535.5,77.0,2026-07
2026-07-01 01:44:00,CME_MINI:ES1!,7535.5,7535.5,7534.75,7535.25,70.0,2026-07
2026-07-01 01:45:00,CME_MINI:ES1!,7535.25,7536.25,7534.75,7535.5,100.0,2026-07
2026-07-01 01:46:00,CME_MINI:ES1!,7535.0,7535.75,7534.75,7535.25,82.0,2026-07
2026-07-01 01:47:00,CME_MINI:ES1!,7535.25,7535.75,7534.75,7535.0,87.0,2026-07
2026-07-01 01:48:00,CME_MINI:ES1!,7534.75,7534.75,7532.5,7533.25,405.0,2026-07
2026-07-01 01:49:00,CME_MINI:ES1!,7533.0,7533.75,7532.5,7533.75,122.0,2026-07
2026-07-01 01:50:00,CME_MINI:ES1!,7533.75,7533.75,7532.5,7532.75,191.0,2026-07
2026-07-01 01:51:00,CME_MINI:ES1!,7532.5,7533.0,7532.25,7532.75,97.0,2026-07
2026-07-01 01:52:00,CME_MINI:ES1!,7532.75,7533.25,7531.75,7533.0,293.0,2026-07
2026-07-01 01:53:00,CME_MINI:ES1!,7533.0,7534.25,7532.5,7533.5,192.0,2026-07
2026-07-01 01:54:00,CME_MINI:ES1!,7533.5,7533.75,7532.75,7533.75,112.0,2026-07
2026-07-01 01:55:00,CME_MINI:ES1!,7533.75,7535.25,7533.75,7534.75,178.0,2026-07
2026-07-01 01:56:00,CME_MINI:ES1!,7534.75,7535.5,7534.75,7535.0,154.0,2026-07
2026-07-01 01:57:00,CME_MINI:ES1!,7535.0,7535.0,7533.25,7533.25,157.0,2026-07
2026-07-01 01:58:00,CME_MINI:ES1!,7533.25,7533.5,7532.5,7533.5,157.0,2026-07
2026-07-01 01:59:00,CME_MINI:ES1!,7533.25,7533.75,7532.5,7532.5,138.0,2026-07
2026-07-01 02:00:00,CME_MINI:ES1!,7532.75,7533.25,7532.0,7532.25,243.0,2026-07
2026-07-01 02:01:00,CME_MINI:ES1!,7532.5,7532.5,7531.0,7531.25,297.0,2026-07
2026-07-01 02:02:00,CME_MINI:ES1!,7531.25,7531.75,7530.5,7531.5,338.0,2026-07
2026-07-01 02:03:00,CME_MINI:ES1!,7531.25,7532.0,7530.75,7531.75,217.0,2026-07
2026-07-01 02:04:00,CME_MINI:ES1!,7531.75,7532.0,7531.0,7531.0,117.0,2026-07
2026-07-01 02:05:00,CME_MINI:ES1!,7531.0,7531.0,7528.75,7528.75,491.0,2026-07
2026-07-01 02:06:00,CME_MINI:ES1!,7528.75,7528.75,7527.25,7527.25,447.0,2026-07
2026-07-01 02:07:00,CME_MINI:ES1!,7527.5,7528.0,7527.0,7527.75,370.0,2026-07
2026-07-01 02:08:00,CME_MINI:ES1!,7527.5,7527.75,7526.0,7526.75,627.0,2026-07
2026-07-01 02:09:00,CME_MINI:ES1!,7526.75,7527.0,7525.25,7527.0,360.0,2026-07
2026-07-01 02:10:00,CME_MINI:ES1!,7527.0,7527.25,7525.5,7526.0,311.0,2026-07
2026-07-01 02:11:00,CME_MINI:ES1!,7526.25,7527.25,7526.0,7526.0,237.0,2026-07
2026-07-01 02:12:00,CME_MINI:ES1!,7526.0,7527.0,7525.25,7526.75,255.0,2026-07
2026-07-01 02:13:00,CME_MINI:ES1!,7526.75,7527.25,7523.75,7524.25,560.0,2026-07
2026-07-01 02:14:00,CME_MINI:ES1!,7524.25,7524.25,7522.0,7524.0,776.0,2026-07
2026-07-01 02:15:00,CME_MINI:ES1!,7523.75,7523.75,7517.5,7522.75,1893.0,2026-07
2026-07-01 02:16:00,CME_MINI:ES1!,7522.75,7524.5,7522.5,7524.0,405.0,2026-07
2026-07-01 02:17:00,CME_MINI:ES1!,7524.25,7526.0,7524.0,7526.0,268.0,2026-07
2026-07-01 02:18:00,CME_MINI:ES1!,7525.75,7526.5,7524.75,7525.25,215.0,2026-07
2026-07-01 02:19:00,CME_MINI:ES1!,7525.5,7525.75,7524.25,7525.5,201.0,2026-07
2026-07-01 02:20:00,CME_MINI:ES1!,7525.75,7526.0,7524.25,7526.0,125.0,2026-07
2026-07-01 02:21:00,CME_MINI:ES1!,7526.0,7527.25,7525.75,7527.0,222.0,2026-07
2026-07-01 02:22:00,CME_MINI:ES1!,7526.75,7527.25,7526.5,7527.0,155.0,2026-07
2026-07-01 02:23:00,CME_MINI:ES1!,7526.75,7526.75,7526.0,7526.75,130.0,2026-07
2026-07-01 02:24:00,CME_MINI:ES1!,7526.75,7526.75,7525.75,7526.25,123.0,2026-07
2026-07-01 02:25:00,CME_MINI:ES1!,7526.5,7526.5,7525.25,7525.5,178.0,2026-07
2026-07-01 02:26:00,CME_MINI:ES1!,7525.25,7528.0,7525.25,7527.75,242.0,2026-07
2026-07-01 02:27:00,CME_MINI:ES1!,7527.5,7527.5,7526.25,7526.25,168.0,2026-07
2026-07-01 02:28:00,CME_MINI:ES1!,7526.5,7527.5,7526.0,7526.75,104.0,2026-07
2026-07-01 02:29:00,CME_MINI:ES1!,7526.75,7528.0,7526.75,7528.0,104.0,2026-07
2026-07-01 02:30:00,CME_MINI:ES1!,7528.0,7528.25,7527.75,7528.0,136.0,2026-07
2026-07-01 02:31:00,CME_MINI:ES1!,7528.25,7529.25,7526.5,7526.75,271.0,2026-07
2026-07-01 02:32:00,CME_MINI:ES1!,7527.0,7527.5,7526.5,7527.25,142.0,2026-07
2026-07-01 02:33:00,CME_MINI:ES1!,7527.25,7527.75,7526.75,7527.75,136.0,2026-07
2026-07-01 02:34:00,CME_MINI:ES1!,7527.75,7528.25,7526.0,7526.25,201.0,2026-07
2026-07-01 02:35:00,CME_MINI:ES1!,7526.25,7527.5,7526.25,7527.25,110.0,2026-07
2026-07-01 02:36:00,CME_MINI:ES1!,7527.25,7528.25,7527.25,7528.0,159.0,2026-07
2026-07-01 02:37:00,CME_MINI:ES1!,7527.75,7528.0,7527.25,7527.25,60.0,2026-07
2026-07-01 02:38:00,CME_MINI:ES1!,7527.5,7528.0,7527.25,7528.0,84.0,2026-07
2026-07-01 02:39:00,CME_MINI:ES1!,7528.25,7528.25,7528.0,7528.0,56.0,2026-07
2026-07-01 02:40:00,CME_MINI:ES1!,7528.0,7528.0,7527.5,7527.75,86.0,2026-07
2026-07-01 02:41:00,CME_MINI:ES1!,7528.0,7528.75,7528.0,7528.5,101.0,2026-07
2026-07-01 02:42:00,CME_MINI:ES1!,7528.5,7529.5,7528.5,7529.25,123.0,2026-07
2026-07-01 02:43:00,CME_MINI:ES1!,7529.25,7531.0,7529.25,7530.25,552.0,2026-07
2026-07-01 02:44:00,CME_MINI:ES1!,7530.25,7530.25,7529.5,7530.25,143.0,2026-07
2026-07-01 02:45:00,CME_MINI:ES1!,7530.5,7530.5,7529.75,7530.0,131.0,2026-07
2026-07-01 02:46:00,CME_MINI:ES1!,7530.0,7530.0,7529.25,7529.5,222.0,2026-07
2026-07-01 02:47:00,CME_MINI:ES1!,7529.5,7529.75,7528.75,7529.5,247.0,2026-07
2026-07-01 02:48:00,CME_MINI:ES1!,7529.5,7530.25,7529.25,7529.5,105.0,2026-07
2026-07-01 02:49:00,CME_MINI:ES1!,7529.5,7529.75,7529.25,7529.25,74.0,2026-07
2026-07-01 02:50:00,CME_MINI:ES1!,7529.0,7529.25,7528.5,7528.75,111.0,2026-07
2026-07-01 02:51:00,CME_MINI:ES1!,7529.0,7529.0,7528.0,7528.25,116.0,2026-07
2026-07-01 02:52:00,CME_MINI:ES1!,7528.25,7528.25,7527.5,7528.0,215.0,2026-07
2026-07-01 02:53:00,CME_MINI:ES1!,7528.0,7528.5,7527.0,7528.5,123.0,2026-07
2026-07-01 02:54:00,CME_MINI:ES1!,7528.5,7529.75,7528.5,7529.5,160.0,2026-07
2026-07-01 02:55:00,CME_MINI:ES1!,7529.5,7529.5,7529.0,7529.5,51.0,2026-07
2026-07-01 02:56:00,CME_MINI:ES1!,7529.5,7529.5,7528.5,7528.5,60.0,2026-07
2026-07-01 02:57:00,CME_MINI:ES1!,7528.5,7529.5,7528.5,7528.75,123.0,2026-07
2026-07-01 02:58:00,CME_MINI:ES1!,7528.5,7529.0,7528.25,7529.0,82.0,2026-07
2026-07-01 02:59:00,CME_MINI:ES1!,7529.0,7529.5,7529.0,7529.0,83.0,2026-07
2026-07-01 03:00:00,CME_MINI:ES1!,7529.0,7529.5,7528.5,7529.0,144.0,2026-07
2026-07-01 03:01:00,CME_MINI:ES1!,7528.75,7529.25,7528.5,7528.75,116.0,2026-07
2026-07-01 03:02:00,CME_MINI:ES1!,7528.75,7530.5,7528.75,7530.0,116.0,2026-07
2026-07-01 03:03:00,CME_MINI:ES1!,7530.0,7530.25,7529.5,7530.0,63.0,2026-07
2026-07-01 03:04:00,CME_MINI:ES1!,7530.0,7530.0,7529.0,7529.75,135.0,2026-07
2026-07-01 03:05:00,CME_MINI:ES1!,7529.5,7530.0,7529.0,7529.75,81.0,2026-07
2026-07-01 03:06:00,CME_MINI:ES1!,7530.0,7530.25,7529.75,7530.25,72.0,2026-07
2026-07-01 03:07:00,CME_MINI:ES1!,7530.5,7531.5,7530.25,7531.5,133.0,2026-07
2026-07-01 03:08:00,CME_MINI:ES1!,7531.25,7531.5,7530.5,7531.0,291.0,2026-07
2026-07-01 03:09:00,CME_MINI:ES1!,7531.0,7531.25,7530.5,7531.25,218.0,2026-07
2026-07-01 03:10:00,CME_MINI:ES1!,7531.25,7531.75,7531.25,7531.5,170.0,2026-07
2026-07-01 03:11:00,CME_MINI:ES1!,7531.5,7532.5,7531.5,7532.25,199.0,2026-07
2026-07-01 03:12:00,CME_MINI:ES1!,7532.25,7532.75,7532.25,7532.5,185.0,2026-07
2026-07-01 03:13:00,CME_MINI:ES1!,7532.25,7533.0,7532.25,7532.75,125.0,2026-07
2026-07-01 03:14:00,CME_MINI:ES1!,7533.0,7533.25,7532.5,7532.75,87.0,2026-07
2026-07-01 03:15:00,CME_MINI:ES1!,7532.5,7532.75,7532.25,7532.5,103.0,2026-07
2026-07-01 03:16:00,CME_MINI:ES1!,7532.5,7533.25,7531.0,7531.25,163.0,2026-07
2026-07-01 03:17:00,CME_MINI:ES1!,7531.0,7531.25,7530.0,7530.25,244.0,2026-07
2026-07-01 03:18:00,CME_MINI:ES1!,7530.0,7530.5,7528.5,7530.5,315.0,2026-07
2026-07-01 03:19:00,CME_MINI:ES1!,7530.5,7531.0,7530.0,7530.5,167.0,2026-07
2026-07-01 03:20:00,CME_MINI:ES1!,7530.5,7530.75,7529.75,7530.5,144.0,2026-07
2026-07-01 03:21:00,CME_MINI:ES1!,7530.5,7530.75,7529.0,7529.0,128.0,2026-07
2026-07-01 03:22:00,CME_MINI:ES1!,7529.0,7529.25,7528.25,7528.5,120.0,2026-07
2026-07-01 03:23:00,CME_MINI:ES1!,7528.5,7529.0,7528.25,7528.5,98.0,2026-07
2026-07-01 03:24:00,CME_MINI:ES1!,7528.75,7528.75,7527.75,7528.25,123.0,2026-07
2026-07-01 03:25:00,CME_MINI:ES1!,7528.0,7528.0,7527.0,7527.75,191.0,2026-07
2026-07-01 03:26:00,CME_MINI:ES1!,7528.0,7528.25,7527.5,7527.5,109.0,2026-07
2026-07-01 03:27:00,CME_MINI:ES1!,7527.25,7527.5,7526.75,7527.5,140.0,2026-07
2026-07-01 03:28:00,CME_MINI:ES1!,7527.5,7527.75,7527.25,7527.25,39.0,2026-07
2026-07-01 03:29:00,CME_MINI:ES1!,7527.25,7527.75,7527.0,7527.5,40.0,2026-07
2026-07-01 03:30:00,CME_MINI:ES1!,7527.75,7528.5,7527.25,7528.5,81.0,2026-07
2026-07-01 03:31:00,CME_MINI:ES1!,7528.0,7528.5,7526.75,7527.25,93.0,2026-07
2026-07-01 03:32:00,CME_MINI:ES1!,7527.25,7527.25,7526.25,7527.25,111.0,2026-07
2026-07-01 03:33:00,CME_MINI:ES1!,7527.25,7528.25,7527.25,7528.0,108.0,2026-07
2026-07-01 03:34:00,CME_MINI:ES1!,7527.75,7528.0,7527.25,7528.0,71.0,2026-07
2026-07-01 03:35:00,CME_MINI:ES1!,7527.75,7529.75,7527.75,7529.75,113.0,2026-07
2026-07-01 03:36:00,CME_MINI:ES1!,7529.75,7531.0,7529.25,7531.0,115.0,2026-07
2026-07-01 03:37:00,CME_MINI:ES1!,7530.75,7531.75,7530.25,7530.5,115.0,2026-07
2026-07-01 03:38:00,CME_MINI:ES1!,7530.25,7531.75,7530.25,7531.0,136.0,2026-07
2026-07-01 03:39:00,CME_MINI:ES1!,7530.75,7531.75,7530.5,7531.25,92.0,2026-07
2026-07-01 03:40:00,CME_MINI:ES1!,7531.5,7531.75,7530.5,7531.25,98.0,2026-07
2026-07-01 03:41:00,CME_MINI:ES1!,7531.25,7532.0,7530.0,7531.25,302.0,2026-07
2026-07-01 03:42:00,CME_MINI:ES1!,7530.75,7530.75,7529.5,7529.75,127.0,2026-07
2026-07-01 03:43:00,CME_MINI:ES1!,7529.5,7530.25,7529.25,7530.25,44.0,2026-07
2026-07-01 03:44:00,CME_MINI:ES1!,7530.0,7530.25,7529.0,7529.5,76.0,2026-07
2026-07-01 03:45:00,CME_MINI:ES1!,7529.25,7530.25,7529.25,7529.75,56.0,2026-07
2026-07-01 03:46:00,CME_MINI:ES1!,7530.0,7531.75,7530.0,7531.5,70.0,2026-07
2026-07-01 03:47:00,CME_MINI:ES1!,7531.5,7532.0,7531.5,7531.5,79.0,2026-07
2026-07-01 03:48:00,CME_MINI:ES1!,7531.75,7532.0,7531.5,7531.75,44.0,2026-07
2026-07-01 03:49:00,CME_MINI:ES1!,7531.75,7532.75,7531.5,7532.5,100.0,2026-07
2026-07-01 03:50:00,CME_MINI:ES1!,7532.5,7533.75,7532.5,7533.5,200.0,2026-07
2026-07-01 03:51:00,CME_MINI:ES1!,7533.5,7533.75,7533.25,7533.5,99.0,2026-07
2026-07-01 03:52:00,CME_MINI:ES1!,7533.5,7534.0,7533.5,7533.5,78.0,2026-07
2026-07-01 03:53:00,CME_MINI:ES1!,7533.5,7533.75,7533.0,7533.0,59.0,2026-07
2026-07-01 03:54:00,CME_MINI:ES1!,7533.25,7533.25,7532.75,7532.75,72.0,2026-07
2026-07-01 03:55:00,CME_MINI:ES1!,7532.75,7532.75,7531.5,7532.5,119.0,2026-07
2026-07-01 03:56:00,CME_MINI:ES1!,7532.5,7533.0,7532.25,7533.0,80.0,2026-07
2026-07-01 03:57:00,CME_MINI:ES1!,7532.75,7532.75,7532.5,7532.75,23.0,2026-07
2026-07-01 03:58:00,CME_MINI:ES1!,7532.5,7532.75,7532.25,7532.25,29.0,2026-07
2026-07-01 03:59:00,CME_MINI:ES1!,7532.25,7532.75,7532.25,7532.5,29.0,2026-07
2026-07-01 04:00:00,CME_MINI:ES1!,7532.5,7532.75,7530.75,7530.75,124.0,2026-07
2026-07-01 04:01:00,CME_MINI:ES1!,7531.0,7531.0,7529.0,7529.5,325.0,2026-07
2026-07-01 04:02:00,CME_MINI:ES1!,7529.5,7529.75,7528.25,7528.5,214.0,2026-07
2026-07-01 04:03:00,CME_MINI:ES1!,7528.75,7529.25,7528.5,7529.0,85.0,2026-07
2026-07-01 04:04:00,CME_MINI:ES1!,7529.25,7530.25,7529.0,7529.75,74.0,2026-07
2026-07-01 04:05:00,CME_MINI:ES1!,7530.0,7530.5,7529.75,7530.25,79.0,2026-07
2026-07-01 04:06:00,CME_MINI:ES1!,7530.25,7530.75,7529.75,7530.0,61.0,2026-07
2026-07-01 04:07:00,CME_MINI:ES1!,7529.75,7531.25,7529.75,7530.75,83.0,2026-07
2026-07-01 04:08:00,CME_MINI:ES1!,7530.75,7531.0,7530.5,7530.5,81.0,2026-07
2026-07-01 04:09:00,CME_MINI:ES1!,7530.5,7530.75,7530.0,7530.0,29.0,2026-07
2026-07-01 04:10:00,CME_MINI:ES1!,7530.25,7530.75,7529.75,7529.75,109.0,2026-07
2026-07-01 04:11:00,CME_MINI:ES1!,7530.0,7530.0,7529.25,7529.5,53.0,2026-07
2026-07-01 04:12:00,CME_MINI:ES1!,7529.75,7529.75,7529.25,7529.5,62.0,2026-07
2026-07-01 04:13:00,CME_MINI:ES1!,7529.5,7529.75,7529.25,7529.5,29.0,2026-07
2026-07-01 18:33:00,CME_MINI:ES1!,7556.0,7557.0,7555.25,7555.5,698.0,2026-07
2026-07-01 18:34:00,CME_MINI:ES1!,7555.75,7557.25,7555.5,7556.75,660.0,2026-07
2026-07-01 18:35:00,CME_MINI:ES1!,7556.75,7558.5,7556.5,7557.75,1191.0,2026-07
2026-07-01 18:36:00,CME_MINI:ES1!,7557.75,7558.0,7555.75,7556.5,826.0,2026-07
2026-07-01 18:37:00,CME_MINI:ES1!,7556.5,7557.5,7555.75,7555.75,839.0,2026-07
2026-07-01 18:38:00,CME_MINI:ES1!,7555.75,7557.0,7555.5,7556.0,913.0,2026-07
2026-07-01 18:39:00,CME_MINI:ES1!,7556.0,7557.5,7556.0,7557.25,781.0,2026-07
2026-07-01 18:40:00,CME_MINI:ES1!,7557.25,7558.0,7556.25,7556.25,1034.0,2026-07
2026-07-01 18:41:00,CME_MINI:ES1!,7556.25,7556.25,7555.25,7555.75,970.0,2026-07
2026-07-01 18:42:00,CME_MINI:ES1!,7555.75,7557.0,7555.75,7556.0,812.0,2026-07
2026-07-01 18:43:00,CME_MINI:ES1!,7556.0,7556.75,7555.5,7556.25,836.0,2026-07
2026-07-01 18:44:00,CME_MINI:ES1!,7556.25,7557.0,7555.5,7556.5,1081.0,2026-07
2026-07-01 18:45:00,CME_MINI:ES1!,7556.5,7557.0,7555.5,7556.0,821.0,2026-07
2026-07-01 18:46:00,CME_MINI:ES1!,7556.0,7556.25,7554.5,7554.75,1290.0,2026-07
2026-07-01 18:47:00,CME_MINI:ES1!,7554.75,7555.0,7552.25,7552.75,1988.0,2026-07
2026-07-01 18:48:00,CME_MINI:ES1!,7552.75,7553.75,7551.25,7553.5,2344.0,2026-07
2026-07-01 18:49:00,CME_MINI:ES1!,7553.25,7554.5,7553.0,7554.25,1847.0,2026-07
2026-07-01 18:50:00,CME_MINI:ES1!,7554.0,7554.75,7553.0,7553.25,1818.0,2026-07
2026-07-01 18:51:00,CME_MINI:ES1!,7553.25,7554.75,7553.25,7553.75,1321.0,2026-07
2026-07-01 18:52:00,CME_MINI:ES1!,7553.75,7554.25,7552.75,7553.0,1135.0,2026-07
2026-07-01 18:53:00,CME_MINI:ES1!,7552.75,7554.25,7550.25,7551.25,3836.0,2026-07
2026-07-01 18:54:00,CME_MINI:ES1!,7551.5,7551.75,7549.25,7549.5,1671.0,2026-07
2026-07-01 18:55:00,CME_MINI:ES1!,7549.5,7551.25,7549.25,7550.25,1442.0,2026-07
2026-07-01 18:56:00,CME_MINI:ES1!,7550.25,7550.5,7549.5,7550.25,1574.0,2026-07
2026-07-01 18:57:00,CME_MINI:ES1!,7550.5,7552.75,7550.0,7552.25,1636.0,2026-07
2026-07-01 18:58:00,CME_MINI:ES1!,7552.25,7553.25,7551.75,7552.75,1387.0,2026-07
2026-07-01 18:59:00,CME_MINI:ES1!,7552.5,7554.0,7552.5,7553.5,1317.0,2026-07
2026-07-01 19:00:00,CME_MINI:ES1!,7553.5,7556.25,7552.75,7554.0,2996.0,2026-07
2026-07-01 19:01:00,CME_MINI:ES1!,7553.75,7554.25,7553.0,7554.0,1314.0,2026-07
2026-07-01 19:02:00,CME_MINI:ES1!,7554.0,7557.0,7554.0,7556.25,1767.0,2026-07
2026-07-01 19:03:00,CME_MINI:ES1!,7556.0,7557.0,7555.5,7556.5,1462.0,2026-07
2026-07-01 19:04:00,CME_MINI:ES1!,7556.5,7558.0,7556.0,7557.75,1473.0,2026-07
2026-07-01 19:05:00,CME_MINI:ES1!,7557.5,7560.5,7557.25,7560.0,2525.0,2026-07
2026-07-01 19:06:00,CME_MINI:ES1!,7560.0,7560.5,7558.5,7560.25,2152.0,2026-07
2026-07-01 19:07:00,CME_MINI:ES1!,7560.5,7560.5,7559.0,7559.5,1170.0,2026-07
2026-07-01 19:08:00,CME_MINI:ES1!,7559.5,7561.0,7559.25,7560.5,1230.0,2026-07
2026-07-01 19:09:00,CME_MINI:ES1!,7560.5,7561.75,7560.25,7561.0,1438.0,2026-07
2026-07-01 19:10:00,CME_MINI:ES1!,7561.0,7561.25,7559.5,7560.25,1520.0,2026-07
2026-07-01 19:11:00,CME_MINI:ES1!,7560.25,7560.75,7558.0,7558.0,1832.0,2026-07
2026-07-01 19:12:00,CME_MINI:ES1!,7558.25,7559.0,7557.25,7558.25,2265.0,2026-07
2026-07-01 19:13:00,CME_MINI:ES1!,7558.25,7558.75,7557.75,7558.25,840.0,2026-07
2026-07-01 19:14:00,CME_MINI:ES1!,7558.25,7559.25,7557.75,7558.5,1186.0,2026-07
2026-07-01 19:15:00,CME_MINI:ES1!,7558.25,7559.25,7558.25,7559.0,1414.0,2026-07
2026-07-01 19:16:00,CME_MINI:ES1!,7559.0,7560.75,7559.0,7560.75,1281.0,2026-07
2026-07-01 19:17:00,CME_MINI:ES1!,7560.5,7560.75,7558.5,7559.25,1507.0,2026-07
2026-07-01 19:18:00,CME_MINI:ES1!,7559.25,7559.25,7557.75,7558.25,1310.0,2026-07
2026-07-01 19:19:00,CME_MINI:ES1!,7558.25,7559.25,7558.0,7559.0,1313.0,2026-07
2026-07-01 19:20:00,CME_MINI:ES1!,7559.0,7560.0,7558.25,7559.0,1231.0,2026-07
2026-07-01 19:21:00,CME_MINI:ES1!,7559.25,7559.75,7558.0,7558.0,1150.0,2026-07
2026-07-01 19:22:00,CME_MINI:ES1!,7558.0,7558.75,7557.5,7558.25,1583.0,2026-07
2026-07-01 19:23:00,CME_MINI:ES1!,7558.5,7559.0,7557.75,7558.5,1243.0,2026-07
2026-07-01 19:24:00,CME_MINI:ES1!,7558.5,7560.0,7558.5,7559.5,985.0,2026-07
2026-07-01 19:25:00,CME_MINI:ES1!,7559.75,7559.75,7555.5,7556.0,2868.0,2026-07
2026-07-01 19:26:00,CME_MINI:ES1!,7556.0,7556.25,7554.0,7554.25,2690.0,2026-07
2026-07-01 19:27:00,CME_MINI:ES1!,7554.25,7555.25,7554.0,7554.25,1353.0,2026-07
2026-07-01 19:28:00,CME_MINI:ES1!,7554.25,7555.5,7554.0,7555.0,1597.0,2026-07
2026-07-01 19:29:00,CME_MINI:ES1!,7555.0,7555.75,7553.5,7553.75,1749.0,2026-07
2026-07-01 19:30:00,CME_MINI:ES1!,7553.75,7557.5,7553.75,7556.75,2505.0,2026-07
2026-07-01 19:31:00,CME_MINI:ES1!,7556.5,7557.0,7554.25,7555.25,2061.0,2026-07
2026-07-01 19:32:00,CME_MINI:ES1!,7555.5,7556.0,7554.75,7555.5,1480.0,2026-07
2026-07-01 19:33:00,CME_MINI:ES1!,7555.5,7556.0,7554.5,7556.0,1395.0,2026-07
2026-07-01 19:34:00,CME_MINI:ES1!,7556.0,7556.5,7555.25,7555.5,1344.0,2026-07
2026-07-01 19:35:00,CME_MINI:ES1!,7555.5,7555.75,7553.75,7554.0,1892.0,2026-07
2026-07-01 19:36:00,CME_MINI:ES1!,7554.0,7554.25,7552.75,7553.25,1530.0,2026-07
2026-07-01 19:37:00,CME_MINI:ES1!,7553.5,7553.75,7552.75,7553.25,1583.0,2026-07
2026-07-01 19:38:00,CME_MINI:ES1!,7553.0,7553.25,7551.5,7551.75,2109.0,2026-07
2026-07-01 19:39:00,CME_MINI:ES1!,7552.0,7553.0,7551.75,7552.5,1946.0,2026-07
2026-07-01 19:40:00,CME_MINI:ES1!,7552.5,7553.0,7550.25,7550.75,2586.0,2026-07
2026-07-01 19:41:00,CME_MINI:ES1!,7550.75,7551.75,7549.0,7549.75,3051.0,2026-07
2026-07-01 19:42:00,CME_MINI:ES1!,7549.5,7549.75,7548.75,7549.5,1885.0,2026-07
2026-07-01 19:43:00,CME_MINI:ES1!,7549.75,7550.5,7548.5,7550.25,2792.0,2026-07
2026-07-01 19:44:00,CME_MINI:ES1!,7550.0,7551.25,7549.0,7550.5,3250.0,2026-07
2026-07-01 19:45:00,CME_MINI:ES1!,7550.5,7550.75,7549.25,7549.75,2320.0,2026-07
2026-07-01 19:46:00,CME_MINI:ES1!,7549.75,7550.25,7548.5,7549.0,1692.0,2026-07
2026-07-01 19:47:00,CME_MINI:ES1!,7549.25,7550.25,7549.0,7549.5,1435.0,2026-07
2026-07-01 19:48:00,CME_MINI:ES1!,7549.5,7549.75,7547.75,7547.75,1881.0,2026-07
2026-07-01 19:49:00,CME_MINI:ES1!,7547.75,7549.5,7547.0,7549.25,2087.0,2026-07
2026-07-01 19:50:00,CME_MINI:ES1!,7549.25,7552.5,7548.5,7549.0,4129.0,2026-07
2026-07-01 19:51:00,CME_MINI:ES1!,7548.75,7548.75,7545.5,7546.0,2933.0,2026-07
2026-07-01 19:52:00,CME_MINI:ES1!,7546.0,7546.0,7543.0,7544.5,4239.0,2026-07
2026-07-01 19:53:00,CME_MINI:ES1!,7544.5,7547.25,7543.75,7546.75,3404.0,2026-07
2026-07-01 19:54:00,CME_MINI:ES1!,7546.75,7547.75,7544.25,7546.75,6110.0,2026-07
2026-07-01 19:55:00,CME_MINI:ES1!,7546.75,7546.75,7544.0,7546.0,5537.0,2026-07
2026-07-01 19:56:00,CME_MINI:ES1!,7546.0,7547.25,7545.0,7545.5,4742.0,2026-07
2026-07-01 19:57:00,CME_MINI:ES1!,7545.5,7545.5,7536.5,7539.25,8268.0,2026-07
2026-07-01 19:58:00,CME_MINI:ES1!,7539.5,7542.75,7539.0,7541.75,9170.0,2026-07
2026-07-01 19:59:00,CME_MINI:ES1!,7541.5,7547.5,7540.5,7542.0,65096.0,2026-07
2026-07-01 20:00:00,CME_MINI:ES1!,7542.0,7543.0,7535.25,7536.0,14769.0,2026-07
2026-07-01 20:01:00,CME_MINI:ES1!,7535.75,7535.75,7531.0,7532.75,4870.0,2026-07
2026-07-01 20:02:00,CME_MINI:ES1!,7532.75,7534.0,7531.0,7532.25,3196.0,2026-07
2026-07-01 20:03:00,CME_MINI:ES1!,7532.25,7532.5,7529.5,7531.25,2815.0,2026-07
2026-07-01 20:04:00,CME_MINI:ES1!,7531.25,7532.25,7529.0,7532.0,2561.0,2026-07
2026-07-01 20:05:00,CME_MINI:ES1!,7532.25,7533.5,7529.75,7530.5,2326.0,2026-07
2026-07-01 20:06:00,CME_MINI:ES1!,7530.5,7533.75,7530.0,7533.0,2424.0,2026-07
2026-07-01 20:07:00,CME_MINI:ES1!,7533.0,7534.75,7532.5,7534.5,1919.0,2026-07
2026-07-01 20:08:00,CME_MINI:ES1!,7534.5,7535.0,7533.75,7534.25,1721.0,2026-07
2026-07-01 20:09:00,CME_MINI:ES1!,7534.25,7534.75,7533.0,7533.25,1676.0,2026-07
2026-07-01 20:10:00,CME_MINI:ES1!,7533.25,7535.0,7532.75,7534.75,1394.0,2026-07
2026-07-01 20:11:00,CME_MINI:ES1!,7534.5,7536.0,7534.0,7534.0,1462.0,2026-07
2026-07-01 20:12:00,CME_MINI:ES1!,7534.25,7534.75,7532.75,7534.5,680.0,2026-07
2026-07-01 20:13:00,CME_MINI:ES1!,7534.5,7537.0,7534.25,7535.0,1650.0,2026-07
2026-07-01 20:14:00,CME_MINI:ES1!,7535.0,7537.25,7534.75,7535.25,1769.0,2026-07
2026-07-01 20:15:00,CME_MINI:ES1!,7535.0,7535.5,7532.75,7533.75,1314.0,2026-07
2026-07-01 20:16:00,CME_MINI:ES1!,7534.0,7534.0,7532.25,7532.25,683.0,2026-07
2026-07-01 20:17:00,CME_MINI:ES1!,7532.25,7533.25,7531.75,7531.75,614.0,2026-07
2026-07-01 20:18:00,CME_MINI:ES1!,7531.5,7533.25,7531.25,7533.0,763.0,2026-07
2026-07-01 20:19:00,CME_MINI:ES1!,7532.75,7533.5,7532.25,7532.25,543.0,2026-07
2026-07-01 20:20:00,CME_MINI:ES1!,7532.25,7533.0,7531.75,7532.25,645.0,2026-07
2026-07-01 20:21:00,CME_MINI:ES1!,7532.25,7532.5,7531.25,7531.75,473.0,2026-07
2026-07-01 20:22:00,CME_MINI:ES1!,7531.75,7533.25,7531.25,7533.25,610.0,2026-07
2026-07-01 20:23:00,CME_MINI:ES1!,7533.25,7534.0,7533.0,7533.75,318.0,2026-07
2026-07-01 20:24:00,CME_MINI:ES1!,7533.75,7534.75,7533.5,7534.25,473.0,2026-07
2026-07-01 20:25:00,CME_MINI:ES1!,7534.5,7535.25,7534.25,7534.5,447.0,2026-07
2026-07-01 20:26:00,CME_MINI:ES1!,7534.5,7535.0,7533.5,7533.5,575.0,2026-07
2026-07-01 20:27:00,CME_MINI:ES1!,7533.5,7534.5,7532.0,7534.5,494.0,2026-07
2026-07-01 20:28:00,CME_MINI:ES1!,7534.5,7534.5,7531.5,7532.25,743.0,2026-07
2026-07-01 20:29:00,CME_MINI:ES1!,7532.5,7532.5,7531.5,7532.25,654.0,2026-07
2026-07-01 20:30:00,CME_MINI:ES1!,7532.25,7532.25,7531.25,7531.25,649.0,2026-07
2026-07-01 20:31:00,CME_MINI:ES1!,7531.25,7532.5,7530.5,7532.5,742.0,2026-07
2026-07-01 20:32:00,CME_MINI:ES1!,7532.25,7533.0,7531.25,7531.5,276.0,2026-07
2026-07-01 20:33:00,CME_MINI:ES1!,7531.5,7531.75,7530.75,7531.0,256.0,2026-07
2026-07-01 20:34:00,CME_MINI:ES1!,7531.0,7531.0,7528.75,7529.75,427.0,2026-07
2026-07-01 20:35:00,CME_MINI:ES1!,7529.75,7529.75,7527.25,7527.25,585.0,2026-07
2026-07-01 20:36:00,CME_MINI:ES1!,7527.5,7528.0,7525.75,7527.75,888.0,2026-07
2026-07-01 20:37:00,CME_MINI:ES1!,7527.75,7529.5,7527.75,7529.25,439.0,2026-07
2026-07-01 20:38:00,CME_MINI:ES1!,7529.25,7529.5,7528.25,7528.5,377.0,2026-07
2026-07-01 20:39:00,CME_MINI:ES1!,7528.5,7529.75,7528.0,7529.75,396.0,2026-07
2026-07-01 20:40:00,CME_MINI:ES1!,7529.5,7530.25,7529.25,7529.5,430.0,2026-07
2026-07-01 20:41:00,CME_MINI:ES1!,7529.75,7530.5,7529.5,7529.5,375.0,2026-07
2026-07-01 20:42:00,CME_MINI:ES1!,7529.75,7530.5,7529.25,7530.25,372.0,2026-07
2026-07-01 20:43:00,CME_MINI:ES1!,7530.0,7530.25,7529.5,7530.0,171.0,2026-07
2026-07-01 20:44:00,CME_MINI:ES1!,7530.0,7530.5,7530.0,7530.5,241.0,2026-07
2026-07-01 20:45:00,CME_MINI:ES1!,7530.5,7531.5,7530.0,7530.0,420.0,2026-07
2026-07-01 20:46:00,CME_MINI:ES1!,7529.75,7530.75,7529.75,7529.75,289.0,2026-07
2026-07-01 20:47:00,CME_MINI:ES1!,7530.0,7530.5,7530.0,7530.5,252.0,2026-07
2026-07-01 20:48:00,CME_MINI:ES1!,7530.75,7531.0,7530.0,7530.75,284.0,2026-07
2026-07-01 20:49:00,CME_MINI:ES1!,7530.75,7531.0,7530.5,7530.5,227.0,2026-07
2026-07-01 20:50:00,CME_MINI:ES1!,7530.5,7531.5,7530.25,7531.5,224.0,2026-07
2026-07-01 20:51:00,CME_MINI:ES1!,7531.25,7531.75,7530.5,7530.75,191.0,2026-07
2026-07-01 20:52:00,CME_MINI:ES1!,7530.75,7531.5,7529.25,7529.5,306.0,2026-07
2026-07-01 20:53:00,CME_MINI:ES1!,7529.25,7530.0,7528.75,7529.25,201.0,2026-07
2026-07-01 20:54:00,CME_MINI:ES1!,7529.25,7529.75,7528.75,7529.75,177.0,2026-07
2026-07-01 20:55:00,CME_MINI:ES1!,7530.0,7531.25,7529.75,7531.25,329.0,2026-07
2026-07-01 20:56:00,CME_MINI:ES1!,7531.25,7531.5,7531.0,7531.0,214.0,2026-07
2026-07-01 20:57:00,CME_MINI:ES1!,7530.75,7531.75,7530.75,7531.75,249.0,2026-07
2026-07-01 20:58:00,CME_MINI:ES1!,7531.75,7532.5,7531.0,7532.25,295.0,2026-07
2026-07-01 20:59:00,CME_MINI:ES1!,7532.5,7534.0,7532.0,7532.75,620.0,2026-07
2026-07-01 22:00:00,CME_MINI:ES1!,7536.0,7538.75,7532.75,7533.75,728.0,2026-07
2026-07-01 22:01:00,CME_MINI:ES1!,7534.0,7535.75,7532.75,7535.5,166.0,2026-07
2026-07-01 22:02:00,CME_MINI:ES1!,7535.5,7537.25,7534.25,7534.75,125.0,2026-07
2026-07-01 22:03:00,CME_MINI:ES1!,7535.0,7535.75,7532.5,7533.5,231.0,2026-07
2026-07-01 22:04:00,CME_MINI:ES1!,7533.5,7534.5,7531.75,7534.0,170.0,2026-07
2026-07-01 22:05:00,CME_MINI:ES1!,7533.75,7535.25,7532.5,7533.75,213.0,2026-07
2026-07-01 22:06:00,CME_MINI:ES1!,7534.0,7536.0,7534.0,7535.5,161.0,2026-07
2026-07-01 22:07:00,CME_MINI:ES1!,7535.75,7536.75,7535.75,7536.75,107.0,2026-07
2026-07-01 22:08:00,CME_MINI:ES1!,7536.75,7538.25,7536.5,7537.25,207.0,2026-07
2026-07-01 22:09:00,CME_MINI:ES1!,7537.25,7537.25,7534.75,7535.5,142.0,2026-07
2026-07-01 22:10:00,CME_MINI:ES1!,7535.75,7535.75,7535.0,7535.0,47.0,2026-07
2026-07-01 22:11:00,CME_MINI:ES1!,7535.0,7535.0,7534.0,7534.0,92.0,2026-07
2026-07-01 22:12:00,CME_MINI:ES1!,7534.25,7534.25,7533.75,7534.25,56.0,2026-07
2026-07-01 22:13:00,CME_MINI:ES1!,7534.0,7534.0,7532.5,7532.5,84.0,2026-07
2026-07-01 22:14:00,CME_MINI:ES1!,7533.0,7533.25,7532.0,7532.0,60.0,2026-07
2026-07-01 22:15:00,CME_MINI:ES1!,7532.0,7533.5,7532.0,7533.0,114.0,2026-07
2026-07-01 22:16:00,CME_MINI:ES1!,7533.0,7533.25,7532.5,7533.0,43.0,2026-07
2026-07-01 22:17:00,CME_MINI:ES1!,7533.0,7533.0,7532.0,7532.75,51.0,2026-07
2026-07-01 22:18:00,CME_MINI:ES1!,7532.75,7533.25,7532.75,7533.0,14.0,2026-07
2026-07-01 22:19:00,CME_MINI:ES1!,7533.0,7534.0,7532.5,7534.0,52.0,2026-07
2026-07-01 22:20:00,CME_MINI:ES1!,7534.25,7536.5,7534.0,7536.5,192.0,2026-07
2026-07-01 22:21:00,CME_MINI:ES1!,7536.75,7538.0,7536.75,7537.75,164.0,2026-07
2026-07-01 22:22:00,CME_MINI:ES1!,7537.75,7538.0,7537.0,7537.5,158.0,2026-07
2026-07-01 22:23:00,CME_MINI:ES1!,7537.5,7538.0,7537.0,7537.5,143.0,2026-07
2026-07-01 22:24:00,CME_MINI:ES1!,7537.5,7538.0,7537.25,7538.0,59.0,2026-07
2026-07-01 22:25:00,CME_MINI:ES1!,7537.75,7538.25,7537.25,7537.75,90.0,2026-07
2026-07-01 22:26:00,CME_MINI:ES1!,7538.0,7538.0,7537.5,7538.0,15.0,2026-07
2026-07-01 22:27:00,CME_MINI:ES1!,7538.0,7538.5,7537.75,7538.25,30.0,2026-07
2026-07-01 22:28:00,CME_MINI:ES1!,7538.25,7538.5,7538.0,7538.25,44.0,2026-07
2026-07-01 22:29:00,CME_MINI:ES1!,7538.0,7538.75,7537.75,7538.0,38.0,2026-07
2026-07-01 22:30:00,CME_MINI:ES1!,7537.75,7538.75,7537.75,7538.25,47.0,2026-07
2026-07-01 22:31:00,CME_MINI:ES1!,7538.0,7538.0,7537.25,7537.75,67.0,2026-07
2026-07-01 22:32:00,CME_MINI:ES1!,7537.75,7539.0,7537.75,7539.0,108.0,2026-07
2026-07-01 22:33:00,CME_MINI:ES1!,7538.75,7540.0,7538.75,7539.5,133.0,2026-07
2026-07-01 22:34:00,CME_MINI:ES1!,7539.5,7539.75,7539.25,7539.5,99.0,2026-07
2026-07-01 22:35:00,CME_MINI:ES1!,7539.25,7539.75,7539.25,7539.75,39.0,2026-07
2026-07-01 22:36:00,CME_MINI:ES1!,7539.75,7540.0,7538.5,7538.75,107.0,2026-07
2026-07-01 22:37:00,CME_MINI:ES1!,7539.0,7539.25,7538.75,7539.0,33.0,2026-07
2026-07-01 22:38:00,CME_MINI:ES1!,7539.0,7539.5,7538.5,7538.5,50.0,2026-07
2026-07-01 22:39:00,CME_MINI:ES1!,7538.5,7539.0,7538.5,7539.0,17.0,2026-07
2026-07-01 22:40:00,CME_MINI:ES1!,7539.25,7539.5,7539.0,7539.0,44.0,2026-07
2026-07-01 22:41:00,CME_MINI:ES1!,7539.0,7540.0,7539.0,7539.25,276.0,2026-07
2026-07-01 22:42:00,CME_MINI:ES1!,7539.0,7539.5,7539.0,7539.0,26.0,2026-07
2026-07-01 22:43:00,CME_MINI:ES1!,7539.25,7539.5,7539.25,7539.5,10.0,2026-07
2026-07-01 22:44:00,CME_MINI:ES1!,7539.25,7539.25,7538.5,7538.75,28.0,2026-07
2026-07-01 22:45:00,CME_MINI:ES1!,7539.0,7539.0,7537.75,7538.5,78.0,2026-07
2026-07-01 22:46:00,CME_MINI:ES1!,7538.25,7538.25,7536.5,7536.75,153.0,2026-07
2026-07-01 22:47:00,CME_MINI:ES1!,7536.75,7537.0,7536.5,7536.5,49.0,2026-07
2026-07-01 22:48:00,CME_MINI:ES1!,7536.5,7537.0,7536.25,7536.5,40.0,2026-07
2026-07-01 22:49:00,CME_MINI:ES1!,7536.5,7537.0,7536.5,7537.0,19.0,2026-07
2026-07-01 22:50:00,CME_MINI:ES1!,7537.0,7537.25,7535.75,7536.5,58.0,2026-07
2026-07-01 22:51:00,CME_MINI:ES1!,7536.5,7537.5,7536.5,7537.25,40.0,2026-07
2026-07-01 22:52:00,CME_MINI:ES1!,7537.25,7537.75,7537.25,7537.75,15.0,2026-07
2026-07-01 22:53:00,CME_MINI:ES1!,7537.75,7537.75,7537.0,7537.5,26.0,2026-07
2026-07-01 22:54:00,CME_MINI:ES1!,7537.5,7537.75,7536.75,7536.75,60.0,2026-07
2026-07-01 22:55:00,CME_MINI:ES1!,7536.75,7538.25,7536.75,7538.0,83.0,2026-07
2026-07-01 22:56:00,CME_MINI:ES1!,7538.0,7540.25,7538.0,7540.25,147.0,2026-07
2026-07-01 22:57:00,CME_MINI:ES1!,7540.5,7540.75,7539.5,7540.5,84.0,2026-07
2026-07-01 22:58:00,CME_MINI:ES1!,7540.5,7541.0,7540.25,7540.5,101.0,2026-07
2026-07-01 22:59:00,CME_MINI:ES1!,7540.5,7541.0,7539.75,7540.0,117.0,2026-07
2026-07-01 23:00:00,CME_MINI:ES1!,7540.25,7540.5,7538.75,7538.75,81.0,2026-07
2026-07-01 23:01:00,CME_MINI:ES1!,7538.5,7539.75,7538.0,7539.5,96.0,2026-07
2026-07-01 23:02:00,CME_MINI:ES1!,7539.25,7539.75,7538.25,7539.75,53.0,2026-07
2026-07-01 23:03:00,CME_MINI:ES1!,7539.75,7539.75,7538.75,7539.5,31.0,2026-07
2026-07-01 23:04:00,CME_MINI:ES1!,7539.5,7539.75,7538.5,7538.5,47.0,2026-07
2026-07-01 23:05:00,CME_MINI:ES1!,7538.0,7538.5,7537.25,7538.0,52.0,2026-07
2026-07-01 23:06:00,CME_MINI:ES1!,7538.0,7538.25,7537.5,7538.25,19.0,2026-07
2026-07-01 23:07:00,CME_MINI:ES1!,7538.25,7538.75,7537.75,7537.75,56.0,2026-07
2026-07-01 23:08:00,CME_MINI:ES1!,7537.5,7537.75,7537.25,7537.5,25.0,2026-07
2026-07-01 23:09:00,CME_MINI:ES1!,7537.75,7538.5,7536.5,7537.25,111.0,2026-07
2026-07-01 23:10:00,CME_MINI:ES1!,7537.5,7538.0,7537.25,7537.5,38.0,2026-07
2026-07-01 23:11:00,CME_MINI:ES1!,7537.75,7537.75,7537.25,7537.25,47.0,2026-07
2026-07-01 23:12:00,CME_MINI:ES1!,7537.5,7537.75,7537.25,7537.5,27.0,2026-07
2026-07-01 23:13:00,CME_MINI:ES1!,7537.75,7538.0,7536.0,7536.5,106.0,2026-07
2026-07-01 23:14:00,CME_MINI:ES1!,7536.5,7536.75,7535.75,7536.25,63.0,2026-07
2026-07-01 23:15:00,CME_MINI:ES1!,7536.5,7536.75,7535.5,7536.5,78.0,2026-07
2026-07-01 23:16:00,CME_MINI:ES1!,7536.5,7536.5,7536.0,7536.25,28.0,2026-07
2026-07-01 23:17:00,CME_MINI:ES1!,7536.5,7536.75,7535.75,7536.5,73.0,2026-07
2026-07-01 23:18:00,CME_MINI:ES1!,7536.25,7536.5,7535.5,7535.75,22.0,2026-07
2026-07-01 23:19:00,CME_MINI:ES1!,7535.75,7536.5,7535.5,7536.25,49.0,2026-07
2026-07-01 23:20:00,CME_MINI:ES1!,7536.25,7536.5,7536.25,7536.5,32.0,2026-07
2026-07-01 23:21:00,CME_MINI:ES1!,7536.25,7536.75,7536.0,7536.75,44.0,2026-07
2026-07-01 23:22:00,CME_MINI:ES1!,7536.75,7537.5,7536.75,7537.0,59.0,2026-07
2026-07-01 23:23:00,CME_MINI:ES1!,7536.75,7537.0,7536.5,7536.75,55.0,2026-07
2026-07-01 23:24:00,CME_MINI:ES1!,7536.75,7536.75,7536.0,7536.0,62.0,2026-07
2026-07-01 23:25:00,CME_MINI:ES1!,7536.0,7537.25,7536.0,7537.0,43.0,2026-07
2026-07-01 23:26:00,CME_MINI:ES1!,7537.0,7537.5,7536.75,7537.0,23.0,2026-07
2026-07-01 23:27:00,CME_MINI:ES1!,7537.0,7537.0,7536.75,7537.0,20.0,2026-07
2026-07-01 23:28:00,CME_MINI:ES1!,7537.0,7537.5,7536.75,7537.5,37.0,2026-07
2026-07-01 23:29:00,CME_MINI:ES1!,7537.5,7537.5,7537.25,7537.25,13.0,2026-07
2026-07-01 23:30:00,CME_MINI:ES1!,7537.75,7537.75,7537.0,7537.0,47.0,2026-07
2026-07-01 23:31:00,CME_MINI:ES1!,7537.25,7537.75,7537.25,7537.75,33.0,2026-07
2026-07-01 23:32:00,CME_MINI:ES1!,7537.5,7537.75,7537.0,7537.0,18.0,2026-07
2026-07-01 23:33:00,CME_MINI:ES1!,7537.0,7537.5,7537.0,7537.5,16.0,2026-07
2026-07-01 23:34:00,CME_MINI:ES1!,7537.5,7537.5,7535.5,7535.5,91.0,2026-07
2026-07-01 23:35:00,CME_MINI:ES1!,7535.25,7535.25,7534.25,7534.5,94.0,2026-07
2026-07-01 23:36:00,CME_MINI:ES1!,7535.0,7538.0,7534.5,7536.75,123.0,2026-07
2026-07-01 23:37:00,CME_MINI:ES1!,7536.75,7537.0,7536.5,7536.75,85.0,2026-07
2026-07-01 23:38:00,CME_MINI:ES1!,7537.0,7538.0,7537.0,7537.75,53.0,2026-07
2026-07-01 23:39:00,CME_MINI:ES1!,7537.75,7538.0,7537.25,7537.25,40.0,2026-07
2026-07-01 23:40:00,CME_MINI:ES1!,7537.25,7537.5,7537.0,7537.0,24.0,2026-07
2026-07-01 23:41:00,CME_MINI:ES1!,7537.25,7537.75,7537.25,7537.75,31.0,2026-07
2026-07-01 23:42:00,CME_MINI:ES1!,7537.75,7537.75,7537.0,7537.0,33.0,2026-07
2026-07-01 23:43:00,CME_MINI:ES1!,7537.25,7537.25,7536.5,7536.5,53.0,2026-07
2026-07-01 23:44:00,CME_MINI:ES1!,7536.25,7537.5,7536.25,7537.5,35.0,2026-07
2026-07-01 23:45:00,CME_MINI:ES1!,7537.5,7537.5,7532.5,7534.25,236.0,2026-07
2026-07-01 23:46:00,CME_MINI:ES1!,7534.5,7534.75,7531.5,7532.25,221.0,2026-07
2026-07-01 23:47:00,CME_MINI:ES1!,7532.25,7534.0,7531.5,7533.75,154.0,2026-07
2026-07-01 23:48:00,CME_MINI:ES1!,7533.75,7535.0,7532.0,7532.0,136.0,2026-07
2026-07-01 23:49:00,CME_MINI:ES1!,7532.0,7532.0,7530.0,7530.25,211.0,2026-07
2026-07-01 23:50:00,CME_MINI:ES1!,7530.25,7531.5,7529.0,7530.0,318.0,2026-07
2026-07-01 23:51:00,CME_MINI:ES1!,7530.25,7532.25,7530.25,7532.0,175.0,2026-07
2026-07-01 23:52:00,CME_MINI:ES1!,7531.25,7533.75,7530.75,7533.25,192.0,2026-07
2026-07-01 23:53:00,CME_MINI:ES1!,7533.25,7535.5,7533.25,7534.5,154.0,2026-07
2026-07-01 23:54:00,CME_MINI:ES1!,7534.0,7535.25,7533.75,7534.0,91.0,2026-07
2026-07-01 23:55:00,CME_MINI:ES1!,7534.25,7535.0,7533.75,7534.0,58.0,2026-07
2026-07-01 23:56:00,CME_MINI:ES1!,7533.5,7534.75,7533.25,7534.25,51.0,2026-07
2026-07-01 23:57:00,CME_MINI:ES1!,7534.0,7534.25,7533.25,7533.25,36.0,2026-07
2026-07-01 23:58:00,CME_MINI:ES1!,7533.25,7534.25,7533.0,7533.75,102.0,2026-07
2026-07-01 23:59:00,CME_MINI:ES1!,7534.25,7535.5,7533.25,7534.75,148.0,2026-07
2026-07-02 00:00:00,CME_MINI:ES1!,7534.75,7534.75,7528.25,7528.75,536.0,2026-07
2026-07-02 00:01:00,CME_MINI:ES1!,7528.75,7529.0,7524.75,7525.5,616.0,2026-07
2026-07-02 00:02:00,CME_MINI:ES1!,7525.5,7528.75,7524.25,7528.25,466.0,2026-07
2026-07-02 00:03:00,CME_MINI:ES1!,7528.5,7528.5,7523.25,7524.5,302.0,2026-07
2026-07-02 00:04:00,CME_MINI:ES1!,7524.5,7527.25,7522.75,7523.25,530.0,2026-07
2026-07-02 00:05:00,CME_MINI:ES1!,7523.0,7527.75,7522.75,7527.25,310.0,2026-07
2026-07-02 00:06:00,CME_MINI:ES1!,7527.5,7528.75,7523.5,7524.0,411.0,2026-07
2026-07-02 00:07:00,CME_MINI:ES1!,7524.0,7526.25,7523.75,7525.75,217.0,2026-07
2026-07-02 00:08:00,CME_MINI:ES1!,7525.5,7528.25,7525.0,7527.5,177.0,2026-07
2026-07-02 00:09:00,CME_MINI:ES1!,7527.25,7528.5,7526.75,7528.5,154.0,2026-07
2026-07-02 00:10:00,CME_MINI:ES1!,7528.75,7532.0,7527.5,7531.5,268.0,2026-07
2026-07-02 00:11:00,CME_MINI:ES1!,7531.5,7532.75,7530.25,7530.5,209.0,2026-07
2026-07-02 00:12:00,CME_MINI:ES1!,7530.5,7531.0,7528.0,7529.0,288.0,2026-07
2026-07-02 00:13:00,CME_MINI:ES1!,7529.25,7530.25,7528.0,7528.5,218.0,2026-07
2026-07-02 00:14:00,CME_MINI:ES1!,7528.75,7529.5,7528.25,7529.0,110.0,2026-07
2026-07-02 00:15:00,CME_MINI:ES1!,7529.25,7530.75,7528.5,7529.0,233.0,2026-07
2026-07-02 00:16:00,CME_MINI:ES1!,7529.0,7530.5,7528.75,7530.0,212.0,2026-07
2026-07-02 00:17:00,CME_MINI:ES1!,7529.75,7530.75,7528.5,7529.5,196.0,2026-07
2026-07-02 00:18:00,CME_MINI:ES1!,7529.75,7530.75,7528.0,7528.5,171.0,2026-07
2026-07-02 00:19:00,CME_MINI:ES1!,7528.5,7529.0,7526.75,7527.0,220.0,2026-07
2026-07-02 00:20:00,CME_MINI:ES1!,7527.25,7529.5,7526.75,7529.25,162.0,2026-07
2026-07-02 00:21:00,CME_MINI:ES1!,7529.0,7532.25,7528.0,7532.0,198.0,2026-07
2026-07-02 00:22:00,CME_MINI:ES1!,7531.75,7533.0,7531.25,7532.5,181.0,2026-07
2026-07-02 00:23:00,CME_MINI:ES1!,7532.75,7534.75,7532.75,7533.75,221.0,2026-07
2026-07-02 00:24:00,CME_MINI:ES1!,7534.0,7535.25,7534.0,7534.75,169.0,2026-07
2026-07-02 00:25:00,CME_MINI:ES1!,7534.75,7535.75,7534.25,7534.75,166.0,2026-07
2026-07-02 00:26:00,CME_MINI:ES1!,7535.0,7535.0,7533.75,7535.0,106.0,2026-07
2026-07-02 00:27:00,CME_MINI:ES1!,7535.0,7535.25,7533.25,7533.75,107.0,2026-07
2026-07-02 00:28:00,CME_MINI:ES1!,7533.75,7535.25,7532.5,7534.75,164.0,2026-07
2026-07-02 00:29:00,CME_MINI:ES1!,7534.5,7536.75,7534.25,7536.5,218.0,2026-07
2026-07-02 00:30:00,CME_MINI:ES1!,7536.5,7537.0,7534.25,7534.75,132.0,2026-07
2026-07-02 00:31:00,CME_MINI:ES1!,7535.0,7536.25,7534.25,7535.75,87.0,2026-07
2026-07-02 00:32:00,CME_MINI:ES1!,7536.0,7536.0,7534.25,7534.25,88.0,2026-07
2026-07-02 00:33:00,CME_MINI:ES1!,7534.25,7535.5,7533.75,7535.5,81.0,2026-07
2026-07-02 00:34:00,CME_MINI:ES1!,7535.5,7536.25,7534.75,7535.25,82.0,2026-07
2026-07-02 00:35:00,CME_MINI:ES1!,7535.5,7537.25,7535.0,7537.0,182.0,2026-07
2026-07-02 00:36:00,CME_MINI:ES1!,7537.25,7538.75,7536.75,7537.5,237.0,2026-07
2026-07-02 00:37:00,CME_MINI:ES1!,7537.0,7537.5,7536.25,7536.75,186.0,2026-07
2026-07-02 00:38:00,CME_MINI:ES1!,7537.0,7537.25,7536.5,7536.5,80.0,2026-07
2026-07-02 00:39:00,CME_MINI:ES1!,7536.75,7536.75,7535.0,7535.75,149.0,2026-07
2026-07-02 00:40:00,CME_MINI:ES1!,7536.0,7536.5,7534.5,7534.5,107.0,2026-07
2026-07-02 00:41:00,CME_MINI:ES1!,7534.75,7534.75,7533.0,7533.75,153.0,2026-07
2026-07-02 00:42:00,CME_MINI:ES1!,7533.75,7534.25,7531.75,7532.0,228.0,2026-07
2026-07-02 00:43:00,CME_MINI:ES1!,7532.0,7532.0,7529.75,7531.0,213.0,2026-07
2026-07-02 00:44:00,CME_MINI:ES1!,7531.0,7531.25,7530.0,7530.5,141.0,2026-07
2026-07-02 00:45:00,CME_MINI:ES1!,7530.25,7531.75,7529.5,7530.5,221.0,2026-07
2026-07-02 00:46:00,CME_MINI:ES1!,7530.25,7533.0,7530.25,7532.75,203.0,2026-07
2026-07-02 00:47:00,CME_MINI:ES1!,7532.75,7532.75,7531.5,7531.5,118.0,2026-07
2026-07-02 00:48:00,CME_MINI:ES1!,7531.75,7533.0,7531.0,7532.0,181.0,2026-07
2026-07-02 00:49:00,CME_MINI:ES1!,7532.25,7536.25,7532.0,7535.75,204.0,2026-07
2026-07-02 00:50:00,CME_MINI:ES1!,7535.75,7536.5,7534.25,7535.25,155.0,2026-07
2026-07-02 00:51:00,CME_MINI:ES1!,7535.25,7537.75,7535.0,7537.75,231.0,2026-07
2026-07-02 00:52:00,CME_MINI:ES1!,7537.75,7539.75,7537.25,7538.75,230.0,2026-07
2026-07-02 00:53:00,CME_MINI:ES1!,7538.5,7540.0,7538.5,7540.0,275.0,2026-07
2026-07-02 00:54:00,CME_MINI:ES1!,7540.0,7540.75,7539.0,7540.75,219.0,2026-07
2026-07-02 00:55:00,CME_MINI:ES1!,7540.5,7541.75,7539.75,7541.0,382.0,2026-07
2026-07-02 00:56:00,CME_MINI:ES1!,7541.0,7541.5,7540.25,7541.25,111.0,2026-07
2026-07-02 00:57:00,CME_MINI:ES1!,7541.25,7541.75,7540.25,7541.25,170.0,2026-07
2026-07-02 00:58:00,CME_MINI:ES1!,7541.25,7541.25,7539.75,7540.25,147.0,2026-07
2026-07-02 00:59:00,CME_MINI:ES1!,7540.25,7541.25,7539.5,7541.0,133.0,2026-07
2026-07-02 01:00:00,CME_MINI:ES1!,7541.25,7542.75,7540.0,7542.75,321.0,2026-07
2026-07-02 01:01:00,CME_MINI:ES1!,7542.75,7543.5,7540.75,7541.5,381.0,2026-07
2026-07-02 01:02:00,CME_MINI:ES1!,7541.75,7543.25,7541.25,7542.75,193.0,2026-07
2026-07-02 01:03:00,CME_MINI:ES1!,7542.75,7544.0,7542.25,7544.0,199.0,2026-07
2026-07-02 01:04:00,CME_MINI:ES1!,7543.75,7545.25,7543.25,7545.0,326.0,2026-07
2026-07-02 01:05:00,CME_MINI:ES1!,7545.25,7545.5,7544.5,7545.0,374.0,2026-07
2026-07-02 01:06:00,CME_MINI:ES1!,7544.75,7547.0,7544.5,7546.75,376.0,2026-07
2026-07-02 01:07:00,CME_MINI:ES1!,7546.75,7547.25,7546.0,7546.5,255.0,2026-07
2026-07-02 01:08:00,CME_MINI:ES1!,7546.5,7548.25,7546.5,7548.0,306.0,2026-07
2026-07-02 01:09:00,CME_MINI:ES1!,7548.0,7549.25,7548.0,7548.25,411.0,2026-07
2026-07-02 01:10:00,CME_MINI:ES1!,7548.25,7549.5,7547.5,7549.25,343.0,2026-07
2026-07-02 01:11:00,CME_MINI:ES1!,7549.0,7549.25,7547.75,7547.75,220.0,2026-07
2026-07-02 01:12:00,CME_MINI:ES1!,7548.0,7549.25,7548.0,7548.25,182.0,2026-07
2026-07-02 01:13:00,CME_MINI:ES1!,7548.25,7549.0,7548.0,7548.75,193.0,2026-07
2026-07-02 01:14:00,CME_MINI:ES1!,7548.5,7549.5,7548.0,7549.5,239.0,2026-07
2026-07-02 01:15:00,CME_MINI:ES1!,7549.25,7549.75,7546.25,7546.5,319.0,2026-07
2026-07-02 01:16:00,CME_MINI:ES1!,7546.75,7549.0,7546.75,7548.5,236.0,2026-07
2026-07-02 01:17:00,CME_MINI:ES1!,7548.25,7549.5,7548.0,7548.25,225.0,2026-07
2026-07-02 01:18:00,CME_MINI:ES1!,7548.25,7548.75,7548.25,7548.75,206.0,2026-07
2026-07-02 01:19:00,CME_MINI:ES1!,7548.75,7549.5,7548.5,7549.25,142.0,2026-07
2026-07-02 01:20:00,CME_MINI:ES1!,7549.25,7550.0,7549.0,7549.25,185.0,2026-07
2026-07-02 01:21:00,CME_MINI:ES1!,7549.0,7549.5,7548.5,7549.5,143.0,2026-07
2026-07-02 01:22:00,CME_MINI:ES1!,7549.25,7549.5,7548.75,7549.0,91.0,2026-07
2026-07-02 01:23:00,CME_MINI:ES1!,7548.75,7549.5,7548.75,7549.5,83.0,2026-07
2026-07-02 01:24:00,CME_MINI:ES1!,7549.25,7549.75,7548.75,7549.75,98.0,2026-07
2026-07-02 01:25:00,CME_MINI:ES1!,7549.75,7550.25,7549.25,7550.0,259.0,2026-07
2026-07-02 01:26:00,CME_MINI:ES1!,7550.0,7550.75,7549.5,7550.0,286.0,2026-07
2026-07-02 01:27:00,CME_MINI:ES1!,7550.0,7550.0,7548.25,7548.5,141.0,2026-07
2026-07-02 01:28:00,CME_MINI:ES1!,7548.5,7549.25,7547.5,7549.25,247.0,2026-07
2026-07-02 01:29:00,CME_MINI:ES1!,7549.5,7550.5,7549.0,7550.0,141.0,2026-07
2026-07-02 01:30:00,CME_MINI:ES1!,7550.0,7552.0,7550.0,7550.5,409.0,2026-07
2026-07-02 01:31:00,CME_MINI:ES1!,7550.75,7553.25,7550.0,7551.5,301.0,2026-07
2026-07-02 01:32:00,CME_MINI:ES1!,7551.5,7551.75,7549.5,7550.5,325.0,2026-07
2026-07-02 01:33:00,CME_MINI:ES1!,7550.5,7551.5,7549.5,7549.5,154.0,2026-07
2026-07-02 01:34:00,CME_MINI:ES1!,7549.5,7550.75,7549.5,7550.75,89.0,2026-07
2026-07-02 01:35:00,CME_MINI:ES1!,7550.75,7551.25,7550.0,7551.0,99.0,2026-07
2026-07-02 01:36:00,CME_MINI:ES1!,7551.0,7552.0,7550.75,7551.75,160.0,2026-07
2026-07-02 01:37:00,CME_MINI:ES1!,7551.75,7553.5,7551.75,7553.0,177.0,2026-07
2026-07-02 01:38:00,CME_MINI:ES1!,7553.0,7553.25,7552.25,7552.5,183.0,2026-07
2026-07-02 01:39:00,CME_MINI:ES1!,7552.25,7554.5,7551.5,7554.5,273.0,2026-07
2026-07-02 01:40:00,CME_MINI:ES1!,7554.25,7555.0,7554.0,7554.5,210.0,2026-07
2026-07-02 01:41:00,CME_MINI:ES1!,7554.25,7554.75,7553.75,7554.5,113.0,2026-07
2026-07-02 01:42:00,CME_MINI:ES1!,7554.5,7554.5,7553.5,7553.75,192.0,2026-07
2026-07-02 01:43:00,CME_MINI:ES1!,7553.75,7555.0,7553.25,7554.25,121.0,2026-07
2026-07-02 01:44:00,CME_MINI:ES1!,7554.75,7554.75,7553.0,7554.0,128.0,2026-07
2026-07-02 01:45:00,CME_MINI:ES1!,7553.75,7553.75,7552.25,7553.75,111.0,2026-07
2026-07-02 01:46:00,CME_MINI:ES1!,7554.0,7554.75,7553.75,7554.5,113.0,2026-07
2026-07-02 01:47:00,CME_MINI:ES1!,7554.5,7555.5,7554.25,7554.5,198.0,2026-07
2026-07-02 01:48:00,CME_MINI:ES1!,7554.25,7556.25,7554.25,7556.25,116.0,2026-07
2026-07-02 01:49:00,CME_MINI:ES1!,7556.25,7556.25,7554.5,7554.5,150.0,2026-07
2026-07-02 01:50:00,CME_MINI:ES1!,7554.5,7555.25,7554.25,7554.75,113.0,2026-07
2026-07-02 01:51:00,CME_MINI:ES1!,7554.75,7555.25,7553.75,7554.25,112.0,2026-07
2026-07-02 01:52:00,CME_MINI:ES1!,7554.0,7554.5,7553.5,7553.75,91.0,2026-07
2026-07-02 01:53:00,CME_MINI:ES1!,7553.75,7553.75,7552.75,7553.5,115.0,2026-07
2026-07-02 01:54:00,CME_MINI:ES1!,7553.75,7554.25,7553.0,7553.25,100.0,2026-07
2026-07-02 01:55:00,CME_MINI:ES1!,7553.25,7553.5,7552.0,7552.5,139.0,2026-07
2026-07-02 01:56:00,CME_MINI:ES1!,7552.25,7553.75,7552.25,7553.5,129.0,2026-07
2026-07-02 01:57:00,CME_MINI:ES1!,7553.25,7553.5,7553.0,7553.0,105.0,2026-07
2026-07-02 01:58:00,CME_MINI:ES1!,7553.0,7553.5,7552.0,7552.5,76.0,2026-07
2026-07-02 01:59:00,CME_MINI:ES1!,7552.25,7552.75,7552.25,7552.75,67.0,2026-07
2026-07-02 02:00:00,CME_MINI:ES1!,7552.75,7553.25,7551.25,7553.25,170.0,2026-07
2026-07-02 02:01:00,CME_MINI:ES1!,7553.25,7553.25,7552.0,7552.75,92.0,2026-07
2026-07-02 02:02:00,CME_MINI:ES1!,7552.5,7553.5,7552.0,7552.0,94.0,2026-07
2026-07-02 02:03:00,CME_MINI:ES1!,7552.25,7553.0,7552.0,7552.0,73.0,2026-07
2026-07-02 02:04:00,CME_MINI:ES1!,7552.0,7553.5,7551.75,7553.25,103.0,2026-07
2026-07-02 02:05:00,CME_MINI:ES1!,7553.25,7553.75,7552.75,7553.75,123.0,2026-07
2026-07-02 02:06:00,CME_MINI:ES1!,7553.5,7555.0,7553.5,7554.5,145.0,2026-07
2026-07-02 02:07:00,CME_MINI:ES1!,7554.5,7555.0,7553.75,7554.0,125.0,2026-07
2026-07-02 02:08:00,CME_MINI:ES1!,7554.0,7554.75,7553.75,7554.0,88.0,2026-07
2026-07-02 02:09:00,CME_MINI:ES1!,7554.25,7555.5,7554.0,7554.75,128.0,2026-07
2026-07-02 02:10:00,CME_MINI:ES1!,7554.75,7555.5,7553.75,7554.5,104.0,2026-07
2026-07-02 02:11:00,CME_MINI:ES1!,7554.5,7555.0,7554.25,7555.0,102.0,2026-07
2026-07-02 02:12:00,CME_MINI:ES1!,7555.0,7556.0,7554.5,7555.5,144.0,2026-07
2026-07-02 02:13:00,CME_MINI:ES1!,7555.5,7556.5,7555.5,7556.0,145.0,2026-07
2026-07-02 02:14:00,CME_MINI:ES1!,7556.25,7557.0,7556.0,7556.75,123.0,2026-07
2026-07-02 02:15:00,CME_MINI:ES1!,7557.0,7558.0,7557.0,7557.75,230.0,2026-07
2026-07-02 02:16:00,CME_MINI:ES1!,7557.75,7558.0,7556.75,7556.75,108.0,2026-07
2026-07-02 02:17:00,CME_MINI:ES1!,7556.75,7557.5,7556.5,7556.75,98.0,2026-07
2026-07-02 02:18:00,CME_MINI:ES1!,7556.75,7556.75,7555.75,7556.5,90.0,2026-07
2026-07-02 02:19:00,CME_MINI:ES1!,7556.75,7556.75,7555.75,7556.25,121.0,2026-07
2026-07-02 02:20:00,CME_MINI:ES1!,7556.25,7556.25,7555.5,7555.75,129.0,2026-07
2026-07-02 02:21:00,CME_MINI:ES1!,7555.75,7556.5,7555.75,7556.25,77.0,2026-07
2026-07-02 02:22:00,CME_MINI:ES1!,7556.25,7556.5,7554.5,7554.5,122.0,2026-07
2026-07-02 02:23:00,CME_MINI:ES1!,7554.5,7555.0,7554.25,7554.25,121.0,2026-07
2026-07-02 02:24:00,CME_MINI:ES1!,7554.5,7554.5,7553.5,7553.75,141.0,2026-07
2026-07-02 02:25:00,CME_MINI:ES1!,7553.75,7554.75,7553.75,7554.25,128.0,2026-07
2026-07-02 02:26:00,CME_MINI:ES1!,7554.5,7555.5,7554.0,7555.5,158.0,2026-07
2026-07-02 02:27:00,CME_MINI:ES1!,7555.5,7556.0,7555.25,7555.5,116.0,2026-07
2026-07-02 02:28:00,CME_MINI:ES1!,7555.25,7555.5,7555.0,7555.25,88.0,2026-07
2026-07-02 02:29:00,CME_MINI:ES1!,7555.25,7555.25,7554.5,7554.5,90.0,2026-07
2026-07-02 02:30:00,CME_MINI:ES1!,7554.75,7554.75,7553.75,7554.5,152.0,2026-07
2026-07-02 02:31:00,CME_MINI:ES1!,7554.5,7555.25,7553.25,7554.0,151.0,2026-07
2026-07-02 02:32:00,CME_MINI:ES1!,7554.0,7556.0,7553.75,7556.0,132.0,2026-07
2026-07-02 02:33:00,CME_MINI:ES1!,7556.0,7556.75,7555.75,7556.0,88.0,2026-07
2026-07-02 02:34:00,CME_MINI:ES1!,7556.0,7556.75,7556.0,7556.75,88.0,2026-07
2026-07-02 02:35:00,CME_MINI:ES1!,7556.5,7556.75,7555.75,7556.25,77.0,2026-07
2026-07-02 02:36:00,CME_MINI:ES1!,7556.5,7556.75,7555.25,7555.25,83.0,2026-07
2026-07-02 02:37:00,CME_MINI:ES1!,7555.25,7556.25,7555.0,7556.25,81.0,2026-07
2026-07-02 02:38:00,CME_MINI:ES1!,7555.75,7556.0,7555.5,7555.75,43.0,2026-07
2026-07-02 02:39:00,CME_MINI:ES1!,7555.75,7556.25,7555.25,7555.25,70.0,2026-07
2026-07-02 02:40:00,CME_MINI:ES1!,7555.5,7555.75,7555.0,7555.5,127.0,2026-07
2026-07-02 02:41:00,CME_MINI:ES1!,7555.5,7556.5,7555.25,7556.25,156.0,2026-07
2026-07-02 02:42:00,CME_MINI:ES1!,7556.25,7556.75,7555.75,7556.0,63.0,2026-07
2026-07-02 02:43:00,CME_MINI:ES1!,7556.25,7556.25,7555.25,7555.75,111.0,2026-07
2026-07-02 02:44:00,CME_MINI:ES1!,7555.75,7556.5,7555.75,7556.0,121.0,2026-07
2026-07-02 02:45:00,CME_MINI:ES1!,7556.0,7556.75,7555.75,7556.75,68.0,2026-07
2026-07-02 02:46:00,CME_MINI:ES1!,7556.75,7557.75,7556.75,7557.25,121.0,2026-07
2026-07-02 02:47:00,CME_MINI:ES1!,7557.25,7557.25,7556.75,7557.25,35.0,2026-07
2026-07-02 02:48:00,CME_MINI:ES1!,7556.75,7557.5,7556.5,7557.0,94.0,2026-07
2026-07-02 02:49:00,CME_MINI:ES1!,7557.25,7557.25,7556.0,7556.0,77.0,2026-07
2026-07-02 02:50:00,CME_MINI:ES1!,7556.0,7557.0,7555.5,7556.0,159.0,2026-07
2026-07-02 02:51:00,CME_MINI:ES1!,7556.25,7556.5,7555.5,7556.25,124.0,2026-07
2026-07-02 02:52:00,CME_MINI:ES1!,7556.0,7556.25,7555.75,7556.25,81.0,2026-07
2026-07-02 02:53:00,CME_MINI:ES1!,7556.0,7556.25,7555.25,7555.25,75.0,2026-07
2026-07-02 02:54:00,CME_MINI:ES1!,7555.25,7556.5,7555.25,7556.0,100.0,2026-07
2026-07-02 02:55:00,CME_MINI:ES1!,7556.0,7556.75,7555.75,7556.5,126.0,2026-07
2026-07-02 02:56:00,CME_MINI:ES1!,7556.5,7557.25,7556.5,7556.5,87.0,2026-07
2026-07-02 02:57:00,CME_MINI:ES1!,7556.5,7557.25,7556.5,7557.25,50.0,2026-07
2026-07-02 02:58:00,CME_MINI:ES1!,7557.25,7557.5,7557.0,7557.25,72.0,2026-07
2026-07-02 02:59:00,CME_MINI:ES1!,7557.5,7557.5,7556.75,7557.0,49.0,2026-07
2026-07-02 03:00:00,CME_MINI:ES1!,7557.25,7557.75,7557.0,7557.75,45.0,2026-07
2026-07-02 03:01:00,CME_MINI:ES1!,7557.75,7558.0,7556.75,7557.0,51.0,2026-07
2026-07-02 03:02:00,CME_MINI:ES1!,7557.0,7557.0,7556.5,7556.5,47.0,2026-07
2026-07-02 03:03:00,CME_MINI:ES1!,7556.25,7556.5,7555.5,7555.5,57.0,2026-07
2026-07-02 03:04:00,CME_MINI:ES1!,7555.5,7555.75,7555.25,7555.5,82.0,2026-07
2026-07-02 03:05:00,CME_MINI:ES1!,7555.5,7555.5,7554.5,7555.0,119.0,2026-07
2026-07-02 03:06:00,CME_MINI:ES1!,7555.25,7555.75,7554.75,7555.0,78.0,2026-07
2026-07-02 03:07:00,CME_MINI:ES1!,7555.0,7555.25,7554.5,7554.5,71.0,2026-07
2026-07-02 03:08:00,CME_MINI:ES1!,7554.75,7555.25,7554.5,7554.5,164.0,2026-07
2026-07-02 03:09:00,CME_MINI:ES1!,7554.5,7555.0,7552.5,7552.75,396.0,2026-07
2026-07-02 03:10:00,CME_MINI:ES1!,7552.75,7553.25,7552.25,7552.25,221.0,2026-07
2026-07-02 03:11:00,CME_MINI:ES1!,7552.25,7553.25,7552.25,7552.75,62.0,2026-07
2026-07-02 03:12:00,CME_MINI:ES1!,7552.75,7553.5,7552.5,7553.25,79.0,2026-07
2026-07-02 03:13:00,CME_MINI:ES1!,7553.5,7554.25,7553.25,7554.0,112.0,2026-07
2026-07-02 03:14:00,CME_MINI:ES1!,7554.0,7554.75,7554.0,7554.25,66.0,2026-07
2026-07-02 03:15:00,CME_MINI:ES1!,7554.0,7554.75,7553.75,7554.5,50.0,2026-07
2026-07-02 03:16:00,CME_MINI:ES1!,7554.25,7554.5,7554.0,7554.25,25.0,2026-07
2026-07-02 03:17:00,CME_MINI:ES1!,7554.25,7554.25,7553.5,7553.5,43.0,2026-07
2026-07-02 03:18:00,CME_MINI:ES1!,7553.75,7554.0,7552.75,7552.75,66.0,2026-07
2026-07-02 03:19:00,CME_MINI:ES1!,7553.0,7553.25,7552.75,7553.0,46.0,2026-07
2026-07-02 03:20:00,CME_MINI:ES1!,7553.5,7553.75,7552.75,7552.75,100.0,2026-07
2026-07-02 03:21:00,CME_MINI:ES1!,7552.75,7553.0,7551.0,7551.5,170.0,2026-07
2026-07-02 03:22:00,CME_MINI:ES1!,7551.75,7552.25,7551.0,7551.25,114.0,2026-07
2026-07-02 03:23:00,CME_MINI:ES1!,7551.5,7551.5,7550.25,7550.75,124.0,2026-07
2026-07-02 03:24:00,CME_MINI:ES1!,7550.75,7551.25,7550.5,7551.25,128.0,2026-07
2026-07-02 03:25:00,CME_MINI:ES1!,7551.25,7551.5,7550.25,7550.25,79.0,2026-07
2026-07-02 03:26:00,CME_MINI:ES1!,7550.0,7550.25,7549.75,7550.0,109.0,2026-07
2026-07-02 03:27:00,CME_MINI:ES1!,7550.0,7552.25,7549.75,7552.25,116.0,2026-07
2026-07-02 03:28:00,CME_MINI:ES1!,7552.25,7553.25,7552.0,7552.25,112.0,2026-07
2026-07-02 03:29:00,CME_MINI:ES1!,7552.5,7552.5,7551.75,7552.0,60.0,2026-07
2026-07-02 03:30:00,CME_MINI:ES1!,7552.25,7553.25,7551.5,7553.25,160.0,2026-07
2026-07-02 03:31:00,CME_MINI:ES1!,7553.25,7554.75,7552.75,7554.5,151.0,2026-07
2026-07-02 03:32:00,CME_MINI:ES1!,7554.0,7555.5,7553.0,7554.75,569.0,2026-07
2026-07-02 03:33:00,CME_MINI:ES1!,7555.0,7557.25,7555.0,7556.75,186.0,2026-07
2026-07-02 03:34:00,CME_MINI:ES1!,7556.75,7557.0,7556.0,7556.25,143.0,2026-07
2026-07-02 03:35:00,CME_MINI:ES1!,7556.25,7556.5,7555.5,7556.5,89.0,2026-07
2026-07-02 03:36:00,CME_MINI:ES1!,7556.75,7557.25,7555.25,7555.5,67.0,2026-07
2026-07-02 03:37:00,CME_MINI:ES1!,7555.25,7555.5,7554.5,7554.5,125.0,2026-07
2026-07-02 03:38:00,CME_MINI:ES1!,7554.75,7555.75,7554.25,7555.0,101.0,2026-07
2026-07-02 03:39:00,CME_MINI:ES1!,7555.0,7555.25,7553.25,7554.25,162.0,2026-07
2026-07-02 03:40:00,CME_MINI:ES1!,7554.25,7554.75,7553.5,7554.0,86.0,2026-07
2026-07-02 03:41:00,CME_MINI:ES1!,7554.0,7554.0,7551.25,7552.25,191.0,2026-07
2026-07-02 03:42:00,CME_MINI:ES1!,7552.5,7553.25,7552.25,7553.25,82.0,2026-07
2026-07-02 03:43:00,CME_MINI:ES1!,7553.0,7553.75,7552.5,7552.75,79.0,2026-07
2026-07-02 03:44:00,CME_MINI:ES1!,7552.5,7553.5,7551.5,7553.0,74.0,2026-07
2026-07-02 03:45:00,CME_MINI:ES1!,7552.75,7553.25,7551.75,7551.75,58.0,2026-07
2026-07-02 03:46:00,CME_MINI:ES1!,7551.5,7552.25,7551.0,7552.25,124.0,2026-07
2026-07-02 03:47:00,CME_MINI:ES1!,7552.0,7552.75,7551.25,7552.5,105.0,2026-07
2026-07-02 03:48:00,CME_MINI:ES1!,7552.25,7552.5,7551.5,7551.5,76.0,2026-07
2026-07-02 03:49:00,CME_MINI:ES1!,7551.5,7553.25,7551.25,7553.25,82.0,2026-07
2026-07-02 03:50:00,CME_MINI:ES1!,7553.25,7554.75,7552.5,7552.75,118.0,2026-07
2026-07-02 03:51:00,CME_MINI:ES1!,7552.75,7553.25,7552.25,7553.25,55.0,2026-07
2026-07-02 03:52:00,CME_MINI:ES1!,7553.5,7554.25,7553.25,7554.0,65.0,2026-07
2026-07-02 18:19:00,CME_MINI:ES1!,7495.25,7497.0,7494.5,7496.25,1752.0,2026-07
2026-07-02 18:20:00,CME_MINI:ES1!,7496.25,7500.5,7496.25,7499.75,2202.0,2026-07
2026-07-02 18:21:00,CME_MINI:ES1!,7499.75,7501.0,7499.0,7500.5,2159.0,2026-07
2026-07-02 18:22:00,CME_MINI:ES1!,7500.5,7502.75,7499.75,7500.75,1282.0,2026-07
2026-07-02 18:23:00,CME_MINI:ES1!,7500.75,7500.75,7499.0,7500.25,1058.0,2026-07
2026-07-02 18:24:00,CME_MINI:ES1!,7500.25,7501.25,7499.75,7501.0,1216.0,2026-07
2026-07-02 18:25:00,CME_MINI:ES1!,7501.0,7504.5,7500.5,7500.5,1603.0,2026-07
2026-07-02 18:26:00,CME_MINI:ES1!,7500.5,7503.5,7499.25,7503.25,1242.0,2026-07
2026-07-02 18:27:00,CME_MINI:ES1!,7503.25,7504.5,7502.0,7503.75,1791.0,2026-07
2026-07-02 18:28:00,CME_MINI:ES1!,7504.0,7506.25,7503.5,7505.25,1789.0,2026-07
2026-07-02 18:29:00,CME_MINI:ES1!,7505.25,7506.75,7504.25,7506.5,1587.0,2026-07
2026-07-02 18:30:00,CME_MINI:ES1!,7506.5,7510.75,7505.75,7509.0,3568.0,2026-07
2026-07-02 18:31:00,CME_MINI:ES1!,7509.25,7512.25,7509.0,7512.0,2651.0,2026-07
2026-07-02 18:32:00,CME_MINI:ES1!,7512.0,7512.25,7509.5,7511.5,2365.0,2026-07
2026-07-02 18:33:00,CME_MINI:ES1!,7511.5,7512.75,7511.25,7511.75,1949.0,2026-07
2026-07-02 18:34:00,CME_MINI:ES1!,7511.75,7511.75,7507.5,7508.75,3037.0,2026-07
2026-07-02 18:35:00,CME_MINI:ES1!,7509.0,7512.0,7508.5,7509.25,2325.0,2026-07
2026-07-02 18:36:00,CME_MINI:ES1!,7509.5,7510.5,7508.0,7509.0,2275.0,2026-07
2026-07-02 18:37:00,CME_MINI:ES1!,7509.25,7511.25,7508.5,7510.5,1200.0,2026-07
2026-07-02 18:38:00,CME_MINI:ES1!,7510.75,7512.5,7510.0,7510.0,1345.0,2026-07
2026-07-02 18:39:00,CME_MINI:ES1!,7510.25,7512.25,7508.75,7511.25,982.0,2026-07
2026-07-02 18:40:00,CME_MINI:ES1!,7511.5,7512.0,7509.75,7510.75,1344.0,2026-07
2026-07-02 18:41:00,CME_MINI:ES1!,7511.0,7511.75,7509.5,7510.0,1502.0,2026-07
2026-07-02 18:42:00,CME_MINI:ES1!,7510.25,7512.0,7510.25,7511.25,1256.0,2026-07
2026-07-02 18:43:00,CME_MINI:ES1!,7511.5,7512.75,7510.5,7512.25,1543.0,2026-07
2026-07-02 18:44:00,CME_MINI:ES1!,7512.5,7513.0,7509.75,7510.5,1490.0,2026-07
2026-07-02 18:45:00,CME_MINI:ES1!,7510.25,7510.5,7505.0,7506.25,3075.0,2026-07
2026-07-02 18:46:00,CME_MINI:ES1!,7506.25,7507.0,7505.25,7506.0,1974.0,2026-07
2026-07-02 18:47:00,CME_MINI:ES1!,7506.25,7509.5,7506.0,7509.0,1687.0,2026-07
2026-07-02 18:48:00,CME_MINI:ES1!,7509.0,7511.5,7508.0,7511.25,1624.0,2026-07
2026-07-02 18:49:00,CME_MINI:ES1!,7511.0,7512.5,7511.0,7511.75,1528.0,2026-07
2026-07-02 18:50:00,CME_MINI:ES1!,7511.75,7512.0,7509.75,7511.25,1623.0,2026-07
2026-07-02 18:51:00,CME_MINI:ES1!,7511.5,7513.25,7511.0,7512.0,1815.0,2026-07
2026-07-02 18:52:00,CME_MINI:ES1!,7512.0,7514.75,7511.75,7513.0,1960.0,2026-07
2026-07-02 18:53:00,CME_MINI:ES1!,7513.0,7513.0,7510.0,7510.5,1484.0,2026-07
2026-07-02 18:54:00,CME_MINI:ES1!,7510.75,7510.75,7508.25,7508.25,2064.0,2026-07
2026-07-02 18:55:00,CME_MINI:ES1!,7508.25,7509.5,7506.75,7508.75,1752.0,2026-07
2026-07-02 18:56:00,CME_MINI:ES1!,7509.0,7510.25,7505.25,7506.0,1878.0,2026-07
2026-07-02 18:57:00,CME_MINI:ES1!,7506.25,7509.5,7505.5,7508.25,1440.0,2026-07
2026-07-02 18:58:00,CME_MINI:ES1!,7508.25,7510.25,7507.25,7508.25,1748.0,2026-07
2026-07-02 18:59:00,CME_MINI:ES1!,7508.25,7509.25,7506.5,7509.0,1846.0,2026-07
2026-07-02 19:00:00,CME_MINI:ES1!,7509.25,7510.75,7504.25,7504.25,2980.0,2026-07
2026-07-02 19:01:00,CME_MINI:ES1!,7504.5,7506.5,7502.75,7504.75,2407.0,2026-07
2026-07-02 19:02:00,CME_MINI:ES1!,7504.75,7505.75,7504.25,7505.0,1620.0,2026-07
2026-07-02 19:03:00,CME_MINI:ES1!,7505.25,7506.25,7503.0,7503.75,1964.0,2026-07
2026-07-02 19:04:00,CME_MINI:ES1!,7503.75,7504.0,7494.25,7495.75,5082.0,2026-07
2026-07-02 19:05:00,CME_MINI:ES1!,7495.5,7498.0,7492.75,7493.75,3078.0,2026-07
2026-07-02 19:06:00,CME_MINI:ES1!,7493.75,7500.25,7491.75,7497.75,5392.0,2026-07
2026-07-02 19:07:00,CME_MINI:ES1!,7497.75,7500.25,7495.0,7498.25,3696.0,2026-07
2026-07-02 19:08:00,CME_MINI:ES1!,7498.5,7500.0,7497.25,7498.0,1877.0,2026-07
2026-07-02 19:09:00,CME_MINI:ES1!,7498.0,7500.0,7497.25,7497.5,1776.0,2026-07
2026-07-02 19:10:00,CME_MINI:ES1!,7497.75,7498.75,7494.25,7498.0,2135.0,2026-07
2026-07-02 19:11:00,CME_MINI:ES1!,7498.0,7499.25,7497.0,7498.25,1764.0,2026-07
2026-07-02 19:12:00,CME_MINI:ES1!,7498.0,7500.75,7496.75,7499.25,2425.0,2026-07
2026-07-02 19:13:00,CME_MINI:ES1!,7499.25,7501.75,7499.0,7500.0,1734.0,2026-07
2026-07-02 19:14:00,CME_MINI:ES1!,7499.75,7501.5,7499.25,7499.5,1757.0,2026-07
2026-07-02 19:15:00,CME_MINI:ES1!,7499.75,7501.0,7497.25,7498.0,1510.0,2026-07
2026-07-02 19:16:00,CME_MINI:ES1!,7498.0,7498.25,7495.25,7496.25,1839.0,2026-07
2026-07-02 19:17:00,CME_MINI:ES1!,7496.25,7497.25,7495.75,7496.25,1312.0,2026-07
2026-07-02 19:18:00,CME_MINI:ES1!,7496.0,7497.0,7494.25,7496.0,1216.0,2026-07
2026-07-02 19:19:00,CME_MINI:ES1!,7496.0,7499.5,7495.75,7496.75,1806.0,2026-07
2026-07-02 19:20:00,CME_MINI:ES1!,7496.75,7497.75,7495.25,7495.75,1524.0,2026-07
2026-07-02 19:21:00,CME_MINI:ES1!,7495.75,7496.5,7494.5,7495.5,1297.0,2026-07
2026-07-02 19:22:00,CME_MINI:ES1!,7495.5,7496.25,7494.25,7495.0,1711.0,2026-07
2026-07-02 19:23:00,CME_MINI:ES1!,7495.0,7496.5,7494.5,7495.5,1728.0,2026-07
2026-07-02 19:24:00,CME_MINI:ES1!,7495.5,7496.0,7494.5,7495.0,1279.0,2026-07
2026-07-02 19:25:00,CME_MINI:ES1!,7494.75,7495.75,7493.5,7494.75,1664.0,2026-07
2026-07-02 19:26:00,CME_MINI:ES1!,7494.5,7496.75,7493.5,7496.25,1474.0,2026-07
2026-07-02 19:27:00,CME_MINI:ES1!,7496.5,7498.5,7496.0,7498.5,1820.0,2026-07
2026-07-02 19:28:00,CME_MINI:ES1!,7498.25,7504.0,7498.0,7503.25,3165.0,2026-07
2026-07-02 19:29:00,CME_MINI:ES1!,7503.0,7505.5,7501.75,7502.5,4003.0,2026-07
2026-07-02 19:30:00,CME_MINI:ES1!,7502.5,7505.0,7500.5,7504.5,2571.0,2026-07
2026-07-02 19:31:00,CME_MINI:ES1!,7504.25,7506.0,7502.5,7503.25,2700.0,2026-07
2026-07-02 19:32:00,CME_MINI:ES1!,7503.5,7506.5,7503.25,7504.75,1656.0,2026-07
2026-07-02 19:33:00,CME_MINI:ES1!,7504.75,7507.25,7504.75,7506.5,1712.0,2026-07
2026-07-02 19:34:00,CME_MINI:ES1!,7506.5,7508.0,7506.25,7507.75,1741.0,2026-07
2026-07-02 19:35:00,CME_MINI:ES1!,7507.75,7510.5,7507.0,7509.75,2278.0,2026-07
2026-07-02 19:36:00,CME_MINI:ES1!,7509.75,7510.0,7506.25,7506.75,2256.0,2026-07
2026-07-02 19:37:00,CME_MINI:ES1!,7506.75,7509.5,7504.75,7509.25,2190.0,2026-07
2026-07-02 19:38:00,CME_MINI:ES1!,7509.25,7510.75,7509.0,7509.5,1588.0,2026-07
2026-07-02 19:39:00,CME_MINI:ES1!,7509.25,7510.5,7508.5,7510.25,2190.0,2026-07
2026-07-02 19:40:00,CME_MINI:ES1!,7510.25,7510.75,7508.0,7510.0,1736.0,2026-07
2026-07-02 19:41:00,CME_MINI:ES1!,7509.75,7510.0,7507.75,7509.0,1607.0,2026-07
2026-07-02 19:42:00,CME_MINI:ES1!,7509.0,7510.0,7507.0,7510.0,1908.0,2026-07
2026-07-02 19:43:00,CME_MINI:ES1!,7509.75,7512.25,7509.0,7511.25,2123.0,2026-07
2026-07-02 19:44:00,CME_MINI:ES1!,7511.25,7513.0,7511.0,7511.75,1535.0,2026-07
2026-07-02 19:45:00,CME_MINI:ES1!,7511.75,7513.0,7510.25,7512.0,2340.0,2026-07
2026-07-02 19:46:00,CME_MINI:ES1!,7511.75,7512.25,7509.5,7511.75,2759.0,2026-07
2026-07-02 19:47:00,CME_MINI:ES1!,7511.5,7513.0,7509.75,7510.5,1773.0,2026-07
2026-07-02 19:48:00,CME_MINI:ES1!,7510.25,7511.25,7509.5,7510.0,2698.0,2026-07
2026-07-02 19:49:00,CME_MINI:ES1!,7510.0,7512.0,7508.75,7512.0,2862.0,2026-07
2026-07-02 19:50:00,CME_MINI:ES1!,7512.0,7520.0,7512.0,7518.0,9018.0,2026-07
2026-07-02 19:51:00,CME_MINI:ES1!,7518.0,7519.25,7516.25,7519.25,4316.0,2026-07
2026-07-02 19:52:00,CME_MINI:ES1!,7519.25,7520.25,7518.0,7519.25,5272.0,2026-07
2026-07-02 19:53:00,CME_MINI:ES1!,7519.5,7521.5,7518.0,7519.75,4925.0,2026-07
2026-07-02 19:54:00,CME_MINI:ES1!,7519.75,7523.5,7519.25,7523.25,5454.0,2026-07
2026-07-02 19:55:00,CME_MINI:ES1!,7523.0,7526.0,7520.75,7525.0,8351.0,2026-07
2026-07-02 19:56:00,CME_MINI:ES1!,7525.0,7527.0,7524.25,7526.0,6526.0,2026-07
2026-07-02 19:57:00,CME_MINI:ES1!,7526.0,7530.25,7525.75,7529.0,7461.0,2026-07
2026-07-02 19:58:00,CME_MINI:ES1!,7529.25,7533.0,7527.0,7531.25,12749.0,2026-07
2026-07-02 19:59:00,CME_MINI:ES1!,7531.5,7534.0,7525.25,7526.25,53532.0,2026-07
2026-07-02 20:00:00,CME_MINI:ES1!,7526.25,7527.25,7520.75,7522.75,21275.0,2026-07
2026-07-02 20:01:00,CME_MINI:ES1!,7522.75,7524.25,7520.5,7522.25,5624.0,2026-07
2026-07-02 20:02:00,CME_MINI:ES1!,7522.0,7523.25,7520.75,7521.75,2495.0,2026-07
2026-07-02 20:03:00,CME_MINI:ES1!,7521.75,7522.75,7520.75,7521.5,1681.0,2026-07
2026-07-02 20:04:00,CME_MINI:ES1!,7521.5,7522.0,7520.5,7520.75,1383.0,2026-07
2026-07-02 20:05:00,CME_MINI:ES1!,7520.5,7521.25,7517.75,7520.75,2733.0,2026-07
2026-07-02 20:06:00,CME_MINI:ES1!,7521.0,7522.0,7520.25,7520.75,982.0,2026-07
2026-07-02 20:07:00,CME_MINI:ES1!,7520.75,7522.25,7520.5,7520.75,823.0,2026-07
2026-07-02 20:08:00,CME_MINI:ES1!,7521.0,7522.25,7520.0,7520.5,1020.0,2026-07
2026-07-02 20:09:00,CME_MINI:ES1!,7520.5,7523.0,7520.0,7522.5,2231.0,2026-07
2026-07-02 20:10:00,CME_MINI:ES1!,7522.5,7523.5,7520.5,7521.25,1266.0,2026-07
2026-07-02 20:11:00,CME_MINI:ES1!,7521.25,7522.5,7521.0,7521.75,522.0,2026-07
2026-07-02 20:12:00,CME_MINI:ES1!,7521.75,7523.75,7521.5,7523.5,969.0,2026-07
2026-07-02 20:13:00,CME_MINI:ES1!,7523.5,7524.0,7523.0,7523.5,647.0,2026-07
2026-07-02 20:14:00,CME_MINI:ES1!,7523.75,7525.5,7523.5,7524.25,1387.0,2026-07
2026-07-02 20:15:00,CME_MINI:ES1!,7524.25,7525.25,7523.5,7524.25,774.0,2026-07
2026-07-02 20:16:00,CME_MINI:ES1!,7524.5,7525.0,7523.25,7523.5,468.0,2026-07
2026-07-02 20:17:00,CME_MINI:ES1!,7523.5,7523.75,7522.75,7523.0,384.0,2026-07
2026-07-02 20:18:00,CME_MINI:ES1!,7523.0,7524.25,7523.0,7524.0,335.0,2026-07
2026-07-02 20:19:00,CME_MINI:ES1!,7524.25,7524.25,7522.75,7522.75,348.0,2026-07
2026-07-02 20:20:00,CME_MINI:ES1!,7522.75,7523.75,7522.25,7522.5,524.0,2026-07
2026-07-02 20:21:00,CME_MINI:ES1!,7522.25,7522.25,7520.5,7522.25,636.0,2026-07
2026-07-02 20:22:00,CME_MINI:ES1!,7522.0,7522.25,7521.25,7521.25,452.0,2026-07
2026-07-02 20:23:00,CME_MINI:ES1!,7521.5,7521.5,7521.25,7521.25,119.0,2026-07
2026-07-02 20:24:00,CME_MINI:ES1!,7521.25,7521.25,7520.0,7520.25,189.0,2026-07
2026-07-02 20:25:00,CME_MINI:ES1!,7520.25,7521.75,7520.0,7521.75,129.0,2026-07
2026-07-02 20:26:00,CME_MINI:ES1!,7521.75,7523.25,7521.5,7521.5,318.0,2026-07
2026-07-02 20:27:00,CME_MINI:ES1!,7521.25,7521.5,7520.25,7520.5,149.0,2026-07
2026-07-02 20:28:00,CME_MINI:ES1!,7520.5,7521.0,7520.5,7520.75,220.0,2026-07
2026-07-02 20:29:00,CME_MINI:ES1!,7520.75,7521.0,7520.5,7520.75,307.0,2026-07
2026-07-02 20:30:00,CME_MINI:ES1!,7521.25,7521.5,7520.5,7520.5,198.0,2026-07
2026-07-02 20:31:00,CME_MINI:ES1!,7520.75,7522.0,7520.5,7522.0,184.0,2026-07
2026-07-02 20:32:00,CME_MINI:ES1!,7522.0,7522.75,7521.0,7521.0,283.0,2026-07
2026-07-02 20:33:00,CME_MINI:ES1!,7521.25,7521.5,7520.0,7521.5,387.0,2026-07
2026-07-02 20:34:00,CME_MINI:ES1!,7521.5,7523.25,7521.5,7523.0,273.0,2026-07
2026-07-02 20:35:00,CME_MINI:ES1!,7523.0,7524.75,7523.0,7523.75,433.0,2026-07
2026-07-02 20:36:00,CME_MINI:ES1!,7523.5,7523.75,7522.75,7523.0,186.0,2026-07
2026-07-02 20:37:00,CME_MINI:ES1!,7523.0,7524.0,7522.75,7523.0,182.0,2026-07
2026-07-02 20:38:00,CME_MINI:ES1!,7523.0,7523.25,7521.5,7521.75,246.0,2026-07
2026-07-02 20:39:00,CME_MINI:ES1!,7521.75,7522.5,7521.5,7522.0,97.0,2026-07
2026-07-02 20:40:00,CME_MINI:ES1!,7522.25,7522.25,7521.25,7521.75,275.0,2026-07
2026-07-02 20:41:00,CME_MINI:ES1!,7521.75,7521.75,7521.25,7521.5,107.0,2026-07
2026-07-02 20:42:00,CME_MINI:ES1!,7521.75,7522.0,7521.5,7521.75,76.0,2026-07
2026-07-02 20:43:00,CME_MINI:ES1!,7521.75,7522.0,7520.0,7520.25,256.0,2026-07
2026-07-02 20:44:00,CME_MINI:ES1!,7520.25,7520.25,7519.25,7519.5,319.0,2026-07
2026-07-02 20:45:00,CME_MINI:ES1!,7519.75,7520.5,7519.25,7520.5,366.0,2026-07
2026-07-02 20:46:00,CME_MINI:ES1!,7520.5,7521.0,7520.0,7521.0,224.0,2026-07
2026-07-02 20:47:00,CME_MINI:ES1!,7520.75,7521.25,7520.0,7521.0,216.0,2026-07
2026-07-02 20:48:00,CME_MINI:ES1!,7521.0,7521.75,7519.5,7519.75,486.0,2026-07
2026-07-02 20:49:00,CME_MINI:ES1!,7520.0,7521.5,7520.0,7521.25,333.0,2026-07
2026-07-02 20:50:00,CME_MINI:ES1!,7521.5,7522.25,7521.25,7522.0,261.0,2026-07
2026-07-02 20:51:00,CME_MINI:ES1!,7522.0,7522.25,7521.25,7521.5,246.0,2026-07
2026-07-02 20:52:00,CME_MINI:ES1!,7521.5,7521.75,7521.5,7521.5,106.0,2026-07
2026-07-02 20:53:00,CME_MINI:ES1!,7521.5,7522.0,7521.0,7521.0,232.0,2026-07
2026-07-02 20:54:00,CME_MINI:ES1!,7521.0,7521.25,7520.75,7521.0,205.0,2026-07
2026-07-02 20:55:00,CME_MINI:ES1!,7521.0,7521.25,7520.5,7521.0,329.0,2026-07
2026-07-02 20:56:00,CME_MINI:ES1!,7521.0,7521.75,7520.5,7521.25,609.0,2026-07
2026-07-02 20:57:00,CME_MINI:ES1!,7521.25,7523.5,7521.25,7522.0,465.0,2026-07
2026-07-02 20:58:00,CME_MINI:ES1!,7522.25,7524.25,7520.75,7524.0,595.0,2026-07
2026-07-02 20:59:00,CME_MINI:ES1!,7524.0,7524.5,7522.75,7523.0,520.0,2026-07
2026-07-02 22:00:00,CME_MINI:ES1!,7523.75,7528.5,7523.75,7526.0,408.0,2026-07
2026-07-02 22:01:00,CME_MINI:ES1!,7526.0,7526.5,7524.5,7525.75,160.0,2026-07
2026-07-02 22:02:00,CME_MINI:ES1!,7525.5,7527.0,7525.5,7527.0,80.0,2026-07
2026-07-02 22:03:00,CME_MINI:ES1!,7526.75,7528.5,7526.75,7528.0,92.0,2026-07
2026-07-02 22:04:00,CME_MINI:ES1!,7528.0,7528.25,7525.75,7527.25,163.0,2026-07
2026-07-02 22:05:00,CME_MINI:ES1!,7527.0,7527.5,7524.25,7527.0,142.0,2026-07
2026-07-02 22:06:00,CME_MINI:ES1!,7527.0,7528.75,7526.75,7527.75,86.0,2026-07
2026-07-02 22:07:00,CME_MINI:ES1!,7528.0,7529.0,7528.0,7529.0,64.0,2026-07
2026-07-02 22:08:00,CME_MINI:ES1!,7529.0,7529.0,7528.25,7528.75,45.0,2026-07
2026-07-02 22:09:00,CME_MINI:ES1!,7528.75,7529.25,7528.5,7528.5,49.0,2026-07
2026-07-02 22:10:00,CME_MINI:ES1!,7528.5,7529.0,7528.25,7529.0,64.0,2026-07
2026-07-02 22:11:00,CME_MINI:ES1!,7529.0,7529.0,7528.5,7528.5,59.0,2026-07
2026-07-02 22:12:00,CME_MINI:ES1!,7528.5,7528.5,7527.5,7528.0,24.0,2026-07
2026-07-02 22:13:00,CME_MINI:ES1!,7527.75,7528.5,7527.75,7528.0,85.0,2026-07
2026-07-02 22:14:00,CME_MINI:ES1!,7527.75,7528.5,7527.75,7528.5,38.0,2026-07
2026-07-02 22:15:00,CME_MINI:ES1!,7528.75,7530.5,7528.5,7530.25,134.0,2026-07
2026-07-02 22:16:00,CME_MINI:ES1!,7530.0,7530.75,7529.75,7529.75,74.0,2026-07
2026-07-02 22:17:00,CME_MINI:ES1!,7530.0,7530.25,7529.5,7530.25,36.0,2026-07
2026-07-02 22:18:00,CME_MINI:ES1!,7530.5,7530.5,7530.0,7530.0,65.0,2026-07
2026-07-02 22:19:00,CME_MINI:ES1!,7530.0,7530.0,7529.5,7529.75,20.0,2026-07
2026-07-02 22:20:00,CME_MINI:ES1!,7529.75,7530.25,7529.5,7530.0,32.0,2026-07
2026-07-02 22:21:00,CME_MINI:ES1!,7530.0,7530.25,7529.25,7530.25,21.0,2026-07
2026-07-02 22:22:00,CME_MINI:ES1!,7530.25,7530.5,7530.0,7530.25,26.0,2026-07
2026-07-02 22:23:00,CME_MINI:ES1!,7530.25,7531.0,7530.0,7530.75,66.0,2026-07
2026-07-02 22:24:00,CME_MINI:ES1!,7531.0,7531.5,7530.5,7531.0,111.0,2026-07
2026-07-02 22:25:00,CME_MINI:ES1!,7530.5,7530.75,7529.5,7530.0,49.0,2026-07
2026-07-02 22:26:00,CME_MINI:ES1!,7530.25,7530.5,7530.0,7530.25,45.0,2026-07
2026-07-02 22:27:00,CME_MINI:ES1!,7530.25,7531.0,7530.25,7530.75,63.0,2026-07
2026-07-02 22:28:00,CME_MINI:ES1!,7530.75,7531.25,7530.5,7531.25,48.0,2026-07
2026-07-02 22:29:00,CME_MINI:ES1!,7531.0,7531.0,7528.5,7529.0,73.0,2026-07
2026-07-02 22:30:00,CME_MINI:ES1!,7529.0,7529.0,7527.75,7527.75,72.0,2026-07
2026-07-02 22:31:00,CME_MINI:ES1!,7527.5,7529.0,7527.25,7528.5,77.0,2026-07
2026-07-02 22:32:00,CME_MINI:ES1!,7528.5,7528.75,7528.25,7528.5,20.0,2026-07
2026-07-02 22:33:00,CME_MINI:ES1!,7528.5,7529.5,7528.25,7529.5,28.0,2026-07
2026-07-02 22:34:00,CME_MINI:ES1!,7529.5,7531.5,7529.5,7531.25,92.0,2026-07
2026-07-02 22:35:00,CME_MINI:ES1!,7531.25,7531.25,7530.5,7531.25,81.0,2026-07
2026-07-02 22:36:00,CME_MINI:ES1!,7531.25,7533.0,7531.25,7532.5,100.0,2026-07
2026-07-02 22:37:00,CME_MINI:ES1!,7532.75,7533.0,7532.25,7533.0,85.0,2026-07
2026-07-02 22:38:00,CME_MINI:ES1!,7533.25,7533.75,7532.75,7533.75,89.0,2026-07
2026-07-02 22:39:00,CME_MINI:ES1!,7533.75,7534.5,7533.25,7534.0,118.0,2026-07
2026-07-02 22:40:00,CME_MINI:ES1!,7534.0,7534.25,7533.5,7534.25,62.0,2026-07
2026-07-02 22:41:00,CME_MINI:ES1!,7534.5,7534.75,7534.0,7534.75,67.0,2026-07
2026-07-02 22:42:00,CME_MINI:ES1!,7534.5,7534.5,7533.75,7534.25,49.0,2026-07
2026-07-02 22:43:00,CME_MINI:ES1!,7534.5,7535.25,7534.25,7535.0,63.0,2026-07
2026-07-02 22:44:00,CME_MINI:ES1!,7534.75,7535.5,7534.75,7535.0,47.0,2026-07
2026-07-02 22:45:00,CME_MINI:ES1!,7535.25,7535.5,7534.5,7535.25,59.0,2026-07
2026-07-02 22:46:00,CME_MINI:ES1!,7535.25,7535.25,7534.5,7534.5,30.0,2026-07
2026-07-02 22:47:00,CME_MINI:ES1!,7534.75,7534.75,7534.0,7534.25,38.0,2026-07
2026-07-02 22:48:00,CME_MINI:ES1!,7534.25,7534.25,7534.0,7534.0,40.0,2026-07
2026-07-02 22:49:00,CME_MINI:ES1!,7534.25,7534.5,7534.0,7534.0,12.0,2026-07
2026-07-02 22:50:00,CME_MINI:ES1!,7533.75,7533.75,7533.25,7533.75,44.0,2026-07
2026-07-02 22:51:00,CME_MINI:ES1!,7533.25,7533.5,7533.0,7533.5,15.0,2026-07
2026-07-02 22:52:00,CME_MINI:ES1!,7533.25,7533.5,7532.75,7532.75,50.0,2026-07
2026-07-02 22:53:00,CME_MINI:ES1!,7532.75,7533.25,7532.75,7533.0,54.0,2026-07
2026-07-02 22:54:00,CME_MINI:ES1!,7533.0,7533.75,7533.0,7533.75,123.0,2026-07
2026-07-02 22:55:00,CME_MINI:ES1!,7534.0,7535.0,7533.75,7534.75,74.0,2026-07
2026-07-02 22:56:00,CME_MINI:ES1!,7534.75,7535.5,7534.5,7534.75,108.0,2026-07
2026-07-02 22:57:00,CME_MINI:ES1!,7534.5,7535.5,7534.5,7535.5,34.0,2026-07
2026-07-02 22:58:00,CME_MINI:ES1!,7535.25,7535.5,7534.5,7535.5,96.0,2026-07
2026-07-02 22:59:00,CME_MINI:ES1!,7535.25,7536.0,7535.25,7535.5,43.0,2026-07
2026-07-02 23:00:00,CME_MINI:ES1!,7535.25,7535.5,7534.5,7535.25,71.0,2026-07
2026-07-02 23:01:00,CME_MINI:ES1!,7535.5,7536.0,7535.5,7535.5,20.0,2026-07
2026-07-02 23:02:00,CME_MINI:ES1!,7535.25,7535.25,7534.5,7534.5,58.0,2026-07
2026-07-02 23:03:00,CME_MINI:ES1!,7534.75,7534.75,7534.25,7534.5,47.0,2026-07
2026-07-02 23:04:00,CME_MINI:ES1!,7534.5,7534.5,7533.5,7533.75,111.0,2026-07
2026-07-02 23:05:00,CME_MINI:ES1!,7533.75,7534.25,7533.75,7534.0,72.0,2026-07
2026-07-02 23:06:00,CME_MINI:ES1!,7534.0,7534.25,7533.0,7533.0,70.0,2026-07
2026-07-02 23:07:00,CME_MINI:ES1!,7533.0,7533.0,7531.75,7532.5,102.0,2026-07
2026-07-02 23:08:00,CME_MINI:ES1!,7532.5,7533.5,7532.25,7533.5,44.0,2026-07
2026-07-02 23:09:00,CME_MINI:ES1!,7533.25,7533.5,7531.75,7532.25,86.0,2026-07
2026-07-02 23:10:00,CME_MINI:ES1!,7532.5,7532.75,7532.0,7532.0,33.0,2026-07
2026-07-02 23:11:00,CME_MINI:ES1!,7531.75,7532.25,7531.5,7531.5,59.0,2026-07
2026-07-02 23:12:00,CME_MINI:ES1!,7531.5,7532.0,7530.5,7531.0,105.0,2026-07
2026-07-02 23:13:00,CME_MINI:ES1!,7530.75,7531.0,7529.5,7529.75,201.0,2026-07
2026-07-02 23:14:00,CME_MINI:ES1!,7530.0,7530.5,7529.25,7529.75,67.0,2026-07
2026-07-02 23:15:00,CME_MINI:ES1!,7529.75,7530.5,7529.5,7530.5,78.0,2026-07
2026-07-02 23:16:00,CME_MINI:ES1!,7530.75,7532.5,7530.0,7532.25,139.0,2026-07
2026-07-02 23:17:00,CME_MINI:ES1!,7532.0,7532.25,7531.25,7531.25,69.0,2026-07
2026-07-02 23:18:00,CME_MINI:ES1!,7531.5,7531.75,7531.0,7531.75,53.0,2026-07
2026-07-02 23:19:00,CME_MINI:ES1!,7531.75,7531.75,7529.75,7530.5,176.0,2026-07
2026-07-02 23:20:00,CME_MINI:ES1!,7530.5,7531.5,7530.25,7531.25,51.0,2026-07
2026-07-02 23:21:00,CME_MINI:ES1!,7531.25,7532.25,7531.0,7532.0,62.0,2026-07
2026-07-02 23:22:00,CME_MINI:ES1!,7532.0,7534.5,7531.5,7534.25,92.0,2026-07
2026-07-02 23:23:00,CME_MINI:ES1!,7534.25,7535.0,7533.75,7534.0,150.0,2026-07
2026-07-02 23:24:00,CME_MINI:ES1!,7534.0,7536.0,7534.0,7535.75,136.0,2026-07
2026-07-02 23:25:00,CME_MINI:ES1!,7535.5,7536.5,7535.0,7536.0,143.0,2026-07
2026-07-02 23:26:00,CME_MINI:ES1!,7535.75,7537.0,7535.25,7536.5,139.0,2026-07
2026-07-02 23:27:00,CME_MINI:ES1!,7536.25,7536.25,7535.75,7536.0,37.0,2026-07
2026-07-02 23:28:00,CME_MINI:ES1!,7536.25,7536.75,7535.75,7535.75,51.0,2026-07
2026-07-02 23:29:00,CME_MINI:ES1!,7536.0,7536.25,7535.5,7536.0,33.0,2026-07
2026-07-02 23:30:00,CME_MINI:ES1!,7536.25,7536.25,7534.5,7535.25,145.0,2026-07
2026-07-02 23:31:00,CME_MINI:ES1!,7535.25,7535.5,7535.0,7535.5,47.0,2026-07
2026-07-02 23:32:00,CME_MINI:ES1!,7535.75,7536.75,7535.5,7536.75,59.0,2026-07
2026-07-02 23:33:00,CME_MINI:ES1!,7536.5,7536.75,7536.0,7536.0,33.0,2026-07
2026-07-02 23:34:00,CME_MINI:ES1!,7536.25,7537.75,7536.25,7537.0,146.0,2026-07
2026-07-02 23:35:00,CME_MINI:ES1!,7537.25,7537.75,7536.25,7537.0,106.0,2026-07
2026-07-02 23:36:00,CME_MINI:ES1!,7537.0,7537.5,7536.5,7536.75,39.0,2026-07
2026-07-02 23:37:00,CME_MINI:ES1!,7536.5,7537.0,7536.5,7537.0,25.0,2026-07
2026-07-02 23:38:00,CME_MINI:ES1!,7537.25,7537.25,7536.25,7536.5,22.0,2026-07
2026-07-02 23:39:00,CME_MINI:ES1!,7536.5,7536.5,7534.0,7535.0,134.0,2026-07
2026-07-02 23:40:00,CME_MINI:ES1!,7534.75,7535.5,7534.25,7535.5,75.0,2026-07
2026-07-02 23:41:00,CME_MINI:ES1!,7535.25,7536.25,7533.5,7534.0,151.0,2026-07
2026-07-02 23:42:00,CME_MINI:ES1!,7534.0,7534.5,7534.0,7534.0,37.0,2026-07
2026-07-02 23:43:00,CME_MINI:ES1!,7533.75,7534.5,7533.5,7534.5,21.0,2026-07
2026-07-02 23:44:00,CME_MINI:ES1!,7534.5,7534.75,7533.25,7533.25,31.0,2026-07
2026-07-02 23:45:00,CME_MINI:ES1!,7533.5,7535.5,7532.75,7535.5,130.0,2026-07
2026-07-02 23:46:00,CME_MINI:ES1!,7535.25,7537.25,7535.0,7535.0,91.0,2026-07
2026-07-02 23:47:00,CME_MINI:ES1!,7535.0,7536.25,7534.5,7536.0,90.0,2026-07
2026-07-02 23:48:00,CME_MINI:ES1!,7535.75,7536.25,7534.75,7536.25,52.0,2026-07
2026-07-02 23:49:00,CME_MINI:ES1!,7536.25,7536.75,7536.0,7536.5,86.0,2026-07
2026-07-02 23:50:00,CME_MINI:ES1!,7536.5,7537.0,7535.5,7536.5,46.0,2026-07
2026-07-02 23:51:00,CME_MINI:ES1!,7536.75,7537.25,7536.0,7536.75,44.0,2026-07
2026-07-02 23:52:00,CME_MINI:ES1!,7536.5,7537.0,7536.25,7537.0,59.0,2026-07
2026-07-02 23:53:00,CME_MINI:ES1!,7536.5,7537.0,7535.5,7535.75,47.0,2026-07
2026-07-02 23:54:00,CME_MINI:ES1!,7535.75,7536.75,7533.75,7536.5,125.0,2026-07
2026-07-02 23:55:00,CME_MINI:ES1!,7536.25,7536.25,7535.25,7536.0,39.0,2026-07
2026-07-02 23:56:00,CME_MINI:ES1!,7535.5,7536.25,7535.5,7535.5,25.0,2026-07
2026-07-02 23:57:00,CME_MINI:ES1!,7535.75,7536.25,7535.25,7535.75,28.0,2026-07
2026-07-02 23:58:00,CME_MINI:ES1!,7535.5,7536.25,7535.0,7536.25,53.0,2026-07
2026-07-02 23:59:00,CME_MINI:ES1!,7536.25,7536.5,7535.75,7536.25,59.0,2026-07
2026-07-03 00:00:00,CME_MINI:ES1!,7536.0,7540.25,7535.0,7538.25,539.0,2026-07
2026-07-03 00:01:00,CME_MINI:ES1!,7538.0,7538.5,7531.5,7532.25,343.0,2026-07
2026-07-03 00:02:00,CME_MINI:ES1!,7532.5,7533.75,7530.75,7532.5,182.0,2026-07
2026-07-03 00:03:00,CME_MINI:ES1!,7532.25,7535.25,7531.75,7535.25,167.0,2026-07
2026-07-03 00:04:00,CME_MINI:ES1!,7535.0,7535.25,7533.75,7534.5,92.0,2026-07
2026-07-03 00:05:00,CME_MINI:ES1!,7534.25,7535.0,7532.75,7534.75,197.0,2026-07
2026-07-03 00:06:00,CME_MINI:ES1!,7534.25,7535.75,7530.75,7533.25,193.0,2026-07
2026-07-03 00:07:00,CME_MINI:ES1!,7533.25,7533.25,7530.25,7531.5,116.0,2026-07
2026-07-03 00:08:00,CME_MINI:ES1!,7531.75,7532.0,7530.25,7531.0,105.0,2026-07
2026-07-03 00:09:00,CME_MINI:ES1!,7531.25,7531.25,7529.25,7529.5,118.0,2026-07
2026-07-03 00:10:00,CME_MINI:ES1!,7529.25,7529.75,7527.25,7529.25,215.0,2026-07
2026-07-03 00:11:00,CME_MINI:ES1!,7529.25,7530.5,7528.0,7530.0,85.0,2026-07
2026-07-03 00:12:00,CME_MINI:ES1!,7530.5,7531.75,7529.75,7530.0,87.0,2026-07
2026-07-03 00:13:00,CME_MINI:ES1!,7530.0,7537.5,7530.0,7536.25,293.0,2026-07
2026-07-03 00:14:00,CME_MINI:ES1!,7536.25,7537.25,7535.5,7537.0,127.0,2026-07
2026-07-03 00:15:00,CME_MINI:ES1!,7536.75,7537.75,7533.25,7534.0,179.0,2026-07
2026-07-03 00:16:00,CME_MINI:ES1!,7534.5,7535.75,7532.5,7534.5,114.0,2026-07
2026-07-03 00:17:00,CME_MINI:ES1!,7534.25,7535.5,7532.5,7533.25,111.0,2026-07
2026-07-03 00:18:00,CME_MINI:ES1!,7533.5,7534.0,7531.75,7532.5,194.0,2026-07
2026-07-03 00:19:00,CME_MINI:ES1!,7532.75,7534.5,7532.25,7534.25,100.0,2026-07
2026-07-03 00:20:00,CME_MINI:ES1!,7534.25,7535.5,7533.25,7534.75,107.0,2026-07
2026-07-03 00:21:00,CME_MINI:ES1!,7535.0,7536.75,7534.0,7534.25,93.0,2026-07
2026-07-03 00:22:00,CME_MINI:ES1!,7534.0,7535.0,7532.25,7533.0,117.0,2026-07
2026-07-03 00:23:00,CME_MINI:ES1!,7533.0,7533.75,7532.5,7532.75,59.0,2026-07
2026-07-03 00:24:00,CME_MINI:ES1!,7533.25,7533.5,7532.25,7533.5,55.0,2026-07
2026-07-03 00:25:00,CME_MINI:ES1!,7533.75,7535.0,7531.5,7532.0,85.0,2026-07
2026-07-03 00:26:00,CME_MINI:ES1!,7532.25,7532.25,7530.75,7532.0,109.0,2026-07
2026-07-03 00:27:00,CME_MINI:ES1!,7532.0,7533.25,7530.0,7531.25,96.0,2026-07
2026-07-03 00:28:00,CME_MINI:ES1!,7531.25,7533.0,7530.75,7531.5,54.0,2026-07
2026-07-03 00:29:00,CME_MINI:ES1!,7531.25,7532.5,7531.0,7531.25,88.0,2026-07
2026-07-03 00:30:00,CME_MINI:ES1!,7531.0,7531.0,7527.5,7528.25,172.0,2026-07
2026-07-03 00:31:00,CME_MINI:ES1!,7528.25,7531.25,7527.5,7531.25,160.0,2026-07
2026-07-03 00:32:00,CME_MINI:ES1!,7531.25,7531.25,7529.75,7530.0,95.0,2026-07
2026-07-03 00:33:00,CME_MINI:ES1!,7530.0,7530.25,7528.5,7529.25,71.0,2026-07
2026-07-03 00:34:00,CME_MINI:ES1!,7529.25,7530.25,7528.5,7528.75,81.0,2026-07
2026-07-03 00:35:00,CME_MINI:ES1!,7528.75,7531.5,7528.0,7531.25,126.0,2026-07
2026-07-03 00:36:00,CME_MINI:ES1!,7531.5,7533.25,7530.75,7533.0,127.0,2026-07
2026-07-03 00:37:00,CME_MINI:ES1!,7532.5,7533.75,7531.25,7533.5,125.0,2026-07
2026-07-03 00:38:00,CME_MINI:ES1!,7533.5,7537.0,7533.25,7533.5,226.0,2026-07
2026-07-03 00:39:00,CME_MINI:ES1!,7533.5,7534.5,7532.5,7533.5,133.0,2026-07
2026-07-03 00:40:00,CME_MINI:ES1!,7533.25,7534.5,7532.25,7533.25,92.0,2026-07
2026-07-03 00:41:00,CME_MINI:ES1!,7533.25,7534.5,7533.25,7533.5,46.0,2026-07
2026-07-03 00:42:00,CME_MINI:ES1!,7533.25,7534.0,7530.5,7531.25,210.0,2026-07
2026-07-03 00:43:00,CME_MINI:ES1!,7531.5,7531.75,7529.75,7530.5,75.0,2026-07
2026-07-03 00:44:00,CME_MINI:ES1!,7530.75,7532.25,7530.75,7531.25,68.0,2026-07
2026-07-03 00:45:00,CME_MINI:ES1!,7531.25,7532.0,7529.5,7529.75,80.0,2026-07
2026-07-03 00:46:00,CME_MINI:ES1!,7529.75,7532.25,7529.0,7531.75,89.0,2026-07
2026-07-03 00:47:00,CME_MINI:ES1!,7532.0,7532.75,7530.25,7532.0,125.0,2026-07
2026-07-03 00:48:00,CME_MINI:ES1!,7532.25,7533.0,7530.75,7531.0,95.0,2026-07
2026-07-03 00:49:00,CME_MINI:ES1!,7531.0,7532.5,7530.75,7532.25,71.0,2026-07
2026-07-03 00:50:00,CME_MINI:ES1!,7532.25,7533.0,7532.0,7532.0,69.0,2026-07
2026-07-03 00:51:00,CME_MINI:ES1!,7532.0,7532.5,7530.75,7532.25,98.0,2026-07
2026-07-03 00:52:00,CME_MINI:ES1!,7532.75,7533.25,7531.0,7531.25,119.0,2026-07
2026-07-03 00:53:00,CME_MINI:ES1!,7531.5,7531.75,7528.5,7529.0,95.0,2026-07
2026-07-03 00:54:00,CME_MINI:ES1!,7529.5,7531.0,7529.5,7530.75,80.0,2026-07
2026-07-03 00:55:00,CME_MINI:ES1!,7531.0,7531.5,7530.0,7530.25,84.0,2026-07
2026-07-03 00:56:00,CME_MINI:ES1!,7530.0,7530.75,7529.0,7530.75,58.0,2026-07
2026-07-03 00:57:00,CME_MINI:ES1!,7530.75,7531.0,7529.5,7529.5,55.0,2026-07
2026-07-03 00:58:00,CME_MINI:ES1!,7529.5,7529.75,7527.75,7528.0,339.0,2026-07
2026-07-03 00:59:00,CME_MINI:ES1!,7528.5,7530.5,7528.25,7529.75,193.0,2026-07
2026-07-03 01:00:00,CME_MINI:ES1!,7530.25,7531.5,7529.5,7531.25,151.0,2026-07
2026-07-03 01:01:00,CME_MINI:ES1!,7531.5,7532.25,7530.25,7531.0,110.0,2026-07
2026-07-03 01:02:00,CME_MINI:ES1!,7531.25,7535.0,7531.25,7534.75,174.0,2026-07
2026-07-03 01:03:00,CME_MINI:ES1!,7535.0,7538.75,7534.25,7538.5,219.0,2026-07
2026-07-03 01:04:00,CME_MINI:ES1!,7538.25,7540.75,7538.25,7540.5,299.0,2026-07
2026-07-03 01:05:00,CME_MINI:ES1!,7540.25,7546.75,7539.75,7546.5,831.0,2026-07
2026-07-03 01:06:00,CME_MINI:ES1!,7546.75,7547.75,7544.75,7546.5,591.0,2026-07
2026-07-03 01:07:00,CME_MINI:ES1!,7546.25,7548.5,7546.0,7548.25,298.0,2026-07
2026-07-03 01:08:00,CME_MINI:ES1!,7547.75,7549.25,7547.75,7548.25,276.0,2026-07
2026-07-03 01:09:00,CME_MINI:ES1!,7548.0,7550.25,7546.75,7548.0,548.0,2026-07
2026-07-03 01:10:00,CME_MINI:ES1!,7547.5,7547.5,7546.0,7546.5,208.0,2026-07
2026-07-03 01:11:00,CME_MINI:ES1!,7546.75,7548.5,7546.25,7547.5,243.0,2026-07
2026-07-03 01:12:00,CME_MINI:ES1!,7547.25,7547.5,7545.25,7545.5,245.0,2026-07
2026-07-03 01:13:00,CME_MINI:ES1!,7545.5,7546.5,7545.0,7545.75,155.0,2026-07
2026-07-03 01:14:00,CME_MINI:ES1!,7546.0,7548.5,7545.75,7547.5,243.0,2026-07
2026-07-03 01:15:00,CME_MINI:ES1!,7547.5,7548.75,7546.5,7546.75,203.0,2026-07
2026-07-03 01:16:00,CME_MINI:ES1!,7546.75,7547.25,7544.75,7545.25,207.0,2026-07
2026-07-03 01:17:00,CME_MINI:ES1!,7545.5,7546.0,7544.75,7545.75,109.0,2026-07
2026-07-03 01:18:00,CME_MINI:ES1!,7546.0,7547.25,7545.25,7547.25,141.0,2026-07
2026-07-03 01:19:00,CME_MINI:ES1!,7547.5,7549.25,7545.75,7546.25,193.0,2026-07
2026-07-03 01:20:00,CME_MINI:ES1!,7546.75,7548.75,7546.5,7548.0,210.0,2026-07
2026-07-03 01:21:00,CME_MINI:ES1!,7547.75,7549.25,7547.75,7549.0,147.0,2026-07
2026-07-03 01:22:00,CME_MINI:ES1!,7548.75,7549.5,7548.25,7549.0,150.0,2026-07
2026-07-03 01:23:00,CME_MINI:ES1!,7549.0,7549.25,7547.75,7548.25,153.0,2026-07
2026-07-03 01:24:00,CME_MINI:ES1!,7548.25,7550.0,7547.75,7549.5,123.0,2026-07
2026-07-03 01:25:00,CME_MINI:ES1!,7549.25,7549.75,7548.25,7548.25,113.0,2026-07
2026-07-03 01:26:00,CME_MINI:ES1!,7548.5,7549.25,7547.75,7548.5,93.0,2026-07
2026-07-03 01:27:00,CME_MINI:ES1!,7548.25,7549.0,7547.5,7548.5,107.0,2026-07
2026-07-03 01:28:00,CME_MINI:ES1!,7548.5,7549.75,7548.5,7549.25,100.0,2026-07
2026-07-03 01:29:00,CME_MINI:ES1!,7549.5,7549.75,7547.75,7547.75,86.0,2026-07
2026-07-03 01:30:00,CME_MINI:ES1!,7547.75,7548.5,7546.0,7548.5,210.0,2026-07
2026-07-03 01:31:00,CME_MINI:ES1!,7548.75,7550.0,7547.75,7548.5,232.0,2026-07
2026-07-03 01:32:00,CME_MINI:ES1!,7548.5,7549.25,7547.5,7549.25,123.0,2026-07
2026-07-03 01:33:00,CME_MINI:ES1!,7548.75,7550.0,7548.25,7548.75,147.0,2026-07
2026-07-03 01:34:00,CME_MINI:ES1!,7548.75,7549.75,7547.75,7549.75,137.0,2026-07
2026-07-03 01:35:00,CME_MINI:ES1!,7550.0,7550.75,7548.5,7548.5,268.0,2026-07
2026-07-03 01:36:00,CME_MINI:ES1!,7548.75,7549.0,7547.25,7547.5,153.0,2026-07
2026-07-03 01:37:00,CME_MINI:ES1!,7547.75,7548.25,7547.5,7548.0,114.0,2026-07
2026-07-03 01:38:00,CME_MINI:ES1!,7547.75,7548.75,7547.0,7547.75,154.0,2026-07
2026-07-03 01:39:00,CME_MINI:ES1!,7547.75,7549.25,7547.75,7549.0,80.0,2026-07
2026-07-03 01:40:00,CME_MINI:ES1!,7549.25,7550.0,7549.0,7549.75,179.0,2026-07
2026-07-03 01:41:00,CME_MINI:ES1!,7549.75,7550.75,7549.25,7549.75,241.0,2026-07
2026-07-03 01:42:00,CME_MINI:ES1!,7549.75,7550.0,7548.75,7549.0,99.0,2026-07
2026-07-03 01:43:00,CME_MINI:ES1!,7549.0,7549.75,7548.5,7549.75,90.0,2026-07
2026-07-03 01:44:00,CME_MINI:ES1!,7549.75,7550.0,7549.5,7550.0,45.0,2026-07
2026-07-03 01:45:00,CME_MINI:ES1!,7550.0,7550.0,7548.0,7548.75,88.0,2026-07
2026-07-03 01:46:00,CME_MINI:ES1!,7549.0,7549.75,7548.75,7549.0,83.0,2026-07
2026-07-03 01:47:00,CME_MINI:ES1!,7549.0,7549.5,7548.5,7549.0,63.0,2026-07
2026-07-03 01:48:00,CME_MINI:ES1!,7549.25,7550.5,7549.0,7550.25,196.0,2026-07
2026-07-03 01:49:00,CME_MINI:ES1!,7550.25,7550.5,7549.5,7550.0,162.0,2026-07
2026-07-03 01:50:00,CME_MINI:ES1!,7549.75,7550.5,7549.25,7550.0,128.0,2026-07
2026-07-03 01:51:00,CME_MINI:ES1!,7550.0,7550.25,7548.25,7548.5,72.0,2026-07
2026-07-03 01:52:00,CME_MINI:ES1!,7548.25,7550.0,7547.75,7550.0,154.0,2026-07
2026-07-03 01:53:00,CME_MINI:ES1!,7550.25,7550.25,7549.25,7549.75,111.0,2026-07
2026-07-03 01:54:00,CME_MINI:ES1!,7550.0,7550.0,7549.5,7550.0,171.0,2026-07
2026-07-03 01:55:00,CME_MINI:ES1!,7550.0,7550.75,7549.75,7550.0,105.0,2026-07
2026-07-03 01:56:00,CME_MINI:ES1!,7549.5,7550.5,7549.25,7550.25,119.0,2026-07
2026-07-03 01:57:00,CME_MINI:ES1!,7550.25,7550.5,7549.75,7550.5,130.0,2026-07
2026-07-03 01:58:00,CME_MINI:ES1!,7550.25,7550.75,7549.5,7550.0,69.0,2026-07
2026-07-03 01:59:00,CME_MINI:ES1!,7549.5,7549.75,7548.75,7549.25,51.0,2026-07
2026-07-03 02:00:00,CME_MINI:ES1!,7549.5,7550.0,7549.5,7549.5,58.0,2026-07
2026-07-03 02:01:00,CME_MINI:ES1!,7549.25,7550.5,7548.75,7550.25,133.0,2026-07
2026-07-03 02:02:00,CME_MINI:ES1!,7550.5,7550.5,7549.75,7550.5,67.0,2026-07
2026-07-03 02:03:00,CME_MINI:ES1!,7550.75,7550.75,7549.75,7550.5,126.0,2026-07
2026-07-03 02:04:00,CME_MINI:ES1!,7550.5,7550.75,7550.0,7550.0,66.0,2026-07
2026-07-03 02:05:00,CME_MINI:ES1!,7549.75,7552.25,7549.75,7550.75,156.0,2026-07
2026-07-03 02:06:00,CME_MINI:ES1!,7550.75,7552.0,7550.75,7551.25,89.0,2026-07
2026-07-03 02:07:00,CME_MINI:ES1!,7551.0,7551.75,7550.75,7551.0,73.0,2026-07
2026-07-03 02:08:00,CME_MINI:ES1!,7551.0,7552.0,7550.75,7551.75,98.0,2026-07
2026-07-03 02:09:00,CME_MINI:ES1!,7552.0,7553.0,7551.5,7552.25,231.0,2026-07
2026-07-03 02:10:00,CME_MINI:ES1!,7552.5,7552.75,7549.75,7550.0,140.0,2026-07
2026-07-03 02:11:00,CME_MINI:ES1!,7550.25,7550.75,7549.5,7550.0,169.0,2026-07
2026-07-03 02:12:00,CME_MINI:ES1!,7549.75,7550.25,7549.0,7549.0,111.0,2026-07
2026-07-03 02:13:00,CME_MINI:ES1!,7549.25,7550.0,7549.0,7549.25,182.0,2026-07
2026-07-03 02:14:00,CME_MINI:ES1!,7549.25,7549.5,7549.0,7549.0,84.0,2026-07
2026-07-03 02:15:00,CME_MINI:ES1!,7549.25,7549.5,7548.75,7549.25,77.0,2026-07
2026-07-03 02:16:00,CME_MINI:ES1!,7549.25,7550.25,7549.0,7550.25,104.0,2026-07
2026-07-03 02:17:00,CME_MINI:ES1!,7549.75,7551.5,7549.0,7551.5,113.0,2026-07
2026-07-03 02:18:00,CME_MINI:ES1!,7551.25,7551.25,7550.25,7550.5,72.0,2026-07
2026-07-03 02:19:00,CME_MINI:ES1!,7550.5,7550.5,7549.0,7549.25,94.0,2026-07
2026-07-03 02:20:00,CME_MINI:ES1!,7549.5,7551.25,7549.0,7551.25,41.0,2026-07
2026-07-03 02:21:00,CME_MINI:ES1!,7551.0,7551.0,7550.5,7551.0,55.0,2026-07
2026-07-03 02:22:00,CME_MINI:ES1!,7551.0,7551.25,7550.75,7551.0,123.0,2026-07
2026-07-03 02:23:00,CME_MINI:ES1!,7551.0,7551.5,7550.75,7551.25,27.0,2026-07
2026-07-03 02:24:00,CME_MINI:ES1!,7551.25,7551.25,7550.75,7551.25,57.0,2026-07
2026-07-03 02:25:00,CME_MINI:ES1!,7551.25,7552.5,7551.25,7552.0,80.0,2026-07
2026-07-03 02:26:00,CME_MINI:ES1!,7552.0,7552.25,7551.25,7551.75,59.0,2026-07
2026-07-03 02:27:00,CME_MINI:ES1!,7551.5,7551.75,7551.0,7551.5,56.0,2026-07
2026-07-03 02:28:00,CME_MINI:ES1!,7551.5,7552.25,7551.5,7552.0,91.0,2026-07
2026-07-03 02:29:00,CME_MINI:ES1!,7552.0,7552.75,7551.75,7552.5,74.0,2026-07
2026-07-03 02:30:00,CME_MINI:ES1!,7552.25,7552.75,7550.75,7551.25,102.0,2026-07
2026-07-03 02:31:00,CME_MINI:ES1!,7551.5,7552.0,7551.0,7551.75,66.0,2026-07
2026-07-03 02:32:00,CME_MINI:ES1!,7551.75,7551.75,7551.0,7551.25,60.0,2026-07
2026-07-03 02:33:00,CME_MINI:ES1!,7551.5,7552.25,7551.25,7551.5,94.0,2026-07
2026-07-03 02:34:00,CME_MINI:ES1!,7551.5,7551.75,7551.0,7551.0,46.0,2026-07
2026-07-03 02:35:00,CME_MINI:ES1!,7550.75,7550.75,7549.0,7549.0,181.0,2026-07
2026-07-03 02:36:00,CME_MINI:ES1!,7549.0,7550.0,7549.0,7549.75,112.0,2026-07
2026-07-03 02:37:00,CME_MINI:ES1!,7549.75,7550.25,7549.5,7549.75,58.0,2026-07
2026-07-03 02:38:00,CME_MINI:ES1!,7550.0,7550.5,7550.0,7550.5,23.0,2026-07
2026-07-03 02:39:00,CME_MINI:ES1!,7550.5,7551.25,7549.25,7549.75,97.0,2026-07
2026-07-03 02:40:00,CME_MINI:ES1!,7550.0,7550.25,7549.5,7549.5,94.0,2026-07
2026-07-03 02:41:00,CME_MINI:ES1!,7549.5,7550.25,7549.5,7550.25,46.0,2026-07
2026-07-03 02:42:00,CME_MINI:ES1!,7550.0,7550.0,7549.25,7549.25,40.0,2026-07
2026-07-03 02:43:00,CME_MINI:ES1!,7549.0,7549.5,7548.25,7548.5,84.0,2026-07
2026-07-03 02:44:00,CME_MINI:ES1!,7548.5,7550.25,7548.5,7550.0,152.0,2026-07
2026-07-03 02:45:00,CME_MINI:ES1!,7550.0,7551.25,7550.0,7550.75,103.0,2026-07
2026-07-03 02:46:00,CME_MINI:ES1!,7550.75,7551.5,7550.75,7551.0,61.0,2026-07
2026-07-03 02:47:00,CME_MINI:ES1!,7551.0,7552.0,7551.0,7552.0,96.0,2026-07
2026-07-03 02:48:00,CME_MINI:ES1!,7552.0,7552.0,7551.25,7551.25,51.0,2026-07
2026-07-03 02:49:00,CME_MINI:ES1!,7551.5,7552.0,7551.5,7552.0,54.0,2026-07
2026-07-03 02:50:00,CME_MINI:ES1!,7552.0,7552.5,7551.0,7551.0,68.0,2026-07
2026-07-03 02:51:00,CME_MINI:ES1!,7551.0,7552.0,7551.0,7551.75,32.0,2026-07
2026-07-03 02:52:00,CME_MINI:ES1!,7552.25,7552.5,7552.0,7552.25,45.0,2026-07
2026-07-03 02:53:00,CME_MINI:ES1!,7552.25,7552.25,7551.5,7552.25,125.0,2026-07
2026-07-03 02:54:00,CME_MINI:ES1!,7552.25,7552.25,7551.0,7551.5,79.0,2026-07
2026-07-03 02:55:00,CME_MINI:ES1!,7551.75,7552.0,7551.5,7552.0,50.0,2026-07
2026-07-03 02:56:00,CME_MINI:ES1!,7552.0,7552.25,7551.25,7552.25,58.0,2026-07
2026-07-03 02:57:00,CME_MINI:ES1!,7552.0,7552.5,7551.75,7552.25,42.0,2026-07
2026-07-03 02:58:00,CME_MINI:ES1!,7552.75,7553.25,7552.75,7552.75,75.0,2026-07
2026-07-03 02:59:00,CME_MINI:ES1!,7552.75,7553.0,7552.25,7552.75,57.0,2026-07
2026-07-03 03:00:00,CME_MINI:ES1!,7552.5,7552.5,7551.25,7551.5,97.0,2026-07
2026-07-03 03:01:00,CME_MINI:ES1!,7551.25,7552.0,7551.0,7552.0,85.0,2026-07
2026-07-03 03:02:00,CME_MINI:ES1!,7551.75,7552.25,7551.5,7551.75,65.0,2026-07
2026-07-03 03:03:00,CME_MINI:ES1!,7552.0,7552.25,7551.5,7552.0,32.0,2026-07
2026-07-03 03:04:00,CME_MINI:ES1!,7551.75,7551.75,7551.5,7551.5,26.0,2026-07
2026-07-03 03:05:00,CME_MINI:ES1!,7551.5,7552.0,7550.75,7552.0,66.0,2026-07
2026-07-03 03:06:00,CME_MINI:ES1!,7552.0,7552.75,7551.25,7551.25,67.0,2026-07
2026-07-03 03:07:00,CME_MINI:ES1!,7551.0,7551.25,7550.5,7550.5,70.0,2026-07
2026-07-03 03:08:00,CME_MINI:ES1!,7550.75,7551.0,7550.25,7550.5,71.0,2026-07
2026-07-03 03:09:00,CME_MINI:ES1!,7550.5,7551.0,7550.25,7550.75,60.0,2026-07
2026-07-03 03:10:00,CME_MINI:ES1!,7550.75,7551.0,7549.75,7550.0,86.0,2026-07
2026-07-03 03:11:00,CME_MINI:ES1!,7550.0,7550.25,7549.75,7550.0,62.0,2026-07
2026-07-03 03:12:00,CME_MINI:ES1!,7550.0,7550.25,7549.75,7550.0,31.0,2026-07
2026-07-03 03:13:00,CME_MINI:ES1!,7550.0,7551.0,7549.75,7550.75,45.0,2026-07
2026-07-03 03:14:00,CME_MINI:ES1!,7550.75,7551.75,7550.5,7551.75,38.0,2026-07
2026-07-03 03:15:00,CME_MINI:ES1!,7551.75,7552.5,7551.25,7552.0,53.0,2026-07
2026-07-03 03:16:00,CME_MINI:ES1!,7552.25,7552.25,7552.0,7552.0,43.0,2026-07
2026-07-03 03:17:00,CME_MINI:ES1!,7552.0,7552.25,7551.5,7552.25,41.0,2026-07
2026-07-03 03:18:00,CME_MINI:ES1!,7552.25,7552.25,7551.75,7551.75,19.0,2026-07
2026-07-03 03:19:00,CME_MINI:ES1!,7552.0,7552.0,7551.5,7552.0,21.0,2026-07
2026-07-03 03:20:00,CME_MINI:ES1!,7552.0,7552.75,7551.75,7552.5,46.0,2026-07
2026-07-03 03:21:00,CME_MINI:ES1!,7552.75,7552.75,7552.5,7552.5,28.0,2026-07
2026-07-03 03:22:00,CME_MINI:ES1!,7552.5,7553.0,7552.5,7552.75,14.0,2026-07
2026-07-03 03:23:00,CME_MINI:ES1!,7553.0,7553.0,7552.25,7552.5,31.0,2026-07
2026-07-03 03:24:00,CME_MINI:ES1!,7552.25,7552.25,7551.75,7552.0,33.0,2026-07
2026-07-03 03:25:00,CME_MINI:ES1!,7551.75,7552.25,7551.5,7551.75,43.0,2026-07
2026-07-03 03:26:00,CME_MINI:ES1!,7551.5,7552.25,7551.25,7552.25,45.0,2026-07
2026-07-03 03:27:00,CME_MINI:ES1!,7552.25,7553.25,7552.25,7553.0,34.0,2026-07
2026-07-03 03:28:00,CME_MINI:ES1!,7553.25,7553.5,7553.0,7553.25,48.0,2026-07
2026-07-03 03:29:00,CME_MINI:ES1!,7553.25,7554.0,7553.25,7554.0,159.0,2026-07
2026-07-03 03:30:00,CME_MINI:ES1!,7554.25,7555.25,7553.75,7555.0,276.0,2026-07
2026-07-03 03:31:00,CME_MINI:ES1!,7555.0,7555.0,7553.75,7554.0,71.0,2026-07
2026-07-03 03:32:00,CME_MINI:ES1!,7553.75,7553.75,7552.75,7553.25,67.0,2026-07
2026-07-03 03:33:00,CME_MINI:ES1!,7553.25,7553.75,7553.0,7553.0,67.0,2026-07
2026-07-03 03:34:00,CME_MINI:ES1!,7553.0,7553.5,7552.25,7552.5,55.0,2026-07
2026-07-03 03:35:00,CME_MINI:ES1!,7552.75,7553.25,7551.75,7551.75,59.0,2026-07
2026-07-03 03:36:00,CME_MINI:ES1!,7551.75,7552.0,7551.5,7551.75,23.0,2026-07
2026-07-03 03:37:00,CME_MINI:ES1!,7551.75,7551.75,7550.0,7550.25,71.0,2026-07
2026-07-03 03:38:00,CME_MINI:ES1!,7550.25,7550.75,7550.25,7550.75,46.0,2026-07
2026-07-03 08:40:00,CME_MINI:ES1!,7551.5,7551.75,7551.25,7551.75,63.0,2026-07
2026-07-03 08:41:00,CME_MINI:ES1!,7551.75,7552.25,7551.75,7551.75,65.0,2026-07
2026-07-03 08:42:00,CME_MINI:ES1!,7552.0,7553.0,7551.5,7551.75,170.0,2026-07
2026-07-03 08:43:00,CME_MINI:ES1!,7551.75,7552.25,7551.5,7551.75,30.0,2026-07
2026-07-03 08:44:00,CME_MINI:ES1!,7552.0,7552.0,7551.25,7552.0,46.0,2026-07
2026-07-03 08:45:00,CME_MINI:ES1!,7552.0,7552.0,7551.5,7551.5,64.0,2026-07
2026-07-03 08:46:00,CME_MINI:ES1!,7551.25,7551.25,7550.0,7550.0,115.0,2026-07
2026-07-03 08:47:00,CME_MINI:ES1!,7549.75,7549.75,7549.0,7549.5,122.0,2026-07
2026-07-03 08:48:00,CME_MINI:ES1!,7549.5,7549.75,7547.75,7548.5,128.0,2026-07
2026-07-03 08:49:00,CME_MINI:ES1!,7548.75,7548.75,7546.75,7546.75,202.0,2026-07
2026-07-03 08:50:00,CME_MINI:ES1!,7546.5,7547.5,7546.5,7547.25,74.0,2026-07
2026-07-03 08:51:00,CME_MINI:ES1!,7547.5,7548.0,7546.75,7547.0,89.0,2026-07
2026-07-03 08:52:00,CME_MINI:ES1!,7547.0,7547.25,7546.5,7547.25,67.0,2026-07
2026-07-03 08:53:00,CME_MINI:ES1!,7547.25,7547.5,7547.0,7547.25,54.0,2026-07
2026-07-03 08:54:00,CME_MINI:ES1!,7547.0,7547.5,7546.75,7547.0,64.0,2026-07
2026-07-03 08:55:00,CME_MINI:ES1!,7547.25,7547.75,7546.75,7547.5,97.0,2026-07
2026-07-03 08:56:00,CME_MINI:ES1!,7547.75,7548.25,7547.5,7547.75,57.0,2026-07
2026-07-03 08:57:00,CME_MINI:ES1!,7548.0,7548.25,7547.5,7548.25,55.0,2026-07
2026-07-03 08:58:00,CME_MINI:ES1!,7548.25,7548.25,7547.0,7547.25,78.0,2026-07
2026-07-03 08:59:00,CME_MINI:ES1!,7547.25,7547.5,7546.75,7547.5,70.0,2026-07
2026-07-03 09:00:00,CME_MINI:ES1!,7547.25,7547.5,7547.0,7547.0,55.0,2026-07
2026-07-03 09:01:00,CME_MINI:ES1!,7547.0,7547.25,7545.75,7546.25,214.0,2026-07
2026-07-03 09:02:00,CME_MINI:ES1!,7546.25,7546.75,7546.0,7546.75,179.0,2026-07
2026-07-03 09:03:00,CME_MINI:ES1!,7546.75,7547.25,7546.25,7547.25,124.0,2026-07
2026-07-03 09:04:00,CME_MINI:ES1!,7547.25,7547.75,7546.75,7546.75,79.0,2026-07
2026-07-03 09:05:00,CME_MINI:ES1!,7547.0,7547.5,7546.5,7546.75,72.0,2026-07
2026-07-03 09:06:00,CME_MINI:ES1!,7546.75,7546.75,7546.25,7546.75,95.0,2026-07
2026-07-03 09:07:00,CME_MINI:ES1!,7546.5,7547.0,7546.0,7546.75,128.0,2026-07
2026-07-03 09:08:00,CME_MINI:ES1!,7547.0,7547.25,7546.75,7547.25,46.0,2026-07
2026-07-03 09:09:00,CME_MINI:ES1!,7546.75,7546.75,7546.25,7546.25,24.0,2026-07
2026-07-03 09:10:00,CME_MINI:ES1!,7546.25,7546.75,7546.25,7546.75,24.0,2026-07
2026-07-03 09:11:00,CME_MINI:ES1!,7547.0,7548.0,7547.0,7548.0,110.0,2026-07
2026-07-03 09:12:00,CME_MINI:ES1!,7548.0,7548.75,7547.5,7548.75,49.0,2026-07
2026-07-03 09:13:00,CME_MINI:ES1!,7548.5,7551.0,7548.5,7550.25,190.0,2026-07
2026-07-03 09:14:00,CME_MINI:ES1!,7550.25,7551.0,7550.0,7550.75,66.0,2026-07
2026-07-03 09:15:00,CME_MINI:ES1!,7550.75,7551.25,7550.5,7550.75,141.0,2026-07
2026-07-03 09:16:00,CME_MINI:ES1!,7550.5,7550.75,7549.5,7549.5,64.0,2026-07
2026-07-03 09:17:00,CME_MINI:ES1!,7549.5,7550.75,7549.5,7550.75,38.0,2026-07
2026-07-03 09:18:00,CME_MINI:ES1!,7550.75,7551.25,7550.75,7551.25,55.0,2026-07
2026-07-03 09:19:00,CME_MINI:ES1!,7551.5,7551.5,7550.5,7550.75,48.0,2026-07
2026-07-03 09:20:00,CME_MINI:ES1!,7550.75,7551.25,7550.75,7551.25,38.0,2026-07
2026-07-03 09:21:00,CME_MINI:ES1!,7551.25,7552.25,7551.0,7551.75,360.0,2026-07
2026-07-03 09:22:00,CME_MINI:ES1!,7552.0,7552.0,7550.5,7550.75,89.0,2026-07
2026-07-03 09:23:00,CME_MINI:ES1!,7551.0,7551.75,7550.5,7551.5,65.0,2026-07
2026-07-03 09:24:00,CME_MINI:ES1!,7551.5,7551.5,7551.0,7551.5,61.0,2026-07
2026-07-03 09:25:00,CME_MINI:ES1!,7551.25,7551.25,7550.75,7551.25,46.0,2026-07
2026-07-03 09:26:00,CME_MINI:ES1!,7551.25,7551.5,7550.5,7551.0,79.0,2026-07
2026-07-03 09:27:00,CME_MINI:ES1!,7550.75,7550.75,7549.75,7550.5,86.0,2026-07
2026-07-03 09:28:00,CME_MINI:ES1!,7550.75,7551.5,7550.5,7551.5,55.0,2026-07
2026-07-03 09:29:00,CME_MINI:ES1!,7551.25,7551.25,7550.5,7550.75,29.0,2026-07
2026-07-03 09:30:00,CME_MINI:ES1!,7551.0,7551.25,7550.5,7550.75,38.0,2026-07
2026-07-03 09:31:00,CME_MINI:ES1!,7550.75,7551.5,7550.5,7551.25,74.0,2026-07
2026-07-03 09:32:00,CME_MINI:ES1!,7551.5,7552.0,7551.25,7551.75,84.0,2026-07
2026-07-03 09:33:00,CME_MINI:ES1!,7551.75,7551.75,7550.75,7550.75,67.0,2026-07
2026-07-03 09:34:00,CME_MINI:ES1!,7550.75,7550.75,7549.75,7550.0,106.0,2026-07
2026-07-03 09:35:00,CME_MINI:ES1!,7550.0,7550.0,7549.5,7549.5,59.0,2026-07
2026-07-03 09:36:00,CME_MINI:ES1!,7549.5,7550.75,7549.5,7550.75,45.0,2026-07
2026-07-03 09:37:00,CME_MINI:ES1!,7550.75,7551.25,7550.0,7550.25,49.0,2026-07
2026-07-03 09:38:00,CME_MINI:ES1!,7550.0,7550.0,7549.25,7549.75,52.0,2026-07
2026-07-03 09:39:00,CME_MINI:ES1!,7549.75,7550.0,7549.25,7550.0,121.0,2026-07
2026-07-03 09:40:00,CME_MINI:ES1!,7550.0,7550.5,7549.5,7550.25,89.0,2026-07
2026-07-03 09:41:00,CME_MINI:ES1!,7550.0,7550.5,7550.0,7550.5,122.0,2026-07
2026-07-03 09:42:00,CME_MINI:ES1!,7550.5,7550.5,7550.0,7550.0,31.0,2026-07
2026-07-03 09:43:00,CME_MINI:ES1!,7550.25,7551.75,7550.25,7551.75,69.0,2026-07
2026-07-03 09:44:00,CME_MINI:ES1!,7551.75,7553.25,7551.75,7552.25,113.0,2026-07
2026-07-03 09:45:00,CME_MINI:ES1!,7552.0,7552.5,7551.75,7552.5,92.0,2026-07
2026-07-03 09:46:00,CME_MINI:ES1!,7552.5,7552.75,7552.25,7552.5,28.0,2026-07
2026-07-03 09:47:00,CME_MINI:ES1!,7552.75,7553.0,7552.0,7552.25,48.0,2026-07
2026-07-03 09:48:00,CME_MINI:ES1!,7552.25,7552.25,7551.5,7551.5,46.0,2026-07
2026-07-03 09:49:00,CME_MINI:ES1!,7551.25,7551.25,7550.25,7550.5,96.0,2026-07
2026-07-03 09:50:00,CME_MINI:ES1!,7550.75,7551.25,7549.5,7549.75,110.0,2026-07
2026-07-03 09:51:00,CME_MINI:ES1!,7549.75,7550.0,7549.25,7549.25,52.0,2026-07
2026-07-03 09:52:00,CME_MINI:ES1!,7549.25,7549.75,7549.0,7549.5,38.0,2026-07
2026-07-03 09:53:00,CME_MINI:ES1!,7549.25,7549.75,7548.75,7549.0,101.0,2026-07
2026-07-03 09:54:00,CME_MINI:ES1!,7549.0,7549.5,7549.0,7549.5,37.0,2026-07
2026-07-03 09:55:00,CME_MINI:ES1!,7549.5,7549.75,7549.25,7549.25,39.0,2026-07
2026-07-03 09:56:00,CME_MINI:ES1!,7549.25,7550.25,7549.0,7549.0,78.0,2026-07
2026-07-03 09:57:00,CME_MINI:ES1!,7549.25,7549.5,7549.0,7549.0,66.0,2026-07
2026-07-03 09:58:00,CME_MINI:ES1!,7549.0,7549.25,7548.25,7548.75,92.0,2026-07
2026-07-03 09:59:00,CME_MINI:ES1!,7548.75,7549.25,7548.5,7548.75,99.0,2026-07
2026-07-03 10:00:00,CME_MINI:ES1!,7548.5,7548.75,7547.75,7548.0,141.0,2026-07
2026-07-03 10:01:00,CME_MINI:ES1!,7547.75,7548.25,7547.75,7548.25,33.0,2026-07
2026-07-03 10:02:00,CME_MINI:ES1!,7548.5,7548.5,7547.0,7547.5,102.0,2026-07
2026-07-03 10:03:00,CME_MINI:ES1!,7547.5,7548.25,7547.25,7548.25,48.0,2026-07
2026-07-03 10:04:00,CME_MINI:ES1!,7548.0,7549.0,7548.0,7549.0,75.0,2026-07
2026-07-03 10:05:00,CME_MINI:ES1!,7548.75,7549.0,7548.25,7548.75,90.0,2026-07
2026-07-03 10:06:00,CME_MINI:ES1!,7548.75,7549.0,7548.5,7548.5,50.0,2026-07
2026-07-03 10:07:00,CME_MINI:ES1!,7548.5,7548.75,7548.25,7548.75,39.0,2026-07
2026-07-03 10:08:00,CME_MINI:ES1!,7548.75,7549.5,7548.75,7549.25,93.0,2026-07
2026-07-03 10:09:00,CME_MINI:ES1!,7549.25,7550.0,7549.0,7549.5,97.0,2026-07
2026-07-03 10:10:00,CME_MINI:ES1!,7549.5,7550.5,7548.5,7550.25,160.0,2026-07
2026-07-03 10:11:00,CME_MINI:ES1!,7550.25,7550.5,7550.0,7550.5,47.0,2026-07
2026-07-03 10:12:00,CME_MINI:ES1!,7550.5,7550.75,7550.25,7550.75,43.0,2026-07
2026-07-03 10:13:00,CME_MINI:ES1!,7550.75,7551.25,7550.75,7550.75,68.0,2026-07
2026-07-03 10:14:00,CME_MINI:ES1!,7550.75,7550.75,7550.5,7550.5,57.0,2026-07
2026-07-03 10:15:00,CME_MINI:ES1!,7550.5,7550.75,7550.25,7550.25,10.0,2026-07
2026-07-03 10:16:00,CME_MINI:ES1!,7550.25,7550.5,7549.75,7550.0,48.0,2026-07
2026-07-03 10:17:00,CME_MINI:ES1!,7549.75,7549.75,7549.0,7549.25,40.0,2026-07
2026-07-03 10:18:00,CME_MINI:ES1!,7549.5,7549.75,7549.25,7549.75,54.0,2026-07
2026-07-03 10:19:00,CME_MINI:ES1!,7549.75,7550.0,7549.5,7550.0,42.0,2026-07
2026-07-03 10:20:00,CME_MINI:ES1!,7549.75,7550.0,7549.25,7549.25,29.0,2026-07
2026-07-03 10:21:00,CME_MINI:ES1!,7549.5,7550.25,7549.5,7550.25,12.0,2026-07
2026-07-03 10:22:00,CME_MINI:ES1!,7550.0,7550.5,7550.0,7550.5,16.0,2026-07
2026-07-03 10:23:00,CME_MINI:ES1!,7550.25,7551.0,7550.25,7550.5,81.0,2026-07
2026-07-03 10:24:00,CME_MINI:ES1!,7550.5,7550.75,7550.25,7550.75,34.0,2026-07
2026-07-03 10:25:00,CME_MINI:ES1!,7550.75,7550.75,7550.5,7550.5,14.0,2026-07
2026-07-03 10:26:00,CME_MINI:ES1!,7550.5,7550.75,7550.25,7550.75,37.0,2026-07
2026-07-03 10:27:00,CME_MINI:ES1!,7551.0,7552.0,7551.0,7551.5,76.0,2026-07
2026-07-03 10:28:00,CME_MINI:ES1!,7551.5,7551.5,7551.25,7551.5,12.0,2026-07
2026-07-03 10:29:00,CME_MINI:ES1!,7551.25,7551.25,7551.25,7551.25,14.0,2026-07
2026-07-03 10:30:00,CME_MINI:ES1!,7551.25,7552.0,7551.25,7551.5,59.0,2026-07
2026-07-03 10:31:00,CME_MINI:ES1!,7551.5,7552.0,7551.5,7551.75,44.0,2026-07
2026-07-03 10:32:00,CME_MINI:ES1!,7552.0,7552.0,7551.25,7551.5,36.0,2026-07
2026-07-03 10:33:00,CME_MINI:ES1!,7551.75,7552.0,7551.0,7552.0,69.0,2026-07
2026-07-03 10:34:00,CME_MINI:ES1!,7551.25,7551.75,7551.25,7551.75,20.0,2026-07
2026-07-03 10:35:00,CME_MINI:ES1!,7551.75,7552.5,7551.5,7552.0,73.0,2026-07
2026-07-03 10:36:00,CME_MINI:ES1!,7552.0,7552.25,7551.5,7551.5,48.0,2026-07
2026-07-03 10:37:00,CME_MINI:ES1!,7551.75,7552.25,7551.25,7552.25,45.0,2026-07
2026-07-03 10:38:00,CME_MINI:ES1!,7552.25,7552.25,7551.75,7552.25,38.0,2026-07
2026-07-03 10:39:00,CME_MINI:ES1!,7552.25,7552.25,7551.75,7552.0,36.0,2026-07
2026-07-03 10:40:00,CME_MINI:ES1!,7552.0,7552.75,7551.5,7551.75,102.0,2026-07
2026-07-03 10:41:00,CME_MINI:ES1!,7551.25,7551.75,7551.0,7551.5,56.0,2026-07
2026-07-03 10:42:00,CME_MINI:ES1!,7551.5,7552.0,7551.25,7552.0,15.0,2026-07
2026-07-03 10:43:00,CME_MINI:ES1!,7552.0,7552.5,7552.0,7552.25,19.0,2026-07
2026-07-03 10:44:00,CME_MINI:ES1!,7552.25,7553.75,7552.25,7553.5,76.0,2026-07
2026-07-03 10:45:00,CME_MINI:ES1!,7553.5,7554.0,7553.5,7553.75,84.0,2026-07
2026-07-03 10:46:00,CME_MINI:ES1!,7553.75,7553.75,7553.25,7553.25,56.0,2026-07
2026-07-03 10:47:00,CME_MINI:ES1!,7553.25,7553.25,7551.75,7552.25,98.0,2026-07
2026-07-03 10:48:00,CME_MINI:ES1!,7552.25,7552.25,7552.0,7552.25,17.0,2026-07
2026-07-03 10:49:00,CME_MINI:ES1!,7552.25,7552.5,7552.0,7552.5,26.0,2026-07
2026-07-03 10:50:00,CME_MINI:ES1!,7552.25,7552.5,7551.75,7552.25,27.0,2026-07
2026-07-03 10:51:00,CME_MINI:ES1!,7552.25,7552.5,7552.25,7552.5,10.0,2026-07
2026-07-03 10:52:00,CME_MINI:ES1!,7552.5,7552.5,7552.25,7552.25,34.0,2026-07
2026-07-03 10:53:00,CME_MINI:ES1!,7552.25,7552.5,7552.0,7552.0,76.0,2026-07
2026-07-03 10:54:00,CME_MINI:ES1!,7552.25,7552.75,7552.25,7552.5,38.0,2026-07
2026-07-03 10:55:00,CME_MINI:ES1!,7552.5,7552.5,7552.25,7552.5,44.0,2026-07
2026-07-03 10:56:00,CME_MINI:ES1!,7552.5,7552.5,7552.25,7552.5,14.0,2026-07
2026-07-03 10:57:00,CME_MINI:ES1!,7552.75,7552.75,7552.25,7552.5,97.0,2026-07
2026-07-03 10:58:00,CME_MINI:ES1!,7552.25,7552.25,7551.25,7551.5,66.0,2026-07
2026-07-03 10:59:00,CME_MINI:ES1!,7551.75,7552.0,7551.5,7552.0,50.0,2026-07
2026-07-03 11:00:00,CME_MINI:ES1!,7551.75,7551.75,7548.75,7549.0,344.0,2026-07
2026-07-03 11:01:00,CME_MINI:ES1!,7549.25,7549.75,7549.0,7549.25,59.0,2026-07
2026-07-03 11:02:00,CME_MINI:ES1!,7549.25,7549.75,7549.25,7549.75,31.0,2026-07
2026-07-03 11:03:00,CME_MINI:ES1!,7549.5,7550.0,7549.5,7549.75,26.0,2026-07
2026-07-03 11:04:00,CME_MINI:ES1!,7549.75,7550.25,7549.75,7550.25,27.0,2026-07
2026-07-03 11:05:00,CME_MINI:ES1!,7550.25,7550.25,7548.75,7549.0,80.0,2026-07
2026-07-03 11:06:00,CME_MINI:ES1!,7549.25,7549.75,7549.0,7549.0,38.0,2026-07
2026-07-03 11:07:00,CME_MINI:ES1!,7549.0,7549.0,7548.5,7548.5,32.0,2026-07
2026-07-03 11:08:00,CME_MINI:ES1!,7548.25,7548.75,7548.25,7548.5,60.0,2026-07
2026-07-03 11:09:00,CME_MINI:ES1!,7548.75,7549.0,7548.5,7549.0,37.0,2026-07
2026-07-03 11:10:00,CME_MINI:ES1!,7549.0,7549.0,7548.5,7548.5,48.0,2026-07
2026-07-03 11:11:00,CME_MINI:ES1!,7548.75,7548.75,7548.25,7548.75,123.0,2026-07
2026-07-03 11:12:00,CME_MINI:ES1!,7548.75,7549.25,7548.75,7549.25,26.0,2026-07
2026-07-03 11:13:00,CME_MINI:ES1!,7549.5,7550.0,7549.5,7550.0,46.0,2026-07
2026-07-03 11:14:00,CME_MINI:ES1!,7550.25,7550.25,7549.25,7549.25,28.0,2026-07
2026-07-03 11:15:00,CME_MINI:ES1!,7549.5,7549.75,7549.25,7549.25,43.0,2026-07
2026-07-03 11:16:00,CME_MINI:ES1!,7549.5,7549.75,7549.5,7549.5,28.0,2026-07
2026-07-03 11:17:00,CME_MINI:ES1!,7549.75,7550.0,7549.5,7550.0,12.0,2026-07
2026-07-03 11:18:00,CME_MINI:ES1!,7550.0,7550.0,7549.5,7549.75,25.0,2026-07
2026-07-03 11:19:00,CME_MINI:ES1!,7549.75,7549.75,7549.0,7549.0,28.0,2026-07
2026-07-03 11:20:00,CME_MINI:ES1!,7549.25,7549.5,7549.0,7549.0,21.0,2026-07
2026-07-03 11:21:00,CME_MINI:ES1!,7549.25,7549.5,7549.0,7549.0,39.0,2026-07
2026-07-03 11:22:00,CME_MINI:ES1!,7549.0,7549.5,7549.0,7549.5,18.0,2026-07
2026-07-03 11:23:00,CME_MINI:ES1!,7549.75,7549.75,7549.0,7549.0,34.0,2026-07
2026-07-03 11:24:00,CME_MINI:ES1!,7549.0,7549.25,7549.0,7549.0,32.0,2026-07
2026-07-03 11:25:00,CME_MINI:ES1!,7548.75,7549.0,7548.5,7548.75,36.0,2026-07
2026-07-03 11:26:00,CME_MINI:ES1!,7548.5,7548.75,7548.25,7548.25,47.0,2026-07
2026-07-03 11:27:00,CME_MINI:ES1!,7548.25,7548.25,7547.75,7548.25,87.0,2026-07
2026-07-03 11:28:00,CME_MINI:ES1!,7548.25,7548.25,7547.25,7547.5,90.0,2026-07
2026-07-03 11:29:00,CME_MINI:ES1!,7547.25,7547.75,7546.5,7547.75,122.0,2026-07
2026-07-03 11:30:00,CME_MINI:ES1!,7547.75,7548.25,7547.0,7547.0,100.0,2026-07
2026-07-03 11:31:00,CME_MINI:ES1!,7547.0,7547.5,7547.0,7547.5,59.0,2026-07
2026-07-03 11:32:00,CME_MINI:ES1!,7547.25,7548.0,7547.25,7548.0,56.0,2026-07
2026-07-03 11:33:00,CME_MINI:ES1!,7548.25,7549.25,7548.25,7549.0,146.0,2026-07
2026-07-03 11:34:00,CME_MINI:ES1!,7549.0,7549.75,7548.75,7549.5,138.0,2026-07
2026-07-03 11:35:00,CME_MINI:ES1!,7549.25,7549.25,7548.75,7548.75,62.0,2026-07
2026-07-03 11:36:00,CME_MINI:ES1!,7549.0,7549.5,7549.0,7549.25,38.0,2026-07
2026-07-03 11:37:00,CME_MINI:ES1!,7549.25,7549.25,7549.0,7549.0,30.0,2026-07
2026-07-03 11:38:00,CME_MINI:ES1!,7549.0,7549.0,7548.5,7548.75,32.0,2026-07
2026-07-03 11:39:00,CME_MINI:ES1!,7548.75,7549.0,7548.0,7548.0,32.0,2026-07
2026-07-03 11:40:00,CME_MINI:ES1!,7547.75,7548.5,7547.75,7548.5,36.0,2026-07
2026-07-03 11:41:00,CME_MINI:ES1!,7548.5,7549.5,7548.5,7549.0,178.0,2026-07
2026-07-03 11:42:00,CME_MINI:ES1!,7548.75,7548.75,7548.25,7548.5,37.0,2026-07
2026-07-03 11:43:00,CME_MINI:ES1!,7548.5,7549.0,7548.25,7548.5,39.0,2026-07
2026-07-03 11:44:00,CME_MINI:ES1!,7548.75,7549.25,7547.75,7548.5,165.0,2026-07
2026-07-03 11:45:00,CME_MINI:ES1!,7548.75,7549.0,7548.5,7548.5,37.0,2026-07
2026-07-03 11:46:00,CME_MINI:ES1!,7548.5,7549.0,7548.5,7549.0,29.0,2026-07
2026-07-03 11:47:00,CME_MINI:ES1!,7549.0,7550.0,7549.0,7549.25,63.0,2026-07
2026-07-03 11:48:00,CME_MINI:ES1!,7549.5,7549.75,7549.5,7549.5,13.0,2026-07
2026-07-03 11:49:00,CME_MINI:ES1!,7549.5,7550.0,7549.5,7549.75,50.0,2026-07
2026-07-03 11:50:00,CME_MINI:ES1!,7549.75,7550.5,7549.75,7550.25,32.0,2026-07
2026-07-03 11:51:00,CME_MINI:ES1!,7550.25,7550.75,7550.25,7550.25,29.0,2026-07
2026-07-03 11:52:00,CME_MINI:ES1!,7550.25,7550.5,7550.25,7550.25,22.0,2026-07
2026-07-03 11:53:00,CME_MINI:ES1!,7550.5,7550.75,7550.5,7550.5,63.0,2026-07
2026-07-03 11:54:00,CME_MINI:ES1!,7550.5,7551.75,7550.5,7551.25,162.0,2026-07
2026-07-03 11:55:00,CME_MINI:ES1!,7551.25,7552.5,7551.25,7552.0,144.0,2026-07
2026-07-03 11:56:00,CME_MINI:ES1!,7552.0,7552.75,7552.0,7552.25,175.0,2026-07
2026-07-03 11:57:00,CME_MINI:ES1!,7552.5,7552.5,7551.75,7551.75,158.0,2026-07
2026-07-03 11:58:00,CME_MINI:ES1!,7552.0,7552.0,7551.5,7551.5,54.0,2026-07
2026-07-03 11:59:00,CME_MINI:ES1!,7551.75,7552.5,7551.5,7552.5,56.0,2026-07
2026-07-03 12:00:00,CME_MINI:ES1!,7552.5,7554.25,7552.5,7554.0,267.0,2026-07
2026-07-03 12:01:00,CME_MINI:ES1!,7554.0,7554.75,7554.0,7554.75,176.0,2026-07
2026-07-03 12:02:00,CME_MINI:ES1!,7554.75,7555.75,7554.5,7555.75,170.0,2026-07
2026-07-03 12:03:00,CME_MINI:ES1!,7555.75,7556.25,7555.25,7555.5,389.0,2026-07
2026-07-03 12:04:00,CME_MINI:ES1!,7555.75,7556.0,7555.25,7555.75,260.0,2026-07
2026-07-03 12:05:00,CME_MINI:ES1!,7555.5,7556.25,7555.5,7555.75,246.0,2026-07
2026-07-03 12:06:00,CME_MINI:ES1!,7556.0,7556.5,7555.25,7555.75,307.0,2026-07
2026-07-03 12:07:00,CME_MINI:ES1!,7555.5,7555.5,7554.5,7554.5,57.0,2026-07
2026-07-03 12:08:00,CME_MINI:ES1!,7554.25,7554.25,7554.0,7554.0,74.0,2026-07
2026-07-03 12:09:00,CME_MINI:ES1!,7554.0,7554.25,7553.0,7553.25,115.0,2026-07
2026-07-03 12:10:00,CME_MINI:ES1!,7553.0,7553.25,7552.5,7553.0,86.0,2026-07
2026-07-03 12:11:00,CME_MINI:ES1!,7552.75,7552.75,7552.0,7552.0,57.0,2026-07
2026-07-03 12:12:00,CME_MINI:ES1!,7552.25,7552.75,7550.75,7550.75,179.0,2026-07
2026-07-03 12:13:00,CME_MINI:ES1!,7551.0,7552.25,7550.75,7552.0,124.0,2026-07
2026-07-03 12:14:00,CME_MINI:ES1!,7552.0,7552.5,7551.25,7551.25,125.0,2026-07
2026-07-03 12:15:00,CME_MINI:ES1!,7551.0,7551.25,7550.0,7550.75,143.0,2026-07
2026-07-03 12:16:00,CME_MINI:ES1!,7551.25,7551.75,7551.25,7551.75,65.0,2026-07
2026-07-03 12:17:00,CME_MINI:ES1!,7551.5,7552.0,7551.5,7552.0,29.0,2026-07
2026-07-03 12:18:00,CME_MINI:ES1!,7552.0,7552.0,7550.5,7550.75,49.0,2026-07
2026-07-03 12:19:00,CME_MINI:ES1!,7550.75,7550.75,7549.25,7549.5,69.0,2026-07
2026-07-03 12:20:00,CME_MINI:ES1!,7549.25,7550.25,7549.0,7549.5,60.0,2026-07
2026-07-03 12:21:00,CME_MINI:ES1!,7549.5,7550.0,7549.25,7549.5,33.0,2026-07
2026-07-03 12:22:00,CME_MINI:ES1!,7549.5,7549.5,7549.25,7549.5,55.0,2026-07
2026-07-03 12:23:00,CME_MINI:ES1!,7549.5,7550.5,7549.5,7550.25,135.0,2026-07
2026-07-03 12:24:00,CME_MINI:ES1!,7550.25,7550.25,7550.0,7550.25,40.0,2026-07
2026-07-03 12:25:00,CME_MINI:ES1!,7550.25,7551.0,7550.0,7550.5,72.0,2026-07
2026-07-03 12:26:00,CME_MINI:ES1!,7550.5,7551.25,7550.5,7551.0,50.0,2026-07
2026-07-03 12:27:00,CME_MINI:ES1!,7550.75,7551.0,7550.5,7551.0,47.0,2026-07
2026-07-03 12:28:00,CME_MINI:ES1!,7551.0,7551.25,7550.75,7550.75,45.0,2026-07
2026-07-03 12:29:00,CME_MINI:ES1!,7550.75,7551.0,7550.5,7550.75,26.0,2026-07
2026-07-03 12:30:00,CME_MINI:ES1!,7551.0,7551.25,7550.25,7551.0,48.0,2026-07
2026-07-03 12:31:00,CME_MINI:ES1!,7551.0,7551.5,7551.0,7551.0,80.0,2026-07
2026-07-03 12:32:00,CME_MINI:ES1!,7551.5,7552.25,7551.0,7551.0,163.0,2026-07
2026-07-03 12:33:00,CME_MINI:ES1!,7551.0,7552.25,7550.75,7552.25,56.0,2026-07
2026-07-03 12:34:00,CME_MINI:ES1!,7552.0,7552.0,7551.25,7551.25,91.0,2026-07
2026-07-03 12:35:00,CME_MINI:ES1!,7551.0,7551.0,7550.25,7550.75,68.0,2026-07
2026-07-03 12:36:00,CME_MINI:ES1!,7551.0,7552.0,7551.0,7551.75,132.0,2026-07
2026-07-03 12:37:00,CME_MINI:ES1!,7551.5,7552.25,7551.5,7552.25,55.0,2026-07
2026-07-03 12:38:00,CME_MINI:ES1!,7552.25,7552.25,7551.75,7552.0,43.0,2026-07
2026-07-03 12:39:00,CME_MINI:ES1!,7552.0,7552.5,7551.5,7552.25,63.0,2026-07
2026-07-03 12:40:00,CME_MINI:ES1!,7552.25,7552.75,7552.0,7552.0,51.0,2026-07
2026-07-03 12:41:00,CME_MINI:ES1!,7552.25,7552.5,7551.5,7552.5,44.0,2026-07
2026-07-03 12:42:00,CME_MINI:ES1!,7552.5,7552.5,7552.0,7552.0,78.0,2026-07
2026-07-03 12:43:00,CME_MINI:ES1!,7552.0,7552.25,7551.5,7551.5,79.0,2026-07
2026-07-03 12:44:00,CME_MINI:ES1!,7551.5,7551.5,7551.25,7551.5,31.0,2026-07
2026-07-03 12:45:00,CME_MINI:ES1!,7551.25,7551.75,7551.25,7551.75,19.0,2026-07
2026-07-03 12:46:00,CME_MINI:ES1!,7551.5,7551.75,7551.5,7551.75,12.0,2026-07
2026-07-03 12:47:00,CME_MINI:ES1!,7551.75,7552.5,7551.75,7552.25,35.0,2026-07
2026-07-03 12:48:00,CME_MINI:ES1!,7552.25,7552.75,7552.25,7552.5,35.0,2026-07
2026-07-03 12:49:00,CME_MINI:ES1!,7552.5,7553.0,7552.5,7552.5,91.0,2026-07
2026-07-03 12:50:00,CME_MINI:ES1!,7552.5,7553.0,7552.5,7553.0,63.0,2026-07
2026-07-03 12:51:00,CME_MINI:ES1!,7552.75,7552.75,7551.75,7551.75,110.0,2026-07
2026-07-03 12:52:00,CME_MINI:ES1!,7551.75,7551.75,7551.5,7551.5,37.0,2026-07
2026-07-03 12:53:00,CME_MINI:ES1!,7551.75,7551.75,7551.5,7551.75,33.0,2026-07
2026-07-03 12:54:00,CME_MINI:ES1!,7551.75,7552.5,7551.75,7552.5,40.0,2026-07
2026-07-03 12:55:00,CME_MINI:ES1!,7552.5,7552.75,7552.25,7552.75,60.0,2026-07
2026-07-03 12:56:00,CME_MINI:ES1!,7552.5,7552.75,7552.25,7552.25,78.0,2026-07
2026-07-03 12:57:00,CME_MINI:ES1!,7552.25,7552.75,7552.0,7552.5,74.0,2026-07
2026-07-03 12:58:00,CME_MINI:ES1!,7552.5,7552.5,7552.0,7552.25,80.0,2026-07
2026-07-03 12:59:00,CME_MINI:ES1!,7552.25,7552.75,7552.25,7552.75,42.0,2026-07
2026-07-03 13:00:00,CME_MINI:ES1!,7552.75,7554.5,7552.75,7553.5,333.0,2026-07
2026-07-03 13:01:00,CME_MINI:ES1!,7553.5,7554.5,7553.5,7553.75,228.0,2026-07
2026-07-03 13:02:00,CME_MINI:ES1!,7554.0,7554.25,7553.5,7553.5,142.0,2026-07
2026-07-03 13:03:00,CME_MINI:ES1!,7553.25,7553.75,7553.25,7553.75,172.0,2026-07
2026-07-03 13:04:00,CME_MINI:ES1!,7554.0,7554.25,7553.5,7553.5,145.0,2026-07
2026-07-03 13:05:00,CME_MINI:ES1!,7553.75,7553.75,7551.5,7551.75,182.0,2026-07
2026-07-03 13:06:00,CME_MINI:ES1!,7552.0,7552.5,7551.75,7552.5,106.0,2026-07
2026-07-03 13:07:00,CME_MINI:ES1!,7552.75,7553.25,7552.25,7553.25,89.0,2026-07
2026-07-03 13:08:00,CME_MINI:ES1!,7553.25,7553.25,7553.0,7553.0,63.0,2026-07
2026-07-03 13:09:00,CME_MINI:ES1!,7553.0,7553.0,7552.25,7552.75,76.0,2026-07
2026-07-03 13:10:00,CME_MINI:ES1!,7552.75,7553.25,7552.75,7552.75,97.0,2026-07
2026-07-03 13:11:00,CME_MINI:ES1!,7552.5,7552.5,7551.75,7552.0,79.0,2026-07
2026-07-03 13:12:00,CME_MINI:ES1!,7551.75,7552.0,7551.0,7552.0,166.0,2026-07
2026-07-03 13:13:00,CME_MINI:ES1!,7551.75,7551.75,7551.25,7551.75,195.0,2026-07
2026-07-03 13:14:00,CME_MINI:ES1!,7551.5,7551.75,7551.25,7551.5,152.0,2026-07
2026-07-03 13:15:00,CME_MINI:ES1!,7551.75,7552.25,7551.5,7552.25,143.0,2026-07
2026-07-03 13:16:00,CME_MINI:ES1!,7552.25,7552.75,7552.25,7552.75,82.0,2026-07
2026-07-03 13:17:00,CME_MINI:ES1!,7552.5,7553.25,7552.5,7552.5,154.0,2026-07
2026-07-03 13:18:00,CME_MINI:ES1!,7552.5,7552.5,7551.75,7551.75,113.0,2026-07
2026-07-03 13:19:00,CME_MINI:ES1!,7551.5,7553.0,7551.5,7553.0,112.0,2026-07
2026-07-03 13:20:00,CME_MINI:ES1!,7553.0,7555.5,7553.0,7554.25,275.0,2026-07
2026-07-03 13:21:00,CME_MINI:ES1!,7554.25,7554.75,7554.0,7554.5,254.0,2026-07
2026-07-03 13:22:00,CME_MINI:ES1!,7554.5,7554.75,7553.75,7553.75,65.0,2026-07
2026-07-03 13:23:00,CME_MINI:ES1!,7553.75,7554.5,7553.25,7554.25,117.0,2026-07
2026-07-03 13:24:00,CME_MINI:ES1!,7554.25,7554.5,7554.0,7554.5,61.0,2026-07
2026-07-03 13:25:00,CME_MINI:ES1!,7554.25,7554.5,7553.0,7553.0,230.0,2026-07
2026-07-03 13:26:00,CME_MINI:ES1!,7553.25,7554.0,7553.0,7554.0,114.0,2026-07
2026-07-03 13:27:00,CME_MINI:ES1!,7554.0,7554.25,7553.75,7554.25,64.0,2026-07
2026-07-03 13:28:00,CME_MINI:ES1!,7554.25,7554.25,7553.5,7553.75,89.0,2026-07
2026-07-03 13:29:00,CME_MINI:ES1!,7553.75,7554.75,7553.75,7554.75,132.0,2026-07
2026-07-03 13:30:00,CME_MINI:ES1!,7554.75,7558.0,7554.75,7556.75,1273.0,2026-07
2026-07-03 13:31:00,CME_MINI:ES1!,7556.75,7559.25,7556.75,7558.75,713.0,2026-07
2026-07-03 13:32:00,CME_MINI:ES1!,7558.5,7558.75,7558.0,7558.25,474.0,2026-07
2026-07-03 13:33:00,CME_MINI:ES1!,7558.25,7558.75,7557.25,7557.5,420.0,2026-07
2026-07-03 13:34:00,CME_MINI:ES1!,7557.75,7557.75,7553.0,7553.75,691.0,2026-07
2026-07-03 13:35:00,CME_MINI:ES1!,7553.75,7554.25,7553.25,7554.25,364.0,2026-07
2026-07-03 13:36:00,CME_MINI:ES1!,7554.0,7555.5,7553.75,7554.75,313.0,2026-07
2026-07-03 13:37:00,CME_MINI:ES1!,7554.5,7554.75,7553.75,7554.5,272.0,2026-07
2026-07-03 13:38:00,CME_MINI:ES1!,7554.5,7555.0,7553.75,7553.75,425.0,2026-07
2026-07-03 13:39:00,CME_MINI:ES1!,7553.5,7554.0,7552.25,7552.75,452.0,2026-07
2026-07-03 13:40:00,CME_MINI:ES1!,7552.75,7553.75,7552.5,7553.0,396.0,2026-07
2026-07-03 13:41:00,CME_MINI:ES1!,7553.0,7553.5,7552.75,7553.25,182.0,2026-07
2026-07-03 13:42:00,CME_MINI:ES1!,7553.25,7555.75,7552.5,7554.5,495.0,2026-07
2026-07-03 13:43:00,CME_MINI:ES1!,7554.25,7554.75,7553.5,7554.0,238.0,2026-07
2026-07-03 13:44:00,CME_MINI:ES1!,7554.0,7554.25,7552.5,7552.75,215.0,2026-07
2026-07-03 13:45:00,CME_MINI:ES1!,7553.0,7554.75,7552.75,7553.75,390.0,2026-07
2026-07-03 13:46:00,CME_MINI:ES1!,7553.75,7554.75,7553.75,7554.0,354.0,2026-07
2026-07-03 13:47:00,CME_MINI:ES1!,7553.75,7554.0,7552.5,7552.75,408.0,2026-07
2026-07-03 13:48:00,CME_MINI:ES1!,7553.0,7553.0,7550.5,7550.5,487.0,2026-07
2026-07-03 13:49:00,CME_MINI:ES1!,7550.5,7550.75,7549.75,7550.0,357.0,2026-07
2026-07-03 13:50:00,CME_MINI:ES1!,7550.0,7550.5,7549.25,7550.0,255.0,2026-07
2026-07-03 13:51:00,CME_MINI:ES1!,7549.75,7552.0,7549.75,7551.25,536.0,2026-07
2026-07-03 13:52:00,CME_MINI:ES1!,7551.5,7551.5,7550.0,7550.0,345.0,2026-07
2026-07-03 13:53:00,CME_MINI:ES1!,7549.75,7552.0,7549.75,7551.5,195.0,2026-07
2026-07-03 13:54:00,CME_MINI:ES1!,7551.75,7551.75,7549.75,7551.0,236.0,2026-07
2026-07-03 13:55:00,CME_MINI:ES1!,7551.0,7551.25,7550.0,7550.25,201.0,2026-07
2026-07-03 13:56:00,CME_MINI:ES1!,7550.25,7552.0,7550.25,7551.75,212.0,2026-07
2026-07-03 13:57:00,CME_MINI:ES1!,7552.0,7554.0,7552.0,7553.25,321.0,2026-07
2026-07-03 13:58:00,CME_MINI:ES1!,7553.25,7553.75,7552.25,7553.5,358.0,2026-07
2026-07-03 13:59:00,CME_MINI:ES1!,7553.75,7554.25,7553.25,7554.25,178.0,2026-07
2026-07-03 14:00:00,CME_MINI:ES1!,7554.25,7554.75,7553.5,7554.25,299.0,2026-07
2026-07-03 14:01:00,CME_MINI:ES1!,7554.25,7554.75,7552.25,7553.75,466.0,2026-07
2026-07-03 14:02:00,CME_MINI:ES1!,7553.5,7554.25,7553.25,7553.5,250.0,2026-07
2026-07-03 14:03:00,CME_MINI:ES1!,7553.5,7553.75,7552.75,7552.75,383.0,2026-07
2026-07-03 14:04:00,CME_MINI:ES1!,7552.75,7553.25,7552.25,7553.0,195.0,2026-07
2026-07-03 14:05:00,CME_MINI:ES1!,7553.0,7554.25,7552.75,7553.75,516.0,2026-07
2026-07-03 14:06:00,CME_MINI:ES1!,7553.75,7553.75,7552.0,7552.25,160.0,2026-07
2026-07-03 14:07:00,CME_MINI:ES1!,7552.5,7552.75,7551.25,7551.75,256.0,2026-07
2026-07-03 14:08:00,CME_MINI:ES1!,7551.75,7552.5,7551.0,7552.0,456.0,2026-07
2026-07-03 14:09:00,CME_MINI:ES1!,7552.0,7552.25,7551.5,7552.0,132.0,2026-07
2026-07-03 14:10:00,CME_MINI:ES1!,7552.0,7552.0,7551.25,7551.5,172.0,2026-07
2026-07-03 14:11:00,CME_MINI:ES1!,7551.25,7551.25,7550.75,7551.25,161.0,2026-07
2026-07-03 14:12:00,CME_MINI:ES1!,7551.0,7551.75,7550.5,7551.0,173.0,2026-07
2026-07-03 14:13:00,CME_MINI:ES1!,7551.0,7551.25,7550.75,7551.0,111.0,2026-07
2026-07-03 14:14:00,CME_MINI:ES1!,7551.0,7551.25,7550.75,7551.0,108.0,2026-07
2026-07-03 14:15:00,CME_MINI:ES1!,7551.0,7552.25,7551.0,7552.0,232.0,2026-07
2026-07-03 14:16:00,CME_MINI:ES1!,7552.0,7553.25,7551.75,7552.75,218.0,2026-07
2026-07-03 14:17:00,CME_MINI:ES1!,7552.75,7555.75,7552.75,7554.75,491.0,2026-07
2026-07-03 14:18:00,CME_MINI:ES1!,7554.75,7554.75,7553.5,7553.5,144.0,2026-07
2026-07-03 14:19:00,CME_MINI:ES1!,7553.5,7553.75,7552.25,7553.5,214.0,2026-07
2026-07-03 14:20:00,CME_MINI:ES1!,7553.5,7554.25,7552.75,7553.0,216.0,2026-07
2026-07-03 14:21:00,CME_MINI:ES1!,7553.0,7553.0,7551.75,7552.75,175.0,2026-07
2026-07-03 14:22:00,CME_MINI:ES1!,7552.5,7555.0,7552.5,7555.0,219.0,2026-07
2026-07-03 14:23:00,CME_MINI:ES1!,7555.0,7555.75,7554.5,7554.5,135.0,2026-07
2026-07-03 14:24:00,CME_MINI:ES1!,7554.75,7556.0,7554.75,7555.25,131.0,2026-07
2026-07-03 14:25:00,CME_MINI:ES1!,7555.0,7555.5,7554.75,7555.25,95.0,2026-07
2026-07-03 14:26:00,CME_MINI:ES1!,7555.25,7555.5,7555.0,7555.25,85.0,2026-07
2026-07-03 14:27:00,CME_MINI:ES1!,7555.5,7555.5,7554.75,7554.75,104.0,2026-07
2026-07-03 14:28:00,CME_MINI:ES1!,7554.75,7555.5,7554.5,7555.0,119.0,2026-07
2026-07-03 14:29:00,CME_MINI:ES1!,7554.75,7555.5,7554.5,7554.5,157.0,2026-07
2026-07-03 14:30:00,CME_MINI:ES1!,7554.75,7555.25,7554.25,7555.0,160.0,2026-07
2026-07-03 14:31:00,CME_MINI:ES1!,7555.0,7555.5,7554.75,7555.0,99.0,2026-07
2026-07-03 14:32:00,CME_MINI:ES1!,7555.0,7555.25,7554.75,7555.0,49.0,2026-07
2026-07-03 14:33:00,CME_MINI:ES1!,7555.0,7555.0,7554.5,7554.75,174.0,2026-07
2026-07-03 14:34:00,CME_MINI:ES1!,7555.0,7555.25,7554.5,7555.0,96.0,2026-07
2026-07-03 14:35:00,CME_MINI:ES1!,7555.0,7555.75,7554.5,7555.25,211.0,2026-07
2026-07-03 14:36:00,CME_MINI:ES1!,7555.5,7556.25,7555.5,7556.25,201.0,2026-07
2026-07-03 14:37:00,CME_MINI:ES1!,7556.25,7556.25,7555.5,7556.0,220.0,2026-07
2026-07-03 14:38:00,CME_MINI:ES1!,7555.75,7556.5,7555.75,7556.25,105.0,2026-07
2026-07-03 14:39:00,CME_MINI:ES1!,7556.5,7557.0,7556.0,7556.75,229.0,2026-07
2026-07-03 14:40:00,CME_MINI:ES1!,7557.0,7558.25,7557.0,7558.25,244.0,2026-07
2026-07-03 14:41:00,CME_MINI:ES1!,7558.25,7559.0,7557.75,7559.0,307.0,2026-07
2026-07-03 14:42:00,CME_MINI:ES1!,7559.0,7561.75,7558.75,7561.25,1177.0,2026-07
2026-07-03 14:43:00,CME_MINI:ES1!,7560.75,7560.75,7558.75,7558.75,523.0,2026-07
2026-07-03 14:44:00,CME_MINI:ES1!,7558.5,7558.75,7558.0,7558.5,237.0,2026-07
2026-07-03 14:45:00,CME_MINI:ES1!,7558.5,7559.0,7557.75,7559.0,144.0,2026-07
2026-07-03 14:46:00,CME_MINI:ES1!,7559.25,7559.75,7559.0,7559.5,137.0,2026-07
2026-07-03 14:47:00,CME_MINI:ES1!,7559.25,7561.0,7559.25,7560.75,165.0,2026-07
2026-07-03 14:48:00,CME_MINI:ES1!,7560.75,7561.0,7559.0,7559.25,190.0,2026-07
2026-07-03 14:49:00,CME_MINI:ES1!,7559.25,7559.5,7559.25,7559.5,69.0,2026-07
2026-07-03 14:50:00,CME_MINI:ES1!,7559.5,7560.0,7559.0,7560.0,149.0,2026-07
2026-07-03 14:51:00,CME_MINI:ES1!,7560.0,7561.0,7559.5,7559.75,300.0,2026-07
2026-07-03 14:52:00,CME_MINI:ES1!,7559.75,7561.5,7559.5,7561.0,211.0,2026-07
2026-07-03 14:53:00,CME_MINI:ES1!,7560.75,7560.75,7559.5,7559.5,149.0,2026-07
2026-07-03 14:54:00,CME_MINI:ES1!,7559.75,7560.5,7559.75,7560.25,145.0,2026-07
2026-07-03 14:55:00,CME_MINI:ES1!,7560.25,7561.25,7559.75,7559.75,313.0,2026-07
2026-07-03 14:56:00,CME_MINI:ES1!,7559.75,7560.0,7559.0,7559.75,142.0,2026-07
2026-07-03 14:57:00,CME_MINI:ES1!,7559.75,7560.25,7559.75,7560.25,87.0,2026-07
2026-07-03 14:58:00,CME_MINI:ES1!,7560.0,7560.5,7560.0,7560.5,108.0,2026-07
2026-07-03 14:59:00,CME_MINI:ES1!,7560.25,7560.25,7560.0,7560.25,107.0,2026-07
2026-07-03 15:00:00,CME_MINI:ES1!,7560.25,7560.5,7558.75,7559.0,215.0,2026-07
2026-07-03 15:01:00,CME_MINI:ES1!,7559.0,7559.25,7558.25,7558.75,157.0,2026-07
2026-07-03 15:02:00,CME_MINI:ES1!,7558.75,7559.25,7558.25,7559.0,106.0,2026-07
2026-07-03 15:03:00,CME_MINI:ES1!,7559.0,7559.5,7557.5,7558.5,516.0,2026-07
2026-07-03 15:04:00,CME_MINI:ES1!,7558.5,7558.5,7557.5,7557.5,178.0,2026-07
2026-07-03 15:05:00,CME_MINI:ES1!,7557.25,7558.25,7557.25,7558.0,242.0,2026-07
2026-07-03 15:06:00,CME_MINI:ES1!,7557.75,7558.25,7557.5,7557.75,183.0,2026-07
2026-07-03 15:07:00,CME_MINI:ES1!,7557.75,7558.75,7557.75,7558.5,91.0,2026-07
2026-07-03 15:08:00,CME_MINI:ES1!,7558.5,7558.75,7558.5,7558.5,39.0,2026-07
2026-07-03 15:09:00,CME_MINI:ES1!,7558.25,7558.5,7557.25,7557.75,196.0,2026-07
2026-07-03 15:10:00,CME_MINI:ES1!,7557.75,7558.75,7557.5,7558.75,82.0,2026-07
2026-07-03 15:11:00,CME_MINI:ES1!,7559.0,7560.5,7558.75,7560.5,403.0,2026-07
2026-07-03 15:12:00,CME_MINI:ES1!,7560.25,7560.25,7558.75,7559.0,265.0,2026-07
2026-07-03 15:13:00,CME_MINI:ES1!,7559.0,7559.0,7557.75,7557.75,220.0,2026-07
2026-07-03 15:14:00,CME_MINI:ES1!,7557.75,7558.5,7557.75,7558.25,68.0,2026-07
2026-07-03 15:15:00,CME_MINI:ES1!,7558.25,7559.25,7558.25,7558.75,156.0,2026-07
2026-07-03 15:16:00,CME_MINI:ES1!,7559.0,7560.25,7558.75,7560.0,190.0,2026-07
2026-07-03 15:17:00,CME_MINI:ES1!,7560.0,7560.5,7559.25,7559.25,217.0,2026-07
2026-07-03 15:18:00,CME_MINI:ES1!,7559.25,7559.75,7559.0,7559.25,223.0,2026-07
2026-07-03 15:19:00,CME_MINI:ES1!,7559.25,7559.75,7559.25,7559.5,93.0,2026-07
2026-07-03 15:20:00,CME_MINI:ES1!,7559.75,7559.75,7558.5,7558.75,188.0,2026-07
2026-07-03 15:21:00,CME_MINI:ES1!,7558.75,7558.75,7558.25,7558.5,137.0,2026-07
2026-07-03 15:22:00,CME_MINI:ES1!,7558.5,7558.75,7557.75,7558.25,129.0,2026-07
2026-07-03 15:23:00,CME_MINI:ES1!,7558.0,7558.0,7557.25,7557.5,118.0,2026-07
2026-07-03 15:24:00,CME_MINI:ES1!,7557.5,7557.5,7556.75,7557.0,174.0,2026-07
2026-07-03 15:25:00,CME_MINI:ES1!,7557.25,7557.25,7556.25,7556.75,202.0,2026-07
2026-07-03 15:26:00,CME_MINI:ES1!,7556.75,7556.75,7556.0,7556.0,109.0,2026-07
2026-07-03 15:27:00,CME_MINI:ES1!,7556.0,7556.0,7555.25,7555.75,120.0,2026-07
2026-07-03 15:28:00,CME_MINI:ES1!,7555.75,7555.75,7555.25,7555.5,158.0,2026-07
2026-07-03 15:29:00,CME_MINI:ES1!,7555.75,7556.0,7555.25,7555.25,175.0,2026-07
2026-07-03 15:30:00,CME_MINI:ES1!,7555.25,7556.0,7554.25,7554.75,399.0,2026-07
2026-07-03 15:31:00,CME_MINI:ES1!,7554.75,7555.75,7554.5,7555.75,232.0,2026-07
2026-07-03 15:32:00,CME_MINI:ES1!,7555.75,7556.25,7555.5,7555.5,276.0,2026-07
2026-07-03 15:33:00,CME_MINI:ES1!,7555.75,7556.5,7555.75,7556.0,141.0,2026-07
2026-07-03 15:34:00,CME_MINI:ES1!,7556.0,7556.0,7555.0,7555.5,207.0,2026-07
2026-07-03 15:35:00,CME_MINI:ES1!,7555.25,7556.75,7555.25,7556.5,187.0,2026-07
2026-07-03 15:36:00,CME_MINI:ES1!,7556.5,7557.25,7556.5,7557.0,150.0,2026-07
2026-07-03 15:37:00,CME_MINI:ES1!,7557.25,7557.75,7557.0,7557.0,144.0,2026-07
2026-07-03 15:38:00,CME_MINI:ES1!,7557.0,7557.75,7557.0,7557.75,110.0,2026-07
2026-07-03 15:39:00,CME_MINI:ES1!,7557.5,7557.5,7557.0,7557.0,70.0,2026-07
2026-07-03 15:40:00,CME_MINI:ES1!,7556.75,7556.75,7556.25,7556.5,47.0,2026-07
2026-07-03 15:41:00,CME_MINI:ES1!,7556.75,7557.0,7556.0,7556.25,64.0,2026-07
2026-07-03 15:42:00,CME_MINI:ES1!,7556.0,7557.0,7555.5,7556.5,175.0,2026-07
2026-07-03 15:43:00,CME_MINI:ES1!,7556.5,7558.25,7556.5,7557.75,365.0,2026-07
2026-07-03 15:44:00,CME_MINI:ES1!,7558.0,7558.25,7557.5,7557.75,138.0,2026-07
2026-07-03 15:45:00,CME_MINI:ES1!,7557.75,7558.5,7557.5,7558.25,254.0,2026-07
2026-07-03 15:46:00,CME_MINI:ES1!,7558.25,7558.5,7557.75,7558.0,157.0,2026-07
2026-07-03 15:47:00,CME_MINI:ES1!,7558.25,7559.0,7558.25,7559.0,283.0,2026-07
2026-07-03 15:48:00,CME_MINI:ES1!,7559.0,7559.75,7559.0,7559.5,184.0,2026-07
2026-07-03 15:49:00,CME_MINI:ES1!,7559.5,7559.75,7559.25,7559.25,76.0,2026-07
2026-07-03 15:50:00,CME_MINI:ES1!,7559.25,7559.25,7559.0,7559.0,14.0,2026-07
2026-07-03 15:51:00,CME_MINI:ES1!,7559.0,7559.0,7558.5,7559.0,87.0,2026-07
2026-07-03 15:52:00,CME_MINI:ES1!,7559.0,7559.25,7558.5,7558.5,75.0,2026-07
2026-07-03 15:53:00,CME_MINI:ES1!,7558.5,7559.25,7558.5,7559.0,97.0,2026-07
2026-07-03 15:54:00,CME_MINI:ES1!,7559.0,7559.75,7559.0,7559.25,107.0,2026-07
2026-07-03 15:55:00,CME_MINI:ES1!,7559.5,7559.5,7559.25,7559.25,58.0,2026-07
2026-07-03 15:56:00,CME_MINI:ES1!,7559.5,7559.75,7559.5,7559.75,49.0,2026-07
2026-07-03 15:57:00,CME_MINI:ES1!,7560.0,7560.25,7559.0,7559.25,218.0,2026-07
2026-07-03 15:58:00,CME_MINI:ES1!,7559.25,7559.25,7558.75,7558.75,88.0,2026-07
2026-07-03 15:59:00,CME_MINI:ES1!,7559.0,7559.0,7558.5,7559.0,69.0,2026-07
2026-07-03 16:00:00,CME_MINI:ES1!,7559.0,7559.0,7557.25,7558.0,173.0,2026-07
2026-07-03 16:01:00,CME_MINI:ES1!,7557.75,7558.5,7557.75,7558.5,54.0,2026-07
2026-07-03 16:02:00,CME_MINI:ES1!,7558.5,7558.5,7558.0,7558.0,35.0,2026-07
2026-07-03 16:03:00,CME_MINI:ES1!,7558.25,7558.25,7558.0,7558.25,32.0,2026-07
2026-07-03 16:04:00,CME_MINI:ES1!,7558.25,7558.25,7557.75,7557.75,64.0,2026-07
2026-07-03 16:05:00,CME_MINI:ES1!,7557.5,7557.75,7557.0,7557.75,73.0,2026-07
2026-07-03 16:06:00,CME_MINI:ES1!,7557.75,7557.75,7557.75,7557.75,25.0,2026-07
2026-07-03 16:07:00,CME_MINI:ES1!,7557.75,7558.0,7556.75,7556.75,113.0,2026-07
2026-07-03 16:08:00,CME_MINI:ES1!,7556.75,7557.5,7556.75,7557.0,79.0,2026-07
2026-07-03 16:09:00,CME_MINI:ES1!,7557.25,7558.0,7557.25,7557.75,34.0,2026-07
2026-07-03 16:10:00,CME_MINI:ES1!,7557.75,7558.25,7557.5,7557.75,81.0,2026-07
2026-07-03 16:11:00,CME_MINI:ES1!,7557.5,7557.75,7557.5,7557.5,26.0,2026-07
2026-07-03 16:12:00,CME_MINI:ES1!,7557.5,7558.25,7557.5,7558.25,48.0,2026-07
2026-07-03 16:13:00,CME_MINI:ES1!,7558.5,7558.5,7557.75,7557.75,55.0,2026-07
2026-07-03 16:14:00,CME_MINI:ES1!,7557.75,7557.75,7557.0,7557.0,59.0,2026-07
2026-07-03 16:15:00,CME_MINI:ES1!,7557.0,7557.5,7557.0,7557.5,60.0,2026-07
2026-07-03 16:16:00,CME_MINI:ES1!,7557.25,7558.75,7557.25,7558.25,80.0,2026-07
2026-07-03 16:17:00,CME_MINI:ES1!,7558.25,7558.5,7557.75,7558.0,85.0,2026-07
2026-07-03 16:18:00,CME_MINI:ES1!,7558.0,7558.25,7558.0,7558.0,82.0,2026-07
2026-07-03 16:19:00,CME_MINI:ES1!,7558.0,7558.0,7557.0,7557.0,178.0,2026-07
2026-07-03 16:20:00,CME_MINI:ES1!,7557.0,7557.25,7556.25,7556.75,180.0,2026-07
2026-07-03 16:21:00,CME_MINI:ES1!,7556.75,7557.75,7556.5,7556.5,123.0,2026-07
2026-07-03 16:22:00,CME_MINI:ES1!,7556.25,7556.25,7554.75,7555.0,219.0,2026-07
2026-07-03 16:23:00,CME_MINI:ES1!,7555.0,7555.75,7555.0,7555.75,78.0,2026-07
2026-07-03 16:24:00,CME_MINI:ES1!,7555.5,7555.5,7554.25,7554.75,134.0,2026-07
2026-07-03 16:25:00,CME_MINI:ES1!,7554.75,7556.0,7554.75,7555.25,83.0,2026-07
2026-07-03 16:26:00,CME_MINI:ES1!,7555.25,7555.25,7554.75,7555.25,85.0,2026-07
2026-07-03 16:27:00,CME_MINI:ES1!,7555.25,7555.25,7554.75,7555.0,94.0,2026-07
2026-07-03 16:28:00,CME_MINI:ES1!,7555.0,7555.0,7554.5,7554.75,41.0,2026-07
2026-07-03 16:29:00,CME_MINI:ES1!,7554.75,7555.0,7554.5,7554.75,41.0,2026-07
2026-07-03 16:30:00,CME_MINI:ES1!,7555.0,7555.5,7554.75,7555.5,110.0,2026-07
2026-07-03 16:31:00,CME_MINI:ES1!,7555.5,7555.5,7554.75,7555.0,78.0,2026-07
2026-07-03 16:32:00,CME_MINI:ES1!,7554.75,7554.75,7553.25,7554.5,189.0,2026-07
2026-07-03 16:33:00,CME_MINI:ES1!,7554.5,7555.25,7554.5,7555.25,60.0,2026-07
2026-07-03 16:34:00,CME_MINI:ES1!,7555.0,7556.25,7555.0,7556.0,144.0,2026-07
2026-07-03 16:35:00,CME_MINI:ES1!,7556.25,7556.75,7555.5,7555.75,139.0,2026-07
2026-07-03 16:36:00,CME_MINI:ES1!,7555.75,7556.0,7555.0,7556.0,79.0,2026-07
2026-07-03 16:37:00,CME_MINI:ES1!,7556.0,7556.25,7555.75,7555.75,84.0,2026-07
2026-07-03 16:38:00,CME_MINI:ES1!,7555.75,7556.5,7555.5,7556.5,33.0,2026-07
2026-07-03 16:39:00,CME_MINI:ES1!,7556.25,7557.25,7556.25,7557.25,82.0,2026-07
2026-07-03 16:40:00,CME_MINI:ES1!,7557.25,7557.25,7557.0,7557.0,56.0,2026-07
2026-07-03 16:41:00,CME_MINI:ES1!,7557.0,7557.75,7557.0,7557.75,46.0,2026-07
2026-07-03 16:42:00,CME_MINI:ES1!,7557.5,7558.0,7557.25,7558.0,50.0,2026-07
2026-07-03 16:43:00,CME_MINI:ES1!,7557.75,7558.0,7557.5,7558.0,85.0,2026-07
2026-07-03 16:44:00,CME_MINI:ES1!,7557.75,7559.0,7557.75,7558.75,88.0,2026-07
2026-07-03 16:45:00,CME_MINI:ES1!,7558.5,7559.0,7557.5,7557.5,114.0,2026-07
2026-07-03 16:46:00,CME_MINI:ES1!,7557.5,7557.75,7557.0,7557.5,48.0,2026-07
2026-07-03 16:47:00,CME_MINI:ES1!,7557.5,7557.75,7556.75,7556.75,43.0,2026-07
2026-07-03 16:48:00,CME_MINI:ES1!,7556.75,7556.75,7555.25,7555.25,67.0,2026-07
2026-07-03 16:49:00,CME_MINI:ES1!,7555.5,7556.0,7555.0,7555.75,72.0,2026-07
2026-07-03 16:50:00,CME_MINI:ES1!,7555.5,7556.25,7555.25,7556.25,46.0,2026-07
2026-07-03 16:51:00,CME_MINI:ES1!,7556.0,7556.0,7555.5,7555.5,16.0,2026-07
2026-07-03 16:52:00,CME_MINI:ES1!,7555.75,7556.25,7555.5,7556.0,26.0,2026-07
2026-07-03 16:53:00,CME_MINI:ES1!,7556.0,7556.75,7555.75,7556.5,55.0,2026-07
2026-07-03 16:54:00,CME_MINI:ES1!,7556.5,7557.0,7556.5,7557.0,16.0,2026-07
2026-07-03 16:55:00,CME_MINI:ES1!,7557.0,7557.0,7556.0,7556.75,68.0,2026-07
2026-07-03 16:56:00,CME_MINI:ES1!,7557.0,7558.0,7557.0,7558.0,71.0,2026-07
2026-07-03 16:57:00,CME_MINI:ES1!,7558.0,7558.0,7557.5,7557.5,41.0,2026-07
2026-07-03 16:58:00,CME_MINI:ES1!,7557.5,7557.5,7557.25,7557.5,36.0,2026-07
2026-07-03 16:59:00,CME_MINI:ES1!,7557.25,7558.5,7556.25,7557.0,548.0,2026-07
2026-07-05 22:00:00,CME_MINI:ES1!,7562.25,7568.75,7558.75,7559.75,803.0,2026-07
2026-07-05 22:01:00,CME_MINI:ES1!,7559.75,7561.5,7557.5,7558.5,336.0,2026-07
2026-07-05 22:02:00,CME_MINI:ES1!,7558.75,7560.0,7557.25,7559.0,217.0,2026-07
2026-07-05 22:03:00,CME_MINI:ES1!,7559.0,7560.25,7558.0,7558.0,132.0,2026-07
2026-07-05 22:04:00,CME_MINI:ES1!,7558.5,7558.5,7554.25,7554.75,198.0,2026-07
2026-07-05 22:05:00,CME_MINI:ES1!,7554.5,7556.75,7551.5,7556.5,405.0,2026-07
2026-07-05 22:06:00,CME_MINI:ES1!,7556.75,7557.75,7556.0,7556.5,201.0,2026-07
2026-07-05 22:07:00,CME_MINI:ES1!,7556.5,7558.0,7556.5,7557.75,76.0,2026-07
2026-07-05 22:08:00,CME_MINI:ES1!,7557.25,7557.5,7552.0,7554.5,203.0,2026-07
2026-07-05 22:09:00,CME_MINI:ES1!,7554.5,7555.5,7553.75,7555.0,113.0,2026-07
2026-07-05 22:10:00,CME_MINI:ES1!,7555.25,7555.75,7554.5,7555.25,88.0,2026-07
2026-07-05 22:11:00,CME_MINI:ES1!,7555.25,7556.25,7554.75,7555.25,120.0,2026-07
2026-07-05 22:12:00,CME_MINI:ES1!,7555.5,7556.5,7554.0,7554.5,135.0,2026-07
2026-07-05 22:13:00,CME_MINI:ES1!,7554.75,7556.5,7554.75,7556.5,140.0,2026-07
2026-07-05 22:14:00,CME_MINI:ES1!,7556.0,7557.25,7555.75,7557.25,113.0,2026-07
2026-07-05 22:15:00,CME_MINI:ES1!,7557.5,7557.5,7556.0,7557.5,80.0,2026-07
2026-07-05 22:16:00,CME_MINI:ES1!,7557.5,7559.25,7556.5,7559.25,177.0,2026-07
2026-07-05 22:17:00,CME_MINI:ES1!,7559.0,7559.5,7558.75,7559.0,82.0,2026-07
2026-07-05 22:18:00,CME_MINI:ES1!,7558.75,7559.5,7557.25,7558.0,92.0,2026-07
2026-07-05 22:19:00,CME_MINI:ES1!,7557.5,7559.25,7557.0,7559.0,85.0,2026-07
2026-07-05 22:20:00,CME_MINI:ES1!,7558.75,7562.0,7558.25,7560.5,209.0,2026-07
2026-07-05 22:21:00,CME_MINI:ES1!,7560.25,7560.5,7558.75,7559.0,93.0,2026-07
2026-07-05 22:22:00,CME_MINI:ES1!,7559.5,7560.25,7559.0,7559.5,106.0,2026-07
2026-07-05 22:23:00,CME_MINI:ES1!,7559.5,7561.0,7559.25,7560.25,144.0,2026-07
2026-07-05 22:24:00,CME_MINI:ES1!,7560.25,7562.5,7560.0,7561.5,158.0,2026-07
2026-07-05 22:25:00,CME_MINI:ES1!,7561.25,7561.25,7560.25,7560.5,54.0,2026-07
2026-07-05 22:26:00,CME_MINI:ES1!,7560.5,7560.5,7559.25,7559.25,58.0,2026-07
2026-07-05 22:27:00,CME_MINI:ES1!,7559.5,7560.25,7559.5,7559.75,37.0,2026-07
2026-07-05 22:28:00,CME_MINI:ES1!,7560.0,7562.25,7560.0,7561.75,59.0,2026-07
2026-07-05 22:29:00,CME_MINI:ES1!,7561.75,7562.25,7561.5,7561.5,85.0,2026-07
2026-07-05 22:30:00,CME_MINI:ES1!,7561.5,7562.5,7561.5,7562.0,77.0,2026-07
2026-07-05 22:31:00,CME_MINI:ES1!,7562.0,7563.75,7561.75,7563.25,122.0,2026-07
2026-07-05 22:32:00,CME_MINI:ES1!,7563.0,7564.25,7562.75,7564.0,125.0,2026-07
2026-07-05 22:33:00,CME_MINI:ES1!,7564.0,7564.75,7563.75,7563.75,111.0,2026-07
2026-07-05 22:34:00,CME_MINI:ES1!,7563.75,7565.0,7563.5,7564.75,87.0,2026-07
2026-07-05 22:35:00,CME_MINI:ES1!,7564.75,7564.75,7563.75,7564.0,58.0,2026-07
2026-07-05 22:36:00,CME_MINI:ES1!,7564.25,7565.5,7563.75,7565.0,167.0,2026-07
2026-07-05 22:37:00,CME_MINI:ES1!,7565.0,7565.75,7564.75,7565.5,60.0,2026-07
2026-07-05 22:38:00,CME_MINI:ES1!,7565.75,7566.0,7565.0,7566.0,67.0,2026-07
2026-07-05 22:39:00,CME_MINI:ES1!,7565.75,7566.0,7565.0,7565.5,78.0,2026-07
2026-07-05 22:40:00,CME_MINI:ES1!,7565.75,7566.0,7565.0,7565.25,151.0,2026-07
2026-07-05 22:41:00,CME_MINI:ES1!,7565.5,7566.0,7564.25,7565.0,243.0,2026-07
2026-07-05 22:42:00,CME_MINI:ES1!,7565.0,7565.75,7564.75,7564.75,59.0,2026-07
2026-07-05 22:43:00,CME_MINI:ES1!,7564.75,7564.75,7563.75,7564.75,70.0,2026-07
2026-07-05 22:44:00,CME_MINI:ES1!,7565.0,7565.75,7565.0,7565.5,27.0,2026-07
2026-07-05 22:45:00,CME_MINI:ES1!,7565.5,7566.5,7565.25,7566.25,87.0,2026-07
2026-07-05 22:46:00,CME_MINI:ES1!,7566.25,7567.0,7566.25,7566.75,139.0,2026-07
2026-07-05 22:47:00,CME_MINI:ES1!,7566.75,7567.25,7566.25,7566.5,45.0,2026-07
2026-07-05 22:48:00,CME_MINI:ES1!,7566.75,7567.25,7566.25,7567.0,65.0,2026-07
2026-07-05 22:49:00,CME_MINI:ES1!,7566.75,7567.75,7566.5,7567.25,88.0,2026-07
2026-07-05 22:50:00,CME_MINI:ES1!,7567.25,7567.25,7566.25,7566.5,61.0,2026-07
2026-07-05 22:51:00,CME_MINI:ES1!,7566.25,7566.5,7565.75,7566.0,46.0,2026-07
2026-07-05 22:52:00,CME_MINI:ES1!,7565.75,7566.0,7564.5,7564.75,158.0,2026-07
2026-07-05 22:53:00,CME_MINI:ES1!,7564.75,7565.0,7563.5,7564.0,95.0,2026-07
2026-07-05 22:54:00,CME_MINI:ES1!,7564.0,7564.5,7563.0,7564.0,101.0,2026-07
2026-07-05 22:55:00,CME_MINI:ES1!,7564.25,7564.5,7563.0,7563.0,68.0,2026-07
2026-07-05 22:56:00,CME_MINI:ES1!,7563.25,7563.5,7562.5,7562.75,113.0,2026-07
2026-07-05 22:57:00,CME_MINI:ES1!,7562.75,7562.75,7562.0,7562.5,50.0,2026-07
2026-07-05 22:58:00,CME_MINI:ES1!,7562.25,7563.0,7562.25,7562.75,42.0,2026-07
2026-07-05 22:59:00,CME_MINI:ES1!,7562.75,7563.0,7562.5,7563.0,40.0,2026-07
2026-07-05 23:00:00,CME_MINI:ES1!,7562.75,7562.75,7560.75,7562.75,137.0,2026-07
2026-07-05 23:01:00,CME_MINI:ES1!,7562.75,7563.5,7562.0,7562.75,97.0,2026-07
2026-07-05 23:02:00,CME_MINI:ES1!,7562.5,7563.5,7562.5,7563.25,68.0,2026-07
2026-07-05 23:03:00,CME_MINI:ES1!,7563.25,7563.5,7562.5,7562.5,55.0,2026-07
2026-07-05 23:04:00,CME_MINI:ES1!,7562.5,7563.25,7562.25,7563.0,21.0,2026-07
2026-07-05 23:05:00,CME_MINI:ES1!,7563.25,7564.25,7563.25,7564.25,79.0,2026-07
2026-07-05 23:06:00,CME_MINI:ES1!,7563.75,7563.75,7563.25,7563.25,33.0,2026-07
2026-07-05 23:07:00,CME_MINI:ES1!,7563.5,7564.0,7563.25,7564.0,20.0,2026-07
2026-07-05 23:08:00,CME_MINI:ES1!,7564.0,7564.0,7563.25,7564.0,19.0,2026-07
2026-07-05 23:09:00,CME_MINI:ES1!,7564.0,7565.0,7563.5,7563.75,52.0,2026-07
2026-07-05 23:10:00,CME_MINI:ES1!,7563.5,7563.75,7562.25,7563.0,111.0,2026-07
2026-07-05 23:11:00,CME_MINI:ES1!,7563.0,7563.5,7562.75,7563.25,47.0,2026-07
2026-07-05 23:12:00,CME_MINI:ES1!,7563.5,7567.75,7563.5,7567.25,258.0,2026-07
2026-07-05 23:13:00,CME_MINI:ES1!,7567.25,7568.75,7566.75,7567.25,391.0,2026-07
2026-07-05 23:14:00,CME_MINI:ES1!,7567.0,7568.75,7566.25,7568.0,147.0,2026-07
2026-07-05 23:15:00,CME_MINI:ES1!,7568.0,7569.0,7567.75,7568.25,124.0,2026-07
2026-07-05 23:16:00,CME_MINI:ES1!,7568.25,7568.5,7568.25,7568.5,36.0,2026-07
2026-07-05 23:17:00,CME_MINI:ES1!,7568.5,7569.0,7567.75,7567.75,79.0,2026-07
2026-07-05 23:18:00,CME_MINI:ES1!,7567.75,7568.25,7567.5,7567.5,61.0,2026-07
2026-07-05 23:19:00,CME_MINI:ES1!,7567.5,7568.25,7567.0,7567.75,67.0,2026-07
2026-07-05 23:20:00,CME_MINI:ES1!,7567.75,7567.75,7567.0,7567.25,42.0,2026-07
2026-07-05 23:21:00,CME_MINI:ES1!,7567.5,7567.75,7567.25,7567.5,20.0,2026-07
2026-07-05 23:22:00,CME_MINI:ES1!,7567.5,7567.75,7567.0,7567.0,27.0,2026-07
2026-07-05 23:23:00,CME_MINI:ES1!,7567.0,7567.0,7566.5,7566.5,48.0,2026-07
2026-07-05 23:24:00,CME_MINI:ES1!,7566.25,7566.5,7565.25,7565.75,70.0,2026-07
2026-07-05 23:25:00,CME_MINI:ES1!,7565.5,7565.75,7564.75,7564.75,83.0,2026-07
2026-07-05 23:26:00,CME_MINI:ES1!,7565.0,7565.25,7564.75,7565.25,81.0,2026-07
2026-07-05 23:27:00,CME_MINI:ES1!,7565.25,7566.0,7565.25,7565.75,37.0,2026-07
2026-07-05 23:28:00,CME_MINI:ES1!,7565.75,7566.25,7565.75,7566.0,34.0,2026-07
2026-07-05 23:29:00,CME_MINI:ES1!,7566.0,7566.0,7565.25,7565.25,59.0,2026-07
2026-07-05 23:30:00,CME_MINI:ES1!,7565.25,7567.75,7564.75,7567.25,145.0,2026-07
2026-07-05 23:31:00,CME_MINI:ES1!,7567.25,7568.75,7567.0,7567.75,129.0,2026-07
2026-07-05 23:32:00,CME_MINI:ES1!,7568.0,7568.0,7567.5,7568.0,57.0,2026-07
2026-07-05 23:33:00,CME_MINI:ES1!,7568.25,7568.25,7567.75,7567.75,37.0,2026-07
2026-07-05 23:34:00,CME_MINI:ES1!,7567.75,7567.75,7567.25,7567.25,26.0,2026-07
2026-07-05 23:35:00,CME_MINI:ES1!,7567.25,7567.5,7567.0,7567.0,25.0,2026-07
2026-07-05 23:36:00,CME_MINI:ES1!,7567.0,7567.0,7565.25,7565.75,54.0,2026-07
2026-07-05 23:37:00,CME_MINI:ES1!,7566.0,7566.0,7565.5,7565.75,21.0,2026-07
2026-07-05 23:38:00,CME_MINI:ES1!,7565.5,7566.0,7565.5,7565.75,18.0,2026-07
2026-07-05 23:39:00,CME_MINI:ES1!,7566.0,7566.25,7565.5,7566.0,15.0,2026-07
2026-07-05 23:40:00,CME_MINI:ES1!,7566.0,7566.0,7564.25,7565.5,80.0,2026-07
2026-07-05 23:41:00,CME_MINI:ES1!,7565.75,7566.5,7565.25,7566.25,32.0,2026-07
2026-07-05 23:42:00,CME_MINI:ES1!,7566.25,7566.25,7565.25,7565.75,37.0,2026-07
2026-07-05 23:43:00,CME_MINI:ES1!,7565.75,7565.75,7565.5,7565.75,15.0,2026-07
2026-07-05 23:44:00,CME_MINI:ES1!,7565.75,7565.75,7565.25,7565.5,43.0,2026-07
2026-07-05 23:45:00,CME_MINI:ES1!,7565.25,7565.25,7564.0,7565.0,91.0,2026-07
2026-07-05 23:46:00,CME_MINI:ES1!,7565.0,7567.5,7565.0,7566.5,143.0,2026-07
2026-07-05 23:47:00,CME_MINI:ES1!,7566.5,7567.0,7565.5,7565.5,67.0,2026-07
2026-07-05 23:48:00,CME_MINI:ES1!,7565.75,7566.75,7565.75,7566.75,44.0,2026-07
2026-07-05 23:49:00,CME_MINI:ES1!,7566.75,7567.75,7566.75,7567.25,107.0,2026-07
2026-07-05 23:50:00,CME_MINI:ES1!,7567.0,7569.0,7566.75,7568.5,267.0,2026-07
2026-07-05 23:51:00,CME_MINI:ES1!,7568.25,7569.75,7567.75,7569.25,204.0,2026-07
2026-07-05 23:52:00,CME_MINI:ES1!,7568.75,7569.0,7568.25,7568.5,66.0,2026-07
2026-07-05 23:53:00,CME_MINI:ES1!,7568.75,7568.75,7567.5,7568.5,113.0,2026-07
2026-07-05 23:54:00,CME_MINI:ES1!,7568.25,7568.75,7567.75,7568.0,74.0,2026-07
2026-07-05 23:55:00,CME_MINI:ES1!,7568.0,7568.5,7567.5,7568.5,63.0,2026-07
2026-07-05 23:56:00,CME_MINI:ES1!,7568.5,7569.75,7566.75,7569.5,186.0,2026-07
2026-07-05 23:57:00,CME_MINI:ES1!,7569.5,7570.75,7569.25,7570.5,429.0,2026-07
2026-07-05 23:58:00,CME_MINI:ES1!,7570.25,7570.75,7569.0,7569.75,163.0,2026-07
2026-07-05 23:59:00,CME_MINI:ES1!,7569.5,7570.25,7569.25,7569.75,140.0,2026-07
2026-07-06 00:00:00,CME_MINI:ES1!,7570.0,7570.5,7566.75,7567.0,578.0,2026-07
2026-07-06 00:01:00,CME_MINI:ES1!,7567.0,7567.0,7562.25,7562.25,562.0,2026-07
2026-07-06 00:02:00,CME_MINI:ES1!,7562.0,7562.75,7559.75,7562.75,432.0,2026-07
2026-07-06 00:03:00,CME_MINI:ES1!,7562.5,7565.25,7562.25,7565.0,263.0,2026-07
2026-07-06 00:04:00,CME_MINI:ES1!,7565.0,7567.5,7564.25,7566.25,268.0,2026-07
2026-07-06 00:05:00,CME_MINI:ES1!,7566.75,7567.25,7564.5,7565.0,195.0,2026-07
2026-07-06 00:06:00,CME_MINI:ES1!,7565.25,7566.5,7564.25,7564.75,293.0,2026-07
2026-07-06 00:07:00,CME_MINI:ES1!,7564.75,7566.5,7564.25,7565.75,159.0,2026-07
2026-07-06 00:08:00,CME_MINI:ES1!,7566.25,7568.5,7565.75,7568.0,138.0,2026-07
2026-07-06 00:09:00,CME_MINI:ES1!,7567.75,7570.0,7567.75,7569.0,241.0,2026-07
2026-07-06 00:10:00,CME_MINI:ES1!,7568.75,7569.0,7566.0,7568.0,185.0,2026-07
2026-07-06 00:11:00,CME_MINI:ES1!,7568.0,7569.25,7567.5,7568.0,108.0,2026-07
2026-07-06 00:12:00,CME_MINI:ES1!,7568.0,7568.5,7566.5,7568.5,71.0,2026-07
2026-07-06 00:13:00,CME_MINI:ES1!,7568.5,7569.5,7568.0,7569.5,82.0,2026-07
2026-07-06 00:14:00,CME_MINI:ES1!,7569.5,7570.0,7568.75,7570.0,110.0,2026-07
2026-07-06 00:15:00,CME_MINI:ES1!,7569.75,7574.25,7569.5,7573.25,842.0,2026-07
2026-07-06 00:16:00,CME_MINI:ES1!,7573.5,7573.5,7571.0,7571.5,380.0,2026-07
2026-07-06 00:17:00,CME_MINI:ES1!,7571.5,7572.25,7570.75,7571.0,159.0,2026-07
2026-07-06 00:18:00,CME_MINI:ES1!,7571.0,7571.75,7569.5,7570.25,196.0,2026-07
2026-07-06 00:19:00,CME_MINI:ES1!,7570.25,7571.0,7569.0,7569.5,124.0,2026-07
2026-07-06 00:20:00,CME_MINI:ES1!,7569.25,7570.0,7568.25,7569.5,156.0,2026-07
2026-07-06 00:21:00,CME_MINI:ES1!,7569.5,7569.5,7568.25,7569.25,105.0,2026-07
2026-07-06 00:22:00,CME_MINI:ES1!,7569.0,7569.25,7565.75,7566.25,185.0,2026-07
2026-07-06 00:23:00,CME_MINI:ES1!,7566.25,7567.25,7565.75,7566.75,136.0,2026-07
2026-07-06 00:24:00,CME_MINI:ES1!,7566.75,7567.5,7565.75,7567.0,152.0,2026-07
2026-07-06 00:25:00,CME_MINI:ES1!,7567.0,7567.75,7564.75,7564.75,172.0,2026-07
2026-07-06 00:26:00,CME_MINI:ES1!,7564.75,7565.0,7563.25,7563.25,231.0,2026-07
2026-07-06 00:27:00,CME_MINI:ES1!,7563.0,7564.0,7562.25,7562.75,271.0,2026-07
2026-07-06 00:28:00,CME_MINI:ES1!,7562.75,7564.0,7561.0,7563.0,293.0,2026-07
2026-07-06 00:29:00,CME_MINI:ES1!,7563.5,7563.75,7559.5,7560.0,409.0,2026-07
2026-07-06 00:30:00,CME_MINI:ES1!,7559.75,7562.25,7557.25,7561.25,662.0,2026-07
2026-07-06 00:31:00,CME_MINI:ES1!,7561.5,7562.75,7559.5,7562.0,442.0,2026-07
2026-07-06 00:32:00,CME_MINI:ES1!,7562.0,7564.5,7560.5,7561.5,350.0,2026-07
2026-07-06 00:33:00,CME_MINI:ES1!,7561.0,7563.5,7560.5,7560.75,260.0,2026-07
2026-07-06 00:34:00,CME_MINI:ES1!,7561.0,7562.5,7561.0,7562.5,128.0,2026-07
2026-07-06 00:35:00,CME_MINI:ES1!,7562.5,7562.75,7560.5,7561.0,129.0,2026-07
2026-07-06 00:36:00,CME_MINI:ES1!,7561.25,7563.25,7560.75,7563.0,138.0,2026-07
2026-07-06 00:37:00,CME_MINI:ES1!,7563.25,7564.5,7563.0,7564.5,181.0,2026-07
2026-07-06 00:38:00,CME_MINI:ES1!,7564.75,7565.25,7564.25,7565.0,150.0,2026-07
2026-07-06 00:39:00,CME_MINI:ES1!,7564.75,7566.0,7564.75,7565.25,116.0,2026-07
2026-07-06 00:40:00,CME_MINI:ES1!,7565.0,7566.25,7564.25,7565.75,329.0,2026-07
2026-07-06 00:41:00,CME_MINI:ES1!,7565.75,7567.0,7565.25,7566.75,173.0,2026-07
2026-07-06 00:42:00,CME_MINI:ES1!,7566.75,7567.0,7565.75,7566.25,91.0,2026-07
2026-07-06 00:43:00,CME_MINI:ES1!,7566.5,7567.25,7566.0,7567.25,110.0,2026-07
2026-07-06 00:44:00,CME_MINI:ES1!,7567.25,7567.5,7566.0,7566.25,163.0,2026-07
2026-07-06 00:45:00,CME_MINI:ES1!,7566.25,7569.75,7566.25,7569.25,261.0,2026-07
2026-07-06 00:46:00,CME_MINI:ES1!,7569.25,7570.5,7569.25,7570.0,168.0,2026-07
2026-07-06 00:47:00,CME_MINI:ES1!,7570.0,7570.0,7568.5,7569.0,90.0,2026-07
2026-07-06 00:48:00,CME_MINI:ES1!,7569.25,7570.0,7569.0,7569.5,123.0,2026-07
2026-07-06 00:49:00,CME_MINI:ES1!,7569.5,7569.75,7567.25,7567.75,129.0,2026-07
2026-07-06 00:50:00,CME_MINI:ES1!,7567.75,7567.75,7565.75,7567.0,175.0,2026-07
2026-07-06 00:51:00,CME_MINI:ES1!,7567.25,7567.75,7567.0,7567.0,65.0,2026-07
2026-07-06 00:52:00,CME_MINI:ES1!,7567.0,7567.25,7565.0,7566.5,177.0,2026-07
2026-07-06 00:53:00,CME_MINI:ES1!,7566.5,7569.5,7566.0,7567.5,436.0,2026-07
2026-07-06 00:54:00,CME_MINI:ES1!,7567.5,7567.75,7567.0,7567.5,102.0,2026-07
2026-07-06 00:55:00,CME_MINI:ES1!,7567.5,7568.75,7566.5,7566.75,225.0,2026-07
2026-07-06 00:56:00,CME_MINI:ES1!,7567.0,7567.5,7566.25,7566.75,80.0,2026-07
2026-07-06 00:57:00,CME_MINI:ES1!,7567.0,7567.25,7564.75,7565.25,142.0,2026-07
2026-07-06 00:58:00,CME_MINI:ES1!,7565.25,7566.25,7564.25,7565.25,131.0,2026-07
2026-07-06 00:59:00,CME_MINI:ES1!,7565.5,7566.5,7565.25,7566.0,101.0,2026-07
2026-07-06 01:00:00,CME_MINI:ES1!,7565.5,7566.25,7563.5,7564.25,167.0,2026-07
2026-07-06 01:01:00,CME_MINI:ES1!,7564.25,7565.0,7563.25,7564.5,141.0,2026-07
2026-07-06 01:02:00,CME_MINI:ES1!,7564.25,7565.75,7563.75,7565.0,128.0,2026-07
2026-07-06 01:03:00,CME_MINI:ES1!,7565.25,7565.75,7563.5,7565.0,137.0,2026-07
2026-07-06 01:04:00,CME_MINI:ES1!,7565.25,7565.25,7562.75,7563.0,121.0,2026-07
2026-07-06 01:05:00,CME_MINI:ES1!,7562.75,7564.25,7562.5,7563.0,122.0,2026-07
2026-07-06 01:06:00,CME_MINI:ES1!,7563.0,7563.25,7561.5,7561.5,163.0,2026-07
2026-07-06 01:07:00,CME_MINI:ES1!,7561.75,7562.0,7560.75,7562.0,197.0,2026-07
2026-07-06 01:08:00,CME_MINI:ES1!,7562.25,7563.0,7561.5,7562.5,123.0,2026-07
2026-07-06 01:09:00,CME_MINI:ES1!,7562.75,7563.0,7562.0,7562.75,113.0,2026-07
2026-07-06 01:10:00,CME_MINI:ES1!,7562.75,7563.25,7561.5,7561.5,148.0,2026-07
2026-07-06 01:11:00,CME_MINI:ES1!,7561.5,7562.0,7560.0,7560.5,126.0,2026-07
2026-07-06 01:12:00,CME_MINI:ES1!,7560.5,7562.5,7560.25,7562.25,136.0,2026-07
2026-07-06 01:13:00,CME_MINI:ES1!,7562.5,7564.0,7562.25,7563.75,167.0,2026-07
2026-07-06 01:14:00,CME_MINI:ES1!,7563.75,7564.5,7562.75,7563.0,93.0,2026-07
2026-07-06 01:15:00,CME_MINI:ES1!,7563.0,7563.25,7560.75,7562.0,211.0,2026-07
2026-07-06 01:16:00,CME_MINI:ES1!,7562.25,7562.75,7561.5,7562.25,92.0,2026-07
2026-07-06 01:17:00,CME_MINI:ES1!,7562.5,7563.0,7562.0,7562.25,77.0,2026-07
2026-07-06 01:18:00,CME_MINI:ES1!,7562.25,7563.5,7561.75,7563.25,93.0,2026-07
2026-07-06 01:19:00,CME_MINI:ES1!,7563.25,7563.75,7562.0,7563.0,89.0,2026-07
2026-07-06 01:20:00,CME_MINI:ES1!,7563.25,7564.5,7562.0,7563.0,125.0,2026-07
2026-07-06 01:21:00,CME_MINI:ES1!,7562.75,7563.0,7562.0,7563.0,69.0,2026-07
2026-07-06 01:22:00,CME_MINI:ES1!,7562.75,7562.75,7560.75,7561.0,63.0,2026-07
2026-07-06 01:23:00,CME_MINI:ES1!,7561.0,7561.25,7558.75,7559.25,234.0,2026-07
2026-07-06 01:24:00,CME_MINI:ES1!,7559.5,7559.5,7557.25,7557.75,275.0,2026-07
2026-07-06 01:25:00,CME_MINI:ES1!,7557.75,7558.25,7557.25,7557.5,159.0,2026-07
2026-07-06 01:26:00,CME_MINI:ES1!,7557.5,7558.25,7554.5,7554.75,438.0,2026-07
2026-07-06 01:27:00,CME_MINI:ES1!,7554.75,7556.25,7552.75,7555.25,448.0,2026-07
2026-07-06 01:28:00,CME_MINI:ES1!,7555.25,7556.0,7554.0,7555.25,203.0,2026-07
2026-07-06 01:29:00,CME_MINI:ES1!,7555.5,7556.5,7554.75,7556.25,117.0,2026-07
2026-07-06 01:30:00,CME_MINI:ES1!,7556.5,7558.75,7556.25,7558.75,309.0,2026-07
2026-07-06 01:31:00,CME_MINI:ES1!,7558.75,7559.75,7558.5,7559.25,208.0,2026-07
2026-07-06 01:32:00,CME_MINI:ES1!,7559.5,7560.75,7558.5,7559.5,143.0,2026-07
2026-07-06 01:33:00,CME_MINI:ES1!,7559.5,7560.25,7558.25,7560.0,88.0,2026-07
2026-07-06 01:34:00,CME_MINI:ES1!,7560.0,7560.25,7559.5,7559.5,89.0,2026-07
2026-07-06 01:35:00,CME_MINI:ES1!,7559.25,7559.75,7558.0,7558.25,98.0,2026-07
2026-07-06 01:36:00,CME_MINI:ES1!,7558.25,7559.25,7557.75,7559.0,96.0,2026-07
2026-07-06 01:37:00,CME_MINI:ES1!,7558.75,7560.25,7558.25,7559.75,109.0,2026-07
2026-07-06 01:38:00,CME_MINI:ES1!,7559.5,7559.5,7558.75,7558.75,77.0,2026-07
2026-07-06 01:39:00,CME_MINI:ES1!,7559.0,7560.0,7558.0,7560.0,109.0,2026-07
2026-07-06 01:40:00,CME_MINI:ES1!,7560.0,7560.75,7559.0,7560.25,126.0,2026-07
2026-07-06 01:41:00,CME_MINI:ES1!,7560.5,7561.5,7560.25,7561.0,124.0,2026-07
2026-07-06 01:42:00,CME_MINI:ES1!,7560.75,7561.0,7558.25,7559.75,147.0,2026-07
2026-07-06 01:43:00,CME_MINI:ES1!,7560.0,7560.75,7559.75,7559.75,88.0,2026-07
2026-07-06 01:44:00,CME_MINI:ES1!,7559.75,7560.0,7557.25,7557.5,125.0,2026-07
2026-07-06 01:45:00,CME_MINI:ES1!,7557.0,7557.0,7555.25,7556.25,228.0,2026-07
2026-07-06 01:46:00,CME_MINI:ES1!,7556.5,7556.5,7554.75,7555.0,125.0,2026-07
2026-07-06 01:47:00,CME_MINI:ES1!,7555.0,7555.75,7554.25,7555.5,119.0,2026-07
2026-07-06 01:48:00,CME_MINI:ES1!,7555.5,7555.5,7554.5,7554.75,128.0,2026-07
2026-07-06 01:49:00,CME_MINI:ES1!,7554.5,7554.5,7552.0,7552.25,238.0,2026-07
2026-07-06 01:50:00,CME_MINI:ES1!,7552.5,7553.25,7550.5,7550.75,329.0,2026-07
2026-07-06 01:51:00,CME_MINI:ES1!,7550.75,7553.25,7550.25,7552.5,295.0,2026-07
2026-07-06 01:52:00,CME_MINI:ES1!,7552.5,7552.75,7550.5,7551.25,139.0,2026-07
2026-07-06 01:53:00,CME_MINI:ES1!,7551.0,7552.5,7550.75,7550.75,145.0,2026-07
2026-07-06 01:54:00,CME_MINI:ES1!,7550.75,7551.75,7550.25,7551.0,104.0,2026-07
2026-07-06 01:55:00,CME_MINI:ES1!,7551.0,7553.5,7549.75,7553.25,281.0,2026-07
2026-07-06 01:56:00,CME_MINI:ES1!,7553.5,7555.0,7553.25,7553.75,276.0,2026-07
2026-07-06 01:57:00,CME_MINI:ES1!,7553.75,7554.0,7550.75,7552.25,168.0,2026-07
2026-07-06 01:58:00,CME_MINI:ES1!,7552.25,7552.75,7551.75,7552.25,114.0,2026-07
2026-07-06 01:59:00,CME_MINI:ES1!,7552.25,7553.75,7552.0,7553.5,133.0,2026-07
2026-07-06 02:00:00,CME_MINI:ES1!,7553.5,7555.25,7553.5,7554.5,233.0,2026-07
2026-07-06 02:01:00,CME_MINI:ES1!,7554.5,7555.75,7553.5,7554.25,216.0,2026-07
2026-07-06 02:02:00,CME_MINI:ES1!,7554.0,7554.0,7552.25,7553.5,169.0,2026-07
2026-07-06 02:03:00,CME_MINI:ES1!,7553.5,7554.75,7552.25,7554.75,145.0,2026-07
2026-07-06 02:04:00,CME_MINI:ES1!,7554.75,7555.75,7554.25,7555.25,145.0,2026-07
2026-07-06 02:05:00,CME_MINI:ES1!,7555.0,7555.0,7553.0,7554.0,139.0,2026-07
2026-07-06 02:06:00,CME_MINI:ES1!,7554.0,7554.0,7552.5,7553.5,150.0,2026-07
2026-07-06 02:07:00,CME_MINI:ES1!,7553.75,7553.75,7551.5,7552.0,130.0,2026-07
2026-07-06 02:08:00,CME_MINI:ES1!,7552.0,7552.75,7551.5,7552.5,129.0,2026-07
2026-07-06 02:09:00,CME_MINI:ES1!,7552.5,7552.5,7551.5,7551.75,136.0,2026-07
2026-07-06 02:10:00,CME_MINI:ES1!,7551.75,7552.25,7550.75,7551.25,124.0,2026-07
2026-07-06 02:11:00,CME_MINI:ES1!,7551.25,7552.0,7550.5,7551.0,98.0,2026-07
2026-07-06 02:12:00,CME_MINI:ES1!,7551.0,7551.5,7549.0,7549.25,238.0,2026-07
2026-07-06 02:13:00,CME_MINI:ES1!,7549.0,7550.0,7549.0,7549.75,143.0,2026-07
2026-07-06 02:14:00,CME_MINI:ES1!,7549.75,7549.75,7548.25,7548.75,167.0,2026-07
2026-07-06 02:15:00,CME_MINI:ES1!,7549.0,7550.25,7548.75,7550.25,150.0,2026-07
2026-07-06 02:16:00,CME_MINI:ES1!,7550.0,7550.0,7548.25,7549.5,107.0,2026-07
2026-07-06 02:17:00,CME_MINI:ES1!,7549.25,7549.25,7546.5,7548.75,337.0,2026-07
2026-07-06 02:18:00,CME_MINI:ES1!,7548.75,7549.75,7547.75,7548.75,147.0,2026-07
2026-07-06 02:19:00,CME_MINI:ES1!,7548.5,7549.0,7547.0,7548.0,268.0,2026-07
2026-07-06 02:20:00,CME_MINI:ES1!,7548.0,7550.0,7547.25,7549.75,154.0,2026-07
2026-07-06 02:21:00,CME_MINI:ES1!,7549.75,7550.25,7549.25,7549.5,104.0,2026-07
2026-07-06 02:22:00,CME_MINI:ES1!,7549.75,7550.75,7549.5,7549.5,90.0,2026-07
2026-07-06 02:23:00,CME_MINI:ES1!,7549.5,7550.5,7549.5,7550.0,78.0,2026-07
2026-07-06 02:24:00,CME_MINI:ES1!,7550.0,7550.5,7549.25,7549.25,62.0,2026-07
2026-07-06 02:25:00,CME_MINI:ES1!,7549.5,7550.0,7549.25,7549.25,113.0,2026-07
2026-07-06 02:26:00,CME_MINI:ES1!,7549.5,7549.75,7548.25,7549.5,91.0,2026-07
2026-07-06 02:27:00,CME_MINI:ES1!,7549.25,7550.0,7549.0,7549.25,142.0,2026-07
2026-07-06 02:28:00,CME_MINI:ES1!,7549.25,7549.5,7548.25,7548.25,91.0,2026-07
2026-07-06 02:29:00,CME_MINI:ES1!,7548.25,7548.25,7546.75,7547.0,193.0,2026-07
2026-07-06 02:30:00,CME_MINI:ES1!,7547.25,7548.0,7544.75,7547.0,393.0,2026-07
2026-07-06 02:31:00,CME_MINI:ES1!,7547.0,7547.0,7545.5,7545.75,97.0,2026-07
2026-07-06 02:32:00,CME_MINI:ES1!,7546.0,7546.5,7545.0,7545.25,140.0,2026-07
2026-07-06 02:33:00,CME_MINI:ES1!,7545.25,7545.5,7543.5,7543.5,307.0,2026-07
2026-07-06 02:34:00,CME_MINI:ES1!,7543.5,7545.5,7543.5,7545.25,161.0,2026-07
2026-07-06 02:35:00,CME_MINI:ES1!,7545.25,7546.0,7544.0,7544.25,177.0,2026-07
2026-07-06 02:36:00,CME_MINI:ES1!,7544.0,7545.25,7543.25,7545.0,136.0,2026-07
2026-07-06 02:37:00,CME_MINI:ES1!,7545.0,7545.25,7544.0,7544.25,106.0,2026-07
2026-07-06 02:38:00,CME_MINI:ES1!,7544.0,7545.0,7544.0,7545.0,69.0,2026-07
2026-07-06 02:39:00,CME_MINI:ES1!,7545.25,7546.0,7543.25,7543.5,136.0,2026-07
2026-07-06 02:40:00,CME_MINI:ES1!,7543.25,7543.75,7541.0,7542.25,335.0,2026-07
2026-07-06 02:41:00,CME_MINI:ES1!,7542.25,7543.0,7541.25,7542.75,157.0,2026-07
2026-07-06 02:42:00,CME_MINI:ES1!,7542.75,7543.5,7542.0,7543.0,125.0,2026-07
2026-07-06 02:43:00,CME_MINI:ES1!,7543.25,7543.5,7542.25,7543.25,101.0,2026-07
2026-07-06 02:44:00,CME_MINI:ES1!,7543.25,7543.5,7541.0,7541.75,200.0,2026-07
2026-07-06 02:45:00,CME_MINI:ES1!,7541.75,7543.5,7541.75,7543.5,136.0,2026-07
2026-07-06 02:46:00,CME_MINI:ES1!,7543.75,7544.0,7543.0,7543.5,138.0,2026-07
2026-07-06 02:47:00,CME_MINI:ES1!,7543.5,7544.25,7542.0,7542.5,114.0,2026-07
2026-07-06 02:48:00,CME_MINI:ES1!,7542.5,7542.75,7541.75,7541.75,55.0,2026-07
2026-07-06 02:49:00,CME_MINI:ES1!,7541.75,7542.75,7541.25,7542.5,105.0,2026-07
2026-07-06 02:50:00,CME_MINI:ES1!,7542.5,7542.5,7541.25,7541.25,76.0,2026-07
2026-07-06 02:51:00,CME_MINI:ES1!,7541.25,7542.25,7540.5,7542.25,169.0,2026-07
2026-07-06 02:52:00,CME_MINI:ES1!,7542.5,7543.25,7541.25,7542.0,136.0,2026-07
2026-07-06 02:53:00,CME_MINI:ES1!,7541.75,7542.5,7541.5,7542.25,80.0,2026-07
2026-07-06 02:54:00,CME_MINI:ES1!,7542.5,7543.25,7542.5,7543.0,85.0,2026-07
2026-07-06 02:55:00,CME_MINI:ES1!,7543.25,7543.75,7542.75,7543.75,70.0,2026-07
2026-07-06 02:56:00,CME_MINI:ES1!,7543.75,7544.25,7541.75,7542.0,203.0,2026-07
2026-07-06 02:57:00,CME_MINI:ES1!,7542.5,7544.25,7542.25,7544.0,126.0,2026-07
2026-07-06 02:58:00,CME_MINI:ES1!,7544.25,7544.5,7543.75,7544.0,120.0,2026-07
2026-07-06 02:59:00,CME_MINI:ES1!,7544.25,7545.25,7544.0,7544.25,127.0,2026-07
2026-07-06 03:00:00,CME_MINI:ES1!,7544.25,7544.75,7542.5,7543.0,239.0,2026-07
2026-07-06 03:01:00,CME_MINI:ES1!,7543.25,7544.25,7542.25,7544.25,116.0,2026-07
2026-07-06 03:02:00,CME_MINI:ES1!,7544.25,7544.25,7543.75,7544.0,69.0,2026-07
2026-07-06 03:03:00,CME_MINI:ES1!,7544.0,7544.75,7543.75,7544.5,119.0,2026-07
2026-07-06 03:04:00,CME_MINI:ES1!,7544.25,7545.5,7544.25,7545.25,145.0,2026-07
2026-07-06 03:05:00,CME_MINI:ES1!,7545.25,7545.25,7544.25,7544.75,133.0,2026-07
2026-07-06 03:06:00,CME_MINI:ES1!,7544.75,7545.0,7544.0,7544.75,73.0,2026-07
2026-07-06 03:07:00,CME_MINI:ES1!,7544.5,7545.25,7544.0,7545.25,90.0,2026-07
2026-07-06 03:08:00,CME_MINI:ES1!,7545.0,7545.25,7544.75,7545.0,55.0,2026-07
2026-07-06 03:09:00,CME_MINI:ES1!,7544.75,7545.25,7544.5,7545.0,78.0,2026-07
2026-07-06 03:10:00,CME_MINI:ES1!,7545.0,7546.0,7545.0,7545.75,188.0,2026-07
2026-07-06 03:11:00,CME_MINI:ES1!,7545.75,7547.0,7545.75,7546.25,353.0,2026-07
2026-07-06 03:12:00,CME_MINI:ES1!,7546.25,7546.5,7544.25,7544.5,171.0,2026-07
2026-07-06 03:13:00,CME_MINI:ES1!,7544.25,7544.25,7542.5,7542.75,259.0,2026-07
2026-07-06 03:14:00,CME_MINI:ES1!,7542.5,7544.75,7541.5,7544.25,323.0,2026-07
2026-07-06 03:15:00,CME_MINI:ES1!,7544.5,7545.5,7543.75,7545.25,148.0,2026-07
2026-07-06 03:16:00,CME_MINI:ES1!,7545.5,7546.0,7545.0,7545.5,173.0,2026-07
2026-07-06 03:17:00,CME_MINI:ES1!,7545.5,7546.0,7545.0,7545.0,74.0,2026-07
2026-07-06 03:18:00,CME_MINI:ES1!,7545.0,7545.0,7543.5,7543.5,81.0,2026-07
2026-07-06 03:19:00,CME_MINI:ES1!,7543.5,7544.25,7543.0,7543.75,76.0,2026-07
2026-07-06 03:20:00,CME_MINI:ES1!,7543.5,7544.25,7543.5,7543.75,75.0,2026-07
2026-07-06 03:21:00,CME_MINI:ES1!,7543.75,7544.25,7543.75,7544.25,61.0,2026-07
2026-07-06 03:22:00,CME_MINI:ES1!,7544.0,7544.25,7542.75,7543.0,87.0,2026-07
2026-07-06 03:23:00,CME_MINI:ES1!,7543.25,7544.0,7543.25,7543.5,74.0,2026-07
2026-07-06 03:24:00,CME_MINI:ES1!,7543.5,7544.5,7543.25,7544.25,46.0,2026-07
2026-07-06 03:25:00,CME_MINI:ES1!,7544.75,7545.25,7544.5,7544.75,83.0,2026-07
2026-07-06 03:26:00,CME_MINI:ES1!,7544.5,7545.25,7544.0,7545.25,38.0,2026-07
2026-07-06 03:27:00,CME_MINI:ES1!,7545.25,7546.0,7545.25,7545.75,60.0,2026-07
2026-07-06 03:28:00,CME_MINI:ES1!,7546.0,7546.0,7545.5,7545.5,41.0,2026-07
2026-07-06 03:29:00,CME_MINI:ES1!,7545.5,7546.0,7545.25,7546.0,54.0,2026-07
2026-07-06 03:30:00,CME_MINI:ES1!,7546.0,7547.0,7544.75,7544.75,193.0,2026-07
2026-07-06 03:31:00,CME_MINI:ES1!,7544.5,7545.0,7543.75,7544.25,139.0,2026-07
2026-07-06 03:32:00,CME_MINI:ES1!,7544.5,7547.25,7544.25,7547.0,93.0,2026-07
2026-07-06 03:33:00,CME_MINI:ES1!,7547.0,7547.25,7546.0,7546.5,76.0,2026-07
2026-07-06 03:34:00,CME_MINI:ES1!,7546.25,7546.5,7545.25,7546.5,310.0,2026-07
2026-07-06 03:35:00,CME_MINI:ES1!,7546.5,7548.0,7546.25,7547.5,154.0,2026-07
2026-07-06 03:36:00,CME_MINI:ES1!,7547.5,7547.75,7546.5,7547.25,124.0,2026-07
2026-07-06 03:37:00,CME_MINI:ES1!,7547.25,7547.25,7546.5,7546.75,72.0,2026-07
2026-07-06 03:38:00,CME_MINI:ES1!,7546.75,7546.75,7545.75,7546.0,87.0,2026-07
2026-07-06 03:39:00,CME_MINI:ES1!,7545.75,7546.25,7545.5,7545.75,40.0,2026-07
2026-07-06 03:40:00,CME_MINI:ES1!,7545.75,7546.25,7544.75,7545.25,87.0,2026-07
2026-07-06 03:41:00,CME_MINI:ES1!,7545.25,7545.75,7544.25,7544.25,105.0,2026-07
2026-07-06 03:42:00,CME_MINI:ES1!,7544.0,7545.0,7542.0,7543.5,206.0,2026-07
2026-07-06 03:43:00,CME_MINI:ES1!,7543.25,7543.25,7542.5,7542.5,114.0,2026-07
2026-07-06 03:44:00,CME_MINI:ES1!,7542.5,7542.75,7541.75,7542.0,85.0,2026-07
2026-07-06 03:45:00,CME_MINI:ES1!,7541.75,7542.75,7541.25,7542.5,115.0,2026-07
2026-07-06 03:46:00,CME_MINI:ES1!,7542.5,7543.0,7542.0,7542.75,146.0,2026-07
2026-07-06 03:47:00,CME_MINI:ES1!,7542.5,7542.75,7541.0,7542.0,117.0,2026-07
2026-07-06 03:48:00,CME_MINI:ES1!,7542.0,7542.5,7540.75,7542.0,130.0,2026-07
2026-07-06 03:49:00,CME_MINI:ES1!,7542.0,7542.0,7539.75,7540.25,212.0,2026-07
2026-07-06 03:50:00,CME_MINI:ES1!,7540.25,7542.0,7539.25,7541.5,200.0,2026-07
2026-07-06 03:51:00,CME_MINI:ES1!,7541.75,7541.75,7539.75,7539.75,248.0,2026-07
2026-07-06 03:52:00,CME_MINI:ES1!,7540.0,7540.0,7538.75,7540.0,176.0,2026-07
2026-07-06 03:53:00,CME_MINI:ES1!,7539.75,7541.0,7539.5,7540.75,71.0,2026-07
2026-07-06 03:54:00,CME_MINI:ES1!,7540.75,7541.0,7538.25,7538.75,342.0,2026-07
2026-07-06 03:55:00,CME_MINI:ES1!,7538.75,7539.25,7538.25,7539.25,54.0,2026-07
2026-07-06 18:27:00,CME_MINI:ES1!,7593.75,7594.0,7592.5,7592.5,1109.0,2026-07
2026-07-06 18:28:00,CME_MINI:ES1!,7592.75,7593.0,7591.5,7592.25,1463.0,2026-07
2026-07-06 18:29:00,CME_MINI:ES1!,7592.5,7592.75,7591.5,7592.0,1054.0,2026-07
2026-07-06 18:30:00,CME_MINI:ES1!,7592.0,7593.0,7591.75,7592.5,1380.0,2026-07
2026-07-06 18:31:00,CME_MINI:ES1!,7592.5,7594.0,7592.0,7593.25,1183.0,2026-07
2026-07-06 18:32:00,CME_MINI:ES1!,7593.25,7593.5,7592.0,7592.25,667.0,2026-07
2026-07-06 18:33:00,CME_MINI:ES1!,7592.25,7593.0,7591.0,7591.25,1237.0,2026-07
2026-07-06 18:34:00,CME_MINI:ES1!,7591.25,7591.75,7589.75,7590.0,1846.0,2026-07
2026-07-06 18:35:00,CME_MINI:ES1!,7590.0,7591.25,7589.75,7590.5,913.0,2026-07
2026-07-06 18:36:00,CME_MINI:ES1!,7590.75,7591.0,7589.25,7590.25,1198.0,2026-07
2026-07-06 18:37:00,CME_MINI:ES1!,7590.5,7591.25,7590.0,7590.75,787.0,2026-07
2026-07-06 18:38:00,CME_MINI:ES1!,7590.75,7591.75,7590.0,7590.0,722.0,2026-07
2026-07-06 18:39:00,CME_MINI:ES1!,7590.25,7590.25,7588.75,7589.5,878.0,2026-07
2026-07-06 18:40:00,CME_MINI:ES1!,7589.5,7591.25,7589.5,7591.25,769.0,2026-07
2026-07-06 18:41:00,CME_MINI:ES1!,7591.0,7592.5,7591.0,7592.25,766.0,2026-07
2026-07-06 18:42:00,CME_MINI:ES1!,7592.0,7592.25,7591.5,7591.75,706.0,2026-07
2026-07-06 18:43:00,CME_MINI:ES1!,7592.0,7592.25,7591.25,7591.75,753.0,2026-07
2026-07-06 18:44:00,CME_MINI:ES1!,7591.75,7592.25,7589.75,7591.25,1599.0,2026-07
2026-07-06 18:45:00,CME_MINI:ES1!,7591.25,7593.0,7590.75,7592.5,1121.0,2026-07
2026-07-06 18:46:00,CME_MINI:ES1!,7592.5,7594.25,7592.5,7594.0,1554.0,2026-07
2026-07-06 18:47:00,CME_MINI:ES1!,7594.0,7595.5,7594.0,7594.75,2072.0,2026-07
2026-07-06 18:48:00,CME_MINI:ES1!,7594.75,7595.5,7593.75,7593.75,1662.0,2026-07
2026-07-06 18:49:00,CME_MINI:ES1!,7594.0,7595.0,7593.5,7595.0,983.0,2026-07
2026-07-06 18:50:00,CME_MINI:ES1!,7595.0,7595.5,7594.25,7595.25,1139.0,2026-07
2026-07-06 18:51:00,CME_MINI:ES1!,7595.5,7596.75,7595.25,7595.75,1935.0,2026-07
2026-07-06 18:52:00,CME_MINI:ES1!,7595.75,7597.0,7595.75,7596.25,1252.0,2026-07
2026-07-06 18:53:00,CME_MINI:ES1!,7596.0,7596.5,7595.25,7596.5,862.0,2026-07
2026-07-06 18:54:00,CME_MINI:ES1!,7596.5,7597.0,7595.75,7597.0,1110.0,2026-07
2026-07-06 18:55:00,CME_MINI:ES1!,7597.0,7597.25,7595.5,7596.25,1737.0,2026-07
2026-07-06 18:56:00,CME_MINI:ES1!,7596.25,7599.0,7596.25,7598.0,1784.0,2026-07
2026-07-06 18:57:00,CME_MINI:ES1!,7598.0,7598.25,7597.5,7597.75,907.0,2026-07
2026-07-06 18:58:00,CME_MINI:ES1!,7597.75,7598.75,7597.75,7597.75,1299.0,2026-07
2026-07-06 18:59:00,CME_MINI:ES1!,7597.75,7598.25,7596.75,7598.25,1378.0,2026-07
2026-07-06 19:00:00,CME_MINI:ES1!,7598.25,7600.0,7596.75,7596.75,3239.0,2026-07
2026-07-06 19:01:00,CME_MINI:ES1!,7597.0,7598.25,7595.25,7598.0,2230.0,2026-07
2026-07-06 19:02:00,CME_MINI:ES1!,7598.0,7598.75,7597.0,7597.0,1186.0,2026-07
2026-07-06 19:03:00,CME_MINI:ES1!,7597.25,7597.5,7596.5,7596.75,1143.0,2026-07
2026-07-06 19:04:00,CME_MINI:ES1!,7597.0,7597.75,7596.5,7597.0,1193.0,2026-07
2026-07-06 19:05:00,CME_MINI:ES1!,7597.25,7598.25,7596.75,7598.25,1222.0,2026-07
2026-07-06 19:06:00,CME_MINI:ES1!,7598.25,7598.25,7596.75,7597.75,1776.0,2026-07
2026-07-06 19:07:00,CME_MINI:ES1!,7598.0,7598.0,7596.5,7596.5,942.0,2026-07
2026-07-06 19:08:00,CME_MINI:ES1!,7596.5,7597.0,7595.25,7595.25,1542.0,2026-07
2026-07-06 19:09:00,CME_MINI:ES1!,7595.25,7596.25,7595.0,7596.0,1247.0,2026-07
2026-07-06 19:10:00,CME_MINI:ES1!,7595.75,7596.5,7595.5,7595.5,1226.0,2026-07
2026-07-06 19:11:00,CME_MINI:ES1!,7595.75,7596.5,7595.0,7596.5,1153.0,2026-07
2026-07-06 19:12:00,CME_MINI:ES1!,7596.5,7597.75,7595.75,7597.25,1048.0,2026-07
2026-07-06 19:13:00,CME_MINI:ES1!,7597.25,7597.25,7596.0,7596.5,891.0,2026-07
2026-07-06 19:14:00,CME_MINI:ES1!,7596.5,7596.75,7595.75,7596.25,1104.0,2026-07
2026-07-06 19:15:00,CME_MINI:ES1!,7596.25,7596.5,7595.0,7596.0,1425.0,2026-07
2026-07-06 19:16:00,CME_MINI:ES1!,7596.0,7597.0,7595.5,7596.25,1035.0,2026-07
2026-07-06 19:17:00,CME_MINI:ES1!,7596.0,7598.5,7596.0,7598.5,1385.0,2026-07
2026-07-06 19:18:00,CME_MINI:ES1!,7598.5,7599.75,7598.25,7598.75,1704.0,2026-07
2026-07-06 19:19:00,CME_MINI:ES1!,7598.75,7599.5,7598.0,7599.25,1645.0,2026-07
2026-07-06 19:20:00,CME_MINI:ES1!,7599.25,7600.75,7598.0,7600.5,1857.0,2026-07
2026-07-06 19:21:00,CME_MINI:ES1!,7600.5,7602.5,7599.5,7599.75,2322.0,2026-07
2026-07-06 19:22:00,CME_MINI:ES1!,7599.75,7600.25,7599.25,7599.75,1259.0,2026-07
2026-07-06 19:23:00,CME_MINI:ES1!,7599.75,7601.25,7599.75,7601.25,1246.0,2026-07
2026-07-06 19:24:00,CME_MINI:ES1!,7601.25,7601.75,7601.0,7601.25,1348.0,2026-07
2026-07-06 19:25:00,CME_MINI:ES1!,7601.0,7601.5,7600.0,7601.5,1619.0,2026-07
2026-07-06 19:26:00,CME_MINI:ES1!,7601.5,7601.75,7600.25,7600.75,1485.0,2026-07
2026-07-06 19:27:00,CME_MINI:ES1!,7600.75,7601.5,7599.25,7599.5,1119.0,2026-07
2026-07-06 19:28:00,CME_MINI:ES1!,7599.75,7601.5,7599.25,7601.25,1179.0,2026-07
2026-07-06 19:29:00,CME_MINI:ES1!,7601.25,7601.25,7600.25,7600.75,1042.0,2026-07
2026-07-06 19:30:00,CME_MINI:ES1!,7600.75,7601.0,7599.25,7600.25,2052.0,2026-07
2026-07-06 19:31:00,CME_MINI:ES1!,7600.25,7600.75,7599.5,7600.5,1929.0,2026-07
2026-07-06 19:32:00,CME_MINI:ES1!,7600.5,7600.5,7599.5,7600.0,1344.0,2026-07
2026-07-06 19:33:00,CME_MINI:ES1!,7599.75,7600.5,7598.75,7599.25,1749.0,2026-07
2026-07-06 19:34:00,CME_MINI:ES1!,7599.0,7599.5,7597.5,7598.5,2113.0,2026-07
2026-07-06 19:35:00,CME_MINI:ES1!,7598.5,7599.75,7597.75,7598.0,1960.0,2026-07
2026-07-06 19:36:00,CME_MINI:ES1!,7597.75,7598.0,7595.5,7596.25,2573.0,2026-07
2026-07-06 19:37:00,CME_MINI:ES1!,7596.25,7598.0,7596.25,7597.25,1587.0,2026-07
2026-07-06 19:38:00,CME_MINI:ES1!,7597.0,7599.0,7596.75,7598.0,1620.0,2026-07
2026-07-06 19:39:00,CME_MINI:ES1!,7598.0,7598.0,7597.0,7598.0,805.0,2026-07
2026-07-06 19:40:00,CME_MINI:ES1!,7597.75,7598.25,7596.0,7596.25,1454.0,2026-07
2026-07-06 19:41:00,CME_MINI:ES1!,7596.25,7598.5,7596.0,7598.25,1600.0,2026-07
2026-07-06 19:42:00,CME_MINI:ES1!,7598.25,7598.5,7597.0,7597.25,1213.0,2026-07
2026-07-06 19:43:00,CME_MINI:ES1!,7597.25,7597.75,7597.0,7597.25,1163.0,2026-07
2026-07-06 19:44:00,CME_MINI:ES1!,7597.25,7598.75,7597.25,7598.5,1355.0,2026-07
2026-07-06 19:45:00,CME_MINI:ES1!,7598.5,7600.5,7597.75,7600.0,2425.0,2026-07
2026-07-06 19:46:00,CME_MINI:ES1!,7600.0,7600.25,7598.75,7599.5,1505.0,2026-07
2026-07-06 19:47:00,CME_MINI:ES1!,7599.5,7600.25,7598.75,7599.5,1254.0,2026-07
2026-07-06 19:48:00,CME_MINI:ES1!,7599.25,7599.25,7597.5,7598.0,1926.0,2026-07
2026-07-06 19:49:00,CME_MINI:ES1!,7598.25,7598.5,7597.25,7597.5,1800.0,2026-07
2026-07-06 19:50:00,CME_MINI:ES1!,7597.75,7598.5,7593.25,7595.0,6772.0,2026-07
2026-07-06 19:51:00,CME_MINI:ES1!,7595.25,7595.75,7593.5,7594.25,3975.0,2026-07
2026-07-06 19:52:00,CME_MINI:ES1!,7594.25,7595.25,7591.75,7592.0,4569.0,2026-07
2026-07-06 19:53:00,CME_MINI:ES1!,7591.75,7593.75,7591.75,7593.25,4047.0,2026-07
2026-07-06 19:54:00,CME_MINI:ES1!,7593.25,7594.25,7591.0,7591.25,4258.0,2026-07
2026-07-06 19:55:00,CME_MINI:ES1!,7591.25,7592.25,7587.75,7589.5,7463.0,2026-07
2026-07-06 19:56:00,CME_MINI:ES1!,7589.5,7590.25,7588.0,7588.75,4603.0,2026-07
2026-07-06 19:57:00,CME_MINI:ES1!,7588.75,7593.5,7588.25,7592.0,5601.0,2026-07
2026-07-06 19:58:00,CME_MINI:ES1!,7592.0,7592.25,7590.25,7592.0,8446.0,2026-07
2026-07-06 19:59:00,CME_MINI:ES1!,7592.0,7593.75,7589.25,7593.5,50534.0,2026-07
2026-07-06 20:00:00,CME_MINI:ES1!,7593.75,7595.5,7592.25,7594.75,12157.0,2026-07
2026-07-06 20:01:00,CME_MINI:ES1!,7594.5,7595.0,7591.25,7592.25,3212.0,2026-07
2026-07-06 20:02:00,CME_MINI:ES1!,7592.25,7594.75,7592.25,7594.5,1703.0,2026-07
2026-07-06 20:03:00,CME_MINI:ES1!,7594.5,7595.5,7593.5,7593.5,1270.0,2026-07
2026-07-06 20:04:00,CME_MINI:ES1!,7593.25,7594.0,7592.5,7593.0,1404.0,2026-07
2026-07-06 20:05:00,CME_MINI:ES1!,7593.0,7594.75,7592.0,7594.0,1613.0,2026-07
2026-07-06 20:06:00,CME_MINI:ES1!,7593.75,7594.25,7593.25,7594.0,521.0,2026-07
2026-07-06 20:07:00,CME_MINI:ES1!,7593.75,7595.25,7593.5,7595.0,888.0,2026-07
2026-07-06 20:08:00,CME_MINI:ES1!,7595.25,7596.5,7595.0,7596.0,727.0,2026-07
2026-07-06 20:09:00,CME_MINI:ES1!,7596.25,7596.75,7595.5,7596.25,872.0,2026-07
2026-07-06 20:10:00,CME_MINI:ES1!,7596.0,7596.5,7595.75,7596.25,690.0,2026-07
2026-07-06 20:11:00,CME_MINI:ES1!,7596.0,7596.5,7594.5,7595.25,968.0,2026-07
2026-07-06 20:12:00,CME_MINI:ES1!,7595.5,7596.25,7595.0,7596.25,615.0,2026-07
2026-07-06 20:13:00,CME_MINI:ES1!,7596.25,7596.75,7595.75,7596.0,510.0,2026-07
2026-07-06 20:14:00,CME_MINI:ES1!,7595.75,7597.5,7595.75,7596.5,975.0,2026-07
2026-07-06 20:15:00,CME_MINI:ES1!,7596.25,7596.75,7596.25,7596.25,406.0,2026-07
2026-07-06 20:16:00,CME_MINI:ES1!,7596.5,7597.75,7596.5,7597.5,511.0,2026-07
2026-07-06 20:17:00,CME_MINI:ES1!,7597.5,7598.0,7597.25,7597.75,346.0,2026-07
2026-07-06 20:18:00,CME_MINI:ES1!,7597.75,7598.25,7597.5,7597.5,408.0,2026-07
2026-07-06 20:19:00,CME_MINI:ES1!,7597.5,7598.0,7597.0,7597.5,430.0,2026-07
2026-07-06 20:20:00,CME_MINI:ES1!,7597.25,7597.5,7596.75,7597.0,238.0,2026-07
2026-07-06 20:21:00,CME_MINI:ES1!,7597.25,7597.25,7596.25,7596.25,332.0,2026-07
2026-07-06 20:22:00,CME_MINI:ES1!,7596.5,7596.5,7595.5,7596.0,421.0,2026-07
2026-07-06 20:23:00,CME_MINI:ES1!,7596.25,7596.5,7596.0,7596.25,236.0,2026-07
2026-07-06 20:24:00,CME_MINI:ES1!,7596.0,7596.5,7596.0,7596.0,272.0,2026-07
2026-07-06 20:25:00,CME_MINI:ES1!,7596.0,7596.25,7595.25,7595.5,696.0,2026-07
2026-07-06 20:26:00,CME_MINI:ES1!,7595.5,7596.0,7594.75,7594.75,361.0,2026-07
2026-07-06 20:27:00,CME_MINI:ES1!,7594.75,7595.5,7594.5,7594.75,253.0,2026-07
2026-07-06 20:28:00,CME_MINI:ES1!,7594.75,7595.0,7594.25,7594.5,265.0,2026-07
2026-07-06 20:29:00,CME_MINI:ES1!,7594.5,7595.75,7594.0,7595.5,372.0,2026-07
2026-07-06 20:30:00,CME_MINI:ES1!,7595.75,7596.25,7595.5,7595.75,290.0,2026-07
2026-07-06 20:31:00,CME_MINI:ES1!,7595.75,7596.5,7595.5,7596.25,157.0,2026-07
2026-07-06 20:32:00,CME_MINI:ES1!,7596.5,7597.0,7596.0,7596.25,351.0,2026-07
2026-07-06 20:33:00,CME_MINI:ES1!,7596.25,7596.75,7596.0,7596.0,141.0,2026-07
2026-07-06 20:34:00,CME_MINI:ES1!,7596.0,7596.75,7596.0,7596.75,260.0,2026-07
2026-07-06 20:35:00,CME_MINI:ES1!,7596.5,7596.75,7596.0,7596.0,186.0,2026-07
2026-07-06 20:36:00,CME_MINI:ES1!,7596.0,7596.25,7595.5,7595.75,117.0,2026-07
2026-07-06 20:37:00,CME_MINI:ES1!,7595.5,7595.75,7595.0,7595.75,151.0,2026-07
2026-07-06 20:38:00,CME_MINI:ES1!,7595.75,7596.5,7595.75,7596.0,99.0,2026-07
2026-07-06 20:39:00,CME_MINI:ES1!,7596.25,7596.25,7596.0,7596.0,46.0,2026-07
2026-07-06 20:40:00,CME_MINI:ES1!,7596.0,7596.25,7595.5,7596.0,145.0,2026-07
2026-07-06 20:41:00,CME_MINI:ES1!,7596.0,7596.5,7596.0,7596.5,94.0,2026-07
2026-07-06 20:42:00,CME_MINI:ES1!,7596.25,7596.75,7596.0,7596.5,125.0,2026-07
2026-07-06 20:43:00,CME_MINI:ES1!,7596.5,7597.0,7596.5,7596.75,92.0,2026-07
2026-07-06 20:44:00,CME_MINI:ES1!,7596.75,7596.75,7596.5,7596.5,111.0,2026-07
2026-07-06 20:45:00,CME_MINI:ES1!,7596.75,7597.5,7596.25,7596.75,157.0,2026-07
2026-07-06 20:46:00,CME_MINI:ES1!,7596.5,7596.75,7596.0,7596.5,149.0,2026-07
2026-07-06 20:47:00,CME_MINI:ES1!,7596.5,7596.5,7596.0,7596.25,118.0,2026-07
2026-07-06 20:48:00,CME_MINI:ES1!,7596.0,7596.25,7594.5,7594.5,366.0,2026-07
2026-07-06 20:49:00,CME_MINI:ES1!,7594.75,7595.25,7594.5,7595.0,208.0,2026-07
2026-07-06 20:50:00,CME_MINI:ES1!,7595.0,7595.0,7594.75,7594.75,146.0,2026-07
2026-07-06 20:51:00,CME_MINI:ES1!,7594.75,7595.0,7594.5,7594.5,106.0,2026-07
2026-07-06 20:52:00,CME_MINI:ES1!,7594.25,7594.75,7594.0,7594.25,346.0,2026-07
2026-07-06 20:53:00,CME_MINI:ES1!,7594.5,7595.75,7594.5,7595.75,177.0,2026-07
2026-07-06 20:54:00,CME_MINI:ES1!,7595.5,7596.0,7595.25,7595.5,208.0,2026-07
2026-07-06 20:55:00,CME_MINI:ES1!,7595.5,7596.25,7595.25,7595.25,237.0,2026-07
2026-07-06 20:56:00,CME_MINI:ES1!,7595.25,7596.0,7595.0,7596.0,129.0,2026-07
2026-07-06 20:57:00,CME_MINI:ES1!,7596.0,7596.75,7595.75,7596.25,158.0,2026-07
2026-07-06 20:58:00,CME_MINI:ES1!,7596.25,7597.0,7596.0,7596.5,321.0,2026-07
2026-07-06 20:59:00,CME_MINI:ES1!,7596.5,7598.75,7596.5,7596.75,337.0,2026-07
2026-07-06 22:00:00,CME_MINI:ES1!,7597.0,7599.5,7596.25,7599.25,473.0,2026-07
2026-07-06 22:01:00,CME_MINI:ES1!,7599.5,7599.5,7598.25,7598.5,72.0,2026-07
2026-07-06 22:02:00,CME_MINI:ES1!,7598.75,7598.75,7597.5,7597.75,96.0,2026-07
2026-07-06 22:03:00,CME_MINI:ES1!,7597.5,7598.0,7597.25,7598.0,40.0,2026-07
2026-07-06 22:04:00,CME_MINI:ES1!,7598.25,7599.0,7597.5,7598.75,93.0,2026-07
2026-07-06 22:05:00,CME_MINI:ES1!,7598.75,7598.75,7596.25,7597.25,124.0,2026-07
2026-07-06 22:06:00,CME_MINI:ES1!,7597.25,7598.25,7596.75,7596.75,95.0,2026-07
2026-07-06 22:07:00,CME_MINI:ES1!,7596.75,7596.75,7596.0,7596.5,100.0,2026-07
2026-07-06 22:08:00,CME_MINI:ES1!,7596.5,7597.25,7596.25,7597.0,30.0,2026-07
2026-07-06 22:09:00,CME_MINI:ES1!,7597.0,7597.5,7597.0,7597.5,34.0,2026-07
2026-07-06 22:10:00,CME_MINI:ES1!,7597.75,7599.25,7597.5,7599.25,137.0,2026-07
2026-07-06 22:11:00,CME_MINI:ES1!,7599.0,7599.25,7598.25,7599.0,62.0,2026-07
2026-07-06 22:12:00,CME_MINI:ES1!,7599.25,7599.5,7598.75,7599.5,24.0,2026-07
2026-07-06 22:13:00,CME_MINI:ES1!,7599.5,7599.75,7598.75,7599.25,92.0,2026-07
2026-07-06 22:14:00,CME_MINI:ES1!,7599.0,7599.5,7599.0,7599.25,43.0,2026-07
2026-07-06 22:15:00,CME_MINI:ES1!,7599.5,7599.75,7598.75,7599.25,47.0,2026-07
2026-07-06 22:16:00,CME_MINI:ES1!,7599.25,7599.75,7599.0,7599.5,27.0,2026-07
2026-07-06 22:17:00,CME_MINI:ES1!,7599.5,7599.75,7599.5,7599.75,39.0,2026-07
2026-07-06 22:18:00,CME_MINI:ES1!,7599.75,7600.75,7599.5,7600.0,107.0,2026-07
2026-07-06 22:19:00,CME_MINI:ES1!,7600.0,7600.25,7599.5,7599.5,29.0,2026-07
2026-07-06 22:20:00,CME_MINI:ES1!,7599.75,7600.0,7599.75,7599.75,56.0,2026-07
2026-07-06 22:21:00,CME_MINI:ES1!,7600.0,7600.25,7600.0,7600.25,16.0,2026-07
2026-07-06 22:22:00,CME_MINI:ES1!,7600.5,7600.5,7600.0,7600.5,35.0,2026-07
2026-07-06 22:23:00,CME_MINI:ES1!,7600.75,7601.25,7600.5,7600.5,79.0,2026-07
2026-07-06 22:24:00,CME_MINI:ES1!,7600.5,7601.0,7600.25,7600.25,63.0,2026-07
2026-07-06 22:25:00,CME_MINI:ES1!,7600.25,7600.25,7599.25,7599.5,65.0,2026-07
2026-07-06 22:26:00,CME_MINI:ES1!,7599.25,7600.0,7599.0,7599.0,147.0,2026-07
2026-07-06 22:27:00,CME_MINI:ES1!,7599.0,7599.5,7598.5,7598.75,123.0,2026-07
2026-07-06 22:28:00,CME_MINI:ES1!,7598.75,7599.5,7598.5,7599.0,90.0,2026-07
2026-07-06 22:29:00,CME_MINI:ES1!,7599.0,7599.5,7598.75,7598.75,48.0,2026-07
2026-07-06 22:30:00,CME_MINI:ES1!,7598.75,7598.75,7597.5,7598.25,81.0,2026-07
2026-07-06 22:31:00,CME_MINI:ES1!,7598.5,7599.0,7598.5,7598.75,50.0,2026-07
2026-07-06 22:32:00,CME_MINI:ES1!,7598.75,7600.0,7598.75,7600.0,94.0,2026-07
2026-07-06 22:33:00,CME_MINI:ES1!,7600.0,7600.5,7599.75,7600.25,38.0,2026-07
2026-07-06 22:34:00,CME_MINI:ES1!,7600.0,7600.0,7599.5,7599.5,41.0,2026-07
2026-07-06 22:35:00,CME_MINI:ES1!,7599.5,7600.5,7599.0,7599.25,69.0,2026-07
2026-07-06 22:36:00,CME_MINI:ES1!,7599.0,7599.5,7599.0,7599.0,61.0,2026-07
2026-07-06 22:37:00,CME_MINI:ES1!,7599.25,7599.25,7598.5,7599.0,45.0,2026-07
2026-07-06 22:38:00,CME_MINI:ES1!,7598.75,7599.0,7598.75,7599.0,30.0,2026-07
2026-07-06 22:39:00,CME_MINI:ES1!,7599.0,7599.5,7599.0,7599.0,41.0,2026-07
2026-07-06 22:40:00,CME_MINI:ES1!,7599.25,7600.5,7599.25,7600.5,33.0,2026-07
2026-07-06 22:41:00,CME_MINI:ES1!,7600.25,7601.0,7599.75,7599.75,54.0,2026-07
2026-07-06 22:42:00,CME_MINI:ES1!,7599.5,7599.75,7599.25,7599.75,51.0,2026-07
2026-07-06 22:43:00,CME_MINI:ES1!,7599.75,7599.75,7598.75,7599.0,30.0,2026-07
2026-07-06 22:44:00,CME_MINI:ES1!,7598.75,7599.25,7598.5,7599.0,49.0,2026-07
2026-07-06 22:45:00,CME_MINI:ES1!,7598.75,7598.75,7596.5,7596.5,133.0,2026-07
2026-07-06 22:46:00,CME_MINI:ES1!,7596.5,7596.75,7595.0,7595.0,188.0,2026-07
2026-07-06 22:47:00,CME_MINI:ES1!,7595.25,7595.75,7595.25,7595.5,115.0,2026-07
2026-07-06 22:48:00,CME_MINI:ES1!,7595.5,7596.25,7595.5,7596.0,57.0,2026-07
2026-07-06 22:49:00,CME_MINI:ES1!,7596.0,7596.25,7596.0,7596.25,18.0,2026-07
2026-07-06 22:50:00,CME_MINI:ES1!,7596.25,7596.75,7595.75,7596.5,40.0,2026-07
2026-07-06 22:51:00,CME_MINI:ES1!,7596.25,7596.5,7596.0,7596.25,22.0,2026-07
2026-07-06 22:52:00,CME_MINI:ES1!,7596.0,7596.0,7595.5,7595.75,33.0,2026-07
2026-07-06 22:53:00,CME_MINI:ES1!,7595.75,7595.75,7594.5,7594.75,82.0,2026-07
2026-07-06 22:54:00,CME_MINI:ES1!,7594.75,7595.25,7594.25,7595.0,146.0,2026-07
2026-07-06 22:55:00,CME_MINI:ES1!,7595.0,7595.25,7593.5,7593.5,97.0,2026-07
2026-07-06 22:56:00,CME_MINI:ES1!,7593.75,7594.0,7592.5,7593.25,111.0,2026-07
2026-07-06 22:57:00,CME_MINI:ES1!,7593.25,7594.5,7592.75,7594.5,238.0,2026-07
2026-07-06 22:58:00,CME_MINI:ES1!,7594.5,7594.75,7594.0,7594.5,100.0,2026-07
2026-07-06 22:59:00,CME_MINI:ES1!,7594.5,7595.0,7594.0,7594.0,104.0,2026-07
2026-07-06 23:00:00,CME_MINI:ES1!,7593.75,7596.0,7593.5,7595.75,114.0,2026-07
2026-07-06 23:01:00,CME_MINI:ES1!,7595.5,7596.5,7595.25,7596.0,78.0,2026-07
2026-07-06 23:02:00,CME_MINI:ES1!,7596.0,7597.5,7595.75,7597.0,117.0,2026-07
2026-07-06 23:03:00,CME_MINI:ES1!,7597.25,7598.0,7596.5,7596.75,60.0,2026-07
2026-07-06 23:04:00,CME_MINI:ES1!,7596.75,7597.25,7596.5,7597.0,35.0,2026-07
2026-07-06 23:05:00,CME_MINI:ES1!,7596.75,7597.25,7596.5,7597.0,40.0,2026-07
2026-07-06 23:06:00,CME_MINI:ES1!,7597.0,7597.25,7596.75,7597.0,15.0,2026-07
2026-07-06 23:07:00,CME_MINI:ES1!,7597.25,7597.25,7596.75,7596.75,11.0,2026-07
2026-07-06 23:08:00,CME_MINI:ES1!,7597.0,7597.25,7596.75,7597.0,30.0,2026-07
2026-07-06 23:09:00,CME_MINI:ES1!,7596.75,7597.0,7595.0,7596.25,143.0,2026-07
2026-07-06 23:10:00,CME_MINI:ES1!,7596.25,7596.75,7596.25,7596.75,41.0,2026-07
2026-07-06 23:11:00,CME_MINI:ES1!,7597.0,7597.25,7596.0,7596.75,58.0,2026-07
2026-07-06 23:12:00,CME_MINI:ES1!,7596.5,7597.0,7596.0,7596.25,71.0,2026-07
2026-07-06 23:13:00,CME_MINI:ES1!,7596.0,7596.5,7596.0,7596.5,19.0,2026-07
2026-07-06 23:14:00,CME_MINI:ES1!,7596.5,7596.5,7595.5,7596.0,25.0,2026-07
2026-07-06 23:15:00,CME_MINI:ES1!,7595.5,7595.5,7595.25,7595.5,30.0,2026-07
2026-07-06 23:16:00,CME_MINI:ES1!,7595.25,7595.5,7593.75,7594.0,151.0,2026-07
2026-07-06 23:17:00,CME_MINI:ES1!,7594.0,7594.75,7594.0,7594.25,94.0,2026-07
2026-07-06 23:18:00,CME_MINI:ES1!,7594.25,7594.25,7593.0,7593.25,78.0,2026-07
2026-07-06 23:19:00,CME_MINI:ES1!,7593.0,7593.0,7592.0,7592.25,131.0,2026-07
2026-07-06 23:20:00,CME_MINI:ES1!,7592.25,7592.75,7591.75,7591.75,107.0,2026-07
2026-07-06 23:21:00,CME_MINI:ES1!,7591.75,7592.5,7591.75,7592.0,88.0,2026-07
2026-07-06 23:22:00,CME_MINI:ES1!,7592.25,7592.25,7592.0,7592.25,42.0,2026-07
2026-07-06 23:23:00,CME_MINI:ES1!,7592.25,7592.75,7592.0,7592.5,89.0,2026-07
2026-07-06 23:24:00,CME_MINI:ES1!,7592.75,7593.75,7592.75,7593.0,75.0,2026-07
2026-07-06 23:25:00,CME_MINI:ES1!,7593.25,7593.75,7592.25,7592.25,52.0,2026-07
2026-07-06 23:26:00,CME_MINI:ES1!,7592.5,7593.25,7592.0,7593.25,34.0,2026-07
2026-07-06 23:27:00,CME_MINI:ES1!,7593.25,7594.0,7593.25,7593.75,58.0,2026-07
2026-07-06 23:28:00,CME_MINI:ES1!,7593.5,7593.5,7593.0,7593.25,46.0,2026-07
2026-07-06 23:29:00,CME_MINI:ES1!,7593.0,7593.75,7592.75,7593.0,39.0,2026-07
2026-07-06 23:30:00,CME_MINI:ES1!,7593.0,7593.75,7592.75,7593.0,43.0,2026-07
2026-07-06 23:31:00,CME_MINI:ES1!,7592.75,7593.0,7592.75,7593.0,28.0,2026-07
2026-07-06 23:32:00,CME_MINI:ES1!,7593.0,7593.0,7592.25,7592.25,20.0,2026-07
2026-07-06 23:33:00,CME_MINI:ES1!,7592.0,7592.25,7591.75,7591.75,42.0,2026-07
2026-07-06 23:34:00,CME_MINI:ES1!,7591.75,7592.0,7591.25,7591.75,63.0,2026-07
2026-07-06 23:35:00,CME_MINI:ES1!,7591.75,7592.5,7591.5,7592.25,55.0,2026-07
2026-07-06 23:36:00,CME_MINI:ES1!,7592.25,7592.5,7591.25,7591.5,28.0,2026-07
2026-07-06 23:37:00,CME_MINI:ES1!,7591.75,7592.0,7591.25,7592.0,31.0,2026-07
2026-07-06 23:38:00,CME_MINI:ES1!,7592.0,7592.0,7591.75,7591.75,14.0,2026-07
2026-07-06 23:39:00,CME_MINI:ES1!,7591.5,7591.75,7591.25,7591.5,45.0,2026-07
2026-07-06 23:40:00,CME_MINI:ES1!,7591.25,7591.75,7590.75,7591.0,109.0,2026-07
2026-07-06 23:41:00,CME_MINI:ES1!,7590.75,7591.25,7590.25,7590.5,122.0,2026-07
2026-07-06 23:42:00,CME_MINI:ES1!,7590.5,7590.75,7590.0,7590.0,179.0,2026-07
2026-07-06 23:43:00,CME_MINI:ES1!,7590.5,7591.0,7590.5,7591.0,87.0,2026-07
2026-07-06 23:44:00,CME_MINI:ES1!,7591.0,7591.0,7590.0,7590.25,51.0,2026-07
2026-07-06 23:45:00,CME_MINI:ES1!,7590.25,7590.25,7588.5,7589.0,188.0,2026-07
2026-07-06 23:46:00,CME_MINI:ES1!,7589.0,7589.0,7586.75,7588.25,673.0,2026-07
2026-07-06 23:47:00,CME_MINI:ES1!,7588.25,7588.5,7586.75,7588.0,257.0,2026-07
2026-07-06 23:48:00,CME_MINI:ES1!,7588.0,7588.5,7587.5,7587.75,150.0,2026-07
2026-07-06 23:49:00,CME_MINI:ES1!,7587.75,7588.0,7587.0,7587.25,109.0,2026-07
2026-07-06 23:50:00,CME_MINI:ES1!,7587.25,7587.25,7585.0,7586.5,745.0,2026-07
2026-07-06 23:51:00,CME_MINI:ES1!,7586.5,7586.75,7585.0,7586.0,159.0,2026-07
2026-07-06 23:52:00,CME_MINI:ES1!,7586.0,7586.5,7585.5,7586.0,136.0,2026-07
2026-07-06 23:53:00,CME_MINI:ES1!,7586.25,7586.25,7585.5,7585.75,110.0,2026-07
2026-07-06 23:54:00,CME_MINI:ES1!,7585.75,7586.25,7585.0,7585.25,109.0,2026-07
2026-07-06 23:55:00,CME_MINI:ES1!,7585.5,7586.5,7584.5,7584.75,120.0,2026-07
2026-07-06 23:56:00,CME_MINI:ES1!,7584.75,7586.0,7584.25,7585.25,135.0,2026-07
2026-07-06 23:57:00,CME_MINI:ES1!,7585.25,7585.5,7584.25,7584.75,147.0,2026-07
2026-07-06 23:58:00,CME_MINI:ES1!,7584.5,7585.0,7584.25,7584.75,66.0,2026-07
2026-07-06 23:59:00,CME_MINI:ES1!,7584.75,7586.0,7584.5,7585.75,145.0,2026-07
2026-07-07 00:00:00,CME_MINI:ES1!,7585.5,7587.5,7583.25,7586.75,568.0,2026-07
2026-07-07 00:01:00,CME_MINI:ES1!,7586.75,7588.0,7586.0,7587.0,301.0,2026-07
2026-07-07 00:02:00,CME_MINI:ES1!,7587.0,7587.5,7586.25,7586.5,205.0,2026-07
2026-07-07 00:03:00,CME_MINI:ES1!,7586.5,7588.25,7586.5,7587.75,122.0,2026-07
2026-07-07 00:04:00,CME_MINI:ES1!,7587.75,7588.5,7586.75,7587.75,127.0,2026-07
2026-07-07 00:05:00,CME_MINI:ES1!,7587.5,7589.75,7587.5,7588.5,229.0,2026-07
2026-07-07 00:06:00,CME_MINI:ES1!,7588.5,7589.25,7586.75,7587.5,214.0,2026-07
2026-07-07 00:07:00,CME_MINI:ES1!,7587.5,7589.75,7587.25,7589.75,154.0,2026-07
2026-07-07 00:08:00,CME_MINI:ES1!,7589.75,7590.5,7588.25,7588.5,195.0,2026-07
2026-07-07 00:09:00,CME_MINI:ES1!,7588.5,7589.25,7588.0,7589.0,88.0,2026-07
2026-07-07 00:10:00,CME_MINI:ES1!,7588.75,7588.75,7587.5,7587.75,108.0,2026-07
2026-07-07 00:11:00,CME_MINI:ES1!,7587.5,7587.75,7585.5,7586.25,206.0,2026-07
2026-07-07 00:12:00,CME_MINI:ES1!,7586.25,7586.5,7584.75,7586.25,254.0,2026-07
2026-07-07 00:13:00,CME_MINI:ES1!,7586.25,7586.5,7585.5,7585.75,183.0,2026-07
2026-07-07 00:14:00,CME_MINI:ES1!,7586.25,7586.5,7585.5,7586.0,191.0,2026-07
2026-07-07 00:15:00,CME_MINI:ES1!,7586.25,7587.5,7585.25,7586.75,333.0,2026-07
2026-07-07 00:16:00,CME_MINI:ES1!,7586.75,7588.5,7586.5,7588.0,267.0,2026-07
2026-07-07 00:17:00,CME_MINI:ES1!,7588.0,7588.75,7586.75,7587.75,203.0,2026-07
2026-07-07 00:18:00,CME_MINI:ES1!,7587.75,7588.25,7587.25,7587.5,112.0,2026-07
2026-07-07 00:19:00,CME_MINI:ES1!,7587.5,7589.75,7587.5,7589.5,223.0,2026-07
2026-07-07 00:20:00,CME_MINI:ES1!,7589.75,7591.5,7589.0,7591.0,397.0,2026-07
2026-07-07 00:21:00,CME_MINI:ES1!,7590.75,7593.75,7590.75,7593.0,560.0,2026-07
2026-07-07 00:22:00,CME_MINI:ES1!,7592.75,7593.5,7591.75,7593.0,343.0,2026-07
2026-07-07 00:23:00,CME_MINI:ES1!,7592.75,7594.0,7591.5,7594.0,227.0,2026-07
2026-07-07 00:24:00,CME_MINI:ES1!,7593.75,7594.0,7592.5,7593.0,269.0,2026-07
2026-07-07 00:25:00,CME_MINI:ES1!,7593.25,7595.0,7592.5,7594.75,243.0,2026-07
2026-07-07 00:26:00,CME_MINI:ES1!,7594.75,7595.0,7593.5,7593.75,187.0,2026-07
2026-07-07 00:27:00,CME_MINI:ES1!,7593.75,7593.75,7591.25,7591.75,260.0,2026-07
2026-07-07 00:28:00,CME_MINI:ES1!,7592.0,7592.0,7589.25,7589.75,375.0,2026-07
2026-07-07 00:29:00,CME_MINI:ES1!,7589.5,7590.25,7588.75,7590.25,314.0,2026-07
2026-07-07 00:30:00,CME_MINI:ES1!,7590.25,7591.0,7588.75,7589.5,363.0,2026-07
2026-07-07 00:31:00,CME_MINI:ES1!,7589.5,7590.75,7589.0,7590.0,157.0,2026-07
2026-07-07 00:32:00,CME_MINI:ES1!,7589.75,7591.0,7589.5,7590.0,100.0,2026-07
2026-07-07 00:33:00,CME_MINI:ES1!,7590.25,7590.25,7588.5,7588.75,120.0,2026-07
2026-07-07 00:34:00,CME_MINI:ES1!,7588.5,7589.5,7587.25,7587.5,182.0,2026-07
2026-07-07 00:35:00,CME_MINI:ES1!,7587.5,7588.25,7586.25,7586.25,281.0,2026-07
2026-07-07 00:36:00,CME_MINI:ES1!,7586.25,7587.0,7585.75,7586.5,170.0,2026-07
2026-07-07 00:37:00,CME_MINI:ES1!,7586.5,7586.75,7584.0,7584.5,244.0,2026-07
2026-07-07 00:38:00,CME_MINI:ES1!,7584.5,7584.75,7583.5,7584.75,243.0,2026-07
2026-07-07 00:39:00,CME_MINI:ES1!,7584.75,7585.75,7584.75,7585.25,202.0,2026-07
2026-07-07 00:40:00,CME_MINI:ES1!,7585.25,7585.5,7584.25,7584.75,190.0,2026-07
2026-07-07 00:41:00,CME_MINI:ES1!,7584.5,7585.0,7584.0,7584.5,245.0,2026-07
2026-07-07 00:42:00,CME_MINI:ES1!,7584.5,7585.0,7584.0,7584.5,156.0,2026-07
2026-07-07 00:43:00,CME_MINI:ES1!,7584.5,7586.5,7584.5,7586.25,295.0,2026-07
2026-07-07 00:44:00,CME_MINI:ES1!,7586.25,7588.0,7586.25,7587.0,262.0,2026-07
2026-07-07 00:45:00,CME_MINI:ES1!,7587.0,7588.25,7586.5,7586.75,171.0,2026-07
2026-07-07 00:46:00,CME_MINI:ES1!,7586.5,7587.0,7585.0,7586.25,235.0,2026-07
2026-07-07 00:47:00,CME_MINI:ES1!,7586.25,7588.0,7586.0,7587.0,217.0,2026-07
2026-07-07 00:48:00,CME_MINI:ES1!,7587.0,7588.75,7586.75,7588.75,202.0,2026-07
2026-07-07 00:49:00,CME_MINI:ES1!,7588.5,7589.0,7587.25,7587.5,119.0,2026-07
2026-07-07 00:50:00,CME_MINI:ES1!,7587.5,7588.0,7586.5,7587.25,112.0,2026-07
2026-07-07 00:51:00,CME_MINI:ES1!,7587.25,7588.0,7586.25,7587.0,133.0,2026-07
2026-07-07 00:52:00,CME_MINI:ES1!,7587.0,7588.5,7587.0,7588.5,90.0,2026-07
2026-07-07 00:53:00,CME_MINI:ES1!,7588.5,7588.75,7588.0,7588.25,89.0,2026-07
2026-07-07 00:54:00,CME_MINI:ES1!,7588.0,7589.0,7587.75,7588.75,92.0,2026-07
2026-07-07 00:55:00,CME_MINI:ES1!,7588.75,7589.5,7587.5,7588.25,139.0,2026-07
2026-07-07 00:56:00,CME_MINI:ES1!,7588.25,7588.75,7586.5,7586.5,186.0,2026-07
2026-07-07 00:57:00,CME_MINI:ES1!,7586.75,7586.75,7585.25,7586.0,186.0,2026-07
2026-07-07 00:58:00,CME_MINI:ES1!,7586.25,7586.25,7585.0,7585.25,163.0,2026-07
2026-07-07 00:59:00,CME_MINI:ES1!,7585.5,7586.0,7584.75,7585.0,119.0,2026-07
2026-07-07 01:00:00,CME_MINI:ES1!,7585.25,7586.25,7584.75,7586.0,198.0,2026-07
2026-07-07 01:01:00,CME_MINI:ES1!,7586.0,7586.75,7584.25,7585.0,199.0,2026-07
2026-07-07 01:02:00,CME_MINI:ES1!,7584.75,7584.75,7583.75,7584.5,160.0,2026-07
2026-07-07 01:03:00,CME_MINI:ES1!,7584.5,7586.0,7584.5,7585.75,132.0,2026-07
2026-07-07 01:04:00,CME_MINI:ES1!,7585.75,7585.75,7584.25,7585.0,175.0,2026-07
2026-07-07 01:05:00,CME_MINI:ES1!,7585.0,7585.5,7584.75,7585.5,107.0,2026-07
2026-07-07 01:06:00,CME_MINI:ES1!,7585.25,7586.75,7585.25,7586.5,152.0,2026-07
2026-07-07 01:07:00,CME_MINI:ES1!,7586.5,7587.0,7585.75,7585.75,118.0,2026-07
2026-07-07 01:08:00,CME_MINI:ES1!,7585.5,7587.25,7585.0,7586.5,159.0,2026-07
2026-07-07 01:09:00,CME_MINI:ES1!,7586.5,7587.0,7585.75,7586.25,139.0,2026-07
2026-07-07 01:10:00,CME_MINI:ES1!,7586.25,7587.25,7585.75,7586.0,143.0,2026-07
2026-07-07 01:11:00,CME_MINI:ES1!,7585.75,7587.0,7585.75,7586.0,98.0,2026-07
2026-07-07 01:12:00,CME_MINI:ES1!,7586.0,7586.5,7584.75,7586.25,136.0,2026-07
2026-07-07 01:13:00,CME_MINI:ES1!,7586.0,7586.0,7584.75,7585.5,93.0,2026-07
2026-07-07 01:14:00,CME_MINI:ES1!,7585.25,7586.0,7585.0,7585.0,122.0,2026-07
2026-07-07 01:15:00,CME_MINI:ES1!,7585.0,7586.0,7584.5,7584.75,80.0,2026-07
2026-07-07 01:16:00,CME_MINI:ES1!,7584.75,7585.0,7584.25,7584.75,187.0,2026-07
2026-07-07 01:17:00,CME_MINI:ES1!,7584.75,7585.25,7584.25,7585.0,63.0,2026-07
2026-07-07 01:18:00,CME_MINI:ES1!,7585.25,7585.75,7584.25,7585.0,109.0,2026-07
2026-07-07 01:19:00,CME_MINI:ES1!,7585.0,7585.0,7584.0,7584.75,115.0,2026-07
2026-07-07 01:20:00,CME_MINI:ES1!,7584.75,7584.75,7583.75,7583.75,128.0,2026-07
2026-07-07 01:21:00,CME_MINI:ES1!,7583.75,7584.0,7582.5,7583.25,345.0,2026-07
2026-07-07 01:22:00,CME_MINI:ES1!,7583.5,7583.75,7582.75,7583.0,189.0,2026-07
2026-07-07 01:23:00,CME_MINI:ES1!,7583.25,7583.5,7582.75,7583.5,141.0,2026-07
2026-07-07 01:24:00,CME_MINI:ES1!,7583.75,7583.75,7582.0,7582.5,158.0,2026-07
2026-07-07 01:25:00,CME_MINI:ES1!,7582.25,7582.25,7581.75,7582.0,239.0,2026-07
2026-07-07 01:26:00,CME_MINI:ES1!,7582.0,7582.25,7581.5,7582.0,194.0,2026-07
2026-07-07 01:27:00,CME_MINI:ES1!,7582.0,7582.5,7581.5,7581.75,221.0,2026-07
2026-07-07 01:28:00,CME_MINI:ES1!,7581.75,7582.5,7581.5,7582.0,160.0,2026-07
2026-07-07 01:29:00,CME_MINI:ES1!,7582.25,7583.0,7580.75,7581.75,364.0,2026-07
2026-07-07 01:30:00,CME_MINI:ES1!,7581.75,7582.5,7580.75,7581.25,248.0,2026-07
2026-07-07 01:31:00,CME_MINI:ES1!,7581.25,7581.75,7581.0,7581.0,194.0,2026-07
2026-07-07 01:32:00,CME_MINI:ES1!,7580.75,7581.5,7579.25,7581.5,447.0,2026-07
2026-07-07 01:33:00,CME_MINI:ES1!,7581.25,7581.75,7580.75,7581.75,231.0,2026-07
2026-07-07 01:34:00,CME_MINI:ES1!,7581.5,7583.25,7581.25,7582.5,302.0,2026-07
2026-07-07 01:35:00,CME_MINI:ES1!,7582.5,7585.0,7582.25,7584.5,245.0,2026-07
2026-07-07 01:36:00,CME_MINI:ES1!,7584.5,7584.75,7582.5,7583.25,247.0,2026-07
2026-07-07 01:37:00,CME_MINI:ES1!,7583.25,7584.0,7582.5,7583.5,149.0,2026-07
2026-07-07 01:38:00,CME_MINI:ES1!,7583.75,7585.25,7583.75,7584.75,142.0,2026-07
2026-07-07 01:39:00,CME_MINI:ES1!,7584.75,7585.75,7584.75,7584.75,120.0,2026-07
2026-07-07 01:40:00,CME_MINI:ES1!,7584.75,7586.0,7584.25,7586.0,146.0,2026-07
2026-07-07 01:41:00,CME_MINI:ES1!,7586.0,7586.0,7584.0,7584.25,207.0,2026-07
2026-07-07 01:42:00,CME_MINI:ES1!,7584.0,7584.25,7583.0,7583.5,127.0,2026-07
2026-07-07 01:43:00,CME_MINI:ES1!,7583.75,7585.0,7583.5,7584.75,123.0,2026-07
2026-07-07 01:44:00,CME_MINI:ES1!,7585.0,7586.0,7584.75,7586.0,119.0,2026-07
2026-07-07 01:45:00,CME_MINI:ES1!,7586.0,7587.25,7586.0,7586.75,245.0,2026-07
2026-07-07 01:46:00,CME_MINI:ES1!,7587.0,7587.5,7586.75,7587.0,141.0,2026-07
2026-07-07 01:47:00,CME_MINI:ES1!,7587.0,7588.0,7587.0,7587.0,171.0,2026-07
2026-07-07 01:48:00,CME_MINI:ES1!,7587.0,7587.75,7586.5,7587.0,121.0,2026-07
2026-07-07 01:49:00,CME_MINI:ES1!,7587.25,7587.5,7586.75,7587.25,148.0,2026-07
2026-07-07 01:50:00,CME_MINI:ES1!,7587.25,7588.0,7586.75,7587.0,109.0,2026-07
2026-07-07 01:51:00,CME_MINI:ES1!,7586.75,7587.25,7586.25,7587.0,95.0,2026-07
2026-07-07 01:52:00,CME_MINI:ES1!,7586.75,7587.5,7586.5,7587.0,69.0,2026-07
2026-07-07 01:53:00,CME_MINI:ES1!,7587.0,7587.75,7586.75,7587.0,139.0,2026-07
2026-07-07 01:54:00,CME_MINI:ES1!,7587.25,7589.0,7586.75,7588.25,231.0,2026-07
2026-07-07 01:55:00,CME_MINI:ES1!,7588.0,7588.0,7585.25,7585.5,181.0,2026-07
2026-07-07 01:56:00,CME_MINI:ES1!,7585.5,7586.5,7585.0,7586.0,105.0,2026-07
2026-07-07 01:57:00,CME_MINI:ES1!,7586.25,7586.25,7585.0,7585.5,134.0,2026-07
2026-07-07 01:58:00,CME_MINI:ES1!,7585.5,7585.5,7584.0,7584.0,124.0,2026-07
2026-07-07 01:59:00,CME_MINI:ES1!,7584.0,7584.5,7582.75,7583.25,213.0,2026-07
2026-07-07 02:00:00,CME_MINI:ES1!,7583.5,7583.75,7582.5,7582.75,180.0,2026-07
2026-07-07 02:01:00,CME_MINI:ES1!,7582.75,7584.75,7582.25,7584.75,142.0,2026-07
2026-07-07 02:02:00,CME_MINI:ES1!,7585.0,7585.0,7583.5,7583.5,58.0,2026-07
2026-07-07 02:03:00,CME_MINI:ES1!,7583.5,7585.25,7583.0,7584.75,178.0,2026-07
2026-07-07 02:04:00,CME_MINI:ES1!,7584.75,7585.25,7584.25,7585.0,69.0,2026-07
2026-07-07 02:05:00,CME_MINI:ES1!,7584.75,7584.75,7584.0,7584.5,83.0,2026-07
2026-07-07 02:06:00,CME_MINI:ES1!,7584.75,7585.5,7584.25,7585.25,85.0,2026-07
2026-07-07 02:07:00,CME_MINI:ES1!,7585.25,7587.0,7585.25,7586.75,131.0,2026-07
2026-07-07 02:08:00,CME_MINI:ES1!,7587.0,7587.25,7586.5,7587.0,81.0,2026-07
2026-07-07 02:09:00,CME_MINI:ES1!,7587.0,7587.25,7586.0,7586.0,105.0,2026-07
2026-07-07 02:10:00,CME_MINI:ES1!,7586.25,7586.5,7585.75,7585.75,59.0,2026-07
2026-07-07 02:11:00,CME_MINI:ES1!,7585.75,7586.25,7585.25,7586.0,49.0,2026-07
2026-07-07 02:12:00,CME_MINI:ES1!,7586.25,7586.5,7585.5,7586.5,41.0,2026-07
2026-07-07 02:13:00,CME_MINI:ES1!,7586.5,7586.75,7585.5,7586.25,44.0,2026-07
2026-07-07 02:14:00,CME_MINI:ES1!,7586.0,7586.25,7585.75,7586.0,24.0,2026-07
2026-07-07 02:15:00,CME_MINI:ES1!,7586.0,7586.25,7585.0,7585.5,80.0,2026-07
2026-07-07 02:16:00,CME_MINI:ES1!,7585.5,7587.0,7585.5,7586.75,127.0,2026-07
2026-07-07 02:17:00,CME_MINI:ES1!,7586.5,7586.75,7585.75,7586.25,52.0,2026-07
2026-07-07 02:18:00,CME_MINI:ES1!,7586.25,7586.25,7585.5,7585.5,65.0,2026-07
2026-07-07 02:19:00,CME_MINI:ES1!,7585.5,7586.25,7585.5,7586.0,72.0,2026-07
2026-07-07 02:20:00,CME_MINI:ES1!,7586.0,7586.0,7585.0,7585.25,72.0,2026-07
2026-07-07 02:21:00,CME_MINI:ES1!,7585.25,7585.25,7583.75,7584.0,200.0,2026-07
2026-07-07 02:22:00,CME_MINI:ES1!,7584.0,7584.0,7583.25,7583.5,116.0,2026-07
2026-07-07 02:23:00,CME_MINI:ES1!,7583.5,7584.5,7583.0,7584.5,116.0,2026-07
2026-07-07 02:24:00,CME_MINI:ES1!,7584.5,7584.5,7583.25,7583.25,70.0,2026-07
2026-07-07 02:25:00,CME_MINI:ES1!,7583.5,7583.75,7582.75,7583.5,101.0,2026-07
2026-07-07 02:26:00,CME_MINI:ES1!,7583.25,7583.5,7583.0,7583.25,61.0,2026-07
2026-07-07 02:27:00,CME_MINI:ES1!,7583.0,7583.5,7582.5,7583.0,46.0,2026-07
2026-07-07 02:28:00,CME_MINI:ES1!,7583.0,7583.0,7582.75,7582.75,39.0,2026-07
2026-07-07 02:29:00,CME_MINI:ES1!,7583.0,7583.25,7582.25,7582.5,73.0,2026-07
2026-07-07 02:30:00,CME_MINI:ES1!,7582.25,7582.25,7580.75,7581.5,181.0,2026-07
2026-07-07 02:31:00,CME_MINI:ES1!,7581.25,7581.5,7580.75,7581.0,198.0,2026-07
2026-07-07 02:32:00,CME_MINI:ES1!,7581.0,7581.0,7580.25,7580.75,159.0,2026-07
2026-07-07 02:33:00,CME_MINI:ES1!,7581.0,7581.0,7579.75,7579.75,215.0,2026-07
2026-07-07 02:34:00,CME_MINI:ES1!,7580.0,7580.5,7580.0,7580.0,115.0,2026-07
2026-07-07 02:35:00,CME_MINI:ES1!,7580.25,7581.0,7580.0,7581.0,129.0,2026-07
2026-07-07 02:36:00,CME_MINI:ES1!,7581.0,7582.75,7580.25,7582.5,134.0,2026-07
2026-07-07 02:37:00,CME_MINI:ES1!,7582.5,7582.5,7580.25,7580.5,67.0,2026-07
2026-07-07 02:38:00,CME_MINI:ES1!,7580.5,7581.5,7580.0,7581.5,116.0,2026-07
2026-07-07 02:39:00,CME_MINI:ES1!,7581.5,7583.0,7581.5,7582.5,80.0,2026-07
2026-07-07 02:40:00,CME_MINI:ES1!,7582.5,7583.0,7581.75,7582.5,135.0,2026-07
2026-07-07 02:41:00,CME_MINI:ES1!,7582.75,7583.25,7581.75,7581.75,72.0,2026-07
2026-07-07 02:42:00,CME_MINI:ES1!,7582.0,7582.25,7581.25,7581.25,76.0,2026-07
2026-07-07 02:43:00,CME_MINI:ES1!,7581.25,7582.25,7581.25,7581.75,75.0,2026-07
2026-07-07 02:44:00,CME_MINI:ES1!,7581.5,7582.5,7581.25,7582.5,74.0,2026-07
2026-07-07 02:45:00,CME_MINI:ES1!,7582.25,7582.25,7582.0,7582.0,62.0,2026-07
2026-07-07 02:46:00,CME_MINI:ES1!,7582.0,7582.0,7581.25,7581.25,39.0,2026-07
2026-07-07 02:47:00,CME_MINI:ES1!,7581.25,7581.25,7580.5,7581.0,105.0,2026-07
2026-07-07 02:48:00,CME_MINI:ES1!,7581.0,7581.25,7580.5,7580.75,55.0,2026-07
2026-07-07 02:49:00,CME_MINI:ES1!,7580.75,7581.25,7580.25,7580.75,97.0,2026-07
2026-07-07 02:50:00,CME_MINI:ES1!,7581.0,7581.25,7580.25,7580.25,179.0,2026-07
2026-07-07 02:51:00,CME_MINI:ES1!,7580.5,7580.75,7579.75,7580.25,412.0,2026-07
2026-07-07 02:52:00,CME_MINI:ES1!,7580.0,7581.25,7580.0,7581.25,216.0,2026-07
2026-07-07 02:53:00,CME_MINI:ES1!,7581.25,7581.25,7580.5,7581.25,99.0,2026-07
2026-07-07 02:54:00,CME_MINI:ES1!,7581.25,7581.5,7580.75,7581.25,96.0,2026-07
2026-07-07 02:55:00,CME_MINI:ES1!,7581.25,7581.25,7580.25,7580.75,118.0,2026-07
2026-07-07 02:56:00,CME_MINI:ES1!,7581.0,7581.5,7580.75,7580.75,99.0,2026-07
2026-07-07 02:57:00,CME_MINI:ES1!,7580.75,7581.0,7580.25,7580.5,123.0,2026-07
2026-07-07 02:58:00,CME_MINI:ES1!,7580.25,7580.5,7579.25,7579.25,254.0,2026-07
2026-07-07 02:59:00,CME_MINI:ES1!,7579.0,7579.5,7578.75,7579.0,234.0,2026-07
2026-07-07 03:00:00,CME_MINI:ES1!,7579.25,7581.25,7578.75,7581.25,219.0,2026-07
2026-07-07 03:01:00,CME_MINI:ES1!,7581.25,7581.5,7579.75,7580.0,130.0,2026-07
2026-07-07 03:02:00,CME_MINI:ES1!,7579.75,7581.5,7579.75,7581.25,112.0,2026-07
2026-07-07 03:03:00,CME_MINI:ES1!,7581.5,7581.75,7580.75,7581.5,134.0,2026-07
2026-07-07 03:04:00,CME_MINI:ES1!,7581.5,7582.25,7581.5,7582.0,91.0,2026-07
2026-07-07 03:05:00,CME_MINI:ES1!,7582.0,7583.0,7581.5,7581.75,140.0,2026-07
2026-07-07 03:06:00,CME_MINI:ES1!,7581.5,7582.0,7580.5,7581.5,182.0,2026-07
2026-07-07 03:07:00,CME_MINI:ES1!,7581.5,7582.0,7581.0,7582.0,52.0,2026-07
2026-07-07 03:08:00,CME_MINI:ES1!,7582.25,7583.25,7582.25,7582.75,134.0,2026-07
2026-07-07 03:09:00,CME_MINI:ES1!,7583.0,7583.25,7582.5,7582.75,137.0,2026-07
2026-07-07 03:10:00,CME_MINI:ES1!,7582.75,7582.75,7581.75,7581.75,139.0,2026-07
2026-07-07 03:11:00,CME_MINI:ES1!,7581.75,7582.0,7581.25,7581.75,90.0,2026-07
2026-07-07 03:12:00,CME_MINI:ES1!,7582.0,7582.0,7580.75,7580.75,114.0,2026-07
2026-07-07 03:13:00,CME_MINI:ES1!,7581.0,7581.25,7580.25,7580.5,172.0,2026-07
2026-07-07 03:14:00,CME_MINI:ES1!,7580.25,7580.75,7579.5,7580.0,227.0,2026-07
2026-07-07 03:15:00,CME_MINI:ES1!,7579.75,7580.25,7579.25,7579.5,151.0,2026-07
2026-07-07 03:16:00,CME_MINI:ES1!,7579.5,7579.5,7578.0,7579.0,266.0,2026-07
2026-07-07 03:17:00,CME_MINI:ES1!,7579.0,7580.0,7578.25,7579.5,199.0,2026-07
2026-07-07 03:18:00,CME_MINI:ES1!,7579.75,7579.75,7579.0,7579.25,86.0,2026-07
2026-07-07 03:19:00,CME_MINI:ES1!,7579.0,7579.5,7578.75,7579.0,115.0,2026-07
2026-07-07 03:20:00,CME_MINI:ES1!,7579.25,7579.25,7578.5,7578.75,104.0,2026-07
2026-07-07 03:21:00,CME_MINI:ES1!,7578.5,7579.25,7578.25,7579.0,180.0,2026-07
2026-07-07 03:22:00,CME_MINI:ES1!,7579.0,7579.5,7578.5,7578.5,130.0,2026-07
2026-07-07 03:23:00,CME_MINI:ES1!,7578.75,7578.75,7577.5,7577.75,256.0,2026-07
2026-07-07 03:24:00,CME_MINI:ES1!,7577.75,7577.75,7576.75,7577.25,308.0,2026-07
2026-07-07 03:25:00,CME_MINI:ES1!,7577.25,7578.25,7577.0,7578.25,206.0,2026-07
2026-07-07 03:26:00,CME_MINI:ES1!,7578.0,7578.5,7577.5,7577.5,132.0,2026-07
2026-07-07 03:27:00,CME_MINI:ES1!,7577.5,7577.5,7576.75,7577.5,118.0,2026-07
2026-07-07 03:28:00,CME_MINI:ES1!,7577.5,7578.0,7576.0,7576.75,268.0,2026-07
2026-07-07 03:29:00,CME_MINI:ES1!,7576.5,7576.5,7574.75,7575.25,605.0,2026-07
2026-07-07 03:30:00,CME_MINI:ES1!,7575.25,7575.75,7573.25,7575.25,668.0,2026-07
2026-07-07 03:31:00,CME_MINI:ES1!,7575.25,7576.25,7575.0,7575.25,312.0,2026-07
2026-07-07 03:32:00,CME_MINI:ES1!,7575.5,7576.5,7575.5,7575.5,183.0,2026-07
2026-07-07 03:33:00,CME_MINI:ES1!,7575.75,7576.25,7575.0,7575.25,167.0,2026-07
2026-07-07 03:34:00,CME_MINI:ES1!,7575.25,7575.75,7574.25,7575.25,228.0,2026-07
2026-07-07 03:35:00,CME_MINI:ES1!,7575.25,7576.5,7575.0,7575.5,157.0,2026-07
2026-07-07 03:36:00,CME_MINI:ES1!,7575.75,7575.75,7575.0,7575.0,125.0,2026-07
2026-07-07 03:37:00,CME_MINI:ES1!,7575.0,7577.0,7575.0,7576.75,233.0,2026-07
2026-07-07 03:38:00,CME_MINI:ES1!,7576.75,7577.0,7576.5,7576.5,114.0,2026-07
2026-07-07 03:39:00,CME_MINI:ES1!,7576.75,7577.0,7575.75,7576.0,106.0,2026-07
2026-07-07 03:40:00,CME_MINI:ES1!,7576.0,7576.0,7575.0,7575.75,111.0,2026-07
2026-07-07 03:41:00,CME_MINI:ES1!,7575.5,7575.75,7575.0,7575.25,90.0,2026-07
2026-07-07 03:42:00,CME_MINI:ES1!,7575.0,7576.0,7574.75,7575.5,161.0,2026-07
2026-07-07 03:43:00,CME_MINI:ES1!,7575.5,7575.5,7574.5,7574.75,160.0,2026-07
2026-07-07 03:44:00,CME_MINI:ES1!,7574.75,7575.0,7574.5,7574.5,109.0,2026-07
2026-07-07 03:45:00,CME_MINI:ES1!,7574.5,7574.5,7572.5,7572.75,430.0,2026-07
2026-07-07 03:46:00,CME_MINI:ES1!,7573.0,7573.25,7571.5,7572.25,272.0,2026-07
2026-07-07 17:53:00,CME_MINI:ES1!,7567.75,7567.75,7564.25,7564.25,879.0,2026-07
2026-07-07 17:54:00,CME_MINI:ES1!,7564.25,7566.0,7564.0,7565.5,792.0,2026-07
2026-07-07 17:55:00,CME_MINI:ES1!,7565.5,7566.0,7564.75,7565.5,824.0,2026-07
2026-07-07 17:56:00,CME_MINI:ES1!,7565.75,7568.25,7565.75,7567.75,771.0,2026-07
2026-07-07 17:57:00,CME_MINI:ES1!,7567.75,7568.0,7566.75,7567.75,641.0,2026-07
2026-07-07 17:58:00,CME_MINI:ES1!,7567.75,7568.0,7567.25,7567.75,652.0,2026-07
2026-07-07 17:59:00,CME_MINI:ES1!,7567.75,7569.25,7567.25,7569.25,1131.0,2026-07
2026-07-07 18:00:00,CME_MINI:ES1!,7569.25,7570.25,7568.0,7568.0,1827.0,2026-07
2026-07-07 18:01:00,CME_MINI:ES1!,7568.0,7569.5,7567.5,7568.75,896.0,2026-07
2026-07-07 18:02:00,CME_MINI:ES1!,7569.0,7569.0,7566.5,7567.25,1095.0,2026-07
2026-07-07 18:03:00,CME_MINI:ES1!,7567.25,7568.25,7566.25,7568.25,905.0,2026-07
2026-07-07 18:04:00,CME_MINI:ES1!,7568.0,7568.75,7567.75,7568.5,575.0,2026-07
2026-07-07 18:05:00,CME_MINI:ES1!,7568.5,7569.5,7568.25,7568.75,628.0,2026-07
2026-07-07 18:06:00,CME_MINI:ES1!,7568.75,7568.75,7566.5,7567.25,900.0,2026-07
2026-07-07 18:07:00,CME_MINI:ES1!,7567.25,7568.0,7566.75,7567.25,758.0,2026-07
2026-07-07 18:08:00,CME_MINI:ES1!,7567.25,7567.75,7566.25,7566.5,644.0,2026-07
2026-07-07 18:09:00,CME_MINI:ES1!,7566.25,7567.0,7565.5,7566.75,1101.0,2026-07
2026-07-07 18:10:00,CME_MINI:ES1!,7567.0,7567.5,7566.5,7567.5,817.0,2026-07
2026-07-07 18:11:00,CME_MINI:ES1!,7567.25,7567.5,7566.5,7567.0,698.0,2026-07
2026-07-07 18:12:00,CME_MINI:ES1!,7567.0,7569.25,7567.0,7568.75,1007.0,2026-07
2026-07-07 18:13:00,CME_MINI:ES1!,7568.75,7569.0,7567.75,7568.25,1071.0,2026-07
2026-07-07 18:14:00,CME_MINI:ES1!,7568.25,7568.75,7566.75,7567.25,870.0,2026-07
2026-07-07 18:15:00,CME_MINI:ES1!,7567.25,7568.5,7566.25,7568.0,944.0,2026-07
2026-07-07 18:16:00,CME_MINI:ES1!,7568.0,7569.0,7567.0,7568.75,886.0,2026-07
2026-07-07 18:17:00,CME_MINI:ES1!,7568.75,7568.75,7567.25,7568.25,799.0,2026-07
2026-07-07 18:18:00,CME_MINI:ES1!,7568.25,7568.75,7567.75,7568.25,685.0,2026-07
2026-07-07 18:19:00,CME_MINI:ES1!,7568.25,7568.75,7566.0,7567.75,2202.0,2026-07
2026-07-07 18:20:00,CME_MINI:ES1!,7567.75,7568.25,7566.75,7567.75,800.0,2026-07
2026-07-07 18:21:00,CME_MINI:ES1!,7567.75,7568.5,7567.5,7568.5,798.0,2026-07
2026-07-07 18:22:00,CME_MINI:ES1!,7568.25,7569.5,7566.75,7569.25,711.0,2026-07
2026-07-07 18:23:00,CME_MINI:ES1!,7569.25,7570.5,7569.0,7569.25,1748.0,2026-07
2026-07-07 18:24:00,CME_MINI:ES1!,7569.0,7569.5,7568.25,7569.0,1793.0,2026-07
2026-07-07 18:25:00,CME_MINI:ES1!,7569.0,7569.5,7568.5,7569.5,619.0,2026-07
2026-07-07 18:26:00,CME_MINI:ES1!,7569.25,7570.25,7567.25,7568.25,1077.0,2026-07
2026-07-07 18:27:00,CME_MINI:ES1!,7568.0,7568.75,7567.25,7567.75,784.0,2026-07
2026-07-07 18:28:00,CME_MINI:ES1!,7567.5,7568.25,7566.25,7566.5,1409.0,2026-07
2026-07-07 18:29:00,CME_MINI:ES1!,7566.5,7567.75,7566.25,7567.5,1734.0,2026-07
2026-07-07 18:30:00,CME_MINI:ES1!,7567.25,7568.25,7563.75,7565.75,3539.0,2026-07
2026-07-07 18:31:00,CME_MINI:ES1!,7565.75,7567.0,7565.25,7566.5,1004.0,2026-07
2026-07-07 18:32:00,CME_MINI:ES1!,7566.5,7566.75,7564.75,7565.0,763.0,2026-07
2026-07-07 18:33:00,CME_MINI:ES1!,7565.0,7565.75,7563.0,7564.25,1402.0,2026-07
2026-07-07 18:34:00,CME_MINI:ES1!,7564.0,7565.5,7563.75,7564.5,1129.0,2026-07
2026-07-07 18:35:00,CME_MINI:ES1!,7564.25,7567.0,7562.75,7567.0,1605.0,2026-07
2026-07-07 18:36:00,CME_MINI:ES1!,7567.0,7567.75,7565.25,7567.0,1275.0,2026-07
2026-07-07 18:37:00,CME_MINI:ES1!,7567.0,7567.75,7566.25,7566.5,1131.0,2026-07
2026-07-07 18:38:00,CME_MINI:ES1!,7566.25,7567.75,7566.0,7567.0,863.0,2026-07
2026-07-07 18:39:00,CME_MINI:ES1!,7567.25,7567.5,7566.25,7566.75,805.0,2026-07
2026-07-07 18:40:00,CME_MINI:ES1!,7566.75,7567.0,7564.5,7565.0,961.0,2026-07
2026-07-07 18:41:00,CME_MINI:ES1!,7564.75,7565.75,7563.0,7564.5,980.0,2026-07
2026-07-07 18:42:00,CME_MINI:ES1!,7564.25,7564.5,7562.5,7563.0,2056.0,2026-07
2026-07-07 18:43:00,CME_MINI:ES1!,7563.0,7564.0,7561.5,7563.75,1811.0,2026-07
2026-07-07 18:44:00,CME_MINI:ES1!,7563.75,7564.75,7563.25,7564.75,990.0,2026-07
2026-07-07 18:45:00,CME_MINI:ES1!,7564.75,7565.25,7563.25,7564.0,1154.0,2026-07
2026-07-07 18:46:00,CME_MINI:ES1!,7564.0,7564.25,7563.0,7563.75,683.0,2026-07
2026-07-07 18:47:00,CME_MINI:ES1!,7563.75,7565.25,7563.5,7564.75,1018.0,2026-07
2026-07-07 18:48:00,CME_MINI:ES1!,7564.5,7566.0,7563.25,7563.75,2125.0,2026-07
2026-07-07 18:49:00,CME_MINI:ES1!,7563.5,7563.75,7554.0,7559.25,8036.0,2026-07
2026-07-07 18:50:00,CME_MINI:ES1!,7559.25,7560.0,7556.75,7557.5,3394.0,2026-07
2026-07-07 18:51:00,CME_MINI:ES1!,7557.5,7558.0,7553.75,7556.75,3500.0,2026-07
2026-07-07 18:52:00,CME_MINI:ES1!,7557.0,7557.25,7554.25,7554.75,2756.0,2026-07
2026-07-07 18:53:00,CME_MINI:ES1!,7554.75,7555.75,7553.5,7553.75,3203.0,2026-07
2026-07-07 18:54:00,CME_MINI:ES1!,7553.75,7557.0,7552.25,7555.25,3355.0,2026-07
2026-07-07 18:55:00,CME_MINI:ES1!,7555.25,7556.0,7553.75,7554.75,1882.0,2026-07
2026-07-07 18:56:00,CME_MINI:ES1!,7554.75,7556.25,7553.75,7556.25,2406.0,2026-07
2026-07-07 18:57:00,CME_MINI:ES1!,7556.0,7556.75,7553.0,7554.0,2382.0,2026-07
2026-07-07 18:58:00,CME_MINI:ES1!,7554.25,7555.25,7552.75,7553.0,1592.0,2026-07
2026-07-07 18:59:00,CME_MINI:ES1!,7553.0,7553.5,7551.5,7552.5,2072.0,2026-07
2026-07-07 19:00:00,CME_MINI:ES1!,7552.5,7554.5,7548.25,7549.25,5045.0,2026-07
2026-07-07 19:01:00,CME_MINI:ES1!,7549.25,7549.25,7545.5,7548.0,4770.0,2026-07
2026-07-07 19:02:00,CME_MINI:ES1!,7548.0,7550.5,7547.75,7549.5,3240.0,2026-07
2026-07-07 19:03:00,CME_MINI:ES1!,7549.5,7551.0,7548.5,7548.75,2248.0,2026-07
2026-07-07 19:04:00,CME_MINI:ES1!,7548.5,7549.5,7546.25,7549.25,3510.0,2026-07
2026-07-07 19:05:00,CME_MINI:ES1!,7549.5,7551.0,7547.25,7550.0,3091.0,2026-07
2026-07-07 19:06:00,CME_MINI:ES1!,7549.75,7552.75,7549.0,7549.25,2914.0,2026-07
2026-07-07 19:07:00,CME_MINI:ES1!,7549.5,7549.5,7546.75,7547.25,2523.0,2026-07
2026-07-07 19:08:00,CME_MINI:ES1!,7547.5,7547.75,7545.0,7545.25,1915.0,2026-07
2026-07-07 19:09:00,CME_MINI:ES1!,7545.25,7546.0,7543.75,7544.75,2108.0,2026-07
2026-07-07 19:10:00,CME_MINI:ES1!,7544.5,7545.75,7543.0,7544.25,2980.0,2026-07
2026-07-07 19:11:00,CME_MINI:ES1!,7544.25,7544.75,7542.25,7543.5,2297.0,2026-07
2026-07-07 19:12:00,CME_MINI:ES1!,7543.75,7544.25,7542.5,7543.5,1884.0,2026-07
2026-07-07 19:13:00,CME_MINI:ES1!,7543.5,7547.25,7543.0,7546.5,3117.0,2026-07
2026-07-07 19:14:00,CME_MINI:ES1!,7546.25,7546.5,7544.0,7544.75,1789.0,2026-07
2026-07-07 19:15:00,CME_MINI:ES1!,7545.0,7545.75,7542.25,7542.75,2583.0,2026-07
2026-07-07 19:16:00,CME_MINI:ES1!,7542.75,7542.75,7540.5,7542.0,2830.0,2026-07
2026-07-07 19:17:00,CME_MINI:ES1!,7541.75,7544.0,7541.5,7542.5,2172.0,2026-07
2026-07-07 19:18:00,CME_MINI:ES1!,7542.25,7542.75,7537.0,7539.25,5882.0,2026-07
2026-07-07 19:19:00,CME_MINI:ES1!,7539.0,7544.0,7538.75,7543.75,2989.0,2026-07
2026-07-07 19:20:00,CME_MINI:ES1!,7543.5,7546.25,7541.25,7544.25,3566.0,2026-07
2026-07-07 19:21:00,CME_MINI:ES1!,7544.25,7545.25,7543.0,7544.0,2372.0,2026-07
2026-07-07 19:22:00,CME_MINI:ES1!,7544.0,7546.25,7544.0,7545.5,2219.0,2026-07
2026-07-07 19:23:00,CME_MINI:ES1!,7545.25,7546.75,7545.0,7546.0,1824.0,2026-07
2026-07-07 19:24:00,CME_MINI:ES1!,7545.75,7547.75,7544.5,7547.75,2012.0,2026-07
2026-07-07 19:25:00,CME_MINI:ES1!,7547.5,7548.25,7542.5,7544.5,2754.0,2026-07
2026-07-07 19:26:00,CME_MINI:ES1!,7544.5,7544.75,7542.5,7543.0,1769.0,2026-07
2026-07-07 19:27:00,CME_MINI:ES1!,7543.0,7546.75,7542.75,7545.25,2073.0,2026-07
2026-07-07 19:28:00,CME_MINI:ES1!,7545.0,7547.0,7544.25,7544.75,1736.0,2026-07
2026-07-07 19:29:00,CME_MINI:ES1!,7544.75,7545.75,7543.0,7544.25,1718.0,2026-07
2026-07-07 19:30:00,CME_MINI:ES1!,7544.0,7548.5,7543.75,7547.75,4146.0,2026-07
2026-07-07 19:31:00,CME_MINI:ES1!,7548.0,7549.0,7546.5,7547.75,3260.0,2026-07
2026-07-07 19:32:00,CME_MINI:ES1!,7548.0,7548.0,7546.0,7547.25,2375.0,2026-07
2026-07-07 19:33:00,CME_MINI:ES1!,7547.25,7548.5,7546.5,7547.75,2219.0,2026-07
2026-07-07 19:34:00,CME_MINI:ES1!,7547.75,7550.0,7546.75,7548.75,2532.0,2026-07
2026-07-07 19:35:00,CME_MINI:ES1!,7549.0,7549.0,7546.25,7546.25,2547.0,2026-07
2026-07-07 19:36:00,CME_MINI:ES1!,7546.5,7547.0,7543.75,7544.75,2119.0,2026-07
2026-07-07 19:37:00,CME_MINI:ES1!,7544.75,7545.25,7543.75,7545.0,1423.0,2026-07
2026-07-07 19:38:00,CME_MINI:ES1!,7544.75,7547.75,7544.75,7545.25,1464.0,2026-07
2026-07-07 19:39:00,CME_MINI:ES1!,7545.25,7545.25,7543.75,7544.75,1572.0,2026-07
2026-07-07 19:40:00,CME_MINI:ES1!,7545.0,7545.25,7542.25,7543.25,2012.0,2026-07
2026-07-07 19:41:00,CME_MINI:ES1!,7543.25,7544.25,7542.25,7543.75,1802.0,2026-07
2026-07-07 19:42:00,CME_MINI:ES1!,7543.75,7544.25,7541.75,7542.0,1412.0,2026-07
2026-07-07 19:43:00,CME_MINI:ES1!,7542.0,7544.0,7541.25,7541.75,2535.0,2026-07
2026-07-07 19:44:00,CME_MINI:ES1!,7542.0,7543.25,7541.75,7542.75,1474.0,2026-07
2026-07-07 19:45:00,CME_MINI:ES1!,7543.0,7547.0,7542.5,7546.75,2826.0,2026-07
2026-07-07 19:46:00,CME_MINI:ES1!,7546.5,7548.25,7545.75,7546.5,2517.0,2026-07
2026-07-07 19:47:00,CME_MINI:ES1!,7546.25,7546.5,7543.75,7544.75,2191.0,2026-07
2026-07-07 19:48:00,CME_MINI:ES1!,7544.75,7547.75,7544.0,7546.25,3051.0,2026-07
2026-07-07 19:49:00,CME_MINI:ES1!,7546.25,7547.75,7546.0,7547.5,3220.0,2026-07
2026-07-07 19:50:00,CME_MINI:ES1!,7547.5,7551.5,7547.5,7550.5,4620.0,2026-07
2026-07-07 19:51:00,CME_MINI:ES1!,7550.25,7551.0,7547.5,7550.0,3186.0,2026-07
2026-07-07 19:52:00,CME_MINI:ES1!,7549.75,7550.0,7547.75,7549.75,2490.0,2026-07
2026-07-07 19:53:00,CME_MINI:ES1!,7549.5,7552.25,7548.5,7551.75,3270.0,2026-07
2026-07-07 19:54:00,CME_MINI:ES1!,7551.75,7555.0,7551.0,7554.75,3859.0,2026-07
2026-07-07 19:55:00,CME_MINI:ES1!,7554.75,7556.75,7553.75,7556.0,6056.0,2026-07
2026-07-07 19:56:00,CME_MINI:ES1!,7556.0,7556.5,7554.0,7554.0,3221.0,2026-07
2026-07-07 19:57:00,CME_MINI:ES1!,7554.25,7554.75,7552.5,7553.5,3021.0,2026-07
2026-07-07 19:58:00,CME_MINI:ES1!,7553.75,7555.75,7552.0,7554.75,4969.0,2026-07
2026-07-07 19:59:00,CME_MINI:ES1!,7555.0,7555.0,7548.0,7553.0,48485.0,2026-07
2026-07-07 20:00:00,CME_MINI:ES1!,7553.0,7554.0,7549.25,7551.0,12182.0,2026-07
2026-07-07 20:01:00,CME_MINI:ES1!,7551.0,7552.5,7549.25,7552.0,2998.0,2026-07
2026-07-07 20:02:00,CME_MINI:ES1!,7552.25,7552.75,7550.25,7551.5,1681.0,2026-07
2026-07-07 20:03:00,CME_MINI:ES1!,7551.25,7552.0,7550.75,7551.25,1498.0,2026-07
2026-07-07 20:04:00,CME_MINI:ES1!,7551.25,7553.0,7551.25,7553.0,911.0,2026-07
2026-07-07 20:05:00,CME_MINI:ES1!,7553.0,7553.75,7550.75,7550.75,1822.0,2026-07
2026-07-07 20:06:00,CME_MINI:ES1!,7550.5,7552.0,7550.5,7551.75,937.0,2026-07
2026-07-07 20:07:00,CME_MINI:ES1!,7551.5,7553.0,7551.0,7552.75,980.0,2026-07
2026-07-07 20:08:00,CME_MINI:ES1!,7552.5,7554.5,7552.5,7554.0,1047.0,2026-07
2026-07-07 20:09:00,CME_MINI:ES1!,7554.0,7554.25,7553.25,7554.0,554.0,2026-07
2026-07-07 20:10:00,CME_MINI:ES1!,7554.0,7554.0,7550.75,7552.0,1331.0,2026-07
2026-07-07 20:11:00,CME_MINI:ES1!,7552.25,7553.25,7552.0,7553.25,451.0,2026-07
2026-07-07 20:12:00,CME_MINI:ES1!,7553.25,7553.5,7552.0,7552.25,413.0,2026-07
2026-07-07 20:13:00,CME_MINI:ES1!,7552.5,7552.75,7551.75,7552.5,422.0,2026-07
2026-07-07 20:14:00,CME_MINI:ES1!,7552.25,7552.25,7551.75,7552.0,455.0,2026-07
2026-07-07 20:15:00,CME_MINI:ES1!,7552.25,7552.5,7551.25,7552.25,238.0,2026-07
2026-07-07 20:16:00,CME_MINI:ES1!,7552.25,7552.5,7551.0,7551.0,264.0,2026-07
2026-07-07 20:17:00,CME_MINI:ES1!,7551.25,7552.25,7551.25,7551.75,286.0,2026-07
2026-07-07 20:18:00,CME_MINI:ES1!,7552.0,7552.0,7546.5,7549.0,2034.0,2026-07
2026-07-07 20:19:00,CME_MINI:ES1!,7549.0,7549.75,7549.0,7549.75,356.0,2026-07
2026-07-07 20:20:00,CME_MINI:ES1!,7549.75,7550.5,7549.5,7549.75,274.0,2026-07
2026-07-07 20:21:00,CME_MINI:ES1!,7549.75,7550.5,7549.25,7550.0,451.0,2026-07
2026-07-07 20:22:00,CME_MINI:ES1!,7550.25,7550.25,7549.5,7549.5,284.0,2026-07
2026-07-07 20:23:00,CME_MINI:ES1!,7549.5,7549.75,7549.0,7549.0,391.0,2026-07
2026-07-07 20:24:00,CME_MINI:ES1!,7549.0,7550.25,7549.0,7550.0,237.0,2026-07
2026-07-07 20:25:00,CME_MINI:ES1!,7550.25,7550.75,7550.0,7550.75,241.0,2026-07
2026-07-07 20:26:00,CME_MINI:ES1!,7550.75,7551.5,7550.5,7551.0,316.0,2026-07
2026-07-07 20:27:00,CME_MINI:ES1!,7551.0,7551.25,7550.25,7550.5,179.0,2026-07
2026-07-07 20:28:00,CME_MINI:ES1!,7550.25,7550.75,7549.75,7550.0,430.0,2026-07
2026-07-07 20:29:00,CME_MINI:ES1!,7550.0,7551.0,7550.0,7550.75,137.0,2026-07
2026-07-07 20:30:00,CME_MINI:ES1!,7550.75,7551.25,7550.5,7550.75,225.0,2026-07
2026-07-07 20:31:00,CME_MINI:ES1!,7550.75,7551.0,7550.25,7551.0,203.0,2026-07
2026-07-07 20:32:00,CME_MINI:ES1!,7551.0,7551.5,7550.75,7551.25,211.0,2026-07
2026-07-07 20:33:00,CME_MINI:ES1!,7551.25,7551.5,7551.0,7551.0,90.0,2026-07
2026-07-07 20:34:00,CME_MINI:ES1!,7551.0,7551.75,7550.75,7550.75,216.0,2026-07
2026-07-07 20:35:00,CME_MINI:ES1!,7551.0,7551.75,7551.0,7551.25,153.0,2026-07
2026-07-07 20:36:00,CME_MINI:ES1!,7551.5,7552.25,7551.25,7552.25,201.0,2026-07
2026-07-07 20:37:00,CME_MINI:ES1!,7552.25,7552.75,7552.0,7552.25,183.0,2026-07
2026-07-07 20:38:00,CME_MINI:ES1!,7552.0,7552.5,7552.0,7552.5,132.0,2026-07
2026-07-07 20:39:00,CME_MINI:ES1!,7552.5,7552.5,7551.75,7552.25,249.0,2026-07
2026-07-07 20:40:00,CME_MINI:ES1!,7552.25,7553.0,7552.25,7552.25,184.0,2026-07
2026-07-07 20:41:00,CME_MINI:ES1!,7552.25,7552.5,7551.75,7552.5,189.0,2026-07
2026-07-07 20:42:00,CME_MINI:ES1!,7552.5,7553.0,7552.0,7552.0,193.0,2026-07
2026-07-07 20:43:00,CME_MINI:ES1!,7552.0,7552.75,7552.0,7552.5,103.0,2026-07
2026-07-07 20:44:00,CME_MINI:ES1!,7552.25,7552.75,7551.75,7551.75,230.0,2026-07
2026-07-07 20:45:00,CME_MINI:ES1!,7552.0,7552.0,7551.5,7551.75,161.0,2026-07
2026-07-07 20:46:00,CME_MINI:ES1!,7551.75,7552.0,7551.5,7551.5,169.0,2026-07
2026-07-07 20:47:00,CME_MINI:ES1!,7551.5,7551.75,7551.0,7551.25,186.0,2026-07
2026-07-07 20:48:00,CME_MINI:ES1!,7551.25,7552.25,7551.0,7551.5,223.0,2026-07
2026-07-07 20:49:00,CME_MINI:ES1!,7551.5,7551.75,7551.25,7551.75,99.0,2026-07
2026-07-07 20:50:00,CME_MINI:ES1!,7551.5,7551.75,7551.0,7551.0,219.0,2026-07
2026-07-07 20:51:00,CME_MINI:ES1!,7551.0,7551.75,7550.75,7551.75,115.0,2026-07
2026-07-07 20:52:00,CME_MINI:ES1!,7551.75,7552.75,7551.5,7552.75,274.0,2026-07
2026-07-07 20:53:00,CME_MINI:ES1!,7552.75,7553.0,7552.5,7552.5,156.0,2026-07
2026-07-07 20:54:00,CME_MINI:ES1!,7552.75,7552.75,7552.5,7552.5,108.0,2026-07
2026-07-07 20:55:00,CME_MINI:ES1!,7552.75,7553.0,7552.5,7552.5,147.0,2026-07
2026-07-07 20:56:00,CME_MINI:ES1!,7552.75,7553.0,7552.5,7553.0,131.0,2026-07
2026-07-07 20:57:00,CME_MINI:ES1!,7553.0,7553.0,7551.25,7551.5,418.0,2026-07
2026-07-07 20:58:00,CME_MINI:ES1!,7551.5,7552.25,7551.5,7551.75,207.0,2026-07
2026-07-07 20:59:00,CME_MINI:ES1!,7551.75,7552.0,7551.25,7551.75,215.0,2026-07
2026-07-07 22:00:00,CME_MINI:ES1!,7545.0,7545.0,7537.5,7539.0,1204.0,2026-07
2026-07-07 22:01:00,CME_MINI:ES1!,7538.75,7547.0,7538.75,7545.0,759.0,2026-07
2026-07-07 22:02:00,CME_MINI:ES1!,7545.0,7546.5,7543.75,7546.5,436.0,2026-07
2026-07-07 22:03:00,CME_MINI:ES1!,7546.25,7547.5,7545.0,7546.25,314.0,2026-07
2026-07-07 22:04:00,CME_MINI:ES1!,7546.25,7546.25,7543.25,7544.25,170.0,2026-07
2026-07-07 22:05:00,CME_MINI:ES1!,7544.5,7546.0,7543.25,7543.5,269.0,2026-07
2026-07-07 22:06:00,CME_MINI:ES1!,7543.5,7545.5,7543.5,7543.5,109.0,2026-07
2026-07-07 22:07:00,CME_MINI:ES1!,7543.75,7544.5,7543.5,7544.25,123.0,2026-07
2026-07-07 22:08:00,CME_MINI:ES1!,7544.5,7547.25,7544.5,7546.5,170.0,2026-07
2026-07-07 22:09:00,CME_MINI:ES1!,7546.75,7546.75,7544.5,7544.75,146.0,2026-07
2026-07-07 22:10:00,CME_MINI:ES1!,7545.0,7545.75,7543.75,7545.5,145.0,2026-07
2026-07-07 22:11:00,CME_MINI:ES1!,7545.75,7546.25,7545.25,7546.25,56.0,2026-07
2026-07-07 22:12:00,CME_MINI:ES1!,7546.5,7546.75,7546.0,7546.0,54.0,2026-07
2026-07-07 22:13:00,CME_MINI:ES1!,7546.0,7546.25,7544.5,7545.75,133.0,2026-07
2026-07-07 22:14:00,CME_MINI:ES1!,7545.5,7545.75,7544.5,7545.75,144.0,2026-07
2026-07-07 22:15:00,CME_MINI:ES1!,7545.75,7547.0,7545.5,7547.0,109.0,2026-07
2026-07-07 22:16:00,CME_MINI:ES1!,7546.5,7547.0,7546.5,7547.0,96.0,2026-07
2026-07-07 22:17:00,CME_MINI:ES1!,7547.0,7547.75,7546.5,7546.5,87.0,2026-07
2026-07-07 22:18:00,CME_MINI:ES1!,7546.5,7546.5,7546.25,7546.5,39.0,2026-07
2026-07-07 22:19:00,CME_MINI:ES1!,7546.5,7547.0,7546.0,7547.0,85.0,2026-07
2026-07-07 22:20:00,CME_MINI:ES1!,7547.0,7547.25,7546.0,7546.25,113.0,2026-07
2026-07-07 22:21:00,CME_MINI:ES1!,7546.25,7546.75,7546.25,7546.25,97.0,2026-07
2026-07-07 22:22:00,CME_MINI:ES1!,7546.0,7547.25,7546.0,7547.25,170.0,2026-07
2026-07-07 22:23:00,CME_MINI:ES1!,7547.25,7547.25,7546.75,7547.0,21.0,2026-07
2026-07-07 22:24:00,CME_MINI:ES1!,7546.75,7547.0,7546.0,7547.0,109.0,2026-07
2026-07-07 22:25:00,CME_MINI:ES1!,7546.75,7546.75,7545.25,7545.5,87.0,2026-07
2026-07-07 22:26:00,CME_MINI:ES1!,7545.5,7545.75,7544.75,7544.75,37.0,2026-07
2026-07-07 22:27:00,CME_MINI:ES1!,7545.0,7545.75,7544.5,7545.75,56.0,2026-07
2026-07-07 22:28:00,CME_MINI:ES1!,7545.75,7546.25,7545.5,7545.5,64.0,2026-07
2026-07-07 22:29:00,CME_MINI:ES1!,7545.75,7546.75,7545.75,7546.75,112.0,2026-07
2026-07-07 22:30:00,CME_MINI:ES1!,7546.5,7546.5,7545.0,7545.5,79.0,2026-07
2026-07-07 22:31:00,CME_MINI:ES1!,7545.75,7545.75,7545.0,7545.5,39.0,2026-07
2026-07-07 22:32:00,CME_MINI:ES1!,7545.75,7546.25,7545.25,7546.0,56.0,2026-07
2026-07-07 22:33:00,CME_MINI:ES1!,7546.0,7546.5,7546.0,7546.5,33.0,2026-07
2026-07-07 22:34:00,CME_MINI:ES1!,7546.25,7548.0,7545.5,7547.75,186.0,2026-07
2026-07-07 22:35:00,CME_MINI:ES1!,7547.75,7548.5,7547.5,7548.0,116.0,2026-07
2026-07-07 22:36:00,CME_MINI:ES1!,7548.0,7548.25,7547.25,7547.25,61.0,2026-07
2026-07-07 22:37:00,CME_MINI:ES1!,7547.0,7547.25,7546.75,7547.0,25.0,2026-07
2026-07-07 22:38:00,CME_MINI:ES1!,7547.0,7547.5,7547.0,7547.25,47.0,2026-07
2026-07-07 22:39:00,CME_MINI:ES1!,7547.5,7547.5,7546.5,7547.0,53.0,2026-07
2026-07-07 22:40:00,CME_MINI:ES1!,7547.25,7547.5,7546.75,7547.25,68.0,2026-07
2026-07-07 22:41:00,CME_MINI:ES1!,7547.25,7547.25,7545.0,7545.5,140.0,2026-07
2026-07-07 22:42:00,CME_MINI:ES1!,7545.5,7546.75,7545.0,7546.5,127.0,2026-07
2026-07-07 22:43:00,CME_MINI:ES1!,7546.25,7546.25,7545.25,7545.75,86.0,2026-07
2026-07-07 22:44:00,CME_MINI:ES1!,7545.5,7546.25,7545.5,7545.5,84.0,2026-07
2026-07-07 22:45:00,CME_MINI:ES1!,7545.5,7546.0,7544.25,7545.25,158.0,2026-07
2026-07-07 22:46:00,CME_MINI:ES1!,7545.25,7545.75,7545.0,7545.75,108.0,2026-07
2026-07-07 22:47:00,CME_MINI:ES1!,7545.5,7546.25,7544.75,7545.75,293.0,2026-07
2026-07-07 22:48:00,CME_MINI:ES1!,7545.75,7547.5,7545.25,7547.5,123.0,2026-07
2026-07-07 22:49:00,CME_MINI:ES1!,7547.5,7547.75,7547.0,7547.25,38.0,2026-07
2026-07-07 22:50:00,CME_MINI:ES1!,7547.25,7547.25,7546.75,7546.75,21.0,2026-07
2026-07-07 22:51:00,CME_MINI:ES1!,7546.75,7547.5,7546.75,7547.0,21.0,2026-07
2026-07-07 22:52:00,CME_MINI:ES1!,7547.25,7547.25,7545.25,7545.25,47.0,2026-07
2026-07-07 22:53:00,CME_MINI:ES1!,7545.25,7547.5,7545.25,7547.25,79.0,2026-07
2026-07-07 22:54:00,CME_MINI:ES1!,7547.25,7547.25,7546.5,7546.75,56.0,2026-07
2026-07-07 22:55:00,CME_MINI:ES1!,7546.75,7548.0,7546.25,7547.75,62.0,2026-07
2026-07-07 22:56:00,CME_MINI:ES1!,7547.5,7549.0,7547.5,7548.25,113.0,2026-07
2026-07-07 22:57:00,CME_MINI:ES1!,7548.5,7548.5,7547.0,7547.0,92.0,2026-07
2026-07-07 22:58:00,CME_MINI:ES1!,7547.0,7547.75,7547.0,7547.75,97.0,2026-07
2026-07-07 22:59:00,CME_MINI:ES1!,7547.75,7549.0,7547.5,7547.5,128.0,2026-07
2026-07-07 23:00:00,CME_MINI:ES1!,7547.25,7548.0,7546.75,7547.5,63.0,2026-07
2026-07-07 23:01:00,CME_MINI:ES1!,7547.5,7548.75,7547.5,7548.75,29.0,2026-07
2026-07-07 23:02:00,CME_MINI:ES1!,7549.0,7549.0,7547.75,7547.75,34.0,2026-07
2026-07-07 23:03:00,CME_MINI:ES1!,7547.75,7547.75,7545.0,7546.0,122.0,2026-07
2026-07-07 23:04:00,CME_MINI:ES1!,7546.0,7546.25,7545.25,7546.25,67.0,2026-07
2026-07-07 23:05:00,CME_MINI:ES1!,7546.5,7548.25,7546.25,7548.0,150.0,2026-07
2026-07-07 23:06:00,CME_MINI:ES1!,7548.0,7549.25,7547.75,7548.0,111.0,2026-07
2026-07-07 23:07:00,CME_MINI:ES1!,7548.0,7548.25,7547.5,7547.5,79.0,2026-07
2026-07-07 23:08:00,CME_MINI:ES1!,7547.25,7548.5,7547.0,7548.5,176.0,2026-07
2026-07-07 23:09:00,CME_MINI:ES1!,7548.25,7548.25,7546.5,7546.75,155.0,2026-07
2026-07-07 23:10:00,CME_MINI:ES1!,7547.0,7547.5,7546.25,7546.25,91.0,2026-07
2026-07-07 23:11:00,CME_MINI:ES1!,7546.25,7546.25,7544.5,7545.75,167.0,2026-07
2026-07-07 23:12:00,CME_MINI:ES1!,7545.75,7546.0,7545.5,7545.75,38.0,2026-07
2026-07-07 23:13:00,CME_MINI:ES1!,7545.75,7546.75,7545.5,7546.5,64.0,2026-07
2026-07-07 23:14:00,CME_MINI:ES1!,7546.5,7547.75,7546.25,7547.25,72.0,2026-07
2026-07-07 23:15:00,CME_MINI:ES1!,7547.25,7547.5,7547.0,7547.25,28.0,2026-07
2026-07-07 23:16:00,CME_MINI:ES1!,7547.0,7548.5,7547.0,7547.5,52.0,2026-07
2026-07-07 23:17:00,CME_MINI:ES1!,7547.5,7550.5,7547.5,7550.0,212.0,2026-07
2026-07-07 23:18:00,CME_MINI:ES1!,7550.0,7552.25,7550.0,7551.5,280.0,2026-07
2026-07-07 23:19:00,CME_MINI:ES1!,7551.5,7553.25,7551.5,7552.5,181.0,2026-07
2026-07-07 23:20:00,CME_MINI:ES1!,7552.5,7552.75,7551.25,7551.25,76.0,2026-07
2026-07-07 23:21:00,CME_MINI:ES1!,7551.5,7551.5,7551.0,7551.0,68.0,2026-07
2026-07-07 23:22:00,CME_MINI:ES1!,7551.0,7552.0,7550.75,7551.5,150.0,2026-07
2026-07-07 23:23:00,CME_MINI:ES1!,7551.5,7551.5,7550.75,7551.0,19.0,2026-07
2026-07-07 23:24:00,CME_MINI:ES1!,7551.0,7551.25,7550.25,7550.75,54.0,2026-07
2026-07-07 23:25:00,CME_MINI:ES1!,7550.75,7551.25,7550.25,7550.75,67.0,2026-07
2026-07-07 23:26:00,CME_MINI:ES1!,7550.75,7551.0,7550.5,7551.0,28.0,2026-07
2026-07-07 23:27:00,CME_MINI:ES1!,7551.0,7551.25,7550.5,7551.25,58.0,2026-07
2026-07-07 23:28:00,CME_MINI:ES1!,7551.5,7551.75,7550.75,7551.25,126.0,2026-07
2026-07-07 23:29:00,CME_MINI:ES1!,7551.5,7552.0,7551.5,7551.75,33.0,2026-07
2026-07-07 23:30:00,CME_MINI:ES1!,7551.75,7552.75,7551.0,7552.5,92.0,2026-07
2026-07-07 23:31:00,CME_MINI:ES1!,7552.5,7552.75,7551.0,7551.5,91.0,2026-07
2026-07-07 23:32:00,CME_MINI:ES1!,7551.25,7551.25,7550.0,7550.5,65.0,2026-07
2026-07-07 23:33:00,CME_MINI:ES1!,7550.25,7550.5,7549.5,7549.75,51.0,2026-07
2026-07-07 23:34:00,CME_MINI:ES1!,7550.0,7550.0,7550.0,7550.0,22.0,2026-07
2026-07-07 23:35:00,CME_MINI:ES1!,7549.75,7549.75,7548.25,7548.75,261.0,2026-07
2026-07-07 23:36:00,CME_MINI:ES1!,7548.75,7549.0,7547.75,7548.5,118.0,2026-07
2026-07-07 23:37:00,CME_MINI:ES1!,7548.25,7548.5,7547.0,7548.25,92.0,2026-07
2026-07-07 23:38:00,CME_MINI:ES1!,7548.0,7548.25,7545.0,7545.5,138.0,2026-07
2026-07-07 23:39:00,CME_MINI:ES1!,7545.5,7546.75,7545.0,7546.75,92.0,2026-07
2026-07-07 23:40:00,CME_MINI:ES1!,7546.5,7546.75,7544.0,7545.75,127.0,2026-07
2026-07-07 23:41:00,CME_MINI:ES1!,7545.75,7545.75,7545.25,7545.5,45.0,2026-07
2026-07-07 23:42:00,CME_MINI:ES1!,7545.5,7545.75,7545.0,7545.5,92.0,2026-07
2026-07-07 23:43:00,CME_MINI:ES1!,7545.5,7546.5,7544.0,7544.25,113.0,2026-07
2026-07-07 23:44:00,CME_MINI:ES1!,7544.25,7545.0,7543.75,7544.25,91.0,2026-07
2026-07-07 23:45:00,CME_MINI:ES1!,7544.5,7546.5,7544.5,7545.0,128.0,2026-07
2026-07-07 23:46:00,CME_MINI:ES1!,7544.75,7544.75,7543.25,7543.5,211.0,2026-07
2026-07-07 23:47:00,CME_MINI:ES1!,7543.5,7544.25,7543.25,7544.25,112.0,2026-07
2026-07-07 23:48:00,CME_MINI:ES1!,7544.0,7544.25,7541.75,7543.0,186.0,2026-07
2026-07-07 23:49:00,CME_MINI:ES1!,7542.75,7543.25,7541.25,7543.25,304.0,2026-07
2026-07-07 23:50:00,CME_MINI:ES1!,7543.5,7544.0,7541.5,7541.75,123.0,2026-07
2026-07-07 23:51:00,CME_MINI:ES1!,7542.0,7542.25,7540.5,7540.5,151.0,2026-07
2026-07-07 23:52:00,CME_MINI:ES1!,7540.75,7542.25,7540.5,7541.75,104.0,2026-07
2026-07-07 23:53:00,CME_MINI:ES1!,7541.25,7541.5,7540.25,7540.5,89.0,2026-07
2026-07-07 23:54:00,CME_MINI:ES1!,7540.5,7541.25,7539.75,7541.0,143.0,2026-07
2026-07-07 23:55:00,CME_MINI:ES1!,7541.25,7541.75,7540.25,7540.25,117.0,2026-07
2026-07-07 23:56:00,CME_MINI:ES1!,7540.5,7541.0,7539.75,7539.75,91.0,2026-07
2026-07-07 23:57:00,CME_MINI:ES1!,7540.0,7540.5,7539.75,7540.0,79.0,2026-07
2026-07-07 23:58:00,CME_MINI:ES1!,7540.0,7540.25,7538.0,7538.5,331.0,2026-07
2026-07-07 23:59:00,CME_MINI:ES1!,7538.5,7539.5,7538.0,7539.0,201.0,2026-07
2026-07-08 00:00:00,CME_MINI:ES1!,7538.75,7540.75,7533.75,7534.0,808.0,2026-07
2026-07-08 00:01:00,CME_MINI:ES1!,7533.5,7536.25,7533.25,7535.25,368.0,2026-07
2026-07-08 00:02:00,CME_MINI:ES1!,7535.5,7535.75,7533.5,7535.75,384.0,2026-07
2026-07-08 00:03:00,CME_MINI:ES1!,7535.25,7538.75,7533.75,7537.5,388.0,2026-07
2026-07-08 00:04:00,CME_MINI:ES1!,7537.75,7540.75,7537.75,7540.75,301.0,2026-07
2026-07-08 00:05:00,CME_MINI:ES1!,7540.75,7544.5,7540.5,7544.25,422.0,2026-07
2026-07-08 00:06:00,CME_MINI:ES1!,7544.25,7546.5,7543.5,7545.5,510.0,2026-07
2026-07-08 00:07:00,CME_MINI:ES1!,7545.25,7545.5,7543.25,7543.75,299.0,2026-07
2026-07-08 00:08:00,CME_MINI:ES1!,7543.75,7546.25,7543.0,7543.75,292.0,2026-07
2026-07-08 00:09:00,CME_MINI:ES1!,7543.5,7548.25,7543.25,7547.25,490.0,2026-07
2026-07-08 00:10:00,CME_MINI:ES1!,7546.75,7547.25,7544.75,7545.5,294.0,2026-07
2026-07-08 00:11:00,CME_MINI:ES1!,7545.5,7547.25,7545.0,7547.0,222.0,2026-07
2026-07-08 00:12:00,CME_MINI:ES1!,7547.0,7547.75,7545.25,7547.75,261.0,2026-07
2026-07-08 00:13:00,CME_MINI:ES1!,7547.75,7549.5,7547.25,7548.25,370.0,2026-07
2026-07-08 00:14:00,CME_MINI:ES1!,7548.25,7549.25,7547.0,7547.75,221.0,2026-07
2026-07-08 00:15:00,CME_MINI:ES1!,7547.5,7552.25,7547.5,7549.75,551.0,2026-07
2026-07-08 00:16:00,CME_MINI:ES1!,7549.75,7550.75,7548.5,7549.5,195.0,2026-07
2026-07-08 00:17:00,CME_MINI:ES1!,7549.5,7549.75,7545.5,7546.0,274.0,2026-07
2026-07-08 00:18:00,CME_MINI:ES1!,7546.0,7547.75,7545.25,7546.5,227.0,2026-07
2026-07-08 00:19:00,CME_MINI:ES1!,7546.5,7549.0,7546.0,7548.75,196.0,2026-07
2026-07-08 00:20:00,CME_MINI:ES1!,7548.75,7548.75,7546.75,7547.5,119.0,2026-07
2026-07-08 00:21:00,CME_MINI:ES1!,7547.25,7549.75,7546.75,7549.25,168.0,2026-07
2026-07-08 00:22:00,CME_MINI:ES1!,7549.25,7552.5,7549.0,7550.0,330.0,2026-07
2026-07-08 00:23:00,CME_MINI:ES1!,7550.25,7552.75,7550.25,7552.5,185.0,2026-07
2026-07-08 00:24:00,CME_MINI:ES1!,7552.75,7555.5,7552.75,7555.0,377.0,2026-07
2026-07-08 00:25:00,CME_MINI:ES1!,7555.0,7555.5,7554.0,7554.0,248.0,2026-07
2026-07-08 00:26:00,CME_MINI:ES1!,7554.0,7555.75,7553.5,7555.5,225.0,2026-07
2026-07-08 00:27:00,CME_MINI:ES1!,7555.75,7556.0,7554.5,7555.0,190.0,2026-07
2026-07-08 00:28:00,CME_MINI:ES1!,7555.0,7555.25,7553.75,7553.75,186.0,2026-07
2026-07-08 00:29:00,CME_MINI:ES1!,7553.75,7554.5,7549.0,7552.5,884.0,2026-07
2026-07-08 00:30:00,CME_MINI:ES1!,7552.25,7552.5,7550.5,7550.75,197.0,2026-07
2026-07-08 00:31:00,CME_MINI:ES1!,7550.75,7553.25,7550.25,7552.75,324.0,2026-07
2026-07-08 00:32:00,CME_MINI:ES1!,7552.75,7552.75,7551.25,7551.75,196.0,2026-07
2026-07-08 00:33:00,CME_MINI:ES1!,7551.75,7552.5,7549.5,7549.5,218.0,2026-07
2026-07-08 00:34:00,CME_MINI:ES1!,7549.75,7550.25,7548.5,7549.75,192.0,2026-07
2026-07-08 00:35:00,CME_MINI:ES1!,7549.75,7550.5,7548.0,7548.75,206.0,2026-07
2026-07-08 00:36:00,CME_MINI:ES1!,7549.0,7552.0,7548.75,7551.5,172.0,2026-07
2026-07-08 00:37:00,CME_MINI:ES1!,7551.25,7552.25,7551.25,7552.0,130.0,2026-07
2026-07-08 00:38:00,CME_MINI:ES1!,7552.0,7553.5,7551.5,7553.5,120.0,2026-07
2026-07-08 00:39:00,CME_MINI:ES1!,7553.75,7556.25,7553.25,7555.75,256.0,2026-07
2026-07-08 00:40:00,CME_MINI:ES1!,7555.75,7556.5,7555.25,7556.25,325.0,2026-07
2026-07-08 00:41:00,CME_MINI:ES1!,7556.0,7556.5,7555.25,7556.25,273.0,2026-07
2026-07-08 00:42:00,CME_MINI:ES1!,7556.25,7558.0,7556.25,7557.75,318.0,2026-07
2026-07-08 00:43:00,CME_MINI:ES1!,7557.75,7558.5,7557.5,7557.75,276.0,2026-07
2026-07-08 00:44:00,CME_MINI:ES1!,7557.75,7559.75,7557.5,7559.0,318.0,2026-07
2026-07-08 00:45:00,CME_MINI:ES1!,7559.25,7561.25,7558.75,7560.0,740.0,2026-07
2026-07-08 00:46:00,CME_MINI:ES1!,7560.0,7560.25,7559.0,7559.75,272.0,2026-07
2026-07-08 00:47:00,CME_MINI:ES1!,7559.75,7560.25,7558.5,7559.75,222.0,2026-07
2026-07-08 00:48:00,CME_MINI:ES1!,7559.75,7560.25,7557.75,7558.0,222.0,2026-07
2026-07-08 00:49:00,CME_MINI:ES1!,7557.75,7558.75,7557.25,7558.5,184.0,2026-07
2026-07-08 00:50:00,CME_MINI:ES1!,7558.5,7559.75,7558.25,7559.5,135.0,2026-07
2026-07-08 00:51:00,CME_MINI:ES1!,7559.75,7560.0,7558.75,7558.75,187.0,2026-07
2026-07-08 00:52:00,CME_MINI:ES1!,7559.0,7559.5,7558.25,7559.25,159.0,2026-07
2026-07-08 00:53:00,CME_MINI:ES1!,7559.5,7559.75,7559.0,7559.75,110.0,2026-07
2026-07-08 00:54:00,CME_MINI:ES1!,7559.75,7560.0,7558.5,7559.0,178.0,2026-07
2026-07-08 00:55:00,CME_MINI:ES1!,7558.75,7560.0,7558.75,7559.25,120.0,2026-07
2026-07-08 00:56:00,CME_MINI:ES1!,7559.0,7559.75,7558.75,7559.5,180.0,2026-07
2026-07-08 00:57:00,CME_MINI:ES1!,7559.75,7560.0,7559.0,7559.75,106.0,2026-07
2026-07-08 00:58:00,CME_MINI:ES1!,7559.75,7561.75,7559.5,7560.25,275.0,2026-07
2026-07-08 00:59:00,CME_MINI:ES1!,7560.25,7562.0,7560.25,7561.75,213.0,2026-07
2026-07-08 01:00:00,CME_MINI:ES1!,7561.75,7562.5,7560.25,7561.5,359.0,2026-07
2026-07-08 01:01:00,CME_MINI:ES1!,7561.75,7562.5,7561.25,7561.25,335.0,2026-07
2026-07-08 01:02:00,CME_MINI:ES1!,7561.5,7561.75,7560.5,7561.5,224.0,2026-07
2026-07-08 01:03:00,CME_MINI:ES1!,7561.25,7561.75,7560.5,7560.75,200.0,2026-07
2026-07-08 01:04:00,CME_MINI:ES1!,7560.75,7562.0,7560.25,7560.25,211.0,2026-07
2026-07-08 01:05:00,CME_MINI:ES1!,7560.25,7560.5,7557.75,7557.75,334.0,2026-07
2026-07-08 01:06:00,CME_MINI:ES1!,7558.0,7558.75,7557.75,7558.0,141.0,2026-07
2026-07-08 01:07:00,CME_MINI:ES1!,7558.0,7558.25,7556.5,7557.25,216.0,2026-07
2026-07-08 01:08:00,CME_MINI:ES1!,7557.25,7558.75,7557.0,7558.5,179.0,2026-07
2026-07-08 01:09:00,CME_MINI:ES1!,7558.75,7558.75,7557.25,7557.75,124.0,2026-07
2026-07-08 01:10:00,CME_MINI:ES1!,7558.0,7560.5,7558.0,7559.75,253.0,2026-07
2026-07-08 01:11:00,CME_MINI:ES1!,7559.75,7560.5,7559.75,7560.25,112.0,2026-07
2026-07-08 01:12:00,CME_MINI:ES1!,7560.25,7562.25,7560.25,7561.75,138.0,2026-07
2026-07-08 01:13:00,CME_MINI:ES1!,7561.5,7563.0,7561.5,7562.75,203.0,2026-07
2026-07-08 01:14:00,CME_MINI:ES1!,7562.75,7562.75,7562.0,7562.5,144.0,2026-07
2026-07-08 01:15:00,CME_MINI:ES1!,7562.5,7562.75,7560.75,7561.25,135.0,2026-07
2026-07-08 01:16:00,CME_MINI:ES1!,7561.5,7562.25,7561.25,7562.0,78.0,2026-07
2026-07-08 01:17:00,CME_MINI:ES1!,7561.75,7562.0,7560.75,7561.0,133.0,2026-07
2026-07-08 01:18:00,CME_MINI:ES1!,7560.75,7560.75,7559.75,7560.0,116.0,2026-07
2026-07-08 01:19:00,CME_MINI:ES1!,7560.25,7561.0,7559.75,7560.75,124.0,2026-07
2026-07-08 01:20:00,CME_MINI:ES1!,7560.75,7560.75,7558.75,7559.0,81.0,2026-07
2026-07-08 01:21:00,CME_MINI:ES1!,7559.0,7559.5,7558.25,7558.75,100.0,2026-07
2026-07-08 01:22:00,CME_MINI:ES1!,7558.5,7559.0,7558.25,7559.0,123.0,2026-07
2026-07-08 01:23:00,CME_MINI:ES1!,7559.0,7560.0,7558.5,7558.5,82.0,2026-07
2026-07-08 01:24:00,CME_MINI:ES1!,7558.5,7558.75,7557.0,7557.75,131.0,2026-07
2026-07-08 01:25:00,CME_MINI:ES1!,7558.0,7558.25,7557.5,7557.75,108.0,2026-07
2026-07-08 01:26:00,CME_MINI:ES1!,7557.75,7559.0,7557.75,7559.0,48.0,2026-07
2026-07-08 01:27:00,CME_MINI:ES1!,7558.75,7559.25,7556.5,7556.75,147.0,2026-07
2026-07-08 01:28:00,CME_MINI:ES1!,7556.5,7556.75,7555.5,7556.25,182.0,2026-07
2026-07-08 01:29:00,CME_MINI:ES1!,7556.25,7556.75,7556.0,7556.5,55.0,2026-07
2026-07-08 01:30:00,CME_MINI:ES1!,7556.75,7557.5,7555.75,7555.75,167.0,2026-07
2026-07-08 01:31:00,CME_MINI:ES1!,7555.75,7557.0,7555.5,7556.75,132.0,2026-07
2026-07-08 01:32:00,CME_MINI:ES1!,7556.75,7558.0,7555.75,7556.5,146.0,2026-07
2026-07-08 01:33:00,CME_MINI:ES1!,7556.25,7556.25,7554.5,7554.5,187.0,2026-07
2026-07-08 01:34:00,CME_MINI:ES1!,7554.5,7555.5,7554.25,7555.25,145.0,2026-07
2026-07-08 01:35:00,CME_MINI:ES1!,7555.25,7555.75,7554.75,7555.0,102.0,2026-07
2026-07-08 01:36:00,CME_MINI:ES1!,7555.0,7555.5,7553.0,7553.5,264.0,2026-07
2026-07-08 01:37:00,CME_MINI:ES1!,7553.5,7553.75,7553.0,7553.75,203.0,2026-07
2026-07-08 01:38:00,CME_MINI:ES1!,7553.5,7553.75,7550.5,7551.25,490.0,2026-07
2026-07-08 01:39:00,CME_MINI:ES1!,7551.0,7553.75,7550.75,7553.75,292.0,2026-07
2026-07-08 01:40:00,CME_MINI:ES1!,7553.5,7555.25,7553.5,7554.75,309.0,2026-07
2026-07-08 01:41:00,CME_MINI:ES1!,7554.75,7555.0,7552.0,7552.25,151.0,2026-07
2026-07-08 01:42:00,CME_MINI:ES1!,7552.5,7554.75,7552.5,7553.5,145.0,2026-07
2026-07-08 01:43:00,CME_MINI:ES1!,7553.5,7554.75,7553.25,7553.5,135.0,2026-07
2026-07-08 01:44:00,CME_MINI:ES1!,7553.5,7555.0,7553.5,7554.25,126.0,2026-07
2026-07-08 01:45:00,CME_MINI:ES1!,7554.0,7556.25,7554.0,7556.25,199.0,2026-07
2026-07-08 01:46:00,CME_MINI:ES1!,7556.0,7557.5,7555.5,7555.75,223.0,2026-07
2026-07-08 01:47:00,CME_MINI:ES1!,7555.75,7557.25,7555.5,7557.25,118.0,2026-07
2026-07-08 01:48:00,CME_MINI:ES1!,7557.25,7558.25,7556.0,7556.25,171.0,2026-07
2026-07-08 01:49:00,CME_MINI:ES1!,7556.25,7557.0,7555.5,7556.75,85.0,2026-07
2026-07-08 01:50:00,CME_MINI:ES1!,7557.0,7557.75,7556.5,7557.0,96.0,2026-07
2026-07-08 01:51:00,CME_MINI:ES1!,7557.25,7557.25,7554.5,7554.75,104.0,2026-07
2026-07-08 01:52:00,CME_MINI:ES1!,7554.75,7555.5,7554.5,7555.5,78.0,2026-07
2026-07-08 01:53:00,CME_MINI:ES1!,7555.25,7555.5,7554.25,7554.5,90.0,2026-07
2026-07-08 01:54:00,CME_MINI:ES1!,7554.5,7554.5,7552.5,7552.75,171.0,2026-07
2026-07-08 01:55:00,CME_MINI:ES1!,7552.75,7553.5,7551.75,7553.0,181.0,2026-07
2026-07-08 01:56:00,CME_MINI:ES1!,7553.25,7553.75,7552.0,7552.5,153.0,2026-07
2026-07-08 01:57:00,CME_MINI:ES1!,7552.5,7554.0,7552.0,7553.25,118.0,2026-07
2026-07-08 01:58:00,CME_MINI:ES1!,7553.25,7554.5,7553.25,7553.75,104.0,2026-07
2026-07-08 01:59:00,CME_MINI:ES1!,7553.75,7554.0,7553.0,7553.0,87.0,2026-07
2026-07-08 02:00:00,CME_MINI:ES1!,7553.25,7553.75,7550.0,7550.5,218.0,2026-07
2026-07-08 02:01:00,CME_MINI:ES1!,7550.25,7550.75,7549.5,7550.75,194.0,2026-07
2026-07-08 02:02:00,CME_MINI:ES1!,7550.75,7551.0,7549.0,7549.0,166.0,2026-07
2026-07-08 02:03:00,CME_MINI:ES1!,7549.25,7550.5,7548.75,7549.75,164.0,2026-07
2026-07-08 02:04:00,CME_MINI:ES1!,7549.75,7550.25,7549.25,7550.0,151.0,2026-07
2026-07-08 02:05:00,CME_MINI:ES1!,7550.0,7550.0,7548.75,7549.0,160.0,2026-07
2026-07-08 02:06:00,CME_MINI:ES1!,7549.0,7549.75,7547.75,7548.25,245.0,2026-07
2026-07-08 02:07:00,CME_MINI:ES1!,7548.25,7549.75,7548.25,7549.75,108.0,2026-07
2026-07-08 02:08:00,CME_MINI:ES1!,7549.75,7550.75,7548.0,7548.5,176.0,2026-07
2026-07-08 02:09:00,CME_MINI:ES1!,7548.5,7549.75,7547.5,7549.75,185.0,2026-07
2026-07-08 02:10:00,CME_MINI:ES1!,7550.0,7550.75,7549.0,7550.0,108.0,2026-07
2026-07-08 02:11:00,CME_MINI:ES1!,7550.25,7550.75,7549.25,7549.5,122.0,2026-07
2026-07-08 02:12:00,CME_MINI:ES1!,7549.5,7549.5,7547.25,7548.75,109.0,2026-07
2026-07-08 02:13:00,CME_MINI:ES1!,7548.75,7550.25,7548.25,7549.5,119.0,2026-07
2026-07-08 02:14:00,CME_MINI:ES1!,7549.5,7549.5,7548.0,7548.0,69.0,2026-07
2026-07-08 02:15:00,CME_MINI:ES1!,7548.0,7549.0,7547.75,7549.0,139.0,2026-07
2026-07-08 02:16:00,CME_MINI:ES1!,7549.0,7549.5,7546.5,7546.75,173.0,2026-07
2026-07-08 02:17:00,CME_MINI:ES1!,7547.0,7548.25,7547.0,7548.25,121.0,2026-07
2026-07-08 02:18:00,CME_MINI:ES1!,7548.0,7549.5,7548.0,7549.0,126.0,2026-07
2026-07-08 02:19:00,CME_MINI:ES1!,7548.5,7550.25,7548.5,7549.75,145.0,2026-07
2026-07-08 02:20:00,CME_MINI:ES1!,7549.75,7550.5,7548.75,7548.75,123.0,2026-07
2026-07-08 02:21:00,CME_MINI:ES1!,7548.75,7550.25,7547.5,7550.0,148.0,2026-07
2026-07-08 02:22:00,CME_MINI:ES1!,7550.0,7551.0,7548.75,7549.25,100.0,2026-07
2026-07-08 02:23:00,CME_MINI:ES1!,7549.25,7550.75,7549.25,7550.5,120.0,2026-07
2026-07-08 02:24:00,CME_MINI:ES1!,7550.5,7551.0,7550.25,7550.75,68.0,2026-07
2026-07-08 02:25:00,CME_MINI:ES1!,7550.75,7551.75,7550.5,7551.5,109.0,2026-07
2026-07-08 02:26:00,CME_MINI:ES1!,7551.5,7553.25,7551.25,7553.0,170.0,2026-07
2026-07-08 02:27:00,CME_MINI:ES1!,7552.5,7552.75,7549.5,7551.0,505.0,2026-07
2026-07-08 02:28:00,CME_MINI:ES1!,7551.0,7551.25,7549.75,7550.0,112.0,2026-07
2026-07-08 02:29:00,CME_MINI:ES1!,7550.25,7550.25,7548.5,7548.75,113.0,2026-07
2026-07-08 02:30:00,CME_MINI:ES1!,7548.75,7549.5,7548.25,7548.75,94.0,2026-07
2026-07-08 02:31:00,CME_MINI:ES1!,7548.5,7549.0,7547.25,7548.0,127.0,2026-07
2026-07-08 02:32:00,CME_MINI:ES1!,7548.0,7548.0,7546.5,7546.75,126.0,2026-07
2026-07-08 02:33:00,CME_MINI:ES1!,7547.0,7547.5,7546.25,7547.25,93.0,2026-07
2026-07-08 02:34:00,CME_MINI:ES1!,7547.25,7548.5,7547.0,7548.0,87.0,2026-07
2026-07-08 02:35:00,CME_MINI:ES1!,7548.0,7548.5,7547.5,7547.5,111.0,2026-07
2026-07-08 02:36:00,CME_MINI:ES1!,7547.5,7547.75,7546.75,7547.25,97.0,2026-07
2026-07-08 02:37:00,CME_MINI:ES1!,7547.25,7547.75,7546.75,7547.75,93.0,2026-07
2026-07-08 02:38:00,CME_MINI:ES1!,7547.75,7548.5,7547.25,7547.75,68.0,2026-07
2026-07-08 02:39:00,CME_MINI:ES1!,7547.75,7548.75,7547.75,7548.5,87.0,2026-07
2026-07-08 02:40:00,CME_MINI:ES1!,7548.75,7549.25,7548.5,7549.0,62.0,2026-07
2026-07-08 02:41:00,CME_MINI:ES1!,7548.75,7550.0,7548.75,7549.0,110.0,2026-07
2026-07-08 02:42:00,CME_MINI:ES1!,7549.25,7550.0,7548.25,7550.0,100.0,2026-07
2026-07-08 02:43:00,CME_MINI:ES1!,7550.0,7550.5,7549.75,7550.0,65.0,2026-07
2026-07-08 02:44:00,CME_MINI:ES1!,7550.25,7552.25,7550.25,7552.25,177.0,2026-07
2026-07-08 02:45:00,CME_MINI:ES1!,7552.5,7554.0,7552.5,7553.75,205.0,2026-07
2026-07-08 02:46:00,CME_MINI:ES1!,7553.75,7554.0,7552.75,7553.25,87.0,2026-07
2026-07-08 02:47:00,CME_MINI:ES1!,7553.5,7554.25,7553.25,7554.25,45.0,2026-07
2026-07-08 02:48:00,CME_MINI:ES1!,7554.25,7555.0,7553.25,7553.25,150.0,2026-07
2026-07-08 02:49:00,CME_MINI:ES1!,7553.5,7554.0,7553.25,7553.75,85.0,2026-07
2026-07-08 02:50:00,CME_MINI:ES1!,7553.75,7554.25,7552.5,7552.5,141.0,2026-07
2026-07-08 02:51:00,CME_MINI:ES1!,7552.5,7553.25,7552.25,7552.75,63.0,2026-07
2026-07-08 02:52:00,CME_MINI:ES1!,7552.75,7552.75,7551.5,7551.75,134.0,2026-07
2026-07-08 02:53:00,CME_MINI:ES1!,7551.75,7553.25,7551.5,7553.25,129.0,2026-07
2026-07-08 02:54:00,CME_MINI:ES1!,7553.25,7553.5,7552.75,7553.5,102.0,2026-07
2026-07-08 02:55:00,CME_MINI:ES1!,7553.75,7554.25,7553.25,7553.25,51.0,2026-07
2026-07-08 02:56:00,CME_MINI:ES1!,7553.5,7553.5,7552.5,7553.5,72.0,2026-07
2026-07-08 02:57:00,CME_MINI:ES1!,7553.25,7553.75,7553.0,7553.75,37.0,2026-07
2026-07-08 02:58:00,CME_MINI:ES1!,7553.75,7554.0,7552.75,7553.0,49.0,2026-07
2026-07-08 02:59:00,CME_MINI:ES1!,7553.25,7553.25,7551.5,7553.0,74.0,2026-07
2026-07-08 03:00:00,CME_MINI:ES1!,7553.25,7554.75,7553.25,7553.5,110.0,2026-07
2026-07-08 03:01:00,CME_MINI:ES1!,7553.5,7555.75,7553.5,7555.5,163.0,2026-07
2026-07-08 03:02:00,CME_MINI:ES1!,7555.25,7555.75,7555.0,7555.25,91.0,2026-07
2026-07-08 03:03:00,CME_MINI:ES1!,7555.5,7555.5,7554.75,7555.25,80.0,2026-07
2026-07-08 03:04:00,CME_MINI:ES1!,7555.5,7555.75,7555.0,7555.5,154.0,2026-07
2026-07-08 03:05:00,CME_MINI:ES1!,7555.5,7556.25,7555.0,7555.5,83.0,2026-07
2026-07-08 03:06:00,CME_MINI:ES1!,7555.5,7555.75,7554.0,7554.25,129.0,2026-07
2026-07-08 03:07:00,CME_MINI:ES1!,7554.5,7555.0,7554.0,7555.0,60.0,2026-07
2026-07-08 03:08:00,CME_MINI:ES1!,7555.0,7555.5,7554.5,7554.75,53.0,2026-07
2026-07-08 03:09:00,CME_MINI:ES1!,7554.75,7555.75,7554.75,7555.5,47.0,2026-07
2026-07-08 03:10:00,CME_MINI:ES1!,7555.75,7556.5,7555.25,7556.5,101.0,2026-07
2026-07-08 03:11:00,CME_MINI:ES1!,7556.25,7556.75,7556.0,7556.75,88.0,2026-07
2026-07-08 03:12:00,CME_MINI:ES1!,7556.75,7557.75,7556.75,7557.25,177.0,2026-07
2026-07-08 18:21:00,CME_MINI:ES1!,7524.0,7526.0,7524.0,7526.0,1495.0,2026-07
2026-07-08 18:22:00,CME_MINI:ES1!,7525.75,7528.0,7525.75,7527.0,1914.0,2026-07
2026-07-08 18:23:00,CME_MINI:ES1!,7527.0,7527.5,7525.5,7525.75,1101.0,2026-07
2026-07-08 18:24:00,CME_MINI:ES1!,7525.5,7526.5,7523.5,7524.25,1588.0,2026-07
2026-07-08 18:25:00,CME_MINI:ES1!,7524.25,7525.75,7523.0,7524.75,1671.0,2026-07
2026-07-08 18:26:00,CME_MINI:ES1!,7524.75,7525.75,7524.5,7525.25,1020.0,2026-07
2026-07-08 18:27:00,CME_MINI:ES1!,7525.25,7527.25,7524.75,7525.75,1053.0,2026-07
2026-07-08 18:28:00,CME_MINI:ES1!,7525.5,7527.0,7523.5,7523.75,1001.0,2026-07
2026-07-08 18:29:00,CME_MINI:ES1!,7523.75,7523.75,7521.5,7521.75,1072.0,2026-07
2026-07-08 18:30:00,CME_MINI:ES1!,7521.5,7522.25,7518.75,7519.0,2072.0,2026-07
2026-07-08 18:31:00,CME_MINI:ES1!,7518.75,7521.0,7517.75,7520.25,1733.0,2026-07
2026-07-08 18:32:00,CME_MINI:ES1!,7520.0,7522.75,7519.25,7519.5,1538.0,2026-07
2026-07-08 18:33:00,CME_MINI:ES1!,7519.25,7519.75,7517.75,7518.5,1225.0,2026-07
2026-07-08 18:34:00,CME_MINI:ES1!,7518.25,7519.75,7518.25,7519.5,1047.0,2026-07
2026-07-08 18:35:00,CME_MINI:ES1!,7519.25,7520.5,7518.25,7519.5,1302.0,2026-07
2026-07-08 18:36:00,CME_MINI:ES1!,7519.25,7523.75,7519.25,7522.75,1597.0,2026-07
2026-07-08 18:37:00,CME_MINI:ES1!,7522.5,7526.75,7522.5,7525.25,1785.0,2026-07
2026-07-08 18:38:00,CME_MINI:ES1!,7525.0,7527.0,7524.75,7525.75,1231.0,2026-07
2026-07-08 18:39:00,CME_MINI:ES1!,7525.5,7527.5,7525.25,7526.75,1123.0,2026-07
2026-07-08 18:40:00,CME_MINI:ES1!,7526.75,7528.0,7524.25,7525.0,1866.0,2026-07
2026-07-08 18:41:00,CME_MINI:ES1!,7524.75,7525.5,7521.25,7522.25,2114.0,2026-07
2026-07-08 18:42:00,CME_MINI:ES1!,7522.0,7523.5,7520.5,7521.25,1240.0,2026-07
2026-07-08 18:43:00,CME_MINI:ES1!,7521.25,7524.25,7521.0,7523.75,945.0,2026-07
2026-07-08 18:44:00,CME_MINI:ES1!,7523.75,7526.0,7523.75,7525.5,1020.0,2026-07
2026-07-08 18:45:00,CME_MINI:ES1!,7525.5,7526.25,7524.0,7524.75,1099.0,2026-07
2026-07-08 18:46:00,CME_MINI:ES1!,7524.75,7526.0,7524.25,7525.75,817.0,2026-07
2026-07-08 18:47:00,CME_MINI:ES1!,7525.75,7526.0,7523.0,7524.0,769.0,2026-07
2026-07-08 18:48:00,CME_MINI:ES1!,7524.25,7526.0,7522.75,7525.75,790.0,2026-07
2026-07-08 18:49:00,CME_MINI:ES1!,7526.0,7528.25,7526.0,7527.75,1195.0,2026-07
2026-07-08 18:50:00,CME_MINI:ES1!,7527.75,7528.0,7525.75,7528.0,1319.0,2026-07
2026-07-08 18:51:00,CME_MINI:ES1!,7527.75,7528.75,7526.75,7528.75,1139.0,2026-07
2026-07-08 18:52:00,CME_MINI:ES1!,7528.75,7530.5,7527.0,7528.25,1976.0,2026-07
2026-07-08 18:53:00,CME_MINI:ES1!,7528.25,7529.0,7525.5,7526.25,1584.0,2026-07
2026-07-08 18:54:00,CME_MINI:ES1!,7526.25,7528.25,7525.75,7526.5,1035.0,2026-07
2026-07-08 18:55:00,CME_MINI:ES1!,7526.75,7526.75,7524.75,7525.25,1175.0,2026-07
2026-07-08 18:56:00,CME_MINI:ES1!,7525.0,7526.0,7523.0,7524.75,1691.0,2026-07
2026-07-08 18:57:00,CME_MINI:ES1!,7524.75,7526.0,7524.25,7525.75,956.0,2026-07
2026-07-08 18:58:00,CME_MINI:ES1!,7525.75,7526.25,7524.75,7526.0,1268.0,2026-07
2026-07-08 18:59:00,CME_MINI:ES1!,7525.75,7528.5,7525.25,7528.25,1584.0,2026-07
2026-07-08 19:00:00,CME_MINI:ES1!,7528.5,7532.5,7527.5,7530.75,2759.0,2026-07
2026-07-08 19:01:00,CME_MINI:ES1!,7530.75,7531.5,7528.0,7528.25,1923.0,2026-07
2026-07-08 19:02:00,CME_MINI:ES1!,7528.25,7529.0,7526.0,7526.5,2200.0,2026-07
2026-07-08 19:03:00,CME_MINI:ES1!,7526.25,7527.5,7525.5,7526.75,1625.0,2026-07
2026-07-08 19:04:00,CME_MINI:ES1!,7526.5,7527.75,7526.25,7527.25,1106.0,2026-07
2026-07-08 19:05:00,CME_MINI:ES1!,7527.25,7529.0,7525.75,7527.5,1522.0,2026-07
2026-07-08 19:06:00,CME_MINI:ES1!,7527.25,7527.25,7524.75,7526.75,1314.0,2026-07
2026-07-08 19:07:00,CME_MINI:ES1!,7527.0,7529.0,7527.0,7527.25,1088.0,2026-07
2026-07-08 19:08:00,CME_MINI:ES1!,7527.0,7528.25,7526.25,7528.25,990.0,2026-07
2026-07-08 19:09:00,CME_MINI:ES1!,7528.25,7528.75,7526.75,7528.0,914.0,2026-07
2026-07-08 19:10:00,CME_MINI:ES1!,7528.25,7528.5,7526.0,7527.0,1146.0,2026-07
2026-07-08 19:11:00,CME_MINI:ES1!,7527.0,7527.25,7524.0,7524.5,1285.0,2026-07
2026-07-08 19:12:00,CME_MINI:ES1!,7524.5,7525.0,7523.0,7524.75,1518.0,2026-07
2026-07-08 19:13:00,CME_MINI:ES1!,7524.5,7525.0,7523.5,7523.5,1074.0,2026-07
2026-07-08 19:14:00,CME_MINI:ES1!,7523.75,7524.75,7522.5,7523.75,1179.0,2026-07
2026-07-08 19:15:00,CME_MINI:ES1!,7523.5,7524.75,7522.75,7523.0,1180.0,2026-07
2026-07-08 19:16:00,CME_MINI:ES1!,7523.0,7523.75,7522.0,7522.75,1348.0,2026-07
2026-07-08 19:17:00,CME_MINI:ES1!,7522.75,7524.25,7521.75,7524.0,1014.0,2026-07
2026-07-08 19:18:00,CME_MINI:ES1!,7524.0,7526.5,7524.0,7525.0,1235.0,2026-07
2026-07-08 19:19:00,CME_MINI:ES1!,7525.0,7525.25,7522.75,7523.0,929.0,2026-07
2026-07-08 19:20:00,CME_MINI:ES1!,7523.25,7525.25,7523.0,7525.0,1088.0,2026-07
2026-07-08 19:21:00,CME_MINI:ES1!,7525.0,7527.5,7524.0,7526.5,1450.0,2026-07
2026-07-08 19:22:00,CME_MINI:ES1!,7526.25,7526.75,7524.0,7524.0,1029.0,2026-07
2026-07-08 19:23:00,CME_MINI:ES1!,7524.25,7525.25,7523.75,7524.5,807.0,2026-07
2026-07-08 19:24:00,CME_MINI:ES1!,7524.75,7525.0,7524.0,7525.0,749.0,2026-07
2026-07-08 19:25:00,CME_MINI:ES1!,7525.25,7526.5,7524.75,7525.75,797.0,2026-07
2026-07-08 19:26:00,CME_MINI:ES1!,7525.75,7526.25,7524.25,7525.25,916.0,2026-07
2026-07-08 19:27:00,CME_MINI:ES1!,7525.25,7527.0,7525.0,7525.5,940.0,2026-07
2026-07-08 19:28:00,CME_MINI:ES1!,7525.25,7526.5,7524.25,7524.75,1013.0,2026-07
2026-07-08 19:29:00,CME_MINI:ES1!,7524.75,7528.5,7524.75,7526.75,1646.0,2026-07
2026-07-08 19:30:00,CME_MINI:ES1!,7526.75,7528.25,7524.75,7524.75,2478.0,2026-07
2026-07-08 19:31:00,CME_MINI:ES1!,7525.0,7526.25,7523.25,7525.5,2095.0,2026-07
2026-07-08 19:32:00,CME_MINI:ES1!,7525.5,7526.25,7524.0,7524.75,1073.0,2026-07
2026-07-08 19:33:00,CME_MINI:ES1!,7524.75,7525.25,7523.0,7523.0,1129.0,2026-07
2026-07-08 19:34:00,CME_MINI:ES1!,7523.0,7524.75,7523.0,7524.0,1128.0,2026-07
2026-07-08 19:35:00,CME_MINI:ES1!,7523.75,7524.5,7523.0,7524.25,1162.0,2026-07
2026-07-08 19:36:00,CME_MINI:ES1!,7524.25,7528.25,7524.0,7527.5,1439.0,2026-07
2026-07-08 19:37:00,CME_MINI:ES1!,7527.5,7528.25,7527.0,7527.75,1368.0,2026-07
2026-07-08 19:38:00,CME_MINI:ES1!,7527.75,7528.5,7526.0,7526.25,1275.0,2026-07
2026-07-08 19:39:00,CME_MINI:ES1!,7526.5,7528.0,7526.0,7527.0,944.0,2026-07
2026-07-08 19:40:00,CME_MINI:ES1!,7526.75,7527.25,7524.75,7524.75,1179.0,2026-07
2026-07-08 19:41:00,CME_MINI:ES1!,7524.75,7525.5,7523.5,7525.0,1551.0,2026-07
2026-07-08 19:42:00,CME_MINI:ES1!,7525.0,7525.5,7524.25,7525.0,1209.0,2026-07
2026-07-08 19:43:00,CME_MINI:ES1!,7525.0,7526.75,7524.5,7526.5,1243.0,2026-07
2026-07-08 19:44:00,CME_MINI:ES1!,7526.5,7528.25,7526.0,7527.75,1320.0,2026-07
2026-07-08 19:45:00,CME_MINI:ES1!,7528.0,7528.25,7522.5,7524.25,3144.0,2026-07
2026-07-08 19:46:00,CME_MINI:ES1!,7524.0,7525.75,7522.25,7522.75,2142.0,2026-07
2026-07-08 19:47:00,CME_MINI:ES1!,7522.5,7522.75,7518.25,7519.75,3236.0,2026-07
2026-07-08 19:48:00,CME_MINI:ES1!,7519.5,7523.0,7519.0,7521.5,1980.0,2026-07
2026-07-08 19:49:00,CME_MINI:ES1!,7521.25,7523.75,7521.25,7522.25,1764.0,2026-07
2026-07-08 19:50:00,CME_MINI:ES1!,7522.25,7526.75,7520.25,7525.75,4368.0,2026-07
2026-07-08 19:51:00,CME_MINI:ES1!,7525.75,7529.0,7524.25,7527.25,3425.0,2026-07
2026-07-08 19:52:00,CME_MINI:ES1!,7527.0,7528.5,7526.0,7528.0,1872.0,2026-07
2026-07-08 19:53:00,CME_MINI:ES1!,7528.0,7530.75,7528.0,7529.25,2236.0,2026-07
2026-07-08 19:54:00,CME_MINI:ES1!,7529.25,7531.75,7529.25,7531.5,3143.0,2026-07
2026-07-08 19:55:00,CME_MINI:ES1!,7531.5,7532.75,7529.75,7531.0,4763.0,2026-07
2026-07-08 19:56:00,CME_MINI:ES1!,7531.0,7532.0,7529.25,7532.0,3546.0,2026-07
2026-07-08 19:57:00,CME_MINI:ES1!,7532.0,7536.5,7531.5,7535.0,6374.0,2026-07
2026-07-08 19:58:00,CME_MINI:ES1!,7535.0,7535.25,7532.5,7534.0,5886.0,2026-07
2026-07-08 19:59:00,CME_MINI:ES1!,7534.25,7536.0,7526.25,7526.75,51465.0,2026-07
2026-07-08 20:00:00,CME_MINI:ES1!,7526.5,7529.5,7523.5,7524.25,13598.0,2026-07
2026-07-08 20:01:00,CME_MINI:ES1!,7524.0,7525.25,7522.75,7524.0,2761.0,2026-07
2026-07-08 20:02:00,CME_MINI:ES1!,7523.75,7524.5,7522.75,7523.25,1462.0,2026-07
2026-07-08 20:03:00,CME_MINI:ES1!,7523.25,7524.5,7522.5,7524.0,2382.0,2026-07
2026-07-08 20:04:00,CME_MINI:ES1!,7523.75,7526.0,7523.75,7525.75,1719.0,2026-07
2026-07-08 20:05:00,CME_MINI:ES1!,7525.75,7526.25,7523.75,7525.5,1965.0,2026-07
2026-07-08 20:06:00,CME_MINI:ES1!,7525.5,7526.75,7524.0,7525.5,1436.0,2026-07
2026-07-08 20:07:00,CME_MINI:ES1!,7525.5,7525.75,7524.5,7524.75,739.0,2026-07
2026-07-08 20:08:00,CME_MINI:ES1!,7524.75,7525.25,7524.0,7525.25,727.0,2026-07
2026-07-08 20:09:00,CME_MINI:ES1!,7525.25,7526.25,7525.0,7525.25,747.0,2026-07
2026-07-08 20:10:00,CME_MINI:ES1!,7525.5,7525.5,7522.5,7522.5,849.0,2026-07
2026-07-08 20:11:00,CME_MINI:ES1!,7522.75,7523.0,7518.5,7521.75,2724.0,2026-07
2026-07-08 20:12:00,CME_MINI:ES1!,7521.75,7522.25,7520.5,7520.75,604.0,2026-07
2026-07-08 20:13:00,CME_MINI:ES1!,7521.0,7523.0,7521.0,7522.75,612.0,2026-07
2026-07-08 20:14:00,CME_MINI:ES1!,7522.5,7524.5,7522.5,7523.75,988.0,2026-07
2026-07-08 20:15:00,CME_MINI:ES1!,7523.75,7524.0,7521.5,7521.75,582.0,2026-07
2026-07-08 20:16:00,CME_MINI:ES1!,7521.5,7521.5,7517.75,7519.0,1104.0,2026-07
2026-07-08 20:17:00,CME_MINI:ES1!,7519.0,7519.5,7518.25,7518.5,502.0,2026-07
2026-07-08 20:18:00,CME_MINI:ES1!,7518.75,7520.25,7518.5,7519.75,433.0,2026-07
2026-07-08 20:19:00,CME_MINI:ES1!,7519.75,7520.0,7518.25,7518.25,468.0,2026-07
2026-07-08 20:20:00,CME_MINI:ES1!,7518.5,7519.0,7517.5,7518.25,631.0,2026-07
2026-07-08 20:21:00,CME_MINI:ES1!,7518.25,7518.5,7517.0,7517.75,447.0,2026-07
2026-07-08 20:22:00,CME_MINI:ES1!,7517.5,7518.0,7517.25,7517.75,299.0,2026-07
2026-07-08 20:23:00,CME_MINI:ES1!,7517.5,7518.5,7517.0,7518.0,413.0,2026-07
2026-07-08 20:24:00,CME_MINI:ES1!,7517.75,7518.5,7517.25,7517.75,220.0,2026-07
2026-07-08 20:25:00,CME_MINI:ES1!,7517.75,7518.0,7517.0,7517.5,229.0,2026-07
2026-07-08 20:26:00,CME_MINI:ES1!,7517.5,7518.0,7516.75,7516.75,315.0,2026-07
2026-07-08 20:27:00,CME_MINI:ES1!,7516.75,7517.75,7516.5,7516.75,320.0,2026-07
2026-07-08 20:28:00,CME_MINI:ES1!,7516.75,7518.25,7516.5,7517.75,274.0,2026-07
2026-07-08 20:29:00,CME_MINI:ES1!,7518.0,7518.0,7517.0,7517.75,392.0,2026-07
2026-07-08 20:30:00,CME_MINI:ES1!,7517.75,7518.75,7516.5,7517.25,331.0,2026-07
2026-07-08 20:31:00,CME_MINI:ES1!,7517.25,7517.25,7514.25,7514.75,481.0,2026-07
2026-07-08 20:32:00,CME_MINI:ES1!,7514.75,7515.5,7513.75,7515.25,363.0,2026-07
2026-07-08 20:33:00,CME_MINI:ES1!,7515.25,7516.0,7514.0,7514.25,497.0,2026-07
2026-07-08 20:34:00,CME_MINI:ES1!,7514.25,7514.25,7512.25,7513.25,647.0,2026-07
2026-07-08 20:35:00,CME_MINI:ES1!,7513.25,7513.5,7510.5,7511.75,799.0,2026-07
2026-07-08 20:36:00,CME_MINI:ES1!,7511.75,7512.0,7508.0,7510.0,1049.0,2026-07
2026-07-08 20:37:00,CME_MINI:ES1!,7509.75,7511.75,7509.75,7509.75,348.0,2026-07
2026-07-08 20:38:00,CME_MINI:ES1!,7509.75,7511.0,7509.0,7510.75,362.0,2026-07
2026-07-08 20:39:00,CME_MINI:ES1!,7510.5,7513.5,7510.25,7513.0,465.0,2026-07
2026-07-08 20:40:00,CME_MINI:ES1!,7513.25,7517.0,7512.75,7515.0,596.0,2026-07
2026-07-08 20:41:00,CME_MINI:ES1!,7514.75,7516.5,7514.5,7516.0,238.0,2026-07
2026-07-08 20:42:00,CME_MINI:ES1!,7516.0,7517.25,7515.5,7516.75,218.0,2026-07
2026-07-08 20:43:00,CME_MINI:ES1!,7516.5,7518.0,7516.25,7517.25,281.0,2026-07
2026-07-08 20:44:00,CME_MINI:ES1!,7517.25,7517.25,7514.5,7514.75,326.0,2026-07
2026-07-08 20:45:00,CME_MINI:ES1!,7514.75,7515.5,7514.0,7514.5,234.0,2026-07
2026-07-08 20:46:00,CME_MINI:ES1!,7514.75,7515.25,7514.25,7515.25,116.0,2026-07
2026-07-08 20:47:00,CME_MINI:ES1!,7515.0,7516.5,7514.75,7516.5,282.0,2026-07
2026-07-08 20:48:00,CME_MINI:ES1!,7516.5,7517.0,7515.25,7516.0,342.0,2026-07
2026-07-08 20:49:00,CME_MINI:ES1!,7515.75,7516.0,7514.25,7515.5,367.0,2026-07
2026-07-08 20:50:00,CME_MINI:ES1!,7515.5,7516.5,7515.0,7516.5,190.0,2026-07
2026-07-08 20:51:00,CME_MINI:ES1!,7516.5,7518.5,7516.5,7518.5,432.0,2026-07
2026-07-08 20:52:00,CME_MINI:ES1!,7518.25,7518.75,7517.0,7517.0,214.0,2026-07
2026-07-08 20:53:00,CME_MINI:ES1!,7517.0,7517.25,7515.75,7516.5,180.0,2026-07
2026-07-08 20:54:00,CME_MINI:ES1!,7516.75,7516.75,7515.75,7515.75,89.0,2026-07
2026-07-08 20:55:00,CME_MINI:ES1!,7516.0,7516.25,7515.0,7515.0,159.0,2026-07
2026-07-08 20:56:00,CME_MINI:ES1!,7515.0,7516.5,7514.75,7516.25,260.0,2026-07
2026-07-08 20:57:00,CME_MINI:ES1!,7516.0,7517.0,7515.0,7515.75,393.0,2026-07
2026-07-08 20:58:00,CME_MINI:ES1!,7515.75,7516.75,7514.5,7516.75,315.0,2026-07
2026-07-08 20:59:00,CME_MINI:ES1!,7516.5,7517.5,7512.0,7515.5,616.0,2026-07
2026-07-08 22:00:00,CME_MINI:ES1!,7517.25,7521.0,7516.75,7520.0,332.0,2026-07
2026-07-08 22:01:00,CME_MINI:ES1!,7520.0,7520.25,7518.0,7520.0,114.0,2026-07
2026-07-08 22:02:00,CME_MINI:ES1!,7520.0,7522.75,7519.5,7522.5,189.0,2026-07
2026-07-08 22:03:00,CME_MINI:ES1!,7522.25,7523.0,7522.0,7522.25,125.0,2026-07
2026-07-08 22:04:00,CME_MINI:ES1!,7522.25,7522.25,7521.0,7522.0,125.0,2026-07
2026-07-08 22:05:00,CME_MINI:ES1!,7521.5,7522.0,7520.5,7521.25,96.0,2026-07
2026-07-08 22:06:00,CME_MINI:ES1!,7521.25,7523.0,7521.25,7521.5,83.0,2026-07
2026-07-08 22:07:00,CME_MINI:ES1!,7521.0,7521.0,7517.5,7519.25,193.0,2026-07
2026-07-08 22:08:00,CME_MINI:ES1!,7519.5,7521.0,7519.0,7520.25,110.0,2026-07
2026-07-08 22:09:00,CME_MINI:ES1!,7520.5,7520.75,7519.25,7520.5,106.0,2026-07
2026-07-08 22:10:00,CME_MINI:ES1!,7520.5,7522.0,7520.25,7521.5,88.0,2026-07
2026-07-08 22:11:00,CME_MINI:ES1!,7521.0,7521.75,7520.25,7521.5,55.0,2026-07
2026-07-08 22:12:00,CME_MINI:ES1!,7521.25,7522.0,7520.25,7520.25,33.0,2026-07
2026-07-08 22:13:00,CME_MINI:ES1!,7520.75,7521.25,7520.25,7520.25,43.0,2026-07
2026-07-08 22:14:00,CME_MINI:ES1!,7520.5,7520.5,7520.0,7520.5,82.0,2026-07
2026-07-08 22:15:00,CME_MINI:ES1!,7520.5,7521.75,7520.5,7521.75,29.0,2026-07
2026-07-08 22:16:00,CME_MINI:ES1!,7521.75,7522.5,7521.75,7522.25,51.0,2026-07
2026-07-08 22:17:00,CME_MINI:ES1!,7522.25,7522.75,7521.25,7521.75,89.0,2026-07
2026-07-08 22:18:00,CME_MINI:ES1!,7521.75,7522.0,7519.5,7519.5,63.0,2026-07
2026-07-08 22:19:00,CME_MINI:ES1!,7519.5,7521.25,7519.25,7520.5,179.0,2026-07
2026-07-08 22:20:00,CME_MINI:ES1!,7520.25,7520.25,7518.75,7519.25,52.0,2026-07
2026-07-08 22:21:00,CME_MINI:ES1!,7519.25,7519.5,7518.5,7518.75,41.0,2026-07
2026-07-08 22:22:00,CME_MINI:ES1!,7518.75,7518.75,7518.25,7518.5,47.0,2026-07
2026-07-08 22:23:00,CME_MINI:ES1!,7518.75,7519.5,7518.5,7518.5,36.0,2026-07
2026-07-08 22:24:00,CME_MINI:ES1!,7519.0,7520.0,7519.0,7519.75,48.0,2026-07
2026-07-08 22:25:00,CME_MINI:ES1!,7519.75,7519.75,7518.5,7518.75,67.0,2026-07
2026-07-08 22:26:00,CME_MINI:ES1!,7518.75,7518.75,7517.0,7517.5,148.0,2026-07
2026-07-08 22:27:00,CME_MINI:ES1!,7517.75,7518.5,7517.5,7518.0,92.0,2026-07
2026-07-08 22:28:00,CME_MINI:ES1!,7518.0,7518.75,7517.75,7518.5,50.0,2026-07
2026-07-08 22:29:00,CME_MINI:ES1!,7518.75,7519.5,7518.0,7519.0,40.0,2026-07
2026-07-08 22:30:00,CME_MINI:ES1!,7519.5,7521.5,7518.5,7518.5,144.0,2026-07
2026-07-08 22:31:00,CME_MINI:ES1!,7518.25,7518.75,7517.75,7518.0,90.0,2026-07
2026-07-08 22:32:00,CME_MINI:ES1!,7518.0,7518.25,7517.0,7517.75,54.0,2026-07
2026-07-08 22:33:00,CME_MINI:ES1!,7517.75,7519.25,7517.5,7519.0,67.0,2026-07
2026-07-08 22:34:00,CME_MINI:ES1!,7518.75,7523.25,7517.75,7522.0,298.0,2026-07
2026-07-08 22:35:00,CME_MINI:ES1!,7521.75,7522.0,7519.75,7520.5,125.0,2026-07
2026-07-08 22:36:00,CME_MINI:ES1!,7520.5,7521.25,7520.5,7521.0,32.0,2026-07
2026-07-08 22:37:00,CME_MINI:ES1!,7520.75,7521.25,7519.25,7519.25,122.0,2026-07
2026-07-08 22:38:00,CME_MINI:ES1!,7519.25,7520.25,7518.5,7518.75,37.0,2026-07
2026-07-08 22:39:00,CME_MINI:ES1!,7518.75,7519.0,7517.5,7518.0,57.0,2026-07
2026-07-08 22:40:00,CME_MINI:ES1!,7518.25,7519.0,7518.25,7518.5,85.0,2026-07
2026-07-08 22:41:00,CME_MINI:ES1!,7518.25,7518.25,7517.25,7518.25,57.0,2026-07
2026-07-08 22:42:00,CME_MINI:ES1!,7518.0,7518.25,7517.75,7518.25,10.0,2026-07
2026-07-08 22:43:00,CME_MINI:ES1!,7518.0,7518.25,7516.75,7517.75,60.0,2026-07
2026-07-08 22:44:00,CME_MINI:ES1!,7517.75,7518.5,7516.75,7516.75,60.0,2026-07
2026-07-08 22:45:00,CME_MINI:ES1!,7517.0,7518.5,7516.75,7517.5,47.0,2026-07
2026-07-08 22:46:00,CME_MINI:ES1!,7517.5,7517.75,7517.25,7517.75,7.0,2026-07
2026-07-08 22:47:00,CME_MINI:ES1!,7517.75,7518.0,7517.25,7517.75,38.0,2026-07
2026-07-08 22:48:00,CME_MINI:ES1!,7517.75,7518.25,7517.75,7517.75,37.0,2026-07
2026-07-08 22:49:00,CME_MINI:ES1!,7518.0,7518.25,7518.0,7518.25,10.0,2026-07
2026-07-08 22:50:00,CME_MINI:ES1!,7518.0,7518.75,7517.5,7517.5,31.0,2026-07
2026-07-08 22:51:00,CME_MINI:ES1!,7518.0,7518.25,7517.75,7518.25,18.0,2026-07
2026-07-08 22:52:00,CME_MINI:ES1!,7518.25,7519.0,7518.25,7519.0,41.0,2026-07
2026-07-08 22:53:00,CME_MINI:ES1!,7519.25,7519.25,7517.5,7518.0,38.0,2026-07
2026-07-08 22:54:00,CME_MINI:ES1!,7518.0,7518.0,7516.25,7517.25,50.0,2026-07
2026-07-08 22:55:00,CME_MINI:ES1!,7517.5,7517.5,7517.0,7517.25,18.0,2026-07
2026-07-08 22:56:00,CME_MINI:ES1!,7517.5,7518.0,7517.5,7518.0,13.0,2026-07
2026-07-08 22:57:00,CME_MINI:ES1!,7517.75,7518.0,7517.75,7517.75,18.0,2026-07
2026-07-08 22:58:00,CME_MINI:ES1!,7517.75,7518.25,7517.75,7518.25,18.0,2026-07
2026-07-08 22:59:00,CME_MINI:ES1!,7518.25,7519.5,7518.25,7519.0,31.0,2026-07
2026-07-08 23:00:00,CME_MINI:ES1!,7519.0,7519.75,7518.75,7519.75,31.0,2026-07
2026-07-08 23:01:00,CME_MINI:ES1!,7519.75,7520.75,7519.0,7519.25,61.0,2026-07
2026-07-08 23:02:00,CME_MINI:ES1!,7519.25,7519.75,7519.0,7519.0,48.0,2026-07
2026-07-08 23:03:00,CME_MINI:ES1!,7519.0,7520.0,7519.0,7519.75,39.0,2026-07
2026-07-08 23:04:00,CME_MINI:ES1!,7519.5,7519.75,7519.0,7519.5,41.0,2026-07
2026-07-08 23:05:00,CME_MINI:ES1!,7519.25,7520.0,7519.0,7520.0,35.0,2026-07
2026-07-08 23:06:00,CME_MINI:ES1!,7520.25,7522.5,7520.25,7522.0,122.0,2026-07
2026-07-08 23:07:00,CME_MINI:ES1!,7521.75,7522.5,7521.75,7521.75,53.0,2026-07
2026-07-08 23:08:00,CME_MINI:ES1!,7522.0,7522.25,7521.75,7522.0,40.0,2026-07
2026-07-08 23:09:00,CME_MINI:ES1!,7522.25,7522.75,7521.5,7522.0,70.0,2026-07
2026-07-08 23:10:00,CME_MINI:ES1!,7522.0,7522.0,7521.5,7522.0,23.0,2026-07
2026-07-08 23:11:00,CME_MINI:ES1!,7522.25,7522.25,7521.75,7522.25,30.0,2026-07
2026-07-08 23:12:00,CME_MINI:ES1!,7522.25,7522.5,7521.75,7521.75,55.0,2026-07
2026-07-08 23:13:00,CME_MINI:ES1!,7521.5,7522.0,7521.5,7522.0,29.0,2026-07
2026-07-08 23:14:00,CME_MINI:ES1!,7521.75,7522.25,7521.5,7522.25,16.0,2026-07
2026-07-08 23:15:00,CME_MINI:ES1!,7522.0,7522.25,7522.0,7522.0,16.0,2026-07
2026-07-08 23:16:00,CME_MINI:ES1!,7522.25,7522.25,7521.0,7521.25,41.0,2026-07
2026-07-08 23:17:00,CME_MINI:ES1!,7521.0,7521.0,7518.5,7519.0,160.0,2026-07
2026-07-08 23:18:00,CME_MINI:ES1!,7519.25,7519.25,7519.0,7519.25,17.0,2026-07
2026-07-08 23:19:00,CME_MINI:ES1!,7519.0,7519.0,7518.0,7518.0,29.0,2026-07
2026-07-08 23:20:00,CME_MINI:ES1!,7517.75,7517.75,7516.25,7517.75,108.0,2026-07
2026-07-08 23:21:00,CME_MINI:ES1!,7517.5,7517.5,7517.0,7517.25,35.0,2026-07
2026-07-08 23:22:00,CME_MINI:ES1!,7517.25,7517.75,7517.25,7517.75,34.0,2026-07
2026-07-08 23:23:00,CME_MINI:ES1!,7518.0,7519.25,7517.75,7518.75,33.0,2026-07
2026-07-08 23:24:00,CME_MINI:ES1!,7519.0,7519.75,7519.0,7519.0,56.0,2026-07
2026-07-08 23:25:00,CME_MINI:ES1!,7519.0,7519.25,7518.25,7518.25,36.0,2026-07
2026-07-08 23:26:00,CME_MINI:ES1!,7518.0,7518.5,7517.5,7518.25,36.0,2026-07
2026-07-08 23:27:00,CME_MINI:ES1!,7518.75,7519.25,7518.75,7519.0,36.0,2026-07
2026-07-08 23:28:00,CME_MINI:ES1!,7519.0,7519.5,7518.25,7519.0,34.0,2026-07
2026-07-08 23:29:00,CME_MINI:ES1!,7519.25,7520.25,7519.25,7520.25,22.0,2026-07
2026-07-08 23:30:00,CME_MINI:ES1!,7520.0,7520.0,7518.5,7518.5,32.0,2026-07
2026-07-08 23:31:00,CME_MINI:ES1!,7518.5,7518.75,7517.75,7518.5,29.0,2026-07
2026-07-08 23:32:00,CME_MINI:ES1!,7519.0,7520.25,7519.0,7520.25,35.0,2026-07
2026-07-08 23:33:00,CME_MINI:ES1!,7519.75,7522.5,7519.75,7522.0,118.0,2026-07
2026-07-08 23:34:00,CME_MINI:ES1!,7521.75,7521.75,7521.0,7521.25,21.0,2026-07
2026-07-08 23:35:00,CME_MINI:ES1!,7521.25,7525.25,7520.5,7525.0,598.0,2026-07
2026-07-08 23:36:00,CME_MINI:ES1!,7524.75,7524.75,7521.75,7522.75,251.0,2026-07
2026-07-08 23:37:00,CME_MINI:ES1!,7522.75,7523.0,7522.25,7522.25,47.0,2026-07
2026-07-08 23:38:00,CME_MINI:ES1!,7522.25,7522.25,7520.5,7521.0,104.0,2026-07
2026-07-08 23:39:00,CME_MINI:ES1!,7521.0,7521.5,7521.0,7521.25,29.0,2026-07
2026-07-08 23:40:00,CME_MINI:ES1!,7521.25,7522.75,7520.75,7522.75,58.0,2026-07
2026-07-08 23:41:00,CME_MINI:ES1!,7522.5,7523.5,7522.5,7523.25,67.0,2026-07
2026-07-08 23:42:00,CME_MINI:ES1!,7523.25,7523.5,7522.0,7522.25,48.0,2026-07
2026-07-08 23:43:00,CME_MINI:ES1!,7522.5,7523.25,7522.25,7522.5,71.0,2026-07
2026-07-08 23:44:00,CME_MINI:ES1!,7522.75,7524.75,7522.75,7524.25,102.0,2026-07
2026-07-08 23:45:00,CME_MINI:ES1!,7524.25,7526.25,7523.75,7526.25,279.0,2026-07
2026-07-08 23:46:00,CME_MINI:ES1!,7526.25,7527.0,7523.75,7524.5,147.0,2026-07
2026-07-08 23:47:00,CME_MINI:ES1!,7524.75,7525.25,7523.5,7524.25,99.0,2026-07
2026-07-08 23:48:00,CME_MINI:ES1!,7524.5,7525.25,7524.5,7524.75,61.0,2026-07
2026-07-08 23:49:00,CME_MINI:ES1!,7524.5,7524.75,7523.25,7524.75,159.0,2026-07
2026-07-08 23:50:00,CME_MINI:ES1!,7525.0,7525.25,7523.25,7524.75,121.0,2026-07
2026-07-08 23:51:00,CME_MINI:ES1!,7524.25,7524.75,7523.5,7524.0,109.0,2026-07
2026-07-08 23:52:00,CME_MINI:ES1!,7523.75,7524.25,7523.25,7524.25,200.0,2026-07
2026-07-08 23:53:00,CME_MINI:ES1!,7524.25,7525.75,7523.5,7525.0,159.0,2026-07
2026-07-08 23:54:00,CME_MINI:ES1!,7525.0,7525.75,7525.0,7525.5,81.0,2026-07
2026-07-08 23:55:00,CME_MINI:ES1!,7525.5,7527.25,7525.5,7527.0,172.0,2026-07
2026-07-08 23:56:00,CME_MINI:ES1!,7527.5,7528.25,7526.5,7527.25,207.0,2026-07
2026-07-08 23:57:00,CME_MINI:ES1!,7527.25,7528.25,7527.25,7528.25,124.0,2026-07
2026-07-08 23:58:00,CME_MINI:ES1!,7528.25,7528.25,7527.25,7527.25,151.0,2026-07
2026-07-08 23:59:00,CME_MINI:ES1!,7527.0,7528.25,7527.0,7527.0,287.0,2026-07
2026-07-09 00:00:00,CME_MINI:ES1!,7527.0,7531.0,7527.0,7527.75,767.0,2026-07
2026-07-09 00:01:00,CME_MINI:ES1!,7527.5,7529.0,7525.75,7526.0,403.0,2026-07
2026-07-09 00:02:00,CME_MINI:ES1!,7526.0,7528.25,7525.75,7528.0,320.0,2026-07
2026-07-09 00:03:00,CME_MINI:ES1!,7528.0,7529.5,7528.0,7529.0,236.0,2026-07
2026-07-09 00:04:00,CME_MINI:ES1!,7528.75,7530.25,7528.25,7528.75,277.0,2026-07
2026-07-09 00:05:00,CME_MINI:ES1!,7528.5,7529.5,7527.25,7529.5,207.0,2026-07
2026-07-09 00:06:00,CME_MINI:ES1!,7529.5,7530.0,7528.0,7529.25,169.0,2026-07
2026-07-09 00:07:00,CME_MINI:ES1!,7529.0,7530.75,7529.0,7530.25,251.0,2026-07
2026-07-09 00:08:00,CME_MINI:ES1!,7530.25,7532.0,7529.25,7531.75,270.0,2026-07
2026-07-09 00:09:00,CME_MINI:ES1!,7531.75,7532.5,7530.5,7530.75,315.0,2026-07
2026-07-09 00:10:00,CME_MINI:ES1!,7530.75,7531.0,7529.0,7529.75,181.0,2026-07
2026-07-09 00:11:00,CME_MINI:ES1!,7529.75,7533.0,7529.75,7532.25,284.0,2026-07
2026-07-09 00:12:00,CME_MINI:ES1!,7532.0,7532.75,7531.5,7532.5,170.0,2026-07
2026-07-09 00:13:00,CME_MINI:ES1!,7532.5,7533.25,7532.25,7533.0,195.0,2026-07
2026-07-09 00:14:00,CME_MINI:ES1!,7533.0,7534.0,7532.75,7533.25,222.0,2026-07
2026-07-09 00:15:00,CME_MINI:ES1!,7533.25,7533.75,7532.5,7533.75,290.0,2026-07
2026-07-09 00:16:00,CME_MINI:ES1!,7533.5,7534.0,7530.5,7530.75,281.0,2026-07
2026-07-09 00:17:00,CME_MINI:ES1!,7531.0,7531.5,7529.75,7531.0,198.0,2026-07
2026-07-09 00:18:00,CME_MINI:ES1!,7530.75,7531.0,7527.5,7529.25,416.0,2026-07
2026-07-09 00:19:00,CME_MINI:ES1!,7529.25,7529.25,7527.0,7527.75,197.0,2026-07
2026-07-09 00:20:00,CME_MINI:ES1!,7527.75,7528.75,7527.5,7528.25,182.0,2026-07
2026-07-09 00:21:00,CME_MINI:ES1!,7528.25,7530.75,7527.75,7530.75,491.0,2026-07
2026-07-09 00:22:00,CME_MINI:ES1!,7530.25,7531.25,7530.0,7530.0,155.0,2026-07
2026-07-09 00:23:00,CME_MINI:ES1!,7530.25,7531.0,7530.0,7530.5,96.0,2026-07
2026-07-09 00:24:00,CME_MINI:ES1!,7530.25,7530.5,7530.0,7530.25,170.0,2026-07
2026-07-09 00:25:00,CME_MINI:ES1!,7530.25,7531.25,7530.25,7530.25,93.0,2026-07
2026-07-09 00:26:00,CME_MINI:ES1!,7530.0,7531.0,7529.75,7530.5,221.0,2026-07
2026-07-09 00:27:00,CME_MINI:ES1!,7530.5,7531.75,7530.25,7531.75,171.0,2026-07
2026-07-09 00:28:00,CME_MINI:ES1!,7531.5,7532.25,7531.25,7532.25,115.0,2026-07
2026-07-09 00:29:00,CME_MINI:ES1!,7532.0,7534.25,7532.0,7533.5,373.0,2026-07
2026-07-09 00:30:00,CME_MINI:ES1!,7533.5,7537.0,7533.5,7535.75,603.0,2026-07
2026-07-09 00:31:00,CME_MINI:ES1!,7535.75,7536.25,7532.0,7532.5,254.0,2026-07
2026-07-09 00:32:00,CME_MINI:ES1!,7532.5,7534.5,7532.0,7534.0,174.0,2026-07
2026-07-09 00:33:00,CME_MINI:ES1!,7534.0,7534.25,7531.5,7532.0,166.0,2026-07
2026-07-09 00:34:00,CME_MINI:ES1!,7532.25,7532.75,7531.25,7532.5,177.0,2026-07
2026-07-09 00:35:00,CME_MINI:ES1!,7532.25,7532.5,7531.0,7531.5,179.0,2026-07
2026-07-09 00:36:00,CME_MINI:ES1!,7531.5,7535.0,7531.25,7534.75,226.0,2026-07
2026-07-09 00:37:00,CME_MINI:ES1!,7534.75,7535.5,7534.25,7535.0,258.0,2026-07
2026-07-09 00:38:00,CME_MINI:ES1!,7534.75,7536.0,7534.5,7535.75,130.0,2026-07
2026-07-09 00:39:00,CME_MINI:ES1!,7535.5,7535.75,7533.5,7534.0,113.0,2026-07
2026-07-09 00:40:00,CME_MINI:ES1!,7533.75,7533.75,7531.0,7532.75,237.0,2026-07
2026-07-09 00:41:00,CME_MINI:ES1!,7532.5,7532.75,7531.5,7531.5,142.0,2026-07
2026-07-09 00:42:00,CME_MINI:ES1!,7531.5,7532.25,7531.5,7531.75,115.0,2026-07
2026-07-09 00:43:00,CME_MINI:ES1!,7531.75,7532.5,7531.5,7532.25,96.0,2026-07
2026-07-09 00:44:00,CME_MINI:ES1!,7531.75,7532.25,7531.25,7531.75,129.0,2026-07
2026-07-09 00:45:00,CME_MINI:ES1!,7531.5,7532.75,7531.0,7532.5,182.0,2026-07
2026-07-09 00:46:00,CME_MINI:ES1!,7532.5,7534.0,7532.5,7533.25,144.0,2026-07
2026-07-09 00:47:00,CME_MINI:ES1!,7533.0,7534.25,7532.75,7533.75,137.0,2026-07
2026-07-09 00:48:00,CME_MINI:ES1!,7533.5,7534.25,7533.5,7534.0,122.0,2026-07
2026-07-09 00:49:00,CME_MINI:ES1!,7533.75,7536.25,7533.75,7535.5,337.0,2026-07
2026-07-09 00:50:00,CME_MINI:ES1!,7535.75,7535.75,7533.5,7533.75,223.0,2026-07
2026-07-09 00:51:00,CME_MINI:ES1!,7533.5,7534.25,7531.75,7532.25,190.0,2026-07
2026-07-09 00:52:00,CME_MINI:ES1!,7532.25,7532.5,7530.75,7531.5,156.0,2026-07
2026-07-09 00:53:00,CME_MINI:ES1!,7531.25,7532.5,7530.75,7530.75,126.0,2026-07
2026-07-09 00:54:00,CME_MINI:ES1!,7530.5,7531.0,7528.75,7529.25,236.0,2026-07
2026-07-09 00:55:00,CME_MINI:ES1!,7529.5,7530.0,7528.75,7530.0,186.0,2026-07
2026-07-09 00:56:00,CME_MINI:ES1!,7530.0,7531.75,7529.25,7531.5,192.0,2026-07
2026-07-09 00:57:00,CME_MINI:ES1!,7531.5,7531.5,7529.25,7530.25,123.0,2026-07
2026-07-09 00:58:00,CME_MINI:ES1!,7530.0,7531.0,7529.75,7531.0,118.0,2026-07
2026-07-09 00:59:00,CME_MINI:ES1!,7530.75,7532.5,7530.5,7532.25,144.0,2026-07
2026-07-09 01:00:00,CME_MINI:ES1!,7532.25,7533.0,7531.0,7533.0,291.0,2026-07
2026-07-09 01:01:00,CME_MINI:ES1!,7533.0,7534.0,7532.0,7532.25,163.0,2026-07
2026-07-09 01:02:00,CME_MINI:ES1!,7532.25,7532.75,7529.25,7529.75,222.0,2026-07
2026-07-09 01:03:00,CME_MINI:ES1!,7529.75,7530.5,7529.25,7529.25,224.0,2026-07
2026-07-09 01:04:00,CME_MINI:ES1!,7529.25,7529.5,7527.75,7529.25,237.0,2026-07
2026-07-09 01:05:00,CME_MINI:ES1!,7529.25,7530.25,7528.5,7530.0,157.0,2026-07
2026-07-09 01:06:00,CME_MINI:ES1!,7530.0,7531.25,7529.5,7531.0,203.0,2026-07
2026-07-09 01:07:00,CME_MINI:ES1!,7531.25,7533.25,7531.25,7533.25,175.0,2026-07
2026-07-09 01:08:00,CME_MINI:ES1!,7533.0,7533.75,7532.75,7533.5,135.0,2026-07
2026-07-09 01:09:00,CME_MINI:ES1!,7533.25,7535.5,7533.25,7535.25,242.0,2026-07
2026-07-09 01:10:00,CME_MINI:ES1!,7535.25,7535.5,7534.5,7534.75,141.0,2026-07
2026-07-09 01:11:00,CME_MINI:ES1!,7534.5,7535.0,7534.0,7534.5,110.0,2026-07
2026-07-09 01:12:00,CME_MINI:ES1!,7534.25,7535.0,7533.75,7534.5,129.0,2026-07
2026-07-09 01:13:00,CME_MINI:ES1!,7534.5,7534.5,7533.75,7533.75,49.0,2026-07
2026-07-09 01:14:00,CME_MINI:ES1!,7534.0,7534.25,7532.75,7532.75,133.0,2026-07
2026-07-09 01:15:00,CME_MINI:ES1!,7533.0,7533.25,7531.25,7532.75,179.0,2026-07
2026-07-09 01:16:00,CME_MINI:ES1!,7532.5,7533.25,7532.25,7533.0,94.0,2026-07
2026-07-09 01:17:00,CME_MINI:ES1!,7533.0,7534.25,7533.0,7534.0,106.0,2026-07
2026-07-09 01:18:00,CME_MINI:ES1!,7534.25,7535.75,7533.75,7534.75,201.0,2026-07
2026-07-09 01:19:00,CME_MINI:ES1!,7534.75,7535.25,7534.5,7535.25,92.0,2026-07
2026-07-09 01:20:00,CME_MINI:ES1!,7535.25,7537.5,7534.5,7535.0,306.0,2026-07
2026-07-09 01:21:00,CME_MINI:ES1!,7535.0,7535.25,7533.5,7534.0,130.0,2026-07
2026-07-09 01:22:00,CME_MINI:ES1!,7534.0,7534.5,7533.25,7534.5,133.0,2026-07
2026-07-09 01:23:00,CME_MINI:ES1!,7534.75,7534.75,7533.5,7533.5,91.0,2026-07
2026-07-09 01:24:00,CME_MINI:ES1!,7534.0,7534.0,7532.25,7533.25,183.0,2026-07
2026-07-09 01:25:00,CME_MINI:ES1!,7533.25,7533.75,7531.75,7531.75,152.0,2026-07
2026-07-09 01:26:00,CME_MINI:ES1!,7531.5,7532.25,7531.0,7531.5,126.0,2026-07
2026-07-09 01:27:00,CME_MINI:ES1!,7531.75,7533.25,7531.0,7533.25,116.0,2026-07
2026-07-09 01:28:00,CME_MINI:ES1!,7533.5,7534.0,7532.25,7532.75,97.0,2026-07
2026-07-09 01:29:00,CME_MINI:ES1!,7532.75,7534.0,7532.5,7533.75,60.0,2026-07
2026-07-09 01:30:00,CME_MINI:ES1!,7534.0,7535.5,7532.5,7532.75,160.0,2026-07
2026-07-09 01:31:00,CME_MINI:ES1!,7532.75,7533.5,7531.5,7533.5,118.0,2026-07
2026-07-09 01:32:00,CME_MINI:ES1!,7533.75,7535.25,7533.0,7534.25,118.0,2026-07
2026-07-09 01:33:00,CME_MINI:ES1!,7534.25,7534.25,7533.25,7533.5,100.0,2026-07
2026-07-09 01:34:00,CME_MINI:ES1!,7533.75,7534.0,7533.0,7533.75,97.0,2026-07
2026-07-09 01:35:00,CME_MINI:ES1!,7533.75,7535.25,7533.5,7534.75,119.0,2026-07
2026-07-09 01:36:00,CME_MINI:ES1!,7535.0,7535.75,7535.0,7535.5,92.0,2026-07
2026-07-09 01:37:00,CME_MINI:ES1!,7535.25,7535.25,7534.0,7534.75,143.0,2026-07
2026-07-09 01:38:00,CME_MINI:ES1!,7534.75,7535.25,7534.25,7534.5,115.0,2026-07
2026-07-09 01:39:00,CME_MINI:ES1!,7534.25,7534.75,7534.0,7534.5,75.0,2026-07
2026-07-09 01:40:00,CME_MINI:ES1!,7534.5,7534.5,7533.75,7533.75,125.0,2026-07
2026-07-09 01:41:00,CME_MINI:ES1!,7533.75,7534.5,7533.25,7533.75,120.0,2026-07
2026-07-09 01:42:00,CME_MINI:ES1!,7534.5,7535.5,7534.25,7535.5,85.0,2026-07
2026-07-09 01:43:00,CME_MINI:ES1!,7535.5,7535.5,7534.25,7535.0,135.0,2026-07
2026-07-09 01:44:00,CME_MINI:ES1!,7535.25,7536.5,7535.0,7536.0,93.0,2026-07
2026-07-09 01:45:00,CME_MINI:ES1!,7536.0,7536.25,7535.5,7535.75,81.0,2026-07
2026-07-09 01:46:00,CME_MINI:ES1!,7535.75,7535.75,7534.0,7535.75,130.0,2026-07
2026-07-09 01:47:00,CME_MINI:ES1!,7536.0,7536.75,7536.0,7536.5,145.0,2026-07
2026-07-09 01:48:00,CME_MINI:ES1!,7536.25,7537.75,7536.25,7536.25,173.0,2026-07
2026-07-09 01:49:00,CME_MINI:ES1!,7536.25,7537.75,7535.75,7537.75,143.0,2026-07
2026-07-09 01:50:00,CME_MINI:ES1!,7537.75,7538.0,7535.75,7536.5,219.0,2026-07
2026-07-09 01:51:00,CME_MINI:ES1!,7536.5,7537.25,7536.5,7537.0,52.0,2026-07
2026-07-09 01:52:00,CME_MINI:ES1!,7537.0,7537.0,7534.75,7534.75,115.0,2026-07
2026-07-09 01:53:00,CME_MINI:ES1!,7534.5,7534.75,7532.5,7532.75,332.0,2026-07
2026-07-09 01:54:00,CME_MINI:ES1!,7532.75,7532.75,7531.25,7531.25,176.0,2026-07
2026-07-09 01:55:00,CME_MINI:ES1!,7531.25,7531.5,7528.75,7531.0,577.0,2026-07
2026-07-09 01:56:00,CME_MINI:ES1!,7531.25,7531.5,7528.5,7530.0,358.0,2026-07
2026-07-09 01:57:00,CME_MINI:ES1!,7529.75,7531.0,7529.25,7530.25,171.0,2026-07
2026-07-09 01:58:00,CME_MINI:ES1!,7530.25,7531.0,7529.25,7529.5,192.0,2026-07
2026-07-09 01:59:00,CME_MINI:ES1!,7529.5,7531.0,7529.25,7530.25,154.0,2026-07
2026-07-09 02:00:00,CME_MINI:ES1!,7530.25,7531.5,7529.0,7529.25,253.0,2026-07
2026-07-09 02:01:00,CME_MINI:ES1!,7529.5,7530.25,7529.0,7529.0,195.0,2026-07
2026-07-09 02:02:00,CME_MINI:ES1!,7529.0,7529.0,7527.0,7528.25,385.0,2026-07
2026-07-09 02:03:00,CME_MINI:ES1!,7528.5,7530.0,7527.5,7529.75,307.0,2026-07
2026-07-09 02:04:00,CME_MINI:ES1!,7529.75,7531.25,7529.75,7530.75,151.0,2026-07
2026-07-09 02:05:00,CME_MINI:ES1!,7531.0,7532.0,7530.25,7531.75,160.0,2026-07
2026-07-09 02:06:00,CME_MINI:ES1!,7531.75,7532.0,7531.0,7531.0,99.0,2026-07
2026-07-09 02:07:00,CME_MINI:ES1!,7531.0,7533.75,7530.5,7533.75,303.0,2026-07
2026-07-09 02:08:00,CME_MINI:ES1!,7533.75,7536.75,7533.75,7535.0,368.0,2026-07
2026-07-09 02:09:00,CME_MINI:ES1!,7534.75,7536.0,7534.5,7535.5,252.0,2026-07
2026-07-09 02:10:00,CME_MINI:ES1!,7535.25,7537.25,7535.0,7536.5,217.0,2026-07
2026-07-09 02:11:00,CME_MINI:ES1!,7536.25,7538.25,7535.75,7538.25,389.0,2026-07
2026-07-09 02:12:00,CME_MINI:ES1!,7538.25,7539.0,7536.75,7537.75,195.0,2026-07
2026-07-09 02:13:00,CME_MINI:ES1!,7537.5,7537.75,7536.5,7537.25,150.0,2026-07
2026-07-09 02:14:00,CME_MINI:ES1!,7537.25,7538.75,7537.0,7538.5,157.0,2026-07
2026-07-09 02:15:00,CME_MINI:ES1!,7538.5,7539.75,7538.0,7539.25,328.0,2026-07
2026-07-09 02:16:00,CME_MINI:ES1!,7539.5,7540.25,7538.25,7538.75,255.0,2026-07
2026-07-09 02:17:00,CME_MINI:ES1!,7539.0,7539.0,7536.75,7537.25,150.0,2026-07
2026-07-09 02:18:00,CME_MINI:ES1!,7537.25,7539.5,7537.25,7539.5,197.0,2026-07
2026-07-09 02:19:00,CME_MINI:ES1!,7539.5,7540.25,7539.0,7540.0,184.0,2026-07
2026-07-09 02:20:00,CME_MINI:ES1!,7540.0,7540.75,7539.25,7540.5,252.0,2026-07
2026-07-09 02:21:00,CME_MINI:ES1!,7540.5,7543.5,7540.0,7541.5,695.0,2026-07
2026-07-09 02:22:00,CME_MINI:ES1!,7541.5,7541.5,7539.5,7540.25,274.0,2026-07
2026-07-09 02:23:00,CME_MINI:ES1!,7540.25,7540.75,7539.5,7540.5,143.0,2026-07
2026-07-09 02:24:00,CME_MINI:ES1!,7540.5,7540.5,7538.25,7538.25,196.0,2026-07
2026-07-09 02:25:00,CME_MINI:ES1!,7538.25,7540.0,7538.25,7538.75,151.0,2026-07
2026-07-09 02:26:00,CME_MINI:ES1!,7538.5,7538.5,7537.75,7538.5,111.0,2026-07
2026-07-09 02:27:00,CME_MINI:ES1!,7538.5,7538.75,7537.5,7537.5,96.0,2026-07
2026-07-09 02:28:00,CME_MINI:ES1!,7537.75,7538.75,7537.5,7538.75,111.0,2026-07
2026-07-09 02:29:00,CME_MINI:ES1!,7539.0,7540.0,7538.75,7539.25,156.0,2026-07
2026-07-09 02:30:00,CME_MINI:ES1!,7539.25,7540.75,7539.0,7540.0,129.0,2026-07
2026-07-09 02:31:00,CME_MINI:ES1!,7539.75,7541.0,7539.75,7540.25,87.0,2026-07
2026-07-09 02:32:00,CME_MINI:ES1!,7540.25,7540.5,7539.0,7539.25,90.0,2026-07
2026-07-09 02:33:00,CME_MINI:ES1!,7539.25,7539.25,7537.75,7537.75,98.0,2026-07
2026-07-09 02:34:00,CME_MINI:ES1!,7537.75,7538.25,7537.0,7537.0,118.0,2026-07
2026-07-09 02:35:00,CME_MINI:ES1!,7537.5,7537.5,7533.5,7533.5,277.0,2026-07
2026-07-09 02:36:00,CME_MINI:ES1!,7533.75,7534.75,7533.25,7534.5,287.0,2026-07
2026-07-09 02:37:00,CME_MINI:ES1!,7534.75,7536.0,7534.25,7535.0,159.0,2026-07
2026-07-09 02:38:00,CME_MINI:ES1!,7535.0,7537.0,7534.5,7536.5,108.0,2026-07
2026-07-09 02:39:00,CME_MINI:ES1!,7537.0,7537.25,7535.5,7535.75,137.0,2026-07
2026-07-09 02:40:00,CME_MINI:ES1!,7535.75,7536.5,7535.5,7535.75,65.0,2026-07
2026-07-09 02:41:00,CME_MINI:ES1!,7535.75,7535.75,7534.25,7534.5,145.0,2026-07
2026-07-09 02:42:00,CME_MINI:ES1!,7534.5,7535.0,7533.75,7533.75,108.0,2026-07
2026-07-09 02:43:00,CME_MINI:ES1!,7534.0,7534.5,7533.5,7533.75,110.0,2026-07
2026-07-09 02:44:00,CME_MINI:ES1!,7533.75,7533.75,7531.5,7531.5,263.0,2026-07
2026-07-09 02:45:00,CME_MINI:ES1!,7531.75,7532.5,7531.25,7531.25,242.0,2026-07
2026-07-09 02:46:00,CME_MINI:ES1!,7531.0,7531.75,7531.0,7531.0,145.0,2026-07
2026-07-09 02:47:00,CME_MINI:ES1!,7530.75,7531.75,7530.75,7531.25,93.0,2026-07
2026-07-09 02:48:00,CME_MINI:ES1!,7531.25,7531.75,7530.0,7530.0,186.0,2026-07
2026-07-09 02:49:00,CME_MINI:ES1!,7530.0,7530.5,7528.0,7530.0,338.0,2026-07
2026-07-09 02:50:00,CME_MINI:ES1!,7529.75,7530.5,7529.25,7529.75,168.0,2026-07
2026-07-09 02:51:00,CME_MINI:ES1!,7529.5,7530.0,7528.0,7528.75,200.0,2026-07
2026-07-09 02:52:00,CME_MINI:ES1!,7528.5,7529.25,7528.0,7528.5,177.0,2026-07
2026-07-09 02:53:00,CME_MINI:ES1!,7528.5,7528.75,7527.0,7528.0,238.0,2026-07
2026-07-09 02:54:00,CME_MINI:ES1!,7528.25,7529.75,7528.25,7529.0,198.0,2026-07
2026-07-09 02:55:00,CME_MINI:ES1!,7529.25,7529.25,7527.5,7528.75,182.0,2026-07
2026-07-09 02:56:00,CME_MINI:ES1!,7529.0,7530.25,7529.0,7529.75,135.0,2026-07
2026-07-09 02:57:00,CME_MINI:ES1!,7529.75,7530.25,7528.5,7528.5,152.0,2026-07
2026-07-09 02:58:00,CME_MINI:ES1!,7528.25,7529.25,7528.0,7528.75,84.0,2026-07
2026-07-09 02:59:00,CME_MINI:ES1!,7528.75,7528.75,7527.5,7528.5,92.0,2026-07
2026-07-09 03:00:00,CME_MINI:ES1!,7528.75,7529.0,7526.25,7526.25,258.0,2026-07
2026-07-09 03:01:00,CME_MINI:ES1!,7526.5,7527.25,7525.5,7526.75,255.0,2026-07
2026-07-09 03:02:00,CME_MINI:ES1!,7527.0,7528.0,7526.75,7527.0,163.0,2026-07
2026-07-09 03:03:00,CME_MINI:ES1!,7527.25,7529.0,7526.75,7527.0,164.0,2026-07
2026-07-09 03:04:00,CME_MINI:ES1!,7527.0,7527.5,7526.75,7527.25,130.0,2026-07
2026-07-09 03:05:00,CME_MINI:ES1!,7527.0,7529.0,7527.0,7528.5,92.0,2026-07
2026-07-09 03:06:00,CME_MINI:ES1!,7528.5,7529.75,7528.25,7528.5,102.0,2026-07
2026-07-09 03:07:00,CME_MINI:ES1!,7528.5,7529.25,7528.25,7528.5,81.0,2026-07
2026-07-09 03:08:00,CME_MINI:ES1!,7528.5,7530.5,7528.5,7530.5,152.0,2026-07
2026-07-09 03:09:00,CME_MINI:ES1!,7530.0,7530.25,7528.5,7529.5,121.0,2026-07
2026-07-09 03:10:00,CME_MINI:ES1!,7529.25,7529.75,7527.0,7527.25,179.0,2026-07
2026-07-09 03:11:00,CME_MINI:ES1!,7527.0,7528.5,7526.5,7528.25,119.0,2026-07
2026-07-09 03:12:00,CME_MINI:ES1!,7528.25,7528.25,7526.0,7526.75,195.0,2026-07
2026-07-09 03:13:00,CME_MINI:ES1!,7526.75,7527.25,7526.25,7526.75,120.0,2026-07
2026-07-09 03:14:00,CME_MINI:ES1!,7527.0,7528.25,7526.75,7527.75,193.0,2026-07
2026-07-09 03:15:00,CME_MINI:ES1!,7527.75,7528.75,7527.25,7527.5,252.0,2026-07
2026-07-09 03:16:00,CME_MINI:ES1!,7527.75,7528.0,7526.5,7527.5,179.0,2026-07
2026-07-09 03:17:00,CME_MINI:ES1!,7527.25,7527.75,7526.25,7526.25,102.0,2026-07
2026-07-09 03:18:00,CME_MINI:ES1!,7526.25,7526.25,7525.0,7526.0,225.0,2026-07
2026-07-09 03:19:00,CME_MINI:ES1!,7526.0,7526.5,7525.0,7526.5,181.0,2026-07
2026-07-09 03:20:00,CME_MINI:ES1!,7526.5,7527.25,7526.25,7527.0,85.0,2026-07
2026-07-09 03:21:00,CME_MINI:ES1!,7527.25,7527.5,7525.75,7527.5,68.0,2026-07
2026-07-09 03:22:00,CME_MINI:ES1!,7527.5,7529.75,7527.25,7529.0,201.0,2026-07
2026-07-09 03:23:00,CME_MINI:ES1!,7528.75,7529.25,7527.75,7529.0,90.0,2026-07
2026-07-09 03:24:00,CME_MINI:ES1!,7529.0,7529.5,7528.5,7529.5,64.0,2026-07
2026-07-09 03:25:00,CME_MINI:ES1!,7529.75,7531.75,7529.5,7531.75,198.0,2026-07
2026-07-09 03:26:00,CME_MINI:ES1!,7531.75,7534.0,7531.75,7533.75,220.0,2026-07
2026-07-09 03:27:00,CME_MINI:ES1!,7533.75,7534.75,7533.25,7533.5,185.0,2026-07
2026-07-09 03:28:00,CME_MINI:ES1!,7533.5,7534.25,7533.25,7534.0,108.0,2026-07
2026-07-09 03:29:00,CME_MINI:ES1!,7534.0,7535.25,7533.25,7535.0,128.0,2026-07
2026-07-09 03:30:00,CME_MINI:ES1!,7535.25,7536.5,7534.5,7535.5,275.0,2026-07
2026-07-09 03:31:00,CME_MINI:ES1!,7535.0,7535.75,7534.25,7535.25,104.0,2026-07
2026-07-09 03:32:00,CME_MINI:ES1!,7535.25,7537.5,7535.0,7536.75,171.0,2026-07
2026-07-09 03:33:00,CME_MINI:ES1!,7536.5,7538.75,7536.25,7538.25,270.0,2026-07
2026-07-09 03:34:00,CME_MINI:ES1!,7538.25,7538.75,7537.0,7537.25,144.0,2026-07
2026-07-09 03:35:00,CME_MINI:ES1!,7537.5,7537.75,7536.5,7537.25,130.0,2026-07
2026-07-09 03:36:00,CME_MINI:ES1!,7537.25,7537.5,7536.75,7537.25,102.0,2026-07
2026-07-09 03:37:00,CME_MINI:ES1!,7537.25,7538.25,7536.75,7537.5,88.0,2026-07
2026-07-09 03:38:00,CME_MINI:ES1!,7538.0,7538.25,7537.0,7538.0,107.0,2026-07
2026-07-09 03:39:00,CME_MINI:ES1!,7538.25,7538.25,7537.5,7537.75,59.0,2026-07
2026-07-09 03:40:00,CME_MINI:ES1!,7537.75,7538.0,7537.5,7537.5,58.0,2026-07
2026-07-09 18:22:00,CME_MINI:ES1!,7590.5,7591.0,7589.0,7589.0,1118.0,2026-07
2026-07-09 18:23:00,CME_MINI:ES1!,7589.25,7589.75,7588.75,7589.0,960.0,2026-07
2026-07-09 18:24:00,CME_MINI:ES1!,7588.75,7589.75,7588.25,7588.25,1335.0,2026-07
2026-07-09 18:25:00,CME_MINI:ES1!,7588.25,7588.75,7587.5,7588.25,1562.0,2026-07
2026-07-09 18:26:00,CME_MINI:ES1!,7588.5,7589.25,7587.5,7588.5,1345.0,2026-07
2026-07-09 18:27:00,CME_MINI:ES1!,7588.25,7588.75,7587.5,7588.25,699.0,2026-07
2026-07-09 18:28:00,CME_MINI:ES1!,7588.5,7589.0,7587.25,7587.5,1214.0,2026-07
2026-07-09 18:29:00,CME_MINI:ES1!,7587.5,7589.5,7587.25,7589.5,1450.0,2026-07
2026-07-09 18:30:00,CME_MINI:ES1!,7589.5,7590.75,7588.5,7588.75,1724.0,2026-07
2026-07-09 18:31:00,CME_MINI:ES1!,7588.75,7589.75,7588.5,7589.75,1069.0,2026-07
2026-07-09 18:32:00,CME_MINI:ES1!,7589.5,7590.0,7588.25,7588.5,740.0,2026-07
2026-07-09 18:33:00,CME_MINI:ES1!,7588.25,7588.75,7587.75,7588.5,825.0,2026-07
2026-07-09 18:34:00,CME_MINI:ES1!,7588.5,7588.75,7587.25,7587.5,786.0,2026-07
2026-07-09 18:35:00,CME_MINI:ES1!,7587.25,7587.25,7585.5,7586.25,1701.0,2026-07
2026-07-09 18:36:00,CME_MINI:ES1!,7586.25,7587.5,7586.0,7587.25,1029.0,2026-07
2026-07-09 18:37:00,CME_MINI:ES1!,7587.25,7588.25,7586.75,7586.75,813.0,2026-07
2026-07-09 18:38:00,CME_MINI:ES1!,7587.0,7587.75,7586.5,7587.25,620.0,2026-07
2026-07-09 18:39:00,CME_MINI:ES1!,7587.0,7587.25,7586.0,7586.0,671.0,2026-07
2026-07-09 18:40:00,CME_MINI:ES1!,7586.0,7587.0,7585.25,7586.25,991.0,2026-07
2026-07-09 18:41:00,CME_MINI:ES1!,7586.25,7587.0,7586.0,7586.5,813.0,2026-07
2026-07-09 18:42:00,CME_MINI:ES1!,7586.5,7588.0,7586.25,7587.0,1338.0,2026-07
2026-07-09 18:43:00,CME_MINI:ES1!,7587.0,7587.25,7586.5,7587.0,807.0,2026-07
2026-07-09 18:44:00,CME_MINI:ES1!,7587.25,7588.0,7587.0,7587.75,674.0,2026-07
2026-07-09 18:45:00,CME_MINI:ES1!,7587.5,7587.75,7586.75,7587.25,1031.0,2026-07
2026-07-09 18:46:00,CME_MINI:ES1!,7587.25,7587.5,7585.5,7586.25,907.0,2026-07
2026-07-09 18:47:00,CME_MINI:ES1!,7586.25,7587.0,7585.75,7586.5,770.0,2026-07
2026-07-09 18:48:00,CME_MINI:ES1!,7586.25,7588.0,7586.0,7587.0,1008.0,2026-07
2026-07-09 18:49:00,CME_MINI:ES1!,7587.0,7587.5,7586.75,7587.5,730.0,2026-07
2026-07-09 18:50:00,CME_MINI:ES1!,7587.5,7588.0,7587.25,7587.25,858.0,2026-07
2026-07-09 18:51:00,CME_MINI:ES1!,7587.25,7587.5,7586.0,7586.5,1097.0,2026-07
2026-07-09 18:52:00,CME_MINI:ES1!,7586.75,7587.25,7586.0,7586.75,913.0,2026-07
2026-07-09 18:53:00,CME_MINI:ES1!,7586.5,7586.5,7585.75,7586.25,666.0,2026-07
2026-07-09 18:54:00,CME_MINI:ES1!,7586.25,7586.5,7585.5,7585.5,711.0,2026-07
2026-07-09 18:55:00,CME_MINI:ES1!,7585.5,7586.0,7583.0,7584.0,2085.0,2026-07
2026-07-09 18:56:00,CME_MINI:ES1!,7583.75,7584.75,7583.5,7584.5,1121.0,2026-07
2026-07-09 18:57:00,CME_MINI:ES1!,7584.5,7584.75,7583.75,7584.0,1078.0,2026-07
2026-07-09 18:58:00,CME_MINI:ES1!,7584.0,7584.75,7583.75,7584.25,913.0,2026-07
2026-07-09 18:59:00,CME_MINI:ES1!,7584.25,7586.0,7584.0,7585.0,1310.0,2026-07
2026-07-09 19:00:00,CME_MINI:ES1!,7585.25,7585.5,7583.5,7583.5,1359.0,2026-07
2026-07-09 19:01:00,CME_MINI:ES1!,7583.25,7583.75,7582.25,7583.25,1597.0,2026-07
2026-07-09 19:02:00,CME_MINI:ES1!,7583.25,7584.25,7583.0,7583.0,1291.0,2026-07
2026-07-09 19:03:00,CME_MINI:ES1!,7583.25,7583.75,7582.75,7583.25,687.0,2026-07
2026-07-09 19:04:00,CME_MINI:ES1!,7583.25,7583.75,7582.5,7583.0,842.0,2026-07
2026-07-09 19:05:00,CME_MINI:ES1!,7583.0,7583.75,7582.25,7583.0,1096.0,2026-07
2026-07-09 19:06:00,CME_MINI:ES1!,7583.0,7584.5,7582.5,7583.5,1456.0,2026-07
2026-07-09 19:07:00,CME_MINI:ES1!,7583.5,7583.75,7582.75,7583.25,670.0,2026-07
2026-07-09 19:08:00,CME_MINI:ES1!,7583.25,7583.25,7581.0,7582.0,1599.0,2026-07
2026-07-09 19:09:00,CME_MINI:ES1!,7582.25,7583.25,7581.75,7582.0,1017.0,2026-07
2026-07-09 19:10:00,CME_MINI:ES1!,7582.0,7582.5,7581.0,7581.75,1031.0,2026-07
2026-07-09 19:11:00,CME_MINI:ES1!,7581.75,7583.5,7581.75,7583.5,1096.0,2026-07
2026-07-09 19:12:00,CME_MINI:ES1!,7583.5,7584.75,7583.0,7584.25,1705.0,2026-07
2026-07-09 19:13:00,CME_MINI:ES1!,7584.25,7584.75,7583.25,7583.5,1260.0,2026-07
2026-07-09 19:14:00,CME_MINI:ES1!,7583.5,7584.25,7583.25,7583.25,623.0,2026-07
2026-07-09 19:15:00,CME_MINI:ES1!,7583.5,7584.25,7582.75,7584.0,1007.0,2026-07
2026-07-09 19:16:00,CME_MINI:ES1!,7584.0,7586.5,7584.0,7586.0,1782.0,2026-07
2026-07-09 19:17:00,CME_MINI:ES1!,7586.25,7586.75,7585.5,7586.0,1785.0,2026-07
2026-07-09 19:18:00,CME_MINI:ES1!,7586.0,7588.0,7585.75,7586.5,2431.0,2026-07
2026-07-09 19:19:00,CME_MINI:ES1!,7586.5,7587.5,7586.5,7587.25,1262.0,2026-07
2026-07-09 19:20:00,CME_MINI:ES1!,7587.25,7587.75,7586.5,7586.75,1460.0,2026-07
2026-07-09 19:21:00,CME_MINI:ES1!,7586.75,7588.5,7586.75,7588.25,1344.0,2026-07
2026-07-09 19:22:00,CME_MINI:ES1!,7588.25,7588.25,7586.75,7586.75,690.0,2026-07
2026-07-09 19:23:00,CME_MINI:ES1!,7586.75,7587.0,7585.75,7586.75,1001.0,2026-07
2026-07-09 19:24:00,CME_MINI:ES1!,7586.75,7587.0,7585.75,7585.75,646.0,2026-07
2026-07-09 19:25:00,CME_MINI:ES1!,7586.0,7586.75,7585.5,7585.5,1214.0,2026-07
2026-07-09 19:26:00,CME_MINI:ES1!,7585.75,7586.0,7584.75,7584.75,870.0,2026-07
2026-07-09 19:27:00,CME_MINI:ES1!,7585.0,7586.75,7584.75,7585.5,1277.0,2026-07
2026-07-09 19:28:00,CME_MINI:ES1!,7585.5,7586.25,7585.5,7585.75,814.0,2026-07
2026-07-09 19:29:00,CME_MINI:ES1!,7585.75,7586.25,7585.0,7585.0,784.0,2026-07
2026-07-09 19:30:00,CME_MINI:ES1!,7585.0,7586.25,7583.5,7583.75,2269.0,2026-07
2026-07-09 19:31:00,CME_MINI:ES1!,7583.75,7585.25,7583.75,7584.75,1108.0,2026-07
2026-07-09 19:32:00,CME_MINI:ES1!,7584.75,7585.5,7584.25,7584.25,1294.0,2026-07
2026-07-09 19:33:00,CME_MINI:ES1!,7584.25,7585.0,7584.0,7584.5,1155.0,2026-07
2026-07-09 19:34:00,CME_MINI:ES1!,7584.5,7585.25,7584.25,7585.25,1135.0,2026-07
2026-07-09 19:35:00,CME_MINI:ES1!,7585.25,7586.75,7585.25,7586.25,1055.0,2026-07
2026-07-09 19:36:00,CME_MINI:ES1!,7586.25,7588.0,7586.25,7587.0,1187.0,2026-07
2026-07-09 19:37:00,CME_MINI:ES1!,7587.25,7587.25,7585.75,7585.75,1261.0,2026-07
2026-07-09 19:38:00,CME_MINI:ES1!,7585.75,7586.5,7585.25,7586.25,904.0,2026-07
2026-07-09 19:39:00,CME_MINI:ES1!,7586.25,7587.0,7586.25,7586.75,743.0,2026-07
2026-07-09 19:40:00,CME_MINI:ES1!,7586.75,7587.75,7586.5,7586.75,1394.0,2026-07
2026-07-09 19:41:00,CME_MINI:ES1!,7586.75,7587.0,7585.25,7586.5,1101.0,2026-07
2026-07-09 19:42:00,CME_MINI:ES1!,7586.5,7586.75,7585.5,7586.25,830.0,2026-07
2026-07-09 19:43:00,CME_MINI:ES1!,7586.25,7587.5,7586.25,7586.75,991.0,2026-07
2026-07-09 19:44:00,CME_MINI:ES1!,7587.0,7589.0,7586.75,7588.0,1347.0,2026-07
2026-07-09 19:45:00,CME_MINI:ES1!,7588.0,7588.75,7586.5,7587.0,1895.0,2026-07
2026-07-09 19:46:00,CME_MINI:ES1!,7587.0,7587.75,7587.0,7587.5,947.0,2026-07
2026-07-09 19:47:00,CME_MINI:ES1!,7587.75,7588.0,7587.0,7587.75,1097.0,2026-07
2026-07-09 19:48:00,CME_MINI:ES1!,7587.75,7588.0,7587.0,7587.25,1024.0,2026-07
2026-07-09 19:49:00,CME_MINI:ES1!,7587.25,7587.5,7586.5,7586.5,1317.0,2026-07
2026-07-09 19:50:00,CME_MINI:ES1!,7586.75,7586.75,7584.5,7585.5,3588.0,2026-07
2026-07-09 19:51:00,CME_MINI:ES1!,7585.5,7585.75,7583.75,7585.0,1934.0,2026-07
2026-07-09 19:52:00,CME_MINI:ES1!,7585.25,7586.0,7584.25,7585.0,1708.0,2026-07
2026-07-09 19:53:00,CME_MINI:ES1!,7585.0,7585.25,7583.75,7584.0,2262.0,2026-07
2026-07-09 19:54:00,CME_MINI:ES1!,7584.0,7584.5,7582.5,7582.75,4815.0,2026-07
2026-07-09 19:55:00,CME_MINI:ES1!,7582.5,7586.75,7582.5,7586.0,4015.0,2026-07
2026-07-09 19:56:00,CME_MINI:ES1!,7586.0,7586.5,7585.5,7586.25,1598.0,2026-07
2026-07-09 19:57:00,CME_MINI:ES1!,7586.0,7588.0,7586.0,7587.5,2603.0,2026-07
2026-07-09 19:58:00,CME_MINI:ES1!,7587.5,7588.5,7586.75,7586.75,4879.0,2026-07
2026-07-09 19:59:00,CME_MINI:ES1!,7586.75,7591.0,7586.25,7590.75,42356.0,2026-07
2026-07-09 20:00:00,CME_MINI:ES1!,7590.25,7591.5,7586.0,7586.25,11841.0,2026-07
2026-07-09 20:01:00,CME_MINI:ES1!,7586.25,7587.0,7585.75,7586.5,2046.0,2026-07
2026-07-09 20:02:00,CME_MINI:ES1!,7586.5,7588.0,7586.25,7587.5,1225.0,2026-07
2026-07-09 20:03:00,CME_MINI:ES1!,7587.75,7588.75,7587.25,7588.25,1132.0,2026-07
2026-07-09 20:04:00,CME_MINI:ES1!,7588.25,7589.25,7588.0,7588.5,778.0,2026-07
2026-07-09 20:05:00,CME_MINI:ES1!,7588.75,7590.0,7588.25,7590.0,1019.0,2026-07
2026-07-09 20:06:00,CME_MINI:ES1!,7589.75,7591.75,7589.75,7591.0,972.0,2026-07
2026-07-09 20:07:00,CME_MINI:ES1!,7591.0,7592.0,7591.0,7591.0,784.0,2026-07
2026-07-09 20:08:00,CME_MINI:ES1!,7590.75,7591.5,7590.25,7591.0,631.0,2026-07
2026-07-09 20:09:00,CME_MINI:ES1!,7591.0,7591.5,7590.75,7591.5,295.0,2026-07
2026-07-09 20:10:00,CME_MINI:ES1!,7591.25,7591.5,7589.0,7590.0,1292.0,2026-07
2026-07-09 20:11:00,CME_MINI:ES1!,7590.25,7590.75,7590.0,7590.0,330.0,2026-07
2026-07-09 20:12:00,CME_MINI:ES1!,7589.75,7590.25,7588.75,7589.25,367.0,2026-07
2026-07-09 20:13:00,CME_MINI:ES1!,7589.5,7590.5,7589.5,7590.25,461.0,2026-07
2026-07-09 20:14:00,CME_MINI:ES1!,7590.5,7591.5,7590.25,7590.75,1311.0,2026-07
2026-07-09 20:15:00,CME_MINI:ES1!,7590.75,7591.75,7590.0,7590.75,600.0,2026-07
2026-07-09 20:16:00,CME_MINI:ES1!,7591.0,7591.0,7589.25,7590.5,377.0,2026-07
2026-07-09 20:17:00,CME_MINI:ES1!,7590.25,7590.25,7589.5,7589.75,368.0,2026-07
2026-07-09 20:18:00,CME_MINI:ES1!,7589.5,7589.75,7589.25,7589.5,198.0,2026-07
2026-07-09 20:19:00,CME_MINI:ES1!,7589.75,7590.5,7589.5,7589.5,253.0,2026-07
2026-07-09 20:20:00,CME_MINI:ES1!,7589.25,7589.75,7588.5,7589.5,474.0,2026-07
2026-07-09 20:21:00,CME_MINI:ES1!,7589.25,7589.25,7588.25,7588.75,330.0,2026-07
2026-07-09 20:22:00,CME_MINI:ES1!,7588.75,7588.75,7588.25,7588.25,103.0,2026-07
2026-07-09 20:23:00,CME_MINI:ES1!,7588.5,7588.5,7587.25,7587.25,355.0,2026-07
2026-07-09 20:24:00,CME_MINI:ES1!,7587.25,7587.5,7587.25,7587.5,141.0,2026-07
2026-07-09 20:25:00,CME_MINI:ES1!,7587.5,7587.75,7587.25,7587.25,173.0,2026-07
2026-07-09 20:26:00,CME_MINI:ES1!,7587.5,7587.5,7587.0,7587.25,133.0,2026-07
2026-07-09 20:27:00,CME_MINI:ES1!,7587.0,7587.5,7586.5,7586.75,234.0,2026-07
2026-07-09 20:28:00,CME_MINI:ES1!,7586.5,7587.5,7586.0,7587.25,253.0,2026-07
2026-07-09 20:29:00,CME_MINI:ES1!,7587.0,7587.75,7586.75,7587.0,154.0,2026-07
2026-07-09 20:30:00,CME_MINI:ES1!,7586.75,7587.0,7586.5,7586.75,106.0,2026-07
2026-07-09 20:31:00,CME_MINI:ES1!,7586.75,7587.75,7586.75,7587.75,245.0,2026-07
2026-07-09 20:32:00,CME_MINI:ES1!,7587.5,7588.25,7587.25,7588.25,273.0,2026-07
2026-07-09 20:33:00,CME_MINI:ES1!,7588.25,7589.0,7588.25,7588.75,407.0,2026-07
2026-07-09 20:34:00,CME_MINI:ES1!,7589.0,7589.75,7588.75,7589.5,259.0,2026-07
2026-07-09 20:35:00,CME_MINI:ES1!,7589.5,7589.75,7589.0,7589.0,281.0,2026-07
2026-07-09 20:36:00,CME_MINI:ES1!,7589.25,7589.75,7589.25,7589.5,134.0,2026-07
2026-07-09 20:37:00,CME_MINI:ES1!,7589.25,7589.75,7589.25,7589.5,107.0,2026-07
2026-07-09 20:38:00,CME_MINI:ES1!,7589.5,7589.5,7589.0,7589.5,203.0,2026-07
2026-07-09 20:39:00,CME_MINI:ES1!,7589.5,7589.75,7589.25,7589.75,177.0,2026-07
2026-07-09 20:40:00,CME_MINI:ES1!,7589.5,7590.0,7589.25,7589.5,179.0,2026-07
2026-07-09 20:41:00,CME_MINI:ES1!,7589.75,7589.75,7588.0,7588.75,411.0,2026-07
2026-07-09 20:42:00,CME_MINI:ES1!,7589.0,7589.25,7588.75,7589.0,237.0,2026-07
2026-07-09 20:43:00,CME_MINI:ES1!,7589.0,7589.25,7588.0,7588.0,260.0,2026-07
2026-07-09 20:44:00,CME_MINI:ES1!,7587.75,7588.75,7587.5,7587.5,326.0,2026-07
2026-07-09 20:45:00,CME_MINI:ES1!,7587.75,7588.0,7587.5,7587.75,208.0,2026-07
2026-07-09 20:46:00,CME_MINI:ES1!,7587.5,7588.0,7587.0,7587.25,301.0,2026-07
2026-07-09 20:47:00,CME_MINI:ES1!,7587.25,7588.0,7587.25,7587.5,186.0,2026-07
2026-07-09 20:48:00,CME_MINI:ES1!,7587.5,7588.0,7587.5,7587.75,67.0,2026-07
2026-07-09 20:49:00,CME_MINI:ES1!,7587.5,7588.0,7587.5,7587.75,224.0,2026-07
2026-07-09 20:50:00,CME_MINI:ES1!,7587.5,7587.75,7586.0,7586.25,271.0,2026-07
2026-07-09 20:51:00,CME_MINI:ES1!,7586.25,7586.5,7586.0,7586.25,233.0,2026-07
2026-07-09 20:52:00,CME_MINI:ES1!,7586.25,7586.25,7586.0,7586.0,207.0,2026-07
2026-07-09 20:53:00,CME_MINI:ES1!,7586.25,7586.5,7586.0,7586.0,171.0,2026-07
2026-07-09 20:54:00,CME_MINI:ES1!,7586.0,7586.25,7585.75,7586.0,317.0,2026-07
2026-07-09 20:55:00,CME_MINI:ES1!,7586.0,7586.25,7585.75,7585.75,231.0,2026-07
2026-07-09 20:56:00,CME_MINI:ES1!,7585.75,7586.0,7584.75,7585.5,472.0,2026-07
2026-07-09 20:57:00,CME_MINI:ES1!,7585.5,7587.25,7585.5,7586.5,959.0,2026-07
2026-07-09 20:58:00,CME_MINI:ES1!,7586.5,7586.75,7586.25,7586.5,90.0,2026-07
2026-07-09 20:59:00,CME_MINI:ES1!,7586.5,7586.75,7585.5,7586.25,378.0,2026-07
2026-07-09 22:00:00,CME_MINI:ES1!,7587.25,7587.75,7585.5,7587.25,289.0,2026-07
2026-07-09 22:01:00,CME_MINI:ES1!,7587.5,7587.75,7585.75,7586.0,77.0,2026-07
2026-07-09 22:02:00,CME_MINI:ES1!,7585.5,7586.0,7585.5,7585.5,95.0,2026-07
2026-07-09 22:03:00,CME_MINI:ES1!,7585.75,7587.25,7585.75,7586.0,74.0,2026-07
2026-07-09 22:04:00,CME_MINI:ES1!,7586.25,7587.25,7585.0,7587.0,95.0,2026-07
2026-07-09 22:05:00,CME_MINI:ES1!,7587.25,7587.75,7585.0,7586.0,258.0,2026-07
2026-07-09 22:06:00,CME_MINI:ES1!,7586.0,7587.75,7586.0,7586.25,99.0,2026-07
2026-07-09 22:07:00,CME_MINI:ES1!,7586.5,7589.0,7586.5,7587.75,276.0,2026-07
2026-07-09 22:08:00,CME_MINI:ES1!,7587.75,7588.0,7586.25,7586.75,78.0,2026-07
2026-07-09 22:09:00,CME_MINI:ES1!,7587.0,7587.0,7584.75,7585.25,112.0,2026-07
2026-07-09 22:10:00,CME_MINI:ES1!,7585.25,7585.5,7584.25,7584.75,88.0,2026-07
2026-07-09 22:11:00,CME_MINI:ES1!,7585.0,7585.25,7584.5,7584.5,56.0,2026-07
2026-07-09 22:12:00,CME_MINI:ES1!,7584.75,7585.0,7584.5,7585.0,26.0,2026-07
2026-07-09 22:13:00,CME_MINI:ES1!,7585.0,7585.25,7584.5,7584.75,33.0,2026-07
2026-07-09 22:14:00,CME_MINI:ES1!,7585.0,7585.5,7584.75,7584.75,30.0,2026-07
2026-07-09 22:15:00,CME_MINI:ES1!,7585.25,7585.25,7584.5,7584.75,45.0,2026-07
2026-07-09 22:16:00,CME_MINI:ES1!,7584.75,7586.0,7584.5,7585.75,107.0,2026-07
2026-07-09 22:17:00,CME_MINI:ES1!,7585.75,7586.25,7585.5,7585.75,119.0,2026-07
2026-07-09 22:18:00,CME_MINI:ES1!,7585.75,7586.75,7585.5,7586.0,52.0,2026-07
2026-07-09 22:19:00,CME_MINI:ES1!,7586.0,7586.0,7583.75,7584.75,193.0,2026-07
2026-07-09 22:20:00,CME_MINI:ES1!,7585.0,7585.0,7583.75,7584.5,129.0,2026-07
2026-07-09 22:21:00,CME_MINI:ES1!,7584.75,7585.25,7584.25,7585.0,52.0,2026-07
2026-07-09 22:22:00,CME_MINI:ES1!,7585.0,7585.5,7584.75,7585.25,75.0,2026-07
2026-07-09 22:23:00,CME_MINI:ES1!,7585.25,7585.5,7584.75,7585.25,29.0,2026-07
2026-07-09 22:24:00,CME_MINI:ES1!,7585.5,7585.75,7585.25,7585.5,24.0,2026-07
2026-07-09 22:25:00,CME_MINI:ES1!,7585.25,7585.75,7585.0,7585.75,49.0,2026-07
2026-07-09 22:26:00,CME_MINI:ES1!,7586.0,7586.0,7585.25,7585.5,64.0,2026-07
2026-07-09 22:27:00,CME_MINI:ES1!,7585.25,7585.25,7584.5,7584.75,85.0,2026-07
2026-07-09 22:28:00,CME_MINI:ES1!,7584.5,7584.75,7583.75,7584.25,50.0,2026-07
2026-07-09 22:29:00,CME_MINI:ES1!,7584.25,7585.0,7584.0,7584.75,41.0,2026-07
2026-07-09 22:30:00,CME_MINI:ES1!,7584.5,7585.25,7584.0,7585.25,50.0,2026-07
2026-07-09 22:31:00,CME_MINI:ES1!,7585.0,7585.5,7584.75,7585.0,37.0,2026-07
2026-07-09 22:32:00,CME_MINI:ES1!,7585.0,7585.25,7584.75,7585.25,37.0,2026-07
2026-07-09 22:33:00,CME_MINI:ES1!,7585.25,7585.25,7584.75,7585.25,42.0,2026-07
2026-07-09 22:34:00,CME_MINI:ES1!,7585.5,7585.5,7584.75,7585.0,36.0,2026-07
2026-07-09 22:35:00,CME_MINI:ES1!,7585.0,7585.0,7584.25,7585.0,56.0,2026-07
2026-07-09 22:36:00,CME_MINI:ES1!,7585.0,7585.5,7585.0,7585.5,40.0,2026-07
2026-07-09 22:37:00,CME_MINI:ES1!,7585.75,7585.75,7585.0,7585.75,45.0,2026-07
2026-07-09 22:38:00,CME_MINI:ES1!,7585.5,7586.25,7585.5,7585.75,55.0,2026-07
2026-07-09 22:39:00,CME_MINI:ES1!,7585.75,7586.0,7585.0,7585.25,41.0,2026-07
2026-07-09 22:40:00,CME_MINI:ES1!,7585.5,7585.75,7585.25,7585.25,42.0,2026-07
2026-07-09 22:41:00,CME_MINI:ES1!,7585.25,7585.75,7585.25,7585.75,18.0,2026-07
2026-07-09 22:42:00,CME_MINI:ES1!,7585.75,7585.75,7585.25,7585.75,11.0,2026-07
2026-07-09 22:43:00,CME_MINI:ES1!,7586.0,7586.0,7585.5,7585.75,16.0,2026-07
2026-07-09 22:44:00,CME_MINI:ES1!,7585.75,7586.0,7585.5,7585.75,28.0,2026-07
2026-07-09 22:45:00,CME_MINI:ES1!,7586.0,7586.25,7585.5,7586.0,34.0,2026-07
2026-07-09 22:46:00,CME_MINI:ES1!,7585.75,7586.0,7585.75,7585.75,29.0,2026-07
2026-07-09 22:47:00,CME_MINI:ES1!,7585.75,7585.75,7585.25,7585.75,38.0,2026-07
2026-07-09 22:48:00,CME_MINI:ES1!,7585.75,7586.0,7585.75,7586.0,17.0,2026-07
2026-07-09 22:49:00,CME_MINI:ES1!,7586.0,7587.0,7586.0,7586.25,67.0,2026-07
2026-07-09 22:50:00,CME_MINI:ES1!,7586.5,7587.25,7586.5,7586.75,56.0,2026-07
2026-07-09 22:51:00,CME_MINI:ES1!,7586.75,7587.25,7586.5,7587.0,48.0,2026-07
2026-07-09 22:52:00,CME_MINI:ES1!,7586.75,7587.0,7586.25,7586.5,30.0,2026-07
2026-07-09 22:53:00,CME_MINI:ES1!,7586.75,7587.0,7586.25,7586.25,18.0,2026-07
2026-07-09 22:54:00,CME_MINI:ES1!,7586.25,7586.5,7586.25,7586.25,13.0,2026-07
2026-07-09 22:55:00,CME_MINI:ES1!,7586.0,7586.5,7585.75,7586.25,33.0,2026-07
2026-07-09 22:56:00,CME_MINI:ES1!,7586.25,7586.75,7586.25,7586.25,15.0,2026-07
2026-07-09 22:57:00,CME_MINI:ES1!,7586.5,7586.5,7586.25,7586.5,9.0,2026-07
2026-07-09 22:58:00,CME_MINI:ES1!,7586.5,7586.5,7586.25,7586.5,33.0,2026-07
2026-07-09 22:59:00,CME_MINI:ES1!,7586.5,7586.75,7586.25,7586.75,17.0,2026-07
2026-07-09 23:00:00,CME_MINI:ES1!,7586.75,7587.5,7586.5,7587.25,101.0,2026-07
2026-07-09 23:01:00,CME_MINI:ES1!,7587.25,7587.25,7585.0,7585.5,131.0,2026-07
2026-07-09 23:02:00,CME_MINI:ES1!,7585.75,7585.75,7585.0,7585.5,81.0,2026-07
2026-07-09 23:03:00,CME_MINI:ES1!,7585.75,7586.25,7585.5,7586.25,35.0,2026-07
2026-07-09 23:04:00,CME_MINI:ES1!,7586.25,7587.75,7586.25,7587.5,89.0,2026-07
2026-07-09 23:05:00,CME_MINI:ES1!,7587.5,7588.25,7587.25,7588.25,69.0,2026-07
2026-07-09 23:06:00,CME_MINI:ES1!,7588.25,7588.25,7587.5,7588.0,100.0,2026-07
2026-07-09 23:07:00,CME_MINI:ES1!,7588.0,7588.0,7587.5,7588.0,55.0,2026-07
2026-07-09 23:08:00,CME_MINI:ES1!,7588.0,7588.75,7588.0,7588.5,46.0,2026-07
2026-07-09 23:09:00,CME_MINI:ES1!,7588.75,7589.25,7588.25,7589.0,89.0,2026-07
2026-07-09 23:10:00,CME_MINI:ES1!,7589.25,7589.25,7588.5,7588.75,90.0,2026-07
2026-07-09 23:11:00,CME_MINI:ES1!,7588.5,7589.0,7588.25,7588.5,25.0,2026-07
2026-07-09 23:12:00,CME_MINI:ES1!,7588.75,7589.0,7588.5,7588.5,35.0,2026-07
2026-07-09 23:13:00,CME_MINI:ES1!,7589.0,7589.75,7589.0,7589.5,70.0,2026-07
2026-07-09 23:14:00,CME_MINI:ES1!,7589.5,7589.5,7589.0,7589.25,67.0,2026-07
2026-07-09 23:15:00,CME_MINI:ES1!,7589.5,7589.5,7588.75,7588.75,45.0,2026-07
2026-07-09 23:16:00,CME_MINI:ES1!,7588.75,7589.0,7588.0,7588.75,28.0,2026-07
2026-07-09 23:17:00,CME_MINI:ES1!,7589.0,7589.0,7588.5,7588.75,19.0,2026-07
2026-07-09 23:18:00,CME_MINI:ES1!,7588.5,7589.0,7588.25,7589.0,24.0,2026-07
2026-07-09 23:19:00,CME_MINI:ES1!,7589.25,7590.0,7589.25,7589.75,116.0,2026-07
2026-07-09 23:20:00,CME_MINI:ES1!,7589.5,7590.0,7589.0,7589.0,127.0,2026-07
2026-07-09 23:21:00,CME_MINI:ES1!,7589.0,7589.75,7589.0,7589.5,48.0,2026-07
2026-07-09 23:22:00,CME_MINI:ES1!,7589.75,7589.75,7589.0,7589.5,46.0,2026-07
2026-07-09 23:23:00,CME_MINI:ES1!,7589.25,7590.25,7589.25,7590.0,48.0,2026-07
2026-07-09 23:24:00,CME_MINI:ES1!,7590.0,7591.5,7590.0,7590.75,221.0,2026-07
2026-07-09 23:25:00,CME_MINI:ES1!,7590.5,7591.5,7590.5,7591.0,103.0,2026-07
2026-07-09 23:26:00,CME_MINI:ES1!,7590.75,7591.25,7590.75,7591.0,40.0,2026-07
2026-07-09 23:27:00,CME_MINI:ES1!,7591.0,7591.25,7591.0,7591.0,38.0,2026-07
2026-07-09 23:28:00,CME_MINI:ES1!,7591.0,7591.75,7591.0,7591.25,62.0,2026-07
2026-07-09 23:29:00,CME_MINI:ES1!,7591.5,7591.5,7591.25,7591.25,32.0,2026-07
2026-07-09 23:30:00,CME_MINI:ES1!,7591.5,7591.75,7590.0,7590.5,116.0,2026-07
2026-07-09 23:31:00,CME_MINI:ES1!,7590.25,7591.0,7590.25,7590.75,43.0,2026-07
2026-07-09 23:32:00,CME_MINI:ES1!,7590.75,7591.25,7590.75,7591.0,25.0,2026-07
2026-07-09 23:33:00,CME_MINI:ES1!,7591.0,7591.0,7590.25,7590.5,53.0,2026-07
2026-07-09 23:34:00,CME_MINI:ES1!,7590.75,7591.0,7589.75,7590.0,61.0,2026-07
2026-07-09 23:35:00,CME_MINI:ES1!,7590.0,7590.5,7590.0,7590.5,30.0,2026-07
2026-07-09 23:36:00,CME_MINI:ES1!,7590.75,7590.75,7590.25,7590.75,62.0,2026-07
2026-07-09 23:37:00,CME_MINI:ES1!,7590.5,7590.75,7590.5,7590.75,27.0,2026-07
2026-07-09 23:38:00,CME_MINI:ES1!,7590.75,7590.75,7590.25,7590.5,37.0,2026-07
2026-07-09 23:39:00,CME_MINI:ES1!,7590.75,7591.0,7590.75,7590.75,39.0,2026-07
2026-07-09 23:40:00,CME_MINI:ES1!,7590.75,7591.0,7590.25,7590.25,18.0,2026-07
2026-07-09 23:41:00,CME_MINI:ES1!,7590.25,7590.25,7590.0,7590.0,51.0,2026-07
2026-07-09 23:42:00,CME_MINI:ES1!,7590.0,7590.25,7589.25,7589.75,33.0,2026-07
2026-07-09 23:43:00,CME_MINI:ES1!,7589.75,7590.25,7589.25,7589.75,39.0,2026-07
2026-07-09 23:44:00,CME_MINI:ES1!,7589.75,7590.0,7589.25,7589.75,50.0,2026-07
2026-07-09 23:45:00,CME_MINI:ES1!,7589.75,7590.0,7587.5,7588.75,208.0,2026-07
2026-07-09 23:46:00,CME_MINI:ES1!,7588.75,7589.0,7588.25,7588.25,70.0,2026-07
2026-07-09 23:47:00,CME_MINI:ES1!,7588.25,7588.5,7587.75,7587.75,29.0,2026-07
2026-07-09 23:48:00,CME_MINI:ES1!,7587.75,7588.25,7587.5,7588.0,69.0,2026-07
2026-07-09 23:49:00,CME_MINI:ES1!,7588.25,7588.25,7586.75,7587.5,80.0,2026-07
2026-07-09 23:50:00,CME_MINI:ES1!,7587.25,7588.5,7587.25,7588.0,63.0,2026-07
2026-07-09 23:51:00,CME_MINI:ES1!,7588.0,7588.75,7588.0,7588.75,59.0,2026-07
2026-07-09 23:52:00,CME_MINI:ES1!,7588.75,7589.25,7588.75,7589.0,92.0,2026-07
2026-07-09 23:53:00,CME_MINI:ES1!,7589.0,7589.5,7588.0,7589.5,52.0,2026-07
2026-07-09 23:54:00,CME_MINI:ES1!,7589.5,7590.75,7589.5,7589.75,83.0,2026-07
2026-07-09 23:55:00,CME_MINI:ES1!,7589.75,7590.5,7589.5,7590.25,53.0,2026-07
2026-07-09 23:56:00,CME_MINI:ES1!,7590.5,7591.5,7590.0,7591.0,62.0,2026-07
2026-07-09 23:57:00,CME_MINI:ES1!,7591.0,7591.25,7590.0,7590.0,83.0,2026-07
2026-07-09 23:58:00,CME_MINI:ES1!,7590.0,7590.5,7589.0,7589.25,114.0,2026-07
2026-07-09 23:59:00,CME_MINI:ES1!,7589.25,7589.5,7588.5,7588.5,127.0,2026-07
2026-07-10 00:00:00,CME_MINI:ES1!,7588.5,7589.5,7586.75,7587.0,394.0,2026-07
2026-07-10 00:01:00,CME_MINI:ES1!,7587.0,7587.25,7584.5,7584.75,345.0,2026-07
2026-07-10 00:02:00,CME_MINI:ES1!,7584.75,7585.0,7583.25,7584.25,351.0,2026-07
2026-07-10 00:03:00,CME_MINI:ES1!,7584.25,7584.75,7583.25,7583.75,218.0,2026-07
2026-07-10 00:04:00,CME_MINI:ES1!,7584.0,7585.5,7583.75,7585.0,184.0,2026-07
2026-07-10 00:05:00,CME_MINI:ES1!,7585.0,7585.5,7584.0,7584.0,138.0,2026-07
2026-07-10 00:06:00,CME_MINI:ES1!,7583.75,7584.75,7583.5,7584.5,185.0,2026-07
2026-07-10 00:07:00,CME_MINI:ES1!,7584.25,7584.5,7581.5,7581.5,328.0,2026-07
2026-07-10 00:08:00,CME_MINI:ES1!,7581.5,7583.75,7581.25,7583.0,194.0,2026-07
2026-07-10 00:09:00,CME_MINI:ES1!,7583.0,7584.0,7582.75,7584.0,172.0,2026-07
2026-07-10 00:10:00,CME_MINI:ES1!,7584.0,7584.25,7581.5,7581.5,187.0,2026-07
2026-07-10 00:11:00,CME_MINI:ES1!,7581.5,7582.25,7580.5,7580.75,276.0,2026-07
2026-07-10 00:12:00,CME_MINI:ES1!,7581.0,7582.25,7580.75,7582.25,207.0,2026-07
2026-07-10 00:13:00,CME_MINI:ES1!,7582.5,7582.5,7581.0,7582.25,165.0,2026-07
2026-07-10 00:14:00,CME_MINI:ES1!,7582.5,7584.0,7581.75,7583.5,251.0,2026-07
2026-07-10 00:15:00,CME_MINI:ES1!,7583.5,7584.5,7583.0,7583.5,213.0,2026-07
2026-07-10 00:16:00,CME_MINI:ES1!,7583.25,7583.75,7582.0,7582.5,192.0,2026-07
2026-07-10 00:17:00,CME_MINI:ES1!,7582.5,7583.0,7581.5,7582.5,132.0,2026-07
2026-07-10 00:18:00,CME_MINI:ES1!,7582.25,7583.25,7582.0,7582.5,110.0,2026-07
2026-07-10 00:19:00,CME_MINI:ES1!,7582.5,7582.5,7581.75,7582.0,96.0,2026-07
2026-07-10 00:20:00,CME_MINI:ES1!,7582.0,7583.5,7581.75,7582.25,120.0,2026-07
2026-07-10 00:21:00,CME_MINI:ES1!,7582.0,7583.5,7581.75,7583.25,79.0,2026-07
2026-07-10 00:22:00,CME_MINI:ES1!,7583.25,7583.25,7580.75,7581.0,195.0,2026-07
2026-07-10 00:23:00,CME_MINI:ES1!,7581.0,7581.0,7579.75,7580.0,309.0,2026-07
2026-07-10 00:24:00,CME_MINI:ES1!,7579.75,7579.75,7578.25,7578.75,335.0,2026-07
2026-07-10 00:25:00,CME_MINI:ES1!,7578.75,7579.25,7577.5,7578.75,365.0,2026-07
2026-07-10 00:26:00,CME_MINI:ES1!,7578.75,7580.0,7578.0,7580.0,229.0,2026-07
2026-07-10 00:27:00,CME_MINI:ES1!,7579.75,7579.75,7578.5,7578.5,142.0,2026-07
2026-07-10 00:28:00,CME_MINI:ES1!,7578.5,7579.0,7577.75,7578.25,286.0,2026-07
2026-07-10 00:29:00,CME_MINI:ES1!,7578.0,7580.0,7578.0,7579.5,164.0,2026-07
2026-07-10 00:30:00,CME_MINI:ES1!,7579.75,7580.25,7579.0,7579.5,334.0,2026-07
2026-07-10 00:31:00,CME_MINI:ES1!,7579.25,7579.75,7577.5,7578.25,175.0,2026-07
2026-07-10 00:32:00,CME_MINI:ES1!,7578.25,7578.5,7577.75,7578.5,75.0,2026-07
2026-07-10 00:33:00,CME_MINI:ES1!,7578.25,7578.75,7576.0,7576.25,288.0,2026-07
2026-07-10 00:34:00,CME_MINI:ES1!,7576.5,7577.0,7575.75,7576.5,251.0,2026-07
2026-07-10 00:35:00,CME_MINI:ES1!,7576.5,7577.25,7576.25,7576.75,185.0,2026-07
2026-07-10 00:36:00,CME_MINI:ES1!,7576.75,7577.5,7575.75,7577.25,281.0,2026-07
2026-07-10 00:37:00,CME_MINI:ES1!,7577.25,7577.75,7575.75,7576.75,226.0,2026-07
2026-07-10 00:38:00,CME_MINI:ES1!,7576.5,7577.0,7575.75,7575.75,144.0,2026-07
2026-07-10 00:39:00,CME_MINI:ES1!,7576.0,7576.75,7576.0,7576.0,135.0,2026-07
2026-07-10 00:40:00,CME_MINI:ES1!,7575.75,7577.25,7575.75,7576.25,214.0,2026-07
2026-07-10 00:41:00,CME_MINI:ES1!,7576.25,7577.5,7575.75,7576.75,302.0,2026-07
2026-07-10 00:42:00,CME_MINI:ES1!,7576.5,7577.5,7576.5,7577.25,260.0,2026-07
2026-07-10 00:43:00,CME_MINI:ES1!,7577.0,7577.25,7576.75,7577.25,202.0,2026-07
2026-07-10 00:44:00,CME_MINI:ES1!,7577.25,7578.0,7576.75,7577.0,190.0,2026-07
2026-07-10 00:45:00,CME_MINI:ES1!,7577.0,7577.25,7576.5,7576.5,178.0,2026-07
2026-07-10 00:46:00,CME_MINI:ES1!,7576.5,7577.25,7576.25,7576.5,252.0,2026-07
2026-07-10 00:47:00,CME_MINI:ES1!,7576.75,7577.0,7575.25,7576.75,272.0,2026-07
2026-07-10 00:48:00,CME_MINI:ES1!,7577.0,7577.0,7575.0,7575.0,295.0,2026-07
2026-07-10 00:49:00,CME_MINI:ES1!,7575.0,7576.0,7575.0,7575.75,218.0,2026-07
2026-07-10 00:50:00,CME_MINI:ES1!,7575.75,7576.0,7574.5,7575.75,243.0,2026-07
2026-07-10 00:51:00,CME_MINI:ES1!,7575.5,7576.5,7575.5,7575.75,120.0,2026-07
2026-07-10 00:52:00,CME_MINI:ES1!,7576.0,7576.5,7575.75,7576.25,152.0,2026-07
2026-07-10 00:53:00,CME_MINI:ES1!,7576.0,7576.0,7575.5,7576.0,67.0,2026-07
2026-07-10 00:54:00,CME_MINI:ES1!,7575.75,7576.0,7575.5,7576.0,67.0,2026-07
2026-07-10 00:55:00,CME_MINI:ES1!,7576.0,7577.75,7576.0,7577.75,208.0,2026-07
2026-07-10 00:56:00,CME_MINI:ES1!,7578.0,7579.0,7577.75,7579.0,257.0,2026-07
2026-07-10 00:57:00,CME_MINI:ES1!,7578.5,7580.0,7578.5,7579.75,243.0,2026-07
2026-07-10 00:58:00,CME_MINI:ES1!,7579.75,7580.25,7579.5,7579.75,164.0,2026-07
2026-07-10 00:59:00,CME_MINI:ES1!,7579.75,7580.75,7579.75,7580.75,172.0,2026-07
2026-07-10 01:00:00,CME_MINI:ES1!,7580.75,7581.25,7580.25,7580.25,323.0,2026-07
2026-07-10 01:01:00,CME_MINI:ES1!,7580.25,7581.0,7578.75,7578.75,517.0,2026-07
2026-07-10 01:02:00,CME_MINI:ES1!,7579.0,7580.0,7578.75,7579.25,142.0,2026-07
2026-07-10 01:03:00,CME_MINI:ES1!,7579.0,7579.75,7578.75,7579.0,109.0,2026-07
2026-07-10 01:04:00,CME_MINI:ES1!,7579.25,7579.25,7577.5,7577.5,145.0,2026-07
2026-07-10 01:05:00,CME_MINI:ES1!,7577.75,7578.0,7577.25,7577.5,199.0,2026-07
2026-07-10 01:06:00,CME_MINI:ES1!,7577.5,7577.75,7577.0,7577.75,122.0,2026-07
2026-07-10 01:07:00,CME_MINI:ES1!,7577.5,7578.5,7577.5,7578.25,159.0,2026-07
2026-07-10 01:08:00,CME_MINI:ES1!,7578.0,7578.75,7577.75,7578.0,118.0,2026-07
2026-07-10 01:09:00,CME_MINI:ES1!,7578.0,7578.75,7577.75,7577.75,90.0,2026-07
2026-07-10 01:10:00,CME_MINI:ES1!,7577.5,7577.5,7576.0,7577.0,202.0,2026-07
2026-07-10 01:11:00,CME_MINI:ES1!,7576.75,7577.25,7576.0,7577.0,175.0,2026-07
2026-07-10 01:12:00,CME_MINI:ES1!,7577.0,7578.5,7577.0,7578.0,171.0,2026-07
2026-07-10 01:13:00,CME_MINI:ES1!,7578.0,7578.25,7577.0,7577.5,124.0,2026-07
2026-07-10 01:14:00,CME_MINI:ES1!,7577.5,7578.0,7577.25,7577.75,104.0,2026-07
2026-07-10 01:15:00,CME_MINI:ES1!,7577.5,7578.5,7577.0,7578.25,159.0,2026-07
2026-07-10 01:16:00,CME_MINI:ES1!,7578.25,7578.75,7577.75,7578.25,192.0,2026-07
2026-07-10 01:17:00,CME_MINI:ES1!,7578.25,7579.0,7578.0,7578.75,124.0,2026-07
2026-07-10 01:18:00,CME_MINI:ES1!,7578.5,7579.25,7578.0,7578.25,214.0,2026-07
2026-07-10 01:19:00,CME_MINI:ES1!,7578.25,7579.0,7578.25,7578.75,157.0,2026-07
2026-07-10 01:20:00,CME_MINI:ES1!,7579.0,7579.5,7579.0,7579.0,124.0,2026-07
2026-07-10 01:21:00,CME_MINI:ES1!,7578.75,7579.0,7578.0,7578.5,92.0,2026-07
2026-07-10 01:22:00,CME_MINI:ES1!,7578.25,7579.0,7577.5,7578.75,123.0,2026-07
2026-07-10 01:23:00,CME_MINI:ES1!,7578.75,7579.5,7578.5,7579.25,74.0,2026-07
2026-07-10 01:24:00,CME_MINI:ES1!,7579.25,7580.0,7579.25,7579.75,160.0,2026-07
2026-07-10 01:25:00,CME_MINI:ES1!,7579.75,7580.0,7579.0,7579.25,93.0,2026-07
2026-07-10 01:26:00,CME_MINI:ES1!,7579.25,7579.25,7577.75,7577.75,118.0,2026-07
2026-07-10 01:27:00,CME_MINI:ES1!,7577.75,7578.75,7577.5,7578.5,121.0,2026-07
2026-07-10 01:28:00,CME_MINI:ES1!,7578.5,7579.0,7578.25,7579.0,59.0,2026-07
2026-07-10 01:29:00,CME_MINI:ES1!,7578.75,7579.5,7578.5,7579.5,67.0,2026-07
2026-07-10 01:30:00,CME_MINI:ES1!,7579.25,7579.25,7577.5,7579.0,253.0,2026-07
2026-07-10 01:31:00,CME_MINI:ES1!,7578.75,7579.75,7578.75,7579.5,133.0,2026-07
2026-07-10 01:32:00,CME_MINI:ES1!,7579.5,7579.75,7579.25,7579.25,159.0,2026-07
2026-07-10 01:33:00,CME_MINI:ES1!,7579.25,7579.75,7579.25,7579.75,116.0,2026-07
2026-07-10 01:34:00,CME_MINI:ES1!,7580.0,7580.5,7579.5,7580.0,119.0,2026-07
2026-07-10 01:35:00,CME_MINI:ES1!,7579.75,7580.25,7579.0,7579.25,135.0,2026-07
2026-07-10 01:36:00,CME_MINI:ES1!,7579.25,7579.75,7579.0,7579.5,74.0,2026-07
2026-07-10 01:37:00,CME_MINI:ES1!,7579.25,7580.25,7579.25,7579.75,131.0,2026-07
2026-07-10 01:38:00,CME_MINI:ES1!,7579.75,7580.25,7579.5,7580.0,141.0,2026-07
2026-07-10 01:39:00,CME_MINI:ES1!,7580.25,7581.75,7580.0,7580.75,239.0,2026-07
2026-07-10 01:40:00,CME_MINI:ES1!,7581.0,7581.0,7580.0,7580.25,126.0,2026-07
2026-07-10 01:41:00,CME_MINI:ES1!,7580.25,7580.5,7579.75,7580.0,116.0,2026-07
2026-07-10 01:42:00,CME_MINI:ES1!,7580.0,7580.75,7579.75,7579.75,103.0,2026-07
2026-07-10 01:43:00,CME_MINI:ES1!,7580.0,7580.25,7579.5,7580.0,105.0,2026-07
2026-07-10 01:44:00,CME_MINI:ES1!,7579.75,7580.25,7579.5,7579.5,73.0,2026-07
2026-07-10 01:45:00,CME_MINI:ES1!,7579.5,7580.0,7579.0,7579.5,126.0,2026-07
2026-07-10 01:46:00,CME_MINI:ES1!,7579.25,7580.25,7579.25,7580.25,84.0,2026-07
2026-07-10 01:47:00,CME_MINI:ES1!,7580.25,7582.5,7580.25,7582.25,756.0,2026-07
2026-07-10 01:48:00,CME_MINI:ES1!,7582.25,7583.5,7582.0,7583.25,367.0,2026-07
2026-07-10 01:49:00,CME_MINI:ES1!,7583.5,7583.5,7583.0,7583.0,88.0,2026-07
2026-07-10 01:50:00,CME_MINI:ES1!,7583.25,7583.75,7582.0,7582.5,210.0,2026-07
2026-07-10 01:51:00,CME_MINI:ES1!,7582.75,7583.25,7582.25,7583.0,107.0,2026-07
2026-07-10 01:52:00,CME_MINI:ES1!,7582.75,7583.0,7581.5,7581.75,111.0,2026-07
2026-07-10 01:53:00,CME_MINI:ES1!,7581.75,7582.25,7581.75,7582.25,67.0,2026-07
2026-07-10 01:54:00,CME_MINI:ES1!,7582.0,7582.0,7581.25,7581.75,108.0,2026-07
2026-07-10 01:55:00,CME_MINI:ES1!,7581.75,7582.25,7581.5,7582.0,120.0,2026-07
2026-07-10 01:56:00,CME_MINI:ES1!,7581.75,7582.25,7581.25,7581.75,98.0,2026-07
2026-07-10 01:57:00,CME_MINI:ES1!,7581.75,7582.5,7581.75,7582.0,103.0,2026-07
2026-07-10 01:58:00,CME_MINI:ES1!,7582.0,7582.0,7581.0,7581.0,91.0,2026-07
2026-07-10 01:59:00,CME_MINI:ES1!,7580.75,7581.0,7579.75,7580.25,125.0,2026-07
2026-07-10 02:00:00,CME_MINI:ES1!,7580.25,7580.5,7577.5,7578.0,240.0,2026-07
2026-07-10 02:01:00,CME_MINI:ES1!,7578.25,7578.5,7577.5,7577.75,106.0,2026-07
2026-07-10 02:02:00,CME_MINI:ES1!,7577.75,7578.25,7577.25,7578.25,148.0,2026-07
2026-07-10 02:03:00,CME_MINI:ES1!,7578.25,7579.25,7578.25,7579.25,88.0,2026-07
2026-07-10 02:04:00,CME_MINI:ES1!,7579.25,7580.5,7579.25,7580.5,65.0,2026-07
2026-07-10 02:05:00,CME_MINI:ES1!,7580.25,7580.75,7579.5,7579.75,98.0,2026-07
2026-07-10 02:06:00,CME_MINI:ES1!,7580.25,7580.5,7579.75,7580.0,65.0,2026-07
2026-07-10 02:07:00,CME_MINI:ES1!,7580.25,7580.75,7579.0,7580.5,170.0,2026-07
2026-07-10 02:08:00,CME_MINI:ES1!,7580.5,7582.25,7580.25,7581.5,136.0,2026-07
2026-07-10 02:09:00,CME_MINI:ES1!,7581.5,7581.5,7580.5,7581.5,103.0,2026-07
2026-07-10 02:10:00,CME_MINI:ES1!,7581.5,7581.5,7580.75,7581.5,86.0,2026-07
2026-07-10 02:11:00,CME_MINI:ES1!,7581.5,7581.5,7580.25,7580.25,108.0,2026-07
2026-07-10 02:12:00,CME_MINI:ES1!,7580.25,7580.5,7579.75,7580.5,94.0,2026-07
2026-07-10 02:13:00,CME_MINI:ES1!,7580.5,7581.0,7580.0,7580.0,106.0,2026-07
2026-07-10 02:14:00,CME_MINI:ES1!,7579.75,7580.25,7579.25,7580.0,130.0,2026-07
2026-07-10 02:15:00,CME_MINI:ES1!,7580.25,7580.25,7579.25,7579.25,98.0,2026-07
2026-07-10 02:16:00,CME_MINI:ES1!,7579.25,7579.25,7578.0,7578.25,238.0,2026-07
2026-07-10 02:17:00,CME_MINI:ES1!,7578.25,7579.0,7578.0,7578.25,88.0,2026-07
2026-07-10 02:18:00,CME_MINI:ES1!,7578.5,7579.0,7578.25,7579.0,102.0,2026-07
2026-07-10 02:19:00,CME_MINI:ES1!,7579.0,7579.25,7578.5,7579.0,111.0,2026-07
2026-07-10 02:20:00,CME_MINI:ES1!,7579.0,7579.5,7578.25,7578.5,125.0,2026-07
2026-07-10 02:21:00,CME_MINI:ES1!,7578.5,7579.0,7578.25,7578.25,102.0,2026-07
2026-07-10 02:22:00,CME_MINI:ES1!,7578.5,7578.5,7577.25,7577.75,232.0,2026-07
2026-07-10 02:23:00,CME_MINI:ES1!,7577.5,7577.75,7577.0,7577.25,184.0,2026-07
2026-07-10 02:24:00,CME_MINI:ES1!,7577.25,7578.25,7577.25,7578.0,123.0,2026-07
2026-07-10 02:25:00,CME_MINI:ES1!,7578.0,7578.75,7577.5,7578.75,132.0,2026-07
2026-07-10 02:26:00,CME_MINI:ES1!,7579.0,7579.5,7578.75,7579.0,107.0,2026-07
2026-07-10 02:27:00,CME_MINI:ES1!,7578.75,7579.25,7578.0,7578.25,124.0,2026-07
2026-07-10 02:28:00,CME_MINI:ES1!,7578.0,7579.0,7577.75,7578.5,140.0,2026-07
2026-07-10 02:29:00,CME_MINI:ES1!,7578.25,7579.5,7578.25,7579.25,107.0,2026-07
2026-07-10 02:30:00,CME_MINI:ES1!,7579.5,7579.5,7578.0,7579.0,334.0,2026-07
2026-07-10 02:31:00,CME_MINI:ES1!,7579.25,7580.25,7579.25,7579.75,170.0,2026-07
2026-07-10 02:32:00,CME_MINI:ES1!,7579.5,7579.75,7579.25,7579.75,68.0,2026-07
2026-07-10 02:33:00,CME_MINI:ES1!,7579.75,7580.25,7579.25,7579.5,162.0,2026-07
2026-07-10 02:34:00,CME_MINI:ES1!,7579.75,7579.75,7578.75,7579.5,113.0,2026-07
2026-07-10 02:35:00,CME_MINI:ES1!,7579.75,7580.25,7578.75,7578.75,143.0,2026-07
2026-07-10 02:36:00,CME_MINI:ES1!,7578.75,7579.5,7578.75,7579.25,95.0,2026-07
2026-07-10 02:37:00,CME_MINI:ES1!,7579.25,7579.75,7579.0,7579.5,66.0,2026-07
2026-07-10 02:38:00,CME_MINI:ES1!,7579.5,7580.5,7579.25,7580.5,75.0,2026-07
2026-07-10 02:39:00,CME_MINI:ES1!,7580.5,7581.75,7580.25,7581.5,151.0,2026-07
2026-07-10 02:40:00,CME_MINI:ES1!,7581.5,7582.0,7581.25,7582.0,90.0,2026-07
2026-07-10 02:41:00,CME_MINI:ES1!,7582.0,7582.5,7582.0,7582.0,122.0,2026-07
2026-07-10 02:42:00,CME_MINI:ES1!,7582.25,7582.25,7581.25,7581.75,192.0,2026-07
2026-07-10 02:43:00,CME_MINI:ES1!,7581.5,7581.75,7581.25,7581.5,106.0,2026-07
2026-07-10 02:44:00,CME_MINI:ES1!,7581.25,7581.75,7581.25,7581.5,71.0,2026-07
2026-07-10 02:45:00,CME_MINI:ES1!,7581.75,7581.75,7581.0,7581.75,77.0,2026-07
2026-07-10 02:46:00,CME_MINI:ES1!,7581.75,7581.75,7581.0,7581.25,125.0,2026-07
2026-07-10 02:47:00,CME_MINI:ES1!,7581.25,7583.5,7581.25,7583.0,196.0,2026-07
2026-07-10 02:48:00,CME_MINI:ES1!,7583.25,7583.5,7582.75,7583.0,201.0,2026-07
2026-07-10 02:49:00,CME_MINI:ES1!,7582.75,7583.75,7582.75,7583.5,69.0,2026-07
2026-07-10 02:50:00,CME_MINI:ES1!,7583.5,7584.25,7583.25,7584.0,133.0,2026-07
2026-07-10 02:51:00,CME_MINI:ES1!,7584.25,7585.5,7584.25,7585.0,683.0,2026-07
2026-07-10 02:52:00,CME_MINI:ES1!,7584.75,7585.25,7584.75,7585.25,98.0,2026-07
2026-07-10 02:53:00,CME_MINI:ES1!,7585.25,7585.75,7585.0,7585.5,187.0,2026-07
2026-07-10 02:54:00,CME_MINI:ES1!,7585.25,7585.25,7584.25,7584.75,131.0,2026-07
2026-07-10 02:55:00,CME_MINI:ES1!,7584.75,7585.5,7584.5,7585.5,67.0,2026-07
2026-07-10 02:56:00,CME_MINI:ES1!,7585.5,7585.75,7585.0,7585.5,76.0,2026-07
2026-07-10 02:57:00,CME_MINI:ES1!,7585.25,7585.25,7585.0,7585.0,66.0,2026-07
2026-07-10 02:58:00,CME_MINI:ES1!,7585.25,7585.5,7585.0,7585.25,83.0,2026-07
2026-07-10 02:59:00,CME_MINI:ES1!,7585.25,7586.5,7585.25,7586.25,334.0,2026-07
2026-07-10 03:00:00,CME_MINI:ES1!,7586.25,7586.25,7585.5,7585.75,215.0,2026-07
2026-07-10 03:01:00,CME_MINI:ES1!,7586.0,7586.5,7585.75,7586.5,117.0,2026-07
2026-07-10 03:02:00,CME_MINI:ES1!,7586.5,7586.75,7586.5,7586.75,133.0,2026-07
2026-07-10 03:03:00,CME_MINI:ES1!,7586.75,7587.5,7586.5,7587.25,116.0,2026-07
2026-07-10 03:04:00,CME_MINI:ES1!,7587.25,7587.25,7586.5,7587.0,109.0,2026-07
2026-07-10 03:05:00,CME_MINI:ES1!,7586.75,7587.5,7586.5,7587.5,76.0,2026-07
2026-07-10 03:06:00,CME_MINI:ES1!,7587.5,7587.5,7587.0,7587.25,79.0,2026-07
2026-07-10 03:07:00,CME_MINI:ES1!,7587.25,7588.25,7587.0,7588.25,243.0,2026-07
2026-07-10 03:08:00,CME_MINI:ES1!,7588.0,7588.5,7588.0,7588.0,79.0,2026-07
2026-07-10 03:09:00,CME_MINI:ES1!,7588.0,7588.0,7587.75,7587.75,103.0,2026-07
2026-07-10 03:10:00,CME_MINI:ES1!,7588.0,7588.25,7586.5,7586.75,270.0,2026-07
2026-07-10 03:11:00,CME_MINI:ES1!,7586.5,7587.0,7586.5,7586.75,106.0,2026-07
2026-07-10 03:12:00,CME_MINI:ES1!,7586.75,7586.75,7586.25,7586.5,74.0,2026-07
2026-07-10 03:13:00,CME_MINI:ES1!,7586.5,7586.5,7586.0,7586.5,83.0,2026-07
2026-07-10 03:14:00,CME_MINI:ES1!,7586.5,7587.0,7586.5,7586.75,89.0,2026-07
2026-07-10 03:15:00,CME_MINI:ES1!,7586.75,7587.0,7586.25,7586.5,101.0,2026-07
2026-07-10 03:16:00,CME_MINI:ES1!,7586.5,7586.75,7586.25,7586.5,90.0,2026-07
2026-07-10 03:17:00,CME_MINI:ES1!,7586.5,7587.0,7586.5,7587.0,35.0,2026-07
2026-07-10 03:18:00,CME_MINI:ES1!,7587.0,7587.0,7586.25,7586.25,86.0,2026-07
2026-07-10 03:19:00,CME_MINI:ES1!,7586.25,7586.25,7585.5,7586.0,102.0,2026-07
2026-07-10 03:20:00,CME_MINI:ES1!,7586.0,7586.0,7585.5,7586.0,60.0,2026-07
2026-07-10 03:21:00,CME_MINI:ES1!,7586.0,7586.25,7585.25,7585.5,114.0,2026-07
2026-07-10 03:22:00,CME_MINI:ES1!,7585.5,7585.5,7584.75,7585.25,156.0,2026-07
2026-07-10 03:23:00,CME_MINI:ES1!,7585.0,7585.0,7584.5,7585.0,103.0,2026-07
2026-07-10 03:24:00,CME_MINI:ES1!,7585.0,7585.0,7583.5,7584.0,178.0,2026-07
2026-07-10 03:25:00,CME_MINI:ES1!,7584.0,7584.75,7584.0,7584.75,77.0,2026-07
2026-07-10 03:26:00,CME_MINI:ES1!,7584.75,7584.75,7583.25,7583.25,110.0,2026-07
2026-07-10 03:27:00,CME_MINI:ES1!,7583.5,7584.25,7583.5,7584.0,78.0,2026-07
2026-07-10 03:28:00,CME_MINI:ES1!,7583.75,7584.0,7583.75,7584.0,47.0,2026-07
2026-07-10 03:29:00,CME_MINI:ES1!,7584.0,7584.0,7583.25,7583.5,104.0,2026-07
2026-07-10 03:30:00,CME_MINI:ES1!,7583.5,7583.75,7582.25,7583.75,215.0,2026-07
2026-07-10 03:31:00,CME_MINI:ES1!,7583.75,7583.75,7582.75,7582.75,54.0,2026-07
2026-07-10 03:32:00,CME_MINI:ES1!,7582.75,7583.25,7582.5,7583.0,85.0,2026-07
2026-07-10 03:33:00,CME_MINI:ES1!,7583.0,7583.5,7582.75,7582.75,86.0,2026-07
2026-07-10 03:34:00,CME_MINI:ES1!,7583.0,7583.5,7582.75,7583.25,76.0,2026-07
2026-07-10 03:35:00,CME_MINI:ES1!,7583.25,7583.5,7582.5,7583.0,72.0,2026-07
2026-07-10 03:36:00,CME_MINI:ES1!,7583.25,7583.25,7582.5,7582.75,108.0,2026-07
2026-07-10 03:37:00,CME_MINI:ES1!,7582.75,7582.75,7582.0,7582.75,141.0,2026-07
2026-07-10 03:38:00,CME_MINI:ES1!,7582.5,7582.75,7582.0,7582.75,104.0,2026-07
2026-07-10 03:39:00,CME_MINI:ES1!,7582.5,7582.75,7582.25,7582.5,48.0,2026-07
2026-07-10 03:40:00,CME_MINI:ES1!,7582.75,7583.5,7582.75,7583.5,83.0,2026-07
2026-07-10 03:41:00,CME_MINI:ES1!,7583.25,7583.25,7582.25,7582.5,77.0,2026-07
2026-07-10 12:40:00,CME_MINI:ES1!,7591.25,7592.5,7590.25,7591.25,740.0,2026-07
2026-07-10 12:41:00,CME_MINI:ES1!,7591.0,7591.0,7588.75,7589.0,575.0,2026-07
2026-07-10 12:42:00,CME_MINI:ES1!,7589.0,7590.0,7588.75,7589.75,301.0,2026-07
2026-07-10 12:43:00,CME_MINI:ES1!,7589.75,7590.75,7589.0,7590.0,692.0,2026-07
2026-07-10 12:44:00,CME_MINI:ES1!,7590.25,7590.75,7588.5,7588.5,372.0,2026-07
2026-07-10 12:45:00,CME_MINI:ES1!,7588.75,7590.5,7588.75,7590.25,198.0,2026-07
2026-07-10 12:46:00,CME_MINI:ES1!,7590.5,7590.5,7589.25,7590.25,242.0,2026-07
2026-07-10 12:47:00,CME_MINI:ES1!,7590.5,7591.25,7590.0,7590.5,254.0,2026-07
2026-07-10 12:48:00,CME_MINI:ES1!,7590.25,7592.25,7590.25,7590.75,410.0,2026-07
2026-07-10 12:49:00,CME_MINI:ES1!,7590.75,7590.75,7588.75,7589.5,283.0,2026-07
2026-07-10 12:50:00,CME_MINI:ES1!,7589.75,7589.75,7589.25,7589.5,108.0,2026-07
2026-07-10 12:51:00,CME_MINI:ES1!,7589.75,7590.25,7589.25,7590.0,332.0,2026-07
2026-07-10 12:52:00,CME_MINI:ES1!,7589.75,7590.25,7589.25,7589.25,326.0,2026-07
2026-07-10 12:53:00,CME_MINI:ES1!,7589.25,7590.25,7588.25,7589.75,376.0,2026-07
2026-07-10 12:54:00,CME_MINI:ES1!,7589.75,7590.25,7588.5,7588.75,348.0,2026-07
2026-07-10 12:55:00,CME_MINI:ES1!,7588.5,7590.5,7588.5,7590.0,235.0,2026-07
2026-07-10 12:56:00,CME_MINI:ES1!,7589.75,7590.25,7589.25,7590.25,194.0,2026-07
2026-07-10 12:57:00,CME_MINI:ES1!,7590.25,7590.25,7588.25,7588.5,232.0,2026-07
2026-07-10 12:58:00,CME_MINI:ES1!,7588.5,7588.75,7587.75,7588.25,275.0,2026-07
2026-07-10 12:59:00,CME_MINI:ES1!,7588.25,7589.0,7588.0,7588.0,202.0,2026-07
2026-07-10 13:00:00,CME_MINI:ES1!,7588.25,7589.25,7587.5,7588.75,324.0,2026-07
2026-07-10 13:01:00,CME_MINI:ES1!,7588.75,7589.75,7588.5,7589.5,326.0,2026-07
2026-07-10 13:02:00,CME_MINI:ES1!,7589.75,7590.5,7589.25,7589.5,358.0,2026-07
2026-07-10 13:03:00,CME_MINI:ES1!,7589.25,7589.25,7587.25,7587.5,397.0,2026-07
2026-07-10 13:04:00,CME_MINI:ES1!,7587.5,7588.75,7586.75,7588.75,1144.0,2026-07
2026-07-10 13:05:00,CME_MINI:ES1!,7588.75,7589.75,7588.75,7589.0,269.0,2026-07
2026-07-10 13:06:00,CME_MINI:ES1!,7588.75,7590.25,7588.75,7590.25,334.0,2026-07
2026-07-10 13:07:00,CME_MINI:ES1!,7590.5,7591.25,7589.5,7589.75,545.0,2026-07
2026-07-10 13:08:00,CME_MINI:ES1!,7589.75,7590.5,7589.0,7589.25,349.0,2026-07
2026-07-10 13:09:00,CME_MINI:ES1!,7589.25,7589.5,7588.75,7589.25,230.0,2026-07
2026-07-10 13:10:00,CME_MINI:ES1!,7589.5,7589.75,7588.5,7589.5,430.0,2026-07
2026-07-10 13:11:00,CME_MINI:ES1!,7589.25,7589.25,7588.0,7588.25,399.0,2026-07
2026-07-10 13:12:00,CME_MINI:ES1!,7588.0,7590.5,7588.0,7590.0,441.0,2026-07
2026-07-10 13:13:00,CME_MINI:ES1!,7590.25,7590.5,7589.75,7590.25,162.0,2026-07
2026-07-10 13:14:00,CME_MINI:ES1!,7590.5,7591.25,7589.75,7591.0,251.0,2026-07
2026-07-10 13:15:00,CME_MINI:ES1!,7590.75,7591.0,7590.25,7590.75,289.0,2026-07
2026-07-10 13:16:00,CME_MINI:ES1!,7590.75,7591.25,7589.75,7590.0,320.0,2026-07
2026-07-10 13:17:00,CME_MINI:ES1!,7590.0,7591.25,7589.75,7591.0,482.0,2026-07
2026-07-10 13:18:00,CME_MINI:ES1!,7591.0,7591.25,7590.75,7590.75,319.0,2026-07
2026-07-10 13:19:00,CME_MINI:ES1!,7590.75,7591.75,7590.0,7591.0,264.0,2026-07
2026-07-10 13:20:00,CME_MINI:ES1!,7591.25,7592.0,7591.0,7591.25,409.0,2026-07
2026-07-10 13:21:00,CME_MINI:ES1!,7591.25,7592.25,7591.25,7591.25,354.0,2026-07
2026-07-10 13:22:00,CME_MINI:ES1!,7591.5,7591.75,7590.75,7591.5,204.0,2026-07
2026-07-10 13:23:00,CME_MINI:ES1!,7591.25,7592.5,7591.0,7591.75,357.0,2026-07
2026-07-10 13:24:00,CME_MINI:ES1!,7591.75,7592.25,7591.5,7592.25,431.0,2026-07
2026-07-10 13:25:00,CME_MINI:ES1!,7592.0,7594.0,7592.0,7593.0,1778.0,2026-07
2026-07-10 13:26:00,CME_MINI:ES1!,7592.75,7594.0,7591.75,7591.75,460.0,2026-07
2026-07-10 13:27:00,CME_MINI:ES1!,7591.75,7592.0,7589.25,7590.75,968.0,2026-07
2026-07-10 13:28:00,CME_MINI:ES1!,7590.75,7591.5,7589.75,7590.75,739.0,2026-07
2026-07-10 13:29:00,CME_MINI:ES1!,7590.75,7592.5,7590.5,7592.25,1243.0,2026-07
2026-07-10 13:30:00,CME_MINI:ES1!,7592.25,7597.0,7592.25,7596.75,9375.0,2026-07
2026-07-10 13:31:00,CME_MINI:ES1!,7596.75,7598.75,7594.5,7597.25,6701.0,2026-07
2026-07-10 13:32:00,CME_MINI:ES1!,7597.25,7600.0,7595.5,7599.5,3447.0,2026-07
2026-07-10 13:33:00,CME_MINI:ES1!,7599.5,7600.5,7597.5,7598.5,3400.0,2026-07
2026-07-10 13:34:00,CME_MINI:ES1!,7598.25,7598.75,7596.5,7597.75,2720.0,2026-07
2026-07-10 13:35:00,CME_MINI:ES1!,7597.75,7600.75,7596.5,7598.25,3468.0,2026-07
2026-07-10 13:36:00,CME_MINI:ES1!,7598.25,7604.5,7598.0,7602.25,3550.0,2026-07
2026-07-10 13:37:00,CME_MINI:ES1!,7602.25,7604.25,7600.75,7601.0,2824.0,2026-07
2026-07-10 13:38:00,CME_MINI:ES1!,7601.0,7602.5,7600.0,7601.25,2276.0,2026-07
2026-07-10 13:39:00,CME_MINI:ES1!,7601.5,7601.5,7597.75,7597.75,2702.0,2026-07
2026-07-10 13:40:00,CME_MINI:ES1!,7598.0,7598.5,7590.0,7590.5,6054.0,2026-07
2026-07-10 13:41:00,CME_MINI:ES1!,7590.75,7594.75,7590.25,7591.5,4257.0,2026-07
2026-07-10 13:42:00,CME_MINI:ES1!,7591.75,7593.75,7590.75,7592.75,2823.0,2026-07
2026-07-10 13:43:00,CME_MINI:ES1!,7592.5,7595.5,7590.75,7595.5,3573.0,2026-07
2026-07-10 13:44:00,CME_MINI:ES1!,7595.5,7597.0,7593.25,7594.25,3115.0,2026-07
2026-07-10 13:45:00,CME_MINI:ES1!,7594.5,7596.75,7592.75,7594.25,3293.0,2026-07
2026-07-10 13:46:00,CME_MINI:ES1!,7594.5,7600.25,7593.75,7599.0,3746.0,2026-07
2026-07-10 13:47:00,CME_MINI:ES1!,7599.25,7600.5,7598.0,7599.25,1796.0,2026-07
2026-07-10 13:48:00,CME_MINI:ES1!,7599.25,7600.75,7598.75,7600.75,1742.0,2026-07
2026-07-10 13:49:00,CME_MINI:ES1!,7600.5,7603.5,7600.25,7602.5,2876.0,2026-07
2026-07-10 13:50:00,CME_MINI:ES1!,7602.25,7602.5,7598.75,7602.0,3268.0,2026-07
2026-07-10 13:51:00,CME_MINI:ES1!,7601.75,7602.75,7599.25,7600.0,2088.0,2026-07
2026-07-10 13:52:00,CME_MINI:ES1!,7599.75,7603.75,7599.75,7603.25,2660.0,2026-07
2026-07-10 13:53:00,CME_MINI:ES1!,7603.0,7604.25,7602.5,7603.5,1967.0,2026-07
2026-07-10 13:54:00,CME_MINI:ES1!,7603.75,7604.0,7601.0,7601.25,2215.0,2026-07
2026-07-10 13:55:00,CME_MINI:ES1!,7601.25,7601.5,7598.0,7599.75,3051.0,2026-07
2026-07-10 13:56:00,CME_MINI:ES1!,7599.75,7602.0,7598.75,7601.75,2631.0,2026-07
2026-07-10 13:57:00,CME_MINI:ES1!,7601.75,7603.75,7600.0,7601.75,2433.0,2026-07
2026-07-10 13:58:00,CME_MINI:ES1!,7601.75,7604.5,7601.75,7603.5,2407.0,2026-07
2026-07-10 13:59:00,CME_MINI:ES1!,7603.5,7604.0,7600.5,7601.5,2263.0,2026-07
2026-07-10 14:00:00,CME_MINI:ES1!,7601.5,7603.25,7600.25,7601.0,3004.0,2026-07
2026-07-10 14:01:00,CME_MINI:ES1!,7601.25,7604.5,7598.75,7604.0,3341.0,2026-07
2026-07-10 14:02:00,CME_MINI:ES1!,7604.0,7605.75,7603.0,7605.25,3267.0,2026-07
2026-07-10 14:03:00,CME_MINI:ES1!,7605.5,7605.75,7603.5,7604.75,2326.0,2026-07
2026-07-10 14:04:00,CME_MINI:ES1!,7605.0,7605.0,7601.5,7603.5,1839.0,2026-07
2026-07-10 14:05:00,CME_MINI:ES1!,7603.5,7604.0,7602.0,7603.0,1484.0,2026-07
2026-07-10 14:06:00,CME_MINI:ES1!,7603.0,7604.75,7600.25,7601.0,2941.0,2026-07
2026-07-10 14:07:00,CME_MINI:ES1!,7601.25,7601.25,7598.5,7599.25,3148.0,2026-07
2026-07-10 14:08:00,CME_MINI:ES1!,7599.0,7600.75,7596.75,7600.0,2781.0,2026-07
2026-07-10 14:09:00,CME_MINI:ES1!,7600.0,7603.5,7599.75,7602.75,2857.0,2026-07
2026-07-10 14:10:00,CME_MINI:ES1!,7603.0,7603.75,7600.5,7603.25,2147.0,2026-07
2026-07-10 14:11:00,CME_MINI:ES1!,7603.0,7603.0,7599.0,7600.25,1826.0,2026-07
2026-07-10 14:12:00,CME_MINI:ES1!,7600.5,7602.75,7600.25,7602.0,1335.0,2026-07
2026-07-10 14:13:00,CME_MINI:ES1!,7602.0,7602.5,7600.25,7601.75,1422.0,2026-07
2026-07-10 14:14:00,CME_MINI:ES1!,7601.75,7601.75,7598.25,7599.25,1843.0,2026-07
2026-07-10 14:15:00,CME_MINI:ES1!,7599.0,7599.25,7595.25,7598.25,3963.0,2026-07
2026-07-10 14:16:00,CME_MINI:ES1!,7598.5,7600.0,7597.5,7598.75,2307.0,2026-07
2026-07-10 14:17:00,CME_MINI:ES1!,7598.75,7601.75,7598.5,7601.0,2628.0,2026-07
2026-07-10 14:18:00,CME_MINI:ES1!,7601.0,7601.75,7598.0,7599.0,2257.0,2026-07
2026-07-10 14:19:00,CME_MINI:ES1!,7598.75,7600.5,7595.75,7599.0,3129.0,2026-07
2026-07-10 14:20:00,CME_MINI:ES1!,7599.0,7600.25,7598.0,7599.0,2446.0,2026-07
2026-07-10 14:21:00,CME_MINI:ES1!,7599.0,7599.0,7593.0,7595.25,3417.0,2026-07
2026-07-10 14:22:00,CME_MINI:ES1!,7595.0,7597.5,7594.25,7596.75,2749.0,2026-07
2026-07-10 14:23:00,CME_MINI:ES1!,7596.75,7599.5,7595.5,7599.5,1909.0,2026-07
2026-07-10 14:24:00,CME_MINI:ES1!,7599.5,7600.0,7596.5,7597.75,1897.0,2026-07
2026-07-10 14:25:00,CME_MINI:ES1!,7597.5,7597.5,7593.25,7595.5,2794.0,2026-07
2026-07-10 14:26:00,CME_MINI:ES1!,7595.5,7598.75,7594.5,7598.5,2163.0,2026-07
2026-07-10 14:27:00,CME_MINI:ES1!,7598.5,7601.0,7596.5,7601.0,2071.0,2026-07
2026-07-10 14:28:00,CME_MINI:ES1!,7601.0,7603.75,7600.25,7603.5,3492.0,2026-07
2026-07-10 14:29:00,CME_MINI:ES1!,7603.5,7603.5,7597.5,7598.0,2637.0,2026-07
2026-07-10 14:30:00,CME_MINI:ES1!,7597.75,7601.0,7597.75,7601.0,2738.0,2026-07
2026-07-10 14:31:00,CME_MINI:ES1!,7601.0,7601.0,7598.75,7600.25,1810.0,2026-07
2026-07-10 14:32:00,CME_MINI:ES1!,7600.0,7602.75,7566.25,7567.25,14794.0,2026-07
2026-07-10 14:33:00,CME_MINI:ES1!,7567.5,7578.5,7552.75,7578.5,24455.0,2026-07
2026-07-10 14:34:00,CME_MINI:ES1!,7578.5,7586.75,7577.0,7581.25,11502.0,2026-07
2026-07-10 14:35:00,CME_MINI:ES1!,7581.25,7586.25,7576.5,7576.75,7727.0,2026-07
2026-07-10 14:36:00,CME_MINI:ES1!,7577.0,7586.5,7576.0,7586.0,6063.0,2026-07
2026-07-10 14:37:00,CME_MINI:ES1!,7585.75,7591.0,7584.0,7589.5,4491.0,2026-07
2026-07-10 14:38:00,CME_MINI:ES1!,7589.75,7592.75,7587.0,7591.25,3937.0,2026-07
2026-07-10 14:39:00,CME_MINI:ES1!,7591.25,7592.25,7586.0,7589.25,3285.0,2026-07
2026-07-10 14:40:00,CME_MINI:ES1!,7589.0,7590.5,7586.75,7589.0,3465.0,2026-07
2026-07-10 14:41:00,CME_MINI:ES1!,7588.75,7588.75,7585.0,7585.75,3421.0,2026-07
2026-07-10 14:42:00,CME_MINI:ES1!,7586.0,7591.25,7586.0,7587.25,2850.0,2026-07
2026-07-10 14:43:00,CME_MINI:ES1!,7587.5,7590.0,7587.0,7588.25,2098.0,2026-07
2026-07-10 14:44:00,CME_MINI:ES1!,7588.25,7595.0,7586.5,7593.25,3389.0,2026-07
2026-07-10 14:45:00,CME_MINI:ES1!,7593.5,7595.25,7589.75,7593.5,3218.0,2026-07
2026-07-10 14:46:00,CME_MINI:ES1!,7593.5,7593.5,7590.0,7591.25,2180.0,2026-07
2026-07-10 14:47:00,CME_MINI:ES1!,7591.25,7592.75,7590.0,7591.0,1758.0,2026-07
2026-07-10 14:48:00,CME_MINI:ES1!,7590.75,7592.5,7588.0,7589.75,2638.0,2026-07
2026-07-10 14:49:00,CME_MINI:ES1!,7589.75,7596.75,7589.5,7596.0,3245.0,2026-07
2026-07-10 14:50:00,CME_MINI:ES1!,7596.0,7598.25,7593.5,7594.0,3035.0,2026-07
2026-07-10 14:51:00,CME_MINI:ES1!,7594.0,7596.75,7592.5,7595.25,2099.0,2026-07
2026-07-10 14:52:00,CME_MINI:ES1!,7595.25,7597.25,7593.5,7594.5,2255.0,2026-07
2026-07-10 14:53:00,CME_MINI:ES1!,7594.5,7595.5,7591.75,7594.25,2089.0,2026-07
2026-07-10 14:54:00,CME_MINI:ES1!,7594.5,7594.75,7591.25,7591.75,1652.0,2026-07
2026-07-10 14:55:00,CME_MINI:ES1!,7591.75,7592.5,7586.5,7586.75,3935.0,2026-07
2026-07-10 14:56:00,CME_MINI:ES1!,7586.75,7587.0,7583.0,7585.0,4241.0,2026-07
2026-07-10 14:57:00,CME_MINI:ES1!,7585.0,7589.0,7584.25,7588.25,3869.0,2026-07
2026-07-10 14:58:00,CME_MINI:ES1!,7588.25,7588.75,7583.5,7584.5,2709.0,2026-07
2026-07-10 14:59:00,CME_MINI:ES1!,7584.25,7585.5,7583.0,7584.25,2252.0,2026-07
2026-07-10 15:00:00,CME_MINI:ES1!,7584.25,7586.0,7581.0,7585.0,4662.0,2026-07
2026-07-10 15:01:00,CME_MINI:ES1!,7585.0,7586.75,7582.25,7583.0,2979.0,2026-07
2026-07-10 15:02:00,CME_MINI:ES1!,7583.0,7585.0,7581.5,7582.75,2527.0,2026-07
2026-07-10 15:03:00,CME_MINI:ES1!,7583.0,7586.5,7582.25,7585.5,2879.0,2026-07
2026-07-10 15:04:00,CME_MINI:ES1!,7585.25,7586.75,7581.5,7581.75,4192.0,2026-07
2026-07-10 15:05:00,CME_MINI:ES1!,7581.75,7583.75,7578.5,7581.25,3346.0,2026-07
2026-07-10 15:06:00,CME_MINI:ES1!,7581.0,7582.75,7578.5,7582.0,2588.0,2026-07
2026-07-10 15:07:00,CME_MINI:ES1!,7581.75,7587.25,7581.75,7586.75,2351.0,2026-07
2026-07-10 15:08:00,CME_MINI:ES1!,7586.75,7589.5,7586.75,7589.0,2378.0,2026-07
2026-07-10 15:09:00,CME_MINI:ES1!,7589.0,7590.0,7587.75,7590.0,1921.0,2026-07
2026-07-10 15:10:00,CME_MINI:ES1!,7590.0,7593.0,7589.75,7592.0,2971.0,2026-07
2026-07-10 15:11:00,CME_MINI:ES1!,7592.0,7592.75,7589.25,7591.25,1919.0,2026-07
2026-07-10 15:12:00,CME_MINI:ES1!,7591.5,7591.75,7589.0,7589.75,1373.0,2026-07
2026-07-10 15:13:00,CME_MINI:ES1!,7589.5,7592.5,7588.25,7591.0,1684.0,2026-07
2026-07-10 15:14:00,CME_MINI:ES1!,7591.0,7592.25,7590.25,7591.75,1418.0,2026-07
2026-07-10 15:15:00,CME_MINI:ES1!,7591.75,7598.0,7591.5,7597.5,3391.0,2026-07
2026-07-10 15:16:00,CME_MINI:ES1!,7597.75,7604.25,7597.75,7601.25,6187.0,2026-07
2026-07-10 15:17:00,CME_MINI:ES1!,7601.5,7602.25,7600.25,7600.75,2674.0,2026-07
2026-07-10 15:18:00,CME_MINI:ES1!,7600.75,7601.5,7598.25,7600.25,2866.0,2026-07
2026-07-10 15:19:00,CME_MINI:ES1!,7600.0,7600.0,7596.25,7599.5,2140.0,2026-07
2026-07-10 15:20:00,CME_MINI:ES1!,7599.5,7601.0,7596.75,7600.25,1708.0,2026-07
2026-07-10 15:21:00,CME_MINI:ES1!,7600.25,7601.0,7598.5,7599.25,1456.0,2026-07
2026-07-10 15:22:00,CME_MINI:ES1!,7599.5,7600.0,7597.75,7599.0,1239.0,2026-07
2026-07-10 15:23:00,CME_MINI:ES1!,7599.0,7603.5,7597.75,7602.25,3365.0,2026-07
2026-07-10 15:24:00,CME_MINI:ES1!,7602.0,7603.0,7600.25,7602.75,2196.0,2026-07
2026-07-10 15:25:00,CME_MINI:ES1!,7603.0,7606.5,7603.0,7604.5,3461.0,2026-07
2026-07-10 15:26:00,CME_MINI:ES1!,7604.5,7606.5,7604.5,7604.75,2901.0,2026-07
2026-07-10 15:27:00,CME_MINI:ES1!,7604.75,7606.75,7604.0,7605.0,2202.0,2026-07
2026-07-10 15:28:00,CME_MINI:ES1!,7605.0,7605.5,7603.75,7605.25,1797.0,2026-07
2026-07-10 15:29:00,CME_MINI:ES1!,7605.25,7606.0,7603.5,7605.25,1907.0,2026-07
2026-07-10 15:30:00,CME_MINI:ES1!,7605.25,7606.5,7603.75,7604.0,2765.0,2026-07
2026-07-10 15:31:00,CME_MINI:ES1!,7604.25,7604.5,7601.5,7603.5,3016.0,2026-07
2026-07-10 15:32:00,CME_MINI:ES1!,7603.5,7605.25,7603.0,7603.75,2420.0,2026-07
2026-07-10 15:33:00,CME_MINI:ES1!,7603.5,7604.5,7602.5,7604.25,1562.0,2026-07
2026-07-10 15:34:00,CME_MINI:ES1!,7604.0,7604.5,7601.0,7602.75,3630.0,2026-07
2026-07-10 15:35:00,CME_MINI:ES1!,7602.5,7603.0,7598.25,7599.0,3470.0,2026-07
2026-07-10 15:36:00,CME_MINI:ES1!,7599.0,7600.75,7598.5,7600.25,2088.0,2026-07
2026-07-10 15:37:00,CME_MINI:ES1!,7600.25,7601.5,7599.5,7601.5,1602.0,2026-07
2026-07-10 15:38:00,CME_MINI:ES1!,7601.5,7602.75,7600.25,7600.75,1749.0,2026-07
2026-07-10 15:39:00,CME_MINI:ES1!,7600.75,7600.75,7595.25,7596.5,2829.0,2026-07
2026-07-10 15:40:00,CME_MINI:ES1!,7596.5,7597.5,7594.0,7596.0,2828.0,2026-07
2026-07-10 15:41:00,CME_MINI:ES1!,7596.0,7596.5,7590.75,7593.5,3404.0,2026-07
2026-07-10 15:42:00,CME_MINI:ES1!,7593.5,7593.5,7586.0,7587.75,4737.0,2026-07
2026-07-10 15:43:00,CME_MINI:ES1!,7587.5,7591.25,7586.75,7589.75,3918.0,2026-07
2026-07-10 15:44:00,CME_MINI:ES1!,7589.75,7593.5,7589.75,7592.5,2459.0,2026-07
2026-07-10 15:45:00,CME_MINI:ES1!,7592.75,7592.75,7588.0,7589.75,3327.0,2026-07
2026-07-10 15:46:00,CME_MINI:ES1!,7589.75,7592.5,7589.25,7591.75,2318.0,2026-07
2026-07-10 15:47:00,CME_MINI:ES1!,7592.0,7595.75,7589.75,7595.0,2711.0,2026-07
2026-07-10 15:48:00,CME_MINI:ES1!,7594.75,7596.25,7594.0,7595.25,1788.0,2026-07
2026-07-10 15:49:00,CME_MINI:ES1!,7595.0,7598.75,7594.75,7596.5,2082.0,2026-07
2026-07-10 15:50:00,CME_MINI:ES1!,7596.75,7597.5,7595.75,7596.75,1455.0,2026-07
2026-07-10 15:51:00,CME_MINI:ES1!,7597.0,7598.25,7595.5,7596.0,1350.0,2026-07
2026-07-10 15:52:00,CME_MINI:ES1!,7596.0,7600.0,7595.5,7598.5,1940.0,2026-07
2026-07-10 15:53:00,CME_MINI:ES1!,7598.5,7600.0,7598.25,7599.75,1091.0,2026-07
2026-07-10 15:54:00,CME_MINI:ES1!,7599.5,7601.5,7599.0,7600.5,1746.0,2026-07
2026-07-10 15:55:00,CME_MINI:ES1!,7600.75,7600.75,7598.75,7599.5,1263.0,2026-07
2026-07-10 15:56:00,CME_MINI:ES1!,7599.75,7601.5,7599.0,7599.75,1339.0,2026-07
2026-07-10 15:57:00,CME_MINI:ES1!,7600.0,7600.5,7597.25,7600.25,1571.0,2026-07
2026-07-10 15:58:00,CME_MINI:ES1!,7600.0,7600.5,7598.5,7599.75,949.0,2026-07
2026-07-10 15:59:00,CME_MINI:ES1!,7599.75,7600.5,7599.25,7600.25,885.0,2026-07
2026-07-10 16:00:00,CME_MINI:ES1!,7600.25,7604.0,7600.0,7603.5,2173.0,2026-07
2026-07-10 16:01:00,CME_MINI:ES1!,7603.5,7606.25,7602.0,7603.0,3501.0,2026-07
2026-07-10 16:02:00,CME_MINI:ES1!,7603.25,7604.25,7602.75,7603.75,1214.0,2026-07
2026-07-10 16:03:00,CME_MINI:ES1!,7603.75,7603.75,7601.0,7601.0,1666.0,2026-07
2026-07-10 16:04:00,CME_MINI:ES1!,7601.25,7604.0,7601.25,7603.75,1591.0,2026-07
2026-07-10 16:05:00,CME_MINI:ES1!,7603.75,7604.25,7601.25,7601.5,1858.0,2026-07
2026-07-10 16:06:00,CME_MINI:ES1!,7601.5,7602.75,7601.0,7601.5,1424.0,2026-07
2026-07-10 16:07:00,CME_MINI:ES1!,7601.25,7602.75,7600.5,7602.25,1090.0,2026-07
2026-07-10 16:08:00,CME_MINI:ES1!,7602.0,7602.5,7600.5,7601.5,1041.0,2026-07
2026-07-10 16:09:00,CME_MINI:ES1!,7601.5,7602.0,7600.5,7601.75,1326.0,2026-07
2026-07-10 16:10:00,CME_MINI:ES1!,7601.75,7603.5,7601.0,7603.0,1238.0,2026-07
2026-07-10 16:11:00,CME_MINI:ES1!,7603.25,7603.75,7600.25,7602.25,2538.0,2026-07
2026-07-10 16:12:00,CME_MINI:ES1!,7602.5,7603.25,7601.0,7603.25,1283.0,2026-07
2026-07-10 16:13:00,CME_MINI:ES1!,7603.0,7604.5,7602.75,7603.75,1013.0,2026-07
2026-07-10 16:14:00,CME_MINI:ES1!,7603.75,7604.75,7603.25,7604.0,844.0,2026-07
2026-07-10 16:15:00,CME_MINI:ES1!,7604.25,7606.25,7604.0,7605.75,1615.0,2026-07
2026-07-10 16:16:00,CME_MINI:ES1!,7605.5,7609.25,7605.5,7607.75,2994.0,2026-07
2026-07-10 16:17:00,CME_MINI:ES1!,7608.0,7608.5,7606.75,7608.0,1490.0,2026-07
2026-07-10 16:18:00,CME_MINI:ES1!,7607.75,7608.5,7606.0,7606.5,1426.0,2026-07
2026-07-10 16:19:00,CME_MINI:ES1!,7606.25,7608.0,7605.5,7608.0,1320.0,2026-07
2026-07-10 16:20:00,CME_MINI:ES1!,7608.0,7608.5,7605.75,7606.75,1179.0,2026-07
2026-07-10 16:21:00,CME_MINI:ES1!,7606.5,7606.5,7604.25,7605.0,1632.0,2026-07
2026-07-10 16:22:00,CME_MINI:ES1!,7604.75,7606.5,7603.5,7606.25,1098.0,2026-07
2026-07-10 16:23:00,CME_MINI:ES1!,7606.25,7606.25,7605.25,7606.0,557.0,2026-07
2026-07-10 16:24:00,CME_MINI:ES1!,7606.0,7607.25,7605.25,7606.0,838.0,2026-07
2026-07-10 16:25:00,CME_MINI:ES1!,7606.0,7606.25,7604.0,7604.0,1076.0,2026-07
2026-07-10 16:26:00,CME_MINI:ES1!,7604.0,7605.25,7603.5,7603.5,1253.0,2026-07
2026-07-10 16:27:00,CME_MINI:ES1!,7603.75,7605.25,7603.5,7605.0,1173.0,2026-07
2026-07-10 16:28:00,CME_MINI:ES1!,7605.0,7606.0,7604.25,7604.25,876.0,2026-07
2026-07-10 16:29:00,CME_MINI:ES1!,7604.25,7604.75,7603.5,7604.25,879.0,2026-07
2026-07-10 16:30:00,CME_MINI:ES1!,7604.0,7605.5,7604.0,7604.5,840.0,2026-07
2026-07-10 16:31:00,CME_MINI:ES1!,7604.75,7606.0,7604.0,7605.75,653.0,2026-07
2026-07-10 16:32:00,CME_MINI:ES1!,7605.75,7607.75,7605.5,7607.25,1190.0,2026-07
2026-07-10 16:33:00,CME_MINI:ES1!,7607.25,7608.0,7607.0,7608.0,975.0,2026-07
2026-07-10 16:34:00,CME_MINI:ES1!,7608.0,7608.0,7606.5,7606.75,890.0,2026-07
2026-07-10 16:35:00,CME_MINI:ES1!,7606.75,7607.75,7606.5,7607.75,832.0,2026-07
2026-07-10 16:36:00,CME_MINI:ES1!,7607.75,7608.25,7605.75,7605.75,824.0,2026-07
2026-07-10 16:37:00,CME_MINI:ES1!,7605.5,7605.5,7601.5,7604.0,2784.0,2026-07
2026-07-10 16:38:00,CME_MINI:ES1!,7604.0,7604.75,7603.25,7604.0,870.0,2026-07
2026-07-10 16:39:00,CME_MINI:ES1!,7604.0,7605.25,7603.75,7605.0,546.0,2026-07
2026-07-10 16:40:00,CME_MINI:ES1!,7605.0,7608.5,7604.5,7606.75,1642.0,2026-07
2026-07-10 16:41:00,CME_MINI:ES1!,7606.75,7607.25,7606.25,7606.5,587.0,2026-07
2026-07-10 16:42:00,CME_MINI:ES1!,7606.5,7607.75,7606.25,7607.0,623.0,2026-07
2026-07-10 16:43:00,CME_MINI:ES1!,7607.0,7608.5,7606.75,7608.25,795.0,2026-07
2026-07-10 16:44:00,CME_MINI:ES1!,7608.25,7608.75,7607.5,7608.5,1050.0,2026-07
2026-07-10 16:45:00,CME_MINI:ES1!,7608.5,7610.75,7608.25,7610.0,2155.0,2026-07
2026-07-10 16:46:00,CME_MINI:ES1!,7610.0,7612.0,7610.0,7610.75,2182.0,2026-07
2026-07-10 16:47:00,CME_MINI:ES1!,7610.5,7611.0,7609.75,7610.5,1268.0,2026-07
2026-07-10 16:48:00,CME_MINI:ES1!,7610.25,7610.75,7610.0,7610.5,989.0,2026-07
2026-07-10 16:49:00,CME_MINI:ES1!,7610.25,7611.0,7609.5,7610.75,1097.0,2026-07
2026-07-10 16:50:00,CME_MINI:ES1!,7610.75,7613.5,7610.75,7612.0,2332.0,2026-07
2026-07-10 16:51:00,CME_MINI:ES1!,7612.25,7612.25,7610.25,7611.5,1433.0,2026-07
2026-07-10 16:52:00,CME_MINI:ES1!,7611.75,7612.75,7611.5,7612.0,1134.0,2026-07
2026-07-10 16:53:00,CME_MINI:ES1!,7612.25,7612.25,7610.75,7611.5,850.0,2026-07
2026-07-10 16:54:00,CME_MINI:ES1!,7611.5,7612.5,7610.75,7612.25,1131.0,2026-07
2026-07-10 16:55:00,CME_MINI:ES1!,7612.0,7612.5,7610.75,7611.5,1101.0,2026-07
2026-07-10 16:56:00,CME_MINI:ES1!,7611.75,7612.0,7611.0,7611.25,1128.0,2026-07
2026-07-10 16:57:00,CME_MINI:ES1!,7611.5,7612.5,7611.0,7612.5,825.0,2026-07
2026-07-10 16:58:00,CME_MINI:ES1!,7612.25,7614.0,7612.0,7613.25,1578.0,2026-07
2026-07-10 16:59:00,CME_MINI:ES1!,7613.25,7613.25,7612.25,7612.75,1170.0,2026-07
2026-07-10 17:00:00,CME_MINI:ES1!,7612.5,7613.0,7611.25,7611.5,1442.0,2026-07
2026-07-10 17:01:00,CME_MINI:ES1!,7611.25,7612.0,7609.25,7609.25,1877.0,2026-07
2026-07-10 17:02:00,CME_MINI:ES1!,7609.25,7610.75,7609.0,7610.25,1260.0,2026-07
2026-07-10 17:03:00,CME_MINI:ES1!,7610.25,7610.5,7609.0,7609.75,913.0,2026-07
2026-07-10 17:04:00,CME_MINI:ES1!,7610.0,7610.0,7608.75,7609.75,1349.0,2026-07
2026-07-10 17:05:00,CME_MINI:ES1!,7609.75,7610.25,7609.0,7609.75,821.0,2026-07
2026-07-10 17:06:00,CME_MINI:ES1!,7609.75,7610.75,7609.75,7610.5,873.0,2026-07
2026-07-10 17:07:00,CME_MINI:ES1!,7610.25,7610.25,7609.25,7610.0,543.0,2026-07
2026-07-10 17:08:00,CME_MINI:ES1!,7610.0,7610.75,7609.75,7610.25,542.0,2026-07
2026-07-10 17:09:00,CME_MINI:ES1!,7610.25,7610.25,7608.75,7609.0,622.0,2026-07
2026-07-10 17:10:00,CME_MINI:ES1!,7609.25,7610.0,7608.75,7609.5,709.0,2026-07
2026-07-10 17:11:00,CME_MINI:ES1!,7609.75,7610.0,7608.75,7609.25,522.0,2026-07
2026-07-10 17:12:00,CME_MINI:ES1!,7609.0,7609.75,7608.75,7609.25,780.0,2026-07
2026-07-10 17:13:00,CME_MINI:ES1!,7609.25,7609.25,7608.0,7608.0,770.0,2026-07
2026-07-10 17:14:00,CME_MINI:ES1!,7608.25,7610.75,7607.25,7610.5,1277.0,2026-07
2026-07-10 17:15:00,CME_MINI:ES1!,7610.5,7612.75,7610.25,7612.0,1258.0,2026-07
2026-07-10 17:16:00,CME_MINI:ES1!,7612.0,7612.25,7611.25,7611.75,596.0,2026-07
2026-07-10 17:17:00,CME_MINI:ES1!,7611.75,7613.0,7611.5,7612.5,1110.0,2026-07
2026-07-10 17:18:00,CME_MINI:ES1!,7612.5,7612.75,7611.5,7612.0,720.0,2026-07
2026-07-10 17:19:00,CME_MINI:ES1!,7612.0,7612.5,7611.0,7611.25,741.0,2026-07
2026-07-10 17:20:00,CME_MINI:ES1!,7611.25,7612.0,7611.0,7611.5,732.0,2026-07
2026-07-10 17:21:00,CME_MINI:ES1!,7611.5,7611.75,7610.75,7611.75,628.0,2026-07
2026-07-10 17:22:00,CME_MINI:ES1!,7611.75,7612.75,7611.75,7612.0,440.0,2026-07
2026-07-10 17:23:00,CME_MINI:ES1!,7612.0,7612.25,7611.25,7611.5,413.0,2026-07
2026-07-10 17:24:00,CME_MINI:ES1!,7611.5,7612.25,7611.25,7612.0,719.0,2026-07
2026-07-10 17:25:00,CME_MINI:ES1!,7612.25,7612.75,7611.5,7612.75,775.0,2026-07
2026-07-10 17:26:00,CME_MINI:ES1!,7612.75,7613.25,7612.25,7612.5,724.0,2026-07
2026-07-10 17:27:00,CME_MINI:ES1!,7612.5,7612.75,7611.5,7612.0,720.0,2026-07
2026-07-10 17:28:00,CME_MINI:ES1!,7612.0,7613.0,7611.5,7612.75,620.0,2026-07
2026-07-10 17:29:00,CME_MINI:ES1!,7612.5,7613.25,7612.5,7613.0,712.0,2026-07
2026-07-10 17:30:00,CME_MINI:ES1!,7613.0,7614.5,7612.75,7613.75,1527.0,2026-07
2026-07-10 17:31:00,CME_MINI:ES1!,7613.75,7614.5,7613.25,7613.5,868.0,2026-07
2026-07-10 17:32:00,CME_MINI:ES1!,7613.25,7613.75,7612.75,7613.25,909.0,2026-07
2026-07-10 17:33:00,CME_MINI:ES1!,7613.0,7613.5,7612.25,7612.75,1208.0,2026-07
2026-07-10 17:34:00,CME_MINI:ES1!,7612.5,7613.0,7611.5,7613.0,1127.0,2026-07
2026-07-10 17:35:00,CME_MINI:ES1!,7613.0,7613.75,7612.5,7613.75,923.0,2026-07
2026-07-10 17:36:00,CME_MINI:ES1!,7613.75,7615.5,7613.5,7615.0,2157.0,2026-07
2026-07-10 17:37:00,CME_MINI:ES1!,7615.0,7617.0,7614.5,7616.5,2602.0,2026-07
2026-07-10 17:38:00,CME_MINI:ES1!,7616.5,7617.0,7615.5,7616.0,1101.0,2026-07
2026-07-10 17:39:00,CME_MINI:ES1!,7616.0,7616.5,7615.0,7615.0,1057.0,2026-07
2026-07-10 17:40:00,CME_MINI:ES1!,7615.25,7616.25,7615.0,7615.75,1141.0,2026-07
2026-07-10 17:41:00,CME_MINI:ES1!,7615.75,7616.0,7614.5,7614.75,876.0,2026-07
2026-07-10 17:42:00,CME_MINI:ES1!,7614.75,7614.75,7613.5,7613.75,932.0,2026-07
2026-07-10 17:43:00,CME_MINI:ES1!,7614.0,7614.75,7613.5,7614.25,667.0,2026-07
2026-07-10 17:44:00,CME_MINI:ES1!,7614.25,7614.25,7613.75,7614.0,492.0,2026-07
2026-07-10 17:45:00,CME_MINI:ES1!,7614.0,7616.0,7613.75,7615.25,734.0,2026-07
2026-07-10 17:46:00,CME_MINI:ES1!,7615.5,7615.5,7615.0,7615.25,617.0,2026-07
2026-07-10 17:47:00,CME_MINI:ES1!,7615.25,7616.0,7615.25,7615.5,396.0,2026-07
2026-07-10 17:48:00,CME_MINI:ES1!,7615.75,7616.0,7615.25,7615.25,580.0,2026-07
2026-07-10 17:49:00,CME_MINI:ES1!,7615.5,7616.25,7615.0,7616.0,544.0,2026-07
2026-07-10 17:50:00,CME_MINI:ES1!,7615.75,7616.25,7615.75,7616.25,413.0,2026-07
2026-07-10 17:51:00,CME_MINI:ES1!,7616.5,7616.5,7615.5,7615.75,596.0,2026-07
2026-07-10 17:52:00,CME_MINI:ES1!,7615.75,7616.75,7615.75,7616.25,544.0,2026-07
2026-07-10 17:53:00,CME_MINI:ES1!,7616.5,7616.5,7615.75,7615.75,570.0,2026-07
2026-07-10 17:54:00,CME_MINI:ES1!,7615.75,7616.25,7615.25,7615.5,625.0,2026-07
2026-07-10 17:55:00,CME_MINI:ES1!,7615.5,7615.75,7614.75,7615.25,757.0,2026-07
2026-07-10 17:56:00,CME_MINI:ES1!,7615.25,7615.75,7615.0,7615.25,415.0,2026-07
2026-07-10 17:57:00,CME_MINI:ES1!,7615.0,7615.25,7613.75,7614.25,678.0,2026-07
2026-07-10 17:58:00,CME_MINI:ES1!,7614.25,7614.5,7612.5,7612.75,1389.0,2026-07
2026-07-10 17:59:00,CME_MINI:ES1!,7612.75,7613.25,7612.0,7612.75,1158.0,2026-07
2026-07-10 18:00:00,CME_MINI:ES1!,7612.75,7614.5,7612.0,7613.75,1811.0,2026-07
2026-07-10 18:01:00,CME_MINI:ES1!,7613.75,7614.0,7613.0,7613.25,966.0,2026-07
2026-07-10 18:02:00,CME_MINI:ES1!,7613.25,7613.75,7612.5,7613.5,930.0,2026-07
2026-07-10 18:03:00,CME_MINI:ES1!,7613.75,7614.75,7613.5,7613.75,1006.0,2026-07
2026-07-10 18:04:00,CME_MINI:ES1!,7613.75,7613.75,7613.0,7613.5,769.0,2026-07
2026-07-10 18:05:00,CME_MINI:ES1!,7613.75,7615.25,7613.5,7615.25,1556.0,2026-07
2026-07-10 18:06:00,CME_MINI:ES1!,7615.25,7615.5,7614.5,7615.25,896.0,2026-07
2026-07-10 18:07:00,CME_MINI:ES1!,7615.5,7616.25,7614.0,7614.75,1309.0,2026-07
2026-07-10 18:08:00,CME_MINI:ES1!,7614.75,7615.25,7614.0,7614.25,684.0,2026-07
2026-07-10 18:09:00,CME_MINI:ES1!,7614.25,7616.25,7614.25,7615.5,778.0,2026-07
2026-07-10 18:10:00,CME_MINI:ES1!,7615.5,7619.0,7615.25,7616.75,4028.0,2026-07
2026-07-10 18:11:00,CME_MINI:ES1!,7616.75,7617.0,7615.5,7616.25,1310.0,2026-07
2026-07-10 18:12:00,CME_MINI:ES1!,7616.0,7617.25,7615.5,7616.0,757.0,2026-07
2026-07-10 18:13:00,CME_MINI:ES1!,7616.0,7616.25,7615.25,7616.0,980.0,2026-07
2026-07-10 18:14:00,CME_MINI:ES1!,7615.75,7616.25,7615.5,7616.0,551.0,2026-07
2026-07-10 18:15:00,CME_MINI:ES1!,7616.0,7616.75,7614.75,7614.75,1038.0,2026-07
2026-07-10 18:16:00,CME_MINI:ES1!,7615.0,7615.25,7614.25,7615.25,824.0,2026-07
2026-07-10 18:17:00,CME_MINI:ES1!,7615.25,7616.25,7615.0,7615.5,643.0,2026-07
2026-07-10 18:18:00,CME_MINI:ES1!,7615.25,7616.25,7614.5,7615.0,832.0,2026-07
2026-07-10 18:19:00,CME_MINI:ES1!,7614.75,7615.5,7614.25,7615.0,982.0,2026-07
2026-07-10 18:20:00,CME_MINI:ES1!,7615.0,7615.75,7613.75,7614.5,850.0,2026-07
2026-07-10 18:21:00,CME_MINI:ES1!,7614.75,7615.0,7614.25,7614.75,747.0,2026-07
2026-07-10 18:22:00,CME_MINI:ES1!,7614.75,7615.5,7614.25,7615.5,577.0,2026-07
2026-07-10 18:23:00,CME_MINI:ES1!,7615.5,7616.0,7615.0,7615.5,708.0,2026-07
2026-07-10 18:24:00,CME_MINI:ES1!,7615.75,7617.0,7615.5,7616.25,1099.0,2026-07
2026-07-10 18:25:00,CME_MINI:ES1!,7616.25,7620.0,7616.25,7617.25,3627.0,2026-07
2026-07-10 18:26:00,CME_MINI:ES1!,7617.25,7618.0,7616.75,7617.25,927.0,2026-07
2026-07-10 18:27:00,CME_MINI:ES1!,7617.25,7617.75,7616.75,7617.5,676.0,2026-07
2026-07-10 18:28:00,CME_MINI:ES1!,7617.5,7617.5,7616.5,7617.0,734.0,2026-07
2026-07-10 18:29:00,CME_MINI:ES1!,7617.25,7617.75,7616.25,7617.25,553.0,2026-07
2026-07-10 18:30:00,CME_MINI:ES1!,7617.5,7618.5,7617.25,7618.25,901.0,2026-07
2026-07-10 18:31:00,CME_MINI:ES1!,7618.5,7619.0,7617.75,7618.0,968.0,2026-07
2026-07-10 18:32:00,CME_MINI:ES1!,7618.25,7618.25,7616.75,7617.25,672.0,2026-07
2026-07-10 18:33:00,CME_MINI:ES1!,7617.0,7618.75,7616.75,7618.5,784.0,2026-07
2026-07-10 18:34:00,CME_MINI:ES1!,7618.75,7619.0,7618.25,7618.5,546.0,2026-07
2026-07-10 18:35:00,CME_MINI:ES1!,7618.5,7618.5,7617.75,7618.5,638.0,2026-07
2026-07-10 18:36:00,CME_MINI:ES1!,7618.5,7618.75,7617.75,7617.75,547.0,2026-07
2026-07-10 18:37:00,CME_MINI:ES1!,7617.75,7618.25,7616.75,7617.0,506.0,2026-07
2026-07-10 18:38:00,CME_MINI:ES1!,7617.0,7617.5,7616.25,7616.75,978.0,2026-07
2026-07-10 18:39:00,CME_MINI:ES1!,7617.0,7617.75,7616.75,7617.25,790.0,2026-07
2026-07-10 18:40:00,CME_MINI:ES1!,7617.25,7618.75,7617.0,7618.5,686.0,2026-07
2026-07-10 18:41:00,CME_MINI:ES1!,7618.75,7618.75,7617.75,7618.75,655.0,2026-07
2026-07-10 18:42:00,CME_MINI:ES1!,7618.75,7619.25,7618.0,7619.0,763.0,2026-07
2026-07-10 18:43:00,CME_MINI:ES1!,7619.25,7619.5,7618.0,7618.5,1002.0,2026-07
2026-07-10 18:44:00,CME_MINI:ES1!,7618.5,7618.5,7618.0,7618.5,780.0,2026-07
2026-07-10 18:45:00,CME_MINI:ES1!,7618.25,7619.0,7618.0,7618.5,781.0,2026-07
2026-07-10 18:46:00,CME_MINI:ES1!,7618.5,7619.5,7618.5,7619.0,829.0,2026-07
2026-07-10 18:47:00,CME_MINI:ES1!,7619.0,7619.25,7618.75,7618.75,813.0,2026-07
2026-07-10 18:48:00,CME_MINI:ES1!,7619.0,7619.5,7618.75,7618.75,483.0,2026-07
2026-07-10 18:49:00,CME_MINI:ES1!,7618.5,7619.0,7618.25,7618.75,667.0,2026-07
2026-07-10 18:50:00,CME_MINI:ES1!,7618.5,7618.75,7618.0,7618.25,888.0,2026-07
2026-07-10 18:51:00,CME_MINI:ES1!,7618.5,7619.0,7618.0,7618.25,509.0,2026-07
2026-07-10 18:52:00,CME_MINI:ES1!,7618.5,7619.5,7618.5,7619.5,709.0,2026-07
2026-07-10 18:53:00,CME_MINI:ES1!,7619.5,7619.75,7619.25,7619.25,824.0,2026-07
2026-07-10 18:54:00,CME_MINI:ES1!,7619.0,7619.75,7619.0,7619.5,435.0,2026-07
2026-07-10 18:55:00,CME_MINI:ES1!,7619.25,7619.75,7618.75,7619.5,672.0,2026-07
2026-07-10 18:56:00,CME_MINI:ES1!,7619.5,7620.25,7619.5,7619.5,1097.0,2026-07
2026-07-10 18:57:00,CME_MINI:ES1!,7619.75,7619.75,7619.25,7619.5,317.0,2026-07
2026-07-10 18:58:00,CME_MINI:ES1!,7619.5,7619.75,7618.75,7619.0,667.0,2026-07
2026-07-10 18:59:00,CME_MINI:ES1!,7618.75,7619.0,7618.25,7618.5,755.0,2026-07
2026-07-10 19:00:00,CME_MINI:ES1!,7618.5,7619.5,7618.25,7619.0,985.0,2026-07
2026-07-10 19:01:00,CME_MINI:ES1!,7619.0,7620.5,7619.0,7619.75,1270.0,2026-07
2026-07-10 19:02:00,CME_MINI:ES1!,7619.75,7620.25,7619.5,7620.25,827.0,2026-07
2026-07-10 19:03:00,CME_MINI:ES1!,7620.25,7624.25,7620.0,7624.0,3736.0,2026-07
2026-07-10 19:04:00,CME_MINI:ES1!,7624.0,7624.25,7622.75,7623.25,2995.0,2026-07
2026-07-10 19:05:00,CME_MINI:ES1!,7623.5,7624.5,7623.0,7624.25,1608.0,2026-07
2026-07-10 19:06:00,CME_MINI:ES1!,7624.5,7625.5,7623.5,7623.5,1625.0,2026-07
2026-07-10 19:07:00,CME_MINI:ES1!,7623.75,7624.0,7622.75,7622.75,1196.0,2026-07
2026-07-10 19:08:00,CME_MINI:ES1!,7623.0,7623.25,7622.25,7622.5,1606.0,2026-07
2026-07-10 19:09:00,CME_MINI:ES1!,7622.75,7623.0,7622.0,7622.75,1061.0,2026-07
2026-07-10 19:10:00,CME_MINI:ES1!,7622.75,7624.0,7622.75,7623.5,1308.0,2026-07
2026-07-10 19:11:00,CME_MINI:ES1!,7623.5,7624.25,7623.25,7623.75,1100.0,2026-07
2026-07-10 19:12:00,CME_MINI:ES1!,7623.75,7625.0,7623.5,7624.5,1202.0,2026-07
2026-07-10 19:13:00,CME_MINI:ES1!,7624.5,7624.75,7623.75,7624.25,1572.0,2026-07
2026-07-10 19:14:00,CME_MINI:ES1!,7624.25,7624.75,7624.25,7624.75,527.0,2026-07
2026-07-10 19:15:00,CME_MINI:ES1!,7624.5,7625.0,7623.5,7624.0,1808.0,2026-07
2026-07-10 19:16:00,CME_MINI:ES1!,7624.0,7625.25,7623.75,7623.75,1451.0,2026-07
2026-07-10 19:17:00,CME_MINI:ES1!,7624.0,7624.25,7622.75,7623.5,1681.0,2026-07
2026-07-10 19:18:00,CME_MINI:ES1!,7623.5,7624.0,7623.0,7623.75,793.0,2026-07
2026-07-10 19:19:00,CME_MINI:ES1!,7623.75,7624.5,7623.5,7623.5,900.0,2026-07
2026-07-10 19:20:00,CME_MINI:ES1!,7623.5,7624.0,7622.25,7622.5,2151.0,2026-07
2026-07-10 19:21:00,CME_MINI:ES1!,7622.5,7623.5,7622.25,7623.0,966.0,2026-07
2026-07-10 19:22:00,CME_MINI:ES1!,7623.25,7624.0,7622.5,7622.75,1373.0,2026-07
2026-07-10 19:23:00,CME_MINI:ES1!,7622.75,7623.25,7622.5,7622.75,1263.0,2026-07
2026-07-10 19:24:00,CME_MINI:ES1!,7622.75,7623.5,7622.75,7622.75,754.0,2026-07
2026-07-10 19:25:00,CME_MINI:ES1!,7622.75,7623.75,7622.5,7623.5,1142.0,2026-07
2026-07-10 19:26:00,CME_MINI:ES1!,7623.5,7624.0,7623.25,7624.0,891.0,2026-07
2026-07-10 19:27:00,CME_MINI:ES1!,7623.75,7624.25,7623.0,7623.25,1581.0,2026-07
2026-07-10 19:28:00,CME_MINI:ES1!,7623.25,7623.75,7623.0,7623.5,728.0,2026-07
2026-07-10 19:29:00,CME_MINI:ES1!,7623.25,7624.0,7622.75,7622.75,923.0,2026-07
2026-07-10 19:30:00,CME_MINI:ES1!,7622.75,7623.5,7622.75,7623.0,1468.0,2026-07
2026-07-10 19:31:00,CME_MINI:ES1!,7623.0,7623.5,7621.75,7621.75,1130.0,2026-07
2026-07-10 19:32:00,CME_MINI:ES1!,7621.75,7624.75,7621.25,7622.5,4410.0,2026-07
2026-07-10 19:33:00,CME_MINI:ES1!,7622.25,7622.75,7622.0,7622.75,898.0,2026-07
2026-07-10 19:34:00,CME_MINI:ES1!,7622.5,7622.75,7622.25,7622.5,807.0,2026-07
2026-07-10 19:35:00,CME_MINI:ES1!,7622.75,7622.75,7621.75,7622.25,1015.0,2026-07
2026-07-10 19:36:00,CME_MINI:ES1!,7622.25,7623.0,7622.0,7622.5,1139.0,2026-07
2026-07-10 19:37:00,CME_MINI:ES1!,7622.5,7623.5,7622.5,7623.5,791.0,2026-07
2026-07-10 19:38:00,CME_MINI:ES1!,7623.5,7624.5,7623.25,7623.75,1335.0,2026-07
2026-07-10 19:39:00,CME_MINI:ES1!,7623.75,7624.0,7623.0,7623.25,1021.0,2026-07
2026-07-10 19:40:00,CME_MINI:ES1!,7623.25,7625.25,7623.0,7624.5,1550.0,2026-07
2026-07-10 19:41:00,CME_MINI:ES1!,7624.5,7624.75,7623.75,7624.0,945.0,2026-07
2026-07-10 19:42:00,CME_MINI:ES1!,7624.25,7625.25,7623.25,7624.75,1369.0,2026-07
2026-07-10 19:43:00,CME_MINI:ES1!,7624.75,7625.0,7624.0,7624.25,922.0,2026-07
2026-07-10 19:44:00,CME_MINI:ES1!,7624.5,7624.5,7623.5,7623.5,1532.0,2026-07
2026-07-10 19:45:00,CME_MINI:ES1!,7623.5,7624.0,7622.5,7623.75,2634.0,2026-07
2026-07-10 19:46:00,CME_MINI:ES1!,7623.75,7624.75,7623.75,7624.25,1232.0,2026-07
2026-07-10 19:47:00,CME_MINI:ES1!,7624.5,7624.75,7623.75,7624.0,1090.0,2026-07
2026-07-10 19:48:00,CME_MINI:ES1!,7624.0,7624.25,7623.25,7623.75,939.0,2026-07
2026-07-10 19:49:00,CME_MINI:ES1!,7623.75,7624.25,7623.25,7623.75,1233.0,2026-07
2026-07-10 19:50:00,CME_MINI:ES1!,7624.0,7627.25,7624.0,7626.0,4849.0,2026-07
2026-07-10 19:51:00,CME_MINI:ES1!,7626.0,7626.5,7625.25,7625.25,2071.0,2026-07
2026-07-10 19:52:00,CME_MINI:ES1!,7625.25,7626.25,7624.25,7624.25,2338.0,2026-07
2026-07-10 19:53:00,CME_MINI:ES1!,7624.25,7625.0,7622.75,7623.0,3044.0,2026-07
2026-07-10 19:54:00,CME_MINI:ES1!,7622.75,7624.25,7622.5,7623.0,3316.0,2026-07
2026-07-10 19:55:00,CME_MINI:ES1!,7623.0,7624.0,7622.0,7623.25,4484.0,2026-07
2026-07-10 19:56:00,CME_MINI:ES1!,7623.25,7623.75,7621.75,7622.5,3021.0,2026-07
2026-07-10 19:57:00,CME_MINI:ES1!,7622.75,7622.75,7621.25,7622.0,3638.0,2026-07
2026-07-10 19:58:00,CME_MINI:ES1!,7622.0,7622.5,7620.5,7620.75,4316.0,2026-07
2026-07-10 19:59:00,CME_MINI:ES1!,7620.5,7622.25,7617.75,7620.75,39797.0,2026-07
2026-07-10 20:00:00,CME_MINI:ES1!,7621.0,7623.0,7618.0,7622.5,12166.0,2026-07
2026-07-10 20:01:00,CME_MINI:ES1!,7622.75,7623.75,7621.0,7623.0,2890.0,2026-07
2026-07-10 20:02:00,CME_MINI:ES1!,7623.0,7624.25,7622.5,7624.0,1501.0,2026-07
2026-07-10 20:03:00,CME_MINI:ES1!,7624.25,7624.75,7622.75,7622.75,1641.0,2026-07
2026-07-10 20:04:00,CME_MINI:ES1!,7623.0,7623.0,7622.0,7622.5,995.0,2026-07
2026-07-10 20:05:00,CME_MINI:ES1!,7622.75,7623.0,7621.5,7621.75,1562.0,2026-07
2026-07-10 20:06:00,CME_MINI:ES1!,7621.75,7622.0,7620.5,7621.5,924.0,2026-07
2026-07-10 20:07:00,CME_MINI:ES1!,7621.5,7621.75,7621.0,7621.25,681.0,2026-07
2026-07-10 20:08:00,CME_MINI:ES1!,7621.0,7622.0,7621.0,7621.75,697.0,2026-07
2026-07-10 20:09:00,CME_MINI:ES1!,7621.75,7622.25,7621.5,7621.75,753.0,2026-07
2026-07-10 20:10:00,CME_MINI:ES1!,7622.0,7622.75,7621.5,7622.5,756.0,2026-07
2026-07-10 20:11:00,CME_MINI:ES1!,7622.75,7623.25,7622.25,7622.75,968.0,2026-07
2026-07-10 20:12:00,CME_MINI:ES1!,7622.5,7623.0,7621.75,7622.75,647.0,2026-07
2026-07-10 20:13:00,CME_MINI:ES1!,7623.0,7623.25,7622.5,7623.0,501.0,2026-07
2026-07-10 20:14:00,CME_MINI:ES1!,7623.0,7623.25,7622.25,7622.5,649.0,2026-07
2026-07-10 20:15:00,CME_MINI:ES1!,7622.75,7622.75,7622.0,7622.75,366.0,2026-07
2026-07-10 20:16:00,CME_MINI:ES1!,7622.75,7623.25,7622.75,7623.0,146.0,2026-07
2026-07-10 20:17:00,CME_MINI:ES1!,7623.0,7623.5,7623.0,7623.25,262.0,2026-07
2026-07-10 20:18:00,CME_MINI:ES1!,7623.25,7623.5,7622.75,7622.75,347.0,2026-07
2026-07-10 20:19:00,CME_MINI:ES1!,7622.75,7623.0,7622.5,7622.75,175.0,2026-07
2026-07-10 20:20:00,CME_MINI:ES1!,7622.75,7623.0,7622.0,7622.0,227.0,2026-07
2026-07-10 20:21:00,CME_MINI:ES1!,7622.0,7622.25,7621.75,7621.75,259.0,2026-07
2026-07-10 20:22:00,CME_MINI:ES1!,7622.0,7622.25,7622.0,7622.25,153.0,2026-07
2026-07-10 20:23:00,CME_MINI:ES1!,7622.25,7622.25,7622.0,7622.25,157.0,2026-07
2026-07-10 20:24:00,CME_MINI:ES1!,7622.5,7622.75,7622.25,7622.25,342.0,2026-07
2026-07-10 20:25:00,CME_MINI:ES1!,7622.25,7622.25,7621.75,7622.0,306.0,2026-07
2026-07-10 20:26:00,CME_MINI:ES1!,7622.0,7623.5,7622.0,7623.25,557.0,2026-07
2026-07-10 20:27:00,CME_MINI:ES1!,7623.25,7623.75,7623.0,7623.5,634.0,2026-07
2026-07-10 20:28:00,CME_MINI:ES1!,7623.5,7625.0,7623.5,7624.75,809.0,2026-07
2026-07-10 20:29:00,CME_MINI:ES1!,7625.0,7625.25,7624.75,7624.75,796.0,2026-07
2026-07-10 20:30:00,CME_MINI:ES1!,7624.75,7626.0,7624.75,7625.25,615.0,2026-07
2026-07-10 20:31:00,CME_MINI:ES1!,7625.0,7625.0,7624.25,7624.5,223.0,2026-07
2026-07-10 20:32:00,CME_MINI:ES1!,7624.25,7624.75,7624.0,7624.75,166.0,2026-07
2026-07-10 20:33:00,CME_MINI:ES1!,7624.5,7624.75,7624.5,7624.75,68.0,2026-07
2026-07-10 20:34:00,CME_MINI:ES1!,7624.5,7625.0,7624.5,7625.0,120.0,2026-07
2026-07-10 20:35:00,CME_MINI:ES1!,7625.0,7625.25,7624.5,7625.0,153.0,2026-07
2026-07-10 20:36:00,CME_MINI:ES1!,7625.0,7625.0,7624.75,7624.75,119.0,2026-07
2026-07-10 20:37:00,CME_MINI:ES1!,7624.5,7624.75,7624.5,7624.5,52.0,2026-07
2026-07-10 20:38:00,CME_MINI:ES1!,7624.75,7625.25,7624.75,7625.25,157.0,2026-07
2026-07-10 20:39:00,CME_MINI:ES1!,7625.25,7625.25,7625.0,7625.25,138.0,2026-07
2026-07-10 20:40:00,CME_MINI:ES1!,7625.0,7625.25,7624.75,7625.0,58.0,2026-07
2026-07-10 20:41:00,CME_MINI:ES1!,7625.0,7625.5,7624.75,7625.25,197.0,2026-07
2026-07-10 20:42:00,CME_MINI:ES1!,7625.5,7626.0,7625.25,7625.75,145.0,2026-07
2026-07-10 20:43:00,CME_MINI:ES1!,7625.75,7626.0,7625.5,7625.75,179.0,2026-07
2026-07-10 20:44:00,CME_MINI:ES1!,7625.75,7626.0,7625.25,7625.75,521.0,2026-07
2026-07-10 20:45:00,CME_MINI:ES1!,7625.5,7625.75,7625.5,7625.75,134.0,2026-07
2026-07-10 20:46:00,CME_MINI:ES1!,7625.75,7626.5,7625.75,7626.0,317.0,2026-07
2026-07-10 20:47:00,CME_MINI:ES1!,7626.0,7627.25,7624.75,7626.0,824.0,2026-07
2026-07-10 20:48:00,CME_MINI:ES1!,7626.0,7626.25,7626.0,7626.0,165.0,2026-07
2026-07-10 20:49:00,CME_MINI:ES1!,7626.0,7626.75,7626.0,7626.5,405.0,2026-07
2026-07-10 20:50:00,CME_MINI:ES1!,7626.5,7627.25,7626.5,7627.0,418.0,2026-07
2026-07-10 20:51:00,CME_MINI:ES1!,7627.25,7627.5,7626.75,7627.0,286.0,2026-07
2026-07-10 20:52:00,CME_MINI:ES1!,7626.75,7627.25,7626.75,7627.25,158.0,2026-07
2026-07-10 20:53:00,CME_MINI:ES1!,7627.0,7627.5,7627.0,7627.25,237.0,2026-07
2026-07-10 20:54:00,CME_MINI:ES1!,7627.25,7627.5,7627.0,7627.25,362.0,2026-07
2026-07-10 20:55:00,CME_MINI:ES1!,7627.25,7628.75,7626.75,7627.0,565.0,2026-07
2026-07-10 20:56:00,CME_MINI:ES1!,7627.0,7627.25,7626.5,7626.5,400.0,2026-07
2026-07-10 20:57:00,CME_MINI:ES1!,7626.5,7627.0,7625.5,7625.75,406.0,2026-07
2026-07-10 20:58:00,CME_MINI:ES1!,7625.5,7626.0,7624.75,7625.75,496.0,2026-07
2026-07-10 20:59:00,CME_MINI:ES1!,7625.75,7627.0,7625.0,7626.0,835.0,2026-07
