datetime,symbol,open,high,low,close,volume,year_month
2026-08-02 22:00:00,CME_MINI:ES1!,7550.0,7557.5,7545.5,7553.0,3556.0,2026-08
2026-08-02 22:01:00,CME_MINI:ES1!,7552.5,7559.0,7546.75,7548.25,1942.0,2026-08
2026-08-02 22:02:00,CME_MINI:ES1!,7548.25,7552.5,7547.5,7550.75,1009.0,2026-08
2026-08-02 22:03:00,CME_MINI:ES1!,7550.5,7552.75,7550.0,7551.5,329.0,2026-08
2026-08-02 22:04:00,CME_MINI:ES1!,7551.25,7553.0,7549.75,7552.0,388.0,2026-08
2026-08-02 22:05:00,CME_MINI:ES1!,7552.25,7553.75,7549.75,7551.75,857.0,2026-08
2026-08-02 22:06:00,CME_MINI:ES1!,7551.5,7553.0,7551.0,7552.0,245.0,2026-08
2026-08-02 22:07:00,CME_MINI:ES1!,7552.0,7552.75,7550.0,7552.0,555.0,2026-08
2026-08-02 22:08:00,CME_MINI:ES1!,7551.75,7552.75,7550.75,7551.25,371.0,2026-08
2026-08-02 22:09:00,CME_MINI:ES1!,7551.0,7554.0,7550.25,7554.0,803.0,2026-08
2026-08-02 22:10:00,CME_MINI:ES1!,7553.5,7554.25,7552.5,7554.0,415.0,2026-08
2026-08-02 22:11:00,CME_MINI:ES1!,7553.75,7557.0,7553.75,7556.75,617.0,2026-08
2026-08-02 22:12:00,CME_MINI:ES1!,7556.5,7557.25,7554.5,7556.25,564.0,2026-08
2026-08-02 22:13:00,CME_MINI:ES1!,7556.5,7557.5,7556.25,7556.75,346.0,2026-08
2026-08-02 22:14:00,CME_MINI:ES1!,7557.0,7557.25,7555.5,7555.5,251.0,2026-08
2026-08-02 22:15:00,CME_MINI:ES1!,7555.5,7556.25,7554.0,7555.75,494.0,2026-08
2026-08-02 22:16:00,CME_MINI:ES1!,7555.5,7555.5,7554.0,7555.0,191.0,2026-08
2026-08-02 22:17:00,CME_MINI:ES1!,7555.0,7556.25,7554.25,7555.5,201.0,2026-08
2026-08-02 22:18:00,CME_MINI:ES1!,7555.5,7555.5,7551.25,7551.25,355.0,2026-08
2026-08-02 22:19:00,CME_MINI:ES1!,7551.0,7552.0,7550.0,7551.0,731.0,2026-08
2026-08-02 22:20:00,CME_MINI:ES1!,7551.0,7554.75,7551.0,7554.25,464.0,2026-08
2026-08-02 22:21:00,CME_MINI:ES1!,7554.0,7555.75,7553.25,7555.25,332.0,2026-08
2026-08-02 22:22:00,CME_MINI:ES1!,7555.5,7555.5,7554.25,7555.25,339.0,2026-08
2026-08-02 22:23:00,CME_MINI:ES1!,7555.25,7555.25,7553.25,7554.5,162.0,2026-08
2026-08-02 22:24:00,CME_MINI:ES1!,7554.25,7554.5,7552.0,7552.25,357.0,2026-08
2026-08-02 22:25:00,CME_MINI:ES1!,7552.5,7553.0,7552.0,7552.25,158.0,2026-08
2026-08-02 22:26:00,CME_MINI:ES1!,7552.25,7552.5,7549.5,7549.75,305.0,2026-08
2026-08-02 22:27:00,CME_MINI:ES1!,7549.5,7551.75,7549.5,7551.75,207.0,2026-08
2026-08-02 22:28:00,CME_MINI:ES1!,7551.5,7553.25,7550.25,7553.25,208.0,2026-08
2026-08-02 22:29:00,CME_MINI:ES1!,7552.75,7553.25,7551.0,7551.25,89.0,2026-08
2026-08-02 22:30:00,CME_MINI:ES1!,7551.25,7551.75,7550.75,7551.75,157.0,2026-08
2026-08-02 22:31:00,CME_MINI:ES1!,7551.5,7551.75,7550.5,7550.75,108.0,2026-08
2026-08-02 22:32:00,CME_MINI:ES1!,7550.75,7551.75,7549.75,7550.5,150.0,2026-08
2026-08-02 22:33:00,CME_MINI:ES1!,7550.25,7551.0,7549.75,7551.0,110.0,2026-08
2026-08-02 22:34:00,CME_MINI:ES1!,7551.25,7551.75,7550.5,7550.75,84.0,2026-08
2026-08-02 22:35:00,CME_MINI:ES1!,7550.75,7552.25,7550.5,7552.0,154.0,2026-08
2026-08-02 22:36:00,CME_MINI:ES1!,7551.75,7551.75,7551.0,7551.5,86.0,2026-08
2026-08-02 22:37:00,CME_MINI:ES1!,7551.5,7551.75,7551.0,7551.25,64.0,2026-08
2026-08-02 22:38:00,CME_MINI:ES1!,7551.25,7551.25,7550.5,7551.0,137.0,2026-08
2026-08-02 22:39:00,CME_MINI:ES1!,7550.75,7552.75,7550.75,7552.0,119.0,2026-08
2026-08-02 22:40:00,CME_MINI:ES1!,7552.0,7552.75,7550.5,7552.5,124.0,2026-08
2026-08-02 22:41:00,CME_MINI:ES1!,7552.5,7552.5,7550.75,7550.75,84.0,2026-08
2026-08-02 22:42:00,CME_MINI:ES1!,7551.0,7551.0,7549.25,7549.75,213.0,2026-08
2026-08-02 22:43:00,CME_MINI:ES1!,7549.75,7550.0,7549.25,7549.5,108.0,2026-08
2026-08-02 22:44:00,CME_MINI:ES1!,7549.5,7549.75,7549.25,7549.25,48.0,2026-08
2026-08-02 22:45:00,CME_MINI:ES1!,7549.0,7550.0,7548.75,7550.0,68.0,2026-08
2026-08-02 22:46:00,CME_MINI:ES1!,7549.75,7550.25,7549.5,7549.75,48.0,2026-08
2026-08-02 22:47:00,CME_MINI:ES1!,7549.75,7550.25,7549.5,7550.0,77.0,2026-08
2026-08-02 22:48:00,CME_MINI:ES1!,7550.25,7550.25,7548.75,7549.25,109.0,2026-08
2026-08-02 22:49:00,CME_MINI:ES1!,7549.25,7549.25,7549.0,7549.0,61.0,2026-08
2026-08-02 22:50:00,CME_MINI:ES1!,7549.25,7549.5,7548.75,7549.0,88.0,2026-08
2026-08-02 22:51:00,CME_MINI:ES1!,7548.75,7549.5,7548.75,7548.75,46.0,2026-08
2026-08-02 22:52:00,CME_MINI:ES1!,7549.0,7549.0,7548.25,7548.25,78.0,2026-08
2026-08-02 22:53:00,CME_MINI:ES1!,7548.0,7549.25,7547.75,7548.75,188.0,2026-08
2026-08-02 22:54:00,CME_MINI:ES1!,7548.75,7548.75,7547.75,7548.0,99.0,2026-08
2026-08-02 22:55:00,CME_MINI:ES1!,7548.25,7549.0,7548.25,7548.25,51.0,2026-08
2026-08-02 22:56:00,CME_MINI:ES1!,7548.5,7548.5,7547.5,7548.5,103.0,2026-08
2026-08-02 22:57:00,CME_MINI:ES1!,7548.5,7548.5,7546.25,7547.0,312.0,2026-08
2026-08-02 22:58:00,CME_MINI:ES1!,7547.0,7547.0,7544.5,7545.0,270.0,2026-08
2026-08-02 22:59:00,CME_MINI:ES1!,7545.0,7546.25,7544.5,7545.5,132.0,2026-08
2026-08-02 23:00:00,CME_MINI:ES1!,7545.75,7547.5,7545.5,7547.0,148.0,2026-08
2026-08-02 23:01:00,CME_MINI:ES1!,7547.25,7550.5,7547.0,7550.0,441.0,2026-08
2026-08-02 23:02:00,CME_MINI:ES1!,7550.25,7550.25,7548.75,7549.0,123.0,2026-08
2026-08-02 23:03:00,CME_MINI:ES1!,7549.25,7549.75,7548.0,7548.0,91.0,2026-08
2026-08-02 23:04:00,CME_MINI:ES1!,7548.0,7549.0,7547.5,7548.0,102.0,2026-08
2026-08-02 23:05:00,CME_MINI:ES1!,7548.5,7548.5,7547.5,7547.75,81.0,2026-08
2026-08-02 23:06:00,CME_MINI:ES1!,7547.5,7549.0,7547.25,7549.0,126.0,2026-08
2026-08-02 23:07:00,CME_MINI:ES1!,7548.5,7548.5,7546.75,7546.75,169.0,2026-08
2026-08-02 23:08:00,CME_MINI:ES1!,7546.75,7546.75,7545.5,7546.0,134.0,2026-08
2026-08-02 23:09:00,CME_MINI:ES1!,7545.75,7546.0,7544.75,7544.75,142.0,2026-08
2026-08-02 23:10:00,CME_MINI:ES1!,7545.0,7545.0,7544.5,7544.5,68.0,2026-08
2026-08-02 23:11:00,CME_MINI:ES1!,7544.75,7545.25,7543.5,7544.0,174.0,2026-08
2026-08-02 23:12:00,CME_MINI:ES1!,7544.25,7546.0,7543.5,7545.75,157.0,2026-08
2026-08-02 23:13:00,CME_MINI:ES1!,7546.0,7546.0,7545.0,7545.5,57.0,2026-08
2026-08-02 23:14:00,CME_MINI:ES1!,7545.5,7546.0,7545.0,7545.0,50.0,2026-08
2026-08-02 23:15:00,CME_MINI:ES1!,7545.25,7546.0,7545.25,7545.75,29.0,2026-08
2026-08-02 23:16:00,CME_MINI:ES1!,7546.0,7546.0,7545.75,7545.75,24.0,2026-08
2026-08-02 23:17:00,CME_MINI:ES1!,7545.75,7545.75,7545.25,7545.75,51.0,2026-08
2026-08-02 23:18:00,CME_MINI:ES1!,7545.75,7546.0,7545.5,7546.0,27.0,2026-08
2026-08-02 23:19:00,CME_MINI:ES1!,7546.0,7546.5,7545.75,7546.25,58.0,2026-08
2026-08-02 23:20:00,CME_MINI:ES1!,7546.5,7547.0,7546.0,7546.0,48.0,2026-08
2026-08-02 23:21:00,CME_MINI:ES1!,7546.0,7546.5,7545.75,7546.5,40.0,2026-08
2026-08-02 23:22:00,CME_MINI:ES1!,7546.75,7548.5,7546.25,7548.0,127.0,2026-08
2026-08-02 23:23:00,CME_MINI:ES1!,7548.0,7549.25,7547.5,7548.0,133.0,2026-08
2026-08-02 23:24:00,CME_MINI:ES1!,7548.0,7549.5,7548.0,7549.25,186.0,2026-08
2026-08-02 23:25:00,CME_MINI:ES1!,7549.5,7549.75,7549.0,7549.0,53.0,2026-08
2026-08-02 23:26:00,CME_MINI:ES1!,7549.25,7549.5,7548.5,7548.75,78.0,2026-08
2026-08-02 23:27:00,CME_MINI:ES1!,7548.5,7549.25,7548.5,7549.0,31.0,2026-08
2026-08-02 23:28:00,CME_MINI:ES1!,7549.25,7549.5,7548.25,7548.5,30.0,2026-08
2026-08-02 23:29:00,CME_MINI:ES1!,7548.5,7549.0,7548.5,7548.75,23.0,2026-08
2026-08-02 23:30:00,CME_MINI:ES1!,7549.0,7551.25,7549.0,7551.0,141.0,2026-08
2026-08-02 23:31:00,CME_MINI:ES1!,7551.0,7551.5,7550.75,7551.0,161.0,2026-08
2026-08-02 23:32:00,CME_MINI:ES1!,7551.0,7551.0,7550.0,7550.75,64.0,2026-08
2026-08-02 23:33:00,CME_MINI:ES1!,7550.5,7551.5,7549.25,7549.5,196.0,2026-08
2026-08-02 23:34:00,CME_MINI:ES1!,7549.5,7550.75,7549.25,7550.75,45.0,2026-08
2026-08-02 23:35:00,CME_MINI:ES1!,7550.5,7550.5,7550.0,7550.0,16.0,2026-08
2026-08-02 23:36:00,CME_MINI:ES1!,7550.0,7550.5,7550.0,7550.25,27.0,2026-08
2026-08-02 23:37:00,CME_MINI:ES1!,7550.25,7550.25,7549.5,7549.5,21.0,2026-08
2026-08-02 23:38:00,CME_MINI:ES1!,7549.25,7550.25,7549.0,7550.25,55.0,2026-08
2026-08-02 23:39:00,CME_MINI:ES1!,7550.0,7550.0,7549.0,7549.0,79.0,2026-08
2026-08-02 23:40:00,CME_MINI:ES1!,7549.0,7549.25,7548.75,7548.75,30.0,2026-08
2026-08-02 23:41:00,CME_MINI:ES1!,7549.25,7549.25,7548.5,7549.0,30.0,2026-08
2026-08-02 23:42:00,CME_MINI:ES1!,7549.0,7549.5,7548.75,7548.75,25.0,2026-08
2026-08-02 23:43:00,CME_MINI:ES1!,7548.75,7549.25,7548.0,7548.25,138.0,2026-08
2026-08-02 23:44:00,CME_MINI:ES1!,7548.25,7550.5,7548.25,7550.0,196.0,2026-08
2026-08-02 23:45:00,CME_MINI:ES1!,7550.25,7550.75,7547.0,7547.25,157.0,2026-08
2026-08-02 23:46:00,CME_MINI:ES1!,7546.75,7549.5,7546.75,7549.0,279.0,2026-08
2026-08-02 23:47:00,CME_MINI:ES1!,7549.25,7550.0,7549.0,7549.0,102.0,2026-08
2026-08-02 23:48:00,CME_MINI:ES1!,7549.5,7550.5,7549.5,7550.25,79.0,2026-08
2026-08-02 23:49:00,CME_MINI:ES1!,7550.5,7552.75,7550.5,7551.75,209.0,2026-08
2026-08-02 23:50:00,CME_MINI:ES1!,7551.75,7552.5,7551.5,7552.5,178.0,2026-08
2026-08-02 23:51:00,CME_MINI:ES1!,7552.5,7554.5,7552.5,7554.0,285.0,2026-08
2026-08-02 23:52:00,CME_MINI:ES1!,7554.25,7555.0,7551.5,7553.0,1437.0,2026-08
2026-08-02 23:53:00,CME_MINI:ES1!,7553.25,7554.0,7552.25,7552.5,196.0,2026-08
2026-08-02 23:54:00,CME_MINI:ES1!,7552.75,7553.0,7549.0,7549.5,212.0,2026-08
2026-08-02 23:55:00,CME_MINI:ES1!,7549.75,7550.75,7548.0,7550.5,188.0,2026-08
2026-08-02 23:56:00,CME_MINI:ES1!,7550.25,7550.25,7548.5,7548.5,128.0,2026-08
2026-08-02 23:57:00,CME_MINI:ES1!,7548.5,7549.25,7548.0,7549.25,89.0,2026-08
2026-08-02 23:58:00,CME_MINI:ES1!,7549.5,7550.75,7548.5,7550.5,108.0,2026-08
2026-08-02 23:59:00,CME_MINI:ES1!,7550.25,7552.25,7550.25,7551.5,298.0,2026-08
2026-08-03 00:00:00,CME_MINI:ES1!,7551.5,7551.5,7546.25,7547.75,984.0,2026-08
2026-08-03 00:01:00,CME_MINI:ES1!,7548.0,7550.25,7547.25,7548.5,356.0,2026-08
2026-08-03 00:02:00,CME_MINI:ES1!,7548.25,7549.5,7547.5,7548.75,278.0,2026-08
2026-08-03 00:03:00,CME_MINI:ES1!,7548.75,7550.0,7547.25,7547.75,239.0,2026-08
2026-08-03 00:04:00,CME_MINI:ES1!,7548.0,7548.25,7546.75,7548.0,222.0,2026-08
2026-08-03 00:05:00,CME_MINI:ES1!,7548.0,7549.25,7547.25,7549.0,218.0,2026-08
2026-08-03 00:06:00,CME_MINI:ES1!,7549.0,7549.75,7547.25,7548.5,208.0,2026-08
2026-08-03 00:07:00,CME_MINI:ES1!,7548.5,7551.0,7548.5,7550.5,226.0,2026-08
2026-08-03 00:08:00,CME_MINI:ES1!,7550.5,7551.25,7549.25,7549.75,140.0,2026-08
2026-08-03 00:09:00,CME_MINI:ES1!,7550.0,7551.5,7550.0,7551.5,158.0,2026-08
2026-08-03 00:10:00,CME_MINI:ES1!,7551.5,7553.75,7550.75,7551.5,336.0,2026-08
2026-08-03 00:11:00,CME_MINI:ES1!,7551.75,7552.5,7551.0,7551.5,179.0,2026-08
2026-08-03 00:12:00,CME_MINI:ES1!,7551.25,7551.75,7549.5,7550.0,206.0,2026-08
2026-08-03 00:13:00,CME_MINI:ES1!,7550.5,7553.25,7549.75,7552.25,127.0,2026-08
2026-08-03 00:14:00,CME_MINI:ES1!,7551.75,7554.25,7551.75,7554.0,169.0,2026-08
2026-08-03 00:15:00,CME_MINI:ES1!,7553.75,7556.75,7553.5,7555.0,671.0,2026-08
2026-08-03 00:16:00,CME_MINI:ES1!,7555.0,7555.5,7553.5,7553.5,352.0,2026-08
2026-08-03 00:17:00,CME_MINI:ES1!,7553.5,7554.0,7553.0,7553.25,261.0,2026-08
2026-08-03 00:18:00,CME_MINI:ES1!,7553.25,7553.5,7552.25,7552.25,235.0,2026-08
2026-08-03 00:19:00,CME_MINI:ES1!,7552.25,7552.75,7551.25,7551.5,214.0,2026-08
2026-08-03 00:20:00,CME_MINI:ES1!,7551.5,7551.5,7550.5,7550.5,196.0,2026-08
2026-08-03 00:21:00,CME_MINI:ES1!,7550.75,7552.0,7550.0,7552.0,237.0,2026-08
2026-08-03 00:22:00,CME_MINI:ES1!,7552.0,7552.25,7550.25,7550.25,203.0,2026-08
2026-08-03 00:23:00,CME_MINI:ES1!,7550.5,7550.5,7549.0,7550.25,256.0,2026-08
2026-08-03 00:24:00,CME_MINI:ES1!,7550.25,7550.75,7549.0,7549.0,218.0,2026-08
2026-08-03 00:25:00,CME_MINI:ES1!,7549.0,7549.0,7547.75,7548.5,280.0,2026-08
2026-08-03 00:26:00,CME_MINI:ES1!,7548.25,7549.25,7548.0,7548.25,243.0,2026-08
2026-08-03 00:27:00,CME_MINI:ES1!,7548.25,7549.5,7548.0,7548.5,234.0,2026-08
2026-08-03 00:28:00,CME_MINI:ES1!,7548.5,7548.5,7545.5,7545.75,482.0,2026-08
2026-08-03 00:29:00,CME_MINI:ES1!,7545.75,7547.5,7545.5,7547.0,298.0,2026-08
2026-08-03 00:30:00,CME_MINI:ES1!,7546.75,7547.75,7546.5,7546.75,280.0,2026-08
2026-08-03 00:31:00,CME_MINI:ES1!,7546.75,7548.75,7546.5,7548.5,686.0,2026-08
2026-08-03 00:32:00,CME_MINI:ES1!,7548.5,7549.75,7547.5,7549.0,342.0,2026-08
2026-08-03 00:33:00,CME_MINI:ES1!,7549.25,7551.0,7549.0,7550.25,336.0,2026-08
2026-08-03 00:34:00,CME_MINI:ES1!,7550.25,7551.5,7549.25,7551.0,198.0,2026-08
2026-08-03 00:35:00,CME_MINI:ES1!,7551.0,7551.75,7550.5,7551.75,237.0,2026-08
2026-08-03 00:36:00,CME_MINI:ES1!,7551.75,7552.25,7551.0,7551.0,290.0,2026-08
2026-08-03 00:37:00,CME_MINI:ES1!,7551.0,7551.5,7550.25,7551.25,150.0,2026-08
2026-08-03 00:38:00,CME_MINI:ES1!,7551.0,7553.5,7550.75,7553.0,337.0,2026-08
2026-08-03 00:39:00,CME_MINI:ES1!,7553.25,7553.75,7552.5,7552.5,264.0,2026-08
2026-08-03 00:40:00,CME_MINI:ES1!,7552.25,7553.25,7552.0,7553.25,234.0,2026-08
2026-08-03 00:41:00,CME_MINI:ES1!,7553.25,7553.5,7550.75,7551.0,200.0,2026-08
2026-08-03 00:42:00,CME_MINI:ES1!,7551.25,7551.25,7549.5,7550.5,322.0,2026-08
2026-08-03 00:43:00,CME_MINI:ES1!,7550.25,7550.5,7548.75,7548.75,143.0,2026-08
2026-08-03 00:44:00,CME_MINI:ES1!,7548.5,7551.25,7548.25,7549.5,255.0,2026-08
2026-08-03 00:45:00,CME_MINI:ES1!,7549.5,7550.25,7548.75,7550.0,208.0,2026-08
2026-08-03 00:46:00,CME_MINI:ES1!,7550.0,7550.75,7548.75,7548.75,123.0,2026-08
2026-08-03 00:47:00,CME_MINI:ES1!,7548.75,7550.25,7548.25,7549.75,216.0,2026-08
2026-08-03 00:48:00,CME_MINI:ES1!,7549.5,7552.25,7549.5,7551.75,317.0,2026-08
2026-08-03 00:49:00,CME_MINI:ES1!,7551.75,7552.0,7550.5,7551.75,161.0,2026-08
2026-08-03 00:50:00,CME_MINI:ES1!,7551.75,7552.25,7551.5,7552.25,217.0,2026-08
2026-08-03 00:51:00,CME_MINI:ES1!,7552.5,7552.75,7548.75,7549.5,378.0,2026-08
2026-08-03 00:52:00,CME_MINI:ES1!,7549.25,7552.5,7549.0,7552.5,444.0,2026-08
2026-08-03 00:53:00,CME_MINI:ES1!,7552.5,7553.5,7552.25,7553.5,258.0,2026-08
2026-08-03 00:54:00,CME_MINI:ES1!,7553.5,7554.5,7553.0,7553.25,201.0,2026-08
2026-08-03 00:55:00,CME_MINI:ES1!,7553.25,7554.0,7553.0,7553.5,149.0,2026-08
2026-08-03 00:56:00,CME_MINI:ES1!,7553.75,7554.0,7553.5,7553.75,78.0,2026-08
2026-08-03 00:57:00,CME_MINI:ES1!,7554.0,7554.25,7553.0,7553.75,146.0,2026-08
2026-08-03 00:58:00,CME_MINI:ES1!,7554.0,7554.25,7553.5,7553.75,135.0,2026-08
2026-08-03 00:59:00,CME_MINI:ES1!,7553.75,7554.25,7553.25,7554.25,122.0,2026-08
2026-08-03 01:00:00,CME_MINI:ES1!,7554.0,7554.5,7553.0,7553.5,266.0,2026-08
2026-08-03 01:01:00,CME_MINI:ES1!,7553.5,7554.0,7552.0,7554.0,329.0,2026-08
2026-08-03 01:02:00,CME_MINI:ES1!,7554.0,7554.0,7552.0,7553.0,164.0,2026-08
2026-08-03 01:03:00,CME_MINI:ES1!,7553.0,7554.25,7553.0,7554.25,117.0,2026-08
2026-08-03 01:04:00,CME_MINI:ES1!,7554.5,7555.25,7554.25,7554.5,273.0,2026-08
2026-08-03 01:05:00,CME_MINI:ES1!,7554.5,7556.0,7554.5,7556.0,316.0,2026-08
2026-08-03 01:06:00,CME_MINI:ES1!,7556.0,7556.25,7555.25,7555.25,153.0,2026-08
2026-08-03 01:07:00,CME_MINI:ES1!,7555.0,7555.75,7553.25,7553.5,232.0,2026-08
2026-08-03 01:08:00,CME_MINI:ES1!,7553.75,7554.5,7553.5,7553.5,201.0,2026-08
2026-08-03 01:09:00,CME_MINI:ES1!,7553.5,7554.75,7553.5,7554.0,176.0,2026-08
2026-08-03 01:10:00,CME_MINI:ES1!,7554.5,7555.75,7554.25,7554.5,95.0,2026-08
2026-08-03 01:11:00,CME_MINI:ES1!,7554.25,7554.75,7553.25,7553.5,111.0,2026-08
2026-08-03 01:12:00,CME_MINI:ES1!,7553.75,7554.75,7553.5,7553.5,120.0,2026-08
2026-08-03 01:13:00,CME_MINI:ES1!,7553.5,7554.0,7551.0,7551.5,443.0,2026-08
2026-08-03 01:14:00,CME_MINI:ES1!,7551.5,7552.25,7550.75,7551.75,203.0,2026-08
2026-08-03 01:15:00,CME_MINI:ES1!,7551.75,7552.25,7551.25,7551.75,145.0,2026-08
2026-08-03 01:16:00,CME_MINI:ES1!,7551.75,7551.75,7550.5,7550.5,205.0,2026-08
2026-08-03 01:17:00,CME_MINI:ES1!,7550.5,7550.75,7550.0,7550.5,144.0,2026-08
2026-08-03 01:18:00,CME_MINI:ES1!,7550.5,7550.75,7550.0,7550.5,224.0,2026-08
2026-08-03 01:19:00,CME_MINI:ES1!,7550.75,7550.75,7549.75,7550.0,137.0,2026-08
2026-08-03 01:20:00,CME_MINI:ES1!,7550.0,7551.5,7549.75,7551.5,160.0,2026-08
2026-08-03 01:21:00,CME_MINI:ES1!,7551.5,7552.0,7551.25,7551.5,91.0,2026-08
2026-08-03 01:22:00,CME_MINI:ES1!,7551.5,7551.75,7550.5,7551.5,85.0,2026-08
2026-08-03 01:23:00,CME_MINI:ES1!,7551.5,7552.5,7551.5,7552.5,132.0,2026-08
2026-08-03 01:24:00,CME_MINI:ES1!,7552.25,7553.5,7552.0,7553.25,111.0,2026-08
2026-08-03 01:25:00,CME_MINI:ES1!,7553.25,7554.75,7553.25,7554.75,260.0,2026-08
2026-08-03 01:26:00,CME_MINI:ES1!,7554.5,7555.0,7554.0,7554.5,127.0,2026-08
2026-08-03 01:27:00,CME_MINI:ES1!,7554.75,7555.75,7554.75,7554.75,135.0,2026-08
2026-08-03 01:28:00,CME_MINI:ES1!,7555.0,7555.5,7554.25,7555.25,104.0,2026-08
2026-08-03 01:29:00,CME_MINI:ES1!,7555.25,7555.75,7555.0,7555.25,88.0,2026-08
2026-08-03 01:30:00,CME_MINI:ES1!,7555.0,7556.0,7555.0,7555.5,157.0,2026-08
2026-08-03 01:31:00,CME_MINI:ES1!,7555.5,7555.75,7555.25,7555.25,128.0,2026-08
2026-08-03 01:32:00,CME_MINI:ES1!,7555.25,7555.5,7554.0,7554.25,201.0,2026-08
2026-08-03 01:33:00,CME_MINI:ES1!,7554.0,7554.75,7554.0,7554.75,72.0,2026-08
2026-08-03 01:34:00,CME_MINI:ES1!,7554.75,7554.75,7554.0,7554.25,72.0,2026-08
2026-08-03 01:35:00,CME_MINI:ES1!,7554.25,7554.25,7553.5,7553.75,86.0,2026-08
2026-08-03 01:36:00,CME_MINI:ES1!,7553.75,7554.0,7552.75,7552.75,124.0,2026-08
2026-08-03 01:37:00,CME_MINI:ES1!,7552.75,7553.75,7552.75,7553.75,68.0,2026-08
2026-08-03 01:38:00,CME_MINI:ES1!,7553.5,7554.25,7553.25,7554.0,176.0,2026-08
2026-08-03 01:39:00,CME_MINI:ES1!,7554.25,7555.25,7554.0,7555.25,93.0,2026-08
2026-08-03 01:40:00,CME_MINI:ES1!,7555.25,7555.75,7554.5,7555.75,131.0,2026-08
2026-08-03 01:41:00,CME_MINI:ES1!,7555.5,7557.25,7555.0,7557.0,295.0,2026-08
2026-08-03 01:42:00,CME_MINI:ES1!,7557.0,7557.25,7556.0,7557.0,239.0,2026-08
2026-08-03 01:43:00,CME_MINI:ES1!,7557.0,7557.25,7556.0,7556.0,123.0,2026-08
2026-08-03 01:44:00,CME_MINI:ES1!,7556.0,7557.0,7556.0,7556.75,112.0,2026-08
2026-08-03 01:45:00,CME_MINI:ES1!,7557.0,7557.0,7555.75,7556.75,275.0,2026-08
2026-08-03 01:46:00,CME_MINI:ES1!,7556.75,7558.25,7556.75,7557.5,382.0,2026-08
2026-08-03 01:47:00,CME_MINI:ES1!,7557.5,7557.75,7556.75,7557.0,259.0,2026-08
2026-08-03 01:48:00,CME_MINI:ES1!,7557.0,7557.25,7556.25,7556.5,130.0,2026-08
2026-08-03 01:49:00,CME_MINI:ES1!,7556.5,7557.5,7556.25,7556.25,102.0,2026-08
2026-08-03 01:50:00,CME_MINI:ES1!,7556.5,7557.0,7556.5,7557.0,85.0,2026-08
2026-08-03 01:51:00,CME_MINI:ES1!,7557.0,7558.5,7556.25,7558.25,247.0,2026-08
2026-08-03 01:52:00,CME_MINI:ES1!,7558.0,7558.25,7557.75,7558.0,171.0,2026-08
2026-08-03 01:53:00,CME_MINI:ES1!,7558.25,7558.25,7556.75,7556.75,128.0,2026-08
2026-08-03 01:54:00,CME_MINI:ES1!,7556.5,7557.0,7556.5,7557.0,156.0,2026-08
2026-08-03 01:55:00,CME_MINI:ES1!,7557.0,7557.75,7557.0,7557.25,144.0,2026-08
2026-08-03 01:56:00,CME_MINI:ES1!,7557.5,7558.0,7557.25,7557.75,78.0,2026-08
2026-08-03 01:57:00,CME_MINI:ES1!,7558.0,7558.25,7557.75,7558.0,74.0,2026-08
2026-08-03 01:58:00,CME_MINI:ES1!,7557.75,7558.5,7557.75,7558.5,218.0,2026-08
2026-08-03 01:59:00,CME_MINI:ES1!,7558.5,7558.75,7558.0,7558.0,127.0,2026-08
2026-08-03 02:00:00,CME_MINI:ES1!,7558.0,7558.25,7556.5,7557.5,209.0,2026-08
2026-08-03 02:01:00,CME_MINI:ES1!,7557.5,7557.75,7557.0,7557.5,98.0,2026-08
2026-08-03 02:02:00,CME_MINI:ES1!,7557.5,7558.25,7557.5,7558.0,92.0,2026-08
2026-08-03 02:03:00,CME_MINI:ES1!,7558.25,7559.0,7558.25,7559.0,278.0,2026-08
2026-08-03 02:04:00,CME_MINI:ES1!,7559.0,7559.25,7558.25,7558.25,144.0,2026-08
2026-08-03 02:05:00,CME_MINI:ES1!,7558.5,7558.5,7557.75,7558.25,142.0,2026-08
2026-08-03 02:06:00,CME_MINI:ES1!,7558.25,7558.5,7558.0,7558.0,85.0,2026-08
2026-08-03 02:07:00,CME_MINI:ES1!,7557.75,7558.25,7557.75,7558.0,181.0,2026-08
2026-08-03 02:08:00,CME_MINI:ES1!,7558.0,7559.0,7557.75,7558.25,297.0,2026-08
2026-08-03 02:09:00,CME_MINI:ES1!,7558.0,7558.25,7557.0,7557.5,116.0,2026-08
2026-08-03 02:10:00,CME_MINI:ES1!,7557.25,7558.0,7557.25,7557.75,87.0,2026-08
2026-08-03 02:11:00,CME_MINI:ES1!,7557.75,7558.75,7557.75,7558.25,61.0,2026-08
2026-08-03 02:12:00,CME_MINI:ES1!,7558.25,7558.25,7557.5,7557.75,52.0,2026-08
2026-08-03 02:13:00,CME_MINI:ES1!,7557.75,7560.0,7557.75,7559.75,237.0,2026-08
2026-08-03 02:14:00,CME_MINI:ES1!,7559.75,7559.75,7558.75,7559.0,96.0,2026-08
2026-08-03 02:15:00,CME_MINI:ES1!,7559.0,7559.0,7558.5,7558.75,103.0,2026-08
2026-08-03 02:16:00,CME_MINI:ES1!,7558.75,7559.0,7558.75,7558.75,88.0,2026-08
2026-08-03 02:17:00,CME_MINI:ES1!,7558.75,7560.0,7558.75,7559.75,93.0,2026-08
2026-08-03 02:18:00,CME_MINI:ES1!,7560.0,7560.5,7559.75,7560.25,286.0,2026-08
2026-08-03 02:19:00,CME_MINI:ES1!,7560.0,7561.25,7560.0,7561.0,252.0,2026-08
2026-08-03 02:20:00,CME_MINI:ES1!,7560.75,7561.75,7560.75,7561.25,294.0,2026-08
2026-08-03 02:21:00,CME_MINI:ES1!,7561.5,7561.5,7560.75,7561.25,144.0,2026-08
2026-08-03 02:22:00,CME_MINI:ES1!,7561.0,7561.5,7560.75,7561.0,155.0,2026-08
2026-08-03 02:23:00,CME_MINI:ES1!,7560.75,7561.0,7559.5,7559.75,212.0,2026-08
2026-08-03 02:24:00,CME_MINI:ES1!,7559.5,7560.25,7559.5,7559.75,179.0,2026-08
2026-08-03 02:25:00,CME_MINI:ES1!,7559.75,7559.75,7559.0,7559.0,178.0,2026-08
2026-08-03 02:26:00,CME_MINI:ES1!,7559.0,7559.25,7558.25,7558.5,134.0,2026-08
2026-08-03 02:27:00,CME_MINI:ES1!,7558.5,7559.0,7558.0,7559.0,170.0,2026-08
2026-08-03 02:28:00,CME_MINI:ES1!,7559.0,7559.0,7557.25,7557.5,245.0,2026-08
2026-08-03 02:29:00,CME_MINI:ES1!,7557.25,7557.5,7557.0,7557.0,176.0,2026-08
2026-08-03 02:30:00,CME_MINI:ES1!,7557.0,7558.25,7556.5,7557.75,164.0,2026-08
2026-08-03 02:31:00,CME_MINI:ES1!,7557.75,7557.75,7557.0,7557.5,81.0,2026-08
2026-08-03 02:32:00,CME_MINI:ES1!,7557.25,7557.5,7556.75,7557.5,73.0,2026-08
2026-08-03 02:33:00,CME_MINI:ES1!,7557.5,7559.0,7557.5,7558.75,131.0,2026-08
2026-08-03 02:34:00,CME_MINI:ES1!,7559.0,7559.5,7558.25,7559.5,120.0,2026-08
2026-08-03 02:35:00,CME_MINI:ES1!,7559.75,7560.0,7559.25,7559.75,88.0,2026-08
2026-08-03 02:36:00,CME_MINI:ES1!,7559.5,7559.5,7559.25,7559.25,42.0,2026-08
2026-08-03 02:37:00,CME_MINI:ES1!,7559.5,7560.5,7559.25,7560.25,67.0,2026-08
2026-08-03 02:38:00,CME_MINI:ES1!,7560.5,7560.5,7559.25,7559.5,101.0,2026-08
2026-08-03 02:39:00,CME_MINI:ES1!,7559.75,7560.0,7559.5,7559.5,69.0,2026-08
2026-08-03 02:40:00,CME_MINI:ES1!,7559.25,7560.0,7559.25,7559.75,104.0,2026-08
2026-08-03 02:41:00,CME_MINI:ES1!,7560.0,7560.25,7559.75,7560.25,55.0,2026-08
2026-08-03 02:42:00,CME_MINI:ES1!,7560.25,7560.25,7560.0,7560.25,61.0,2026-08
2026-08-03 02:43:00,CME_MINI:ES1!,7560.25,7560.25,7559.25,7559.5,108.0,2026-08
2026-08-03 02:44:00,CME_MINI:ES1!,7559.5,7559.5,7558.5,7558.5,77.0,2026-08
2026-08-03 02:45:00,CME_MINI:ES1!,7558.75,7559.25,7558.75,7559.25,53.0,2026-08
2026-08-03 02:46:00,CME_MINI:ES1!,7559.5,7559.75,7558.75,7559.0,53.0,2026-08
2026-08-03 02:47:00,CME_MINI:ES1!,7559.0,7559.0,7558.5,7558.75,103.0,2026-08
2026-08-03 02:48:00,CME_MINI:ES1!,7558.75,7559.0,7558.75,7559.0,52.0,2026-08
2026-08-03 02:49:00,CME_MINI:ES1!,7559.25,7559.75,7559.0,7559.0,107.0,2026-08
2026-08-03 02:50:00,CME_MINI:ES1!,7559.0,7559.5,7559.0,7559.5,25.0,2026-08
2026-08-03 02:51:00,CME_MINI:ES1!,7559.5,7559.5,7559.0,7559.5,27.0,2026-08
2026-08-03 02:52:00,CME_MINI:ES1!,7559.75,7560.25,7559.75,7560.0,57.0,2026-08
2026-08-03 02:53:00,CME_MINI:ES1!,7560.25,7560.75,7559.75,7560.0,90.0,2026-08
2026-08-03 02:54:00,CME_MINI:ES1!,7560.25,7560.25,7559.75,7560.25,67.0,2026-08
2026-08-03 02:55:00,CME_MINI:ES1!,7560.25,7560.5,7560.0,7560.0,64.0,2026-08
2026-08-03 02:56:00,CME_MINI:ES1!,7560.0,7560.25,7559.75,7560.25,49.0,2026-08
2026-08-03 02:57:00,CME_MINI:ES1!,7560.25,7561.0,7560.25,7560.75,84.0,2026-08
2026-08-03 02:58:00,CME_MINI:ES1!,7560.5,7560.5,7560.0,7560.5,84.0,2026-08
2026-08-03 02:59:00,CME_MINI:ES1!,7560.25,7560.5,7560.25,7560.5,43.0,2026-08
2026-08-03 03:00:00,CME_MINI:ES1!,7560.5,7561.5,7560.5,7561.5,210.0,2026-08
2026-08-03 03:01:00,CME_MINI:ES1!,7561.25,7561.75,7561.25,7561.5,176.0,2026-08
2026-08-03 03:02:00,CME_MINI:ES1!,7561.5,7561.75,7561.0,7561.25,140.0,2026-08
2026-08-03 03:03:00,CME_MINI:ES1!,7561.5,7561.5,7560.75,7561.0,76.0,2026-08
2026-08-03 03:04:00,CME_MINI:ES1!,7560.75,7561.25,7560.75,7561.0,68.0,2026-08
2026-08-03 03:05:00,CME_MINI:ES1!,7561.0,7562.0,7561.0,7561.5,152.0,2026-08
2026-08-03 03:06:00,CME_MINI:ES1!,7561.5,7561.75,7561.25,7561.5,100.0,2026-08
2026-08-03 03:07:00,CME_MINI:ES1!,7561.25,7561.75,7561.25,7561.25,60.0,2026-08
2026-08-03 03:08:00,CME_MINI:ES1!,7561.5,7562.0,7561.5,7561.5,92.0,2026-08
2026-08-03 03:09:00,CME_MINI:ES1!,7561.25,7561.75,7561.25,7561.5,41.0,2026-08
2026-08-03 03:10:00,CME_MINI:ES1!,7561.5,7561.5,7561.25,7561.5,43.0,2026-08
2026-08-03 03:11:00,CME_MINI:ES1!,7561.5,7561.75,7561.25,7561.5,83.0,2026-08
2026-08-03 03:12:00,CME_MINI:ES1!,7561.75,7562.0,7561.25,7561.25,46.0,2026-08
2026-08-03 03:13:00,CME_MINI:ES1!,7561.25,7562.0,7561.25,7561.5,95.0,2026-08
2026-08-03 03:14:00,CME_MINI:ES1!,7561.75,7562.0,7561.5,7561.5,124.0,2026-08
2026-08-03 03:15:00,CME_MINI:ES1!,7561.75,7561.75,7561.0,7561.0,125.0,2026-08
2026-08-03 03:16:00,CME_MINI:ES1!,7561.0,7561.25,7560.75,7561.0,137.0,2026-08
2026-08-03 03:17:00,CME_MINI:ES1!,7560.75,7561.25,7560.75,7561.25,84.0,2026-08
2026-08-03 03:18:00,CME_MINI:ES1!,7561.0,7561.5,7560.75,7561.25,113.0,2026-08
2026-08-03 03:19:00,CME_MINI:ES1!,7561.25,7562.0,7561.25,7561.75,95.0,2026-08
2026-08-03 03:20:00,CME_MINI:ES1!,7561.75,7562.5,7561.5,7561.5,145.0,2026-08
2026-08-03 03:21:00,CME_MINI:ES1!,7561.75,7561.75,7561.75,7561.75,3.0,2026-08
2026-08-03 17:45:00,CME_MINI:ES1!,7625.25,7626.5,7624.75,7626.0,2810.0,2026-08
2026-08-03 17:46:00,CME_MINI:ES1!,7626.25,7627.25,7626.0,7626.75,1733.0,2026-08
2026-08-03 17:47:00,CME_MINI:ES1!,7626.5,7627.0,7625.75,7626.5,1337.0,2026-08
2026-08-03 17:48:00,CME_MINI:ES1!,7626.5,7626.5,7625.75,7626.0,1151.0,2026-08
2026-08-03 17:49:00,CME_MINI:ES1!,7626.25,7626.5,7625.5,7626.5,2347.0,2026-08
2026-08-03 17:50:00,CME_MINI:ES1!,7626.5,7627.5,7626.25,7626.25,1474.0,2026-08
2026-08-03 17:51:00,CME_MINI:ES1!,7626.25,7627.25,7626.25,7627.0,1089.0,2026-08
2026-08-03 17:52:00,CME_MINI:ES1!,7627.0,7627.25,7626.5,7627.0,840.0,2026-08
2026-08-03 17:53:00,CME_MINI:ES1!,7627.0,7627.5,7626.5,7627.25,952.0,2026-08
2026-08-03 17:54:00,CME_MINI:ES1!,7627.0,7628.25,7627.0,7628.25,1467.0,2026-08
2026-08-03 17:55:00,CME_MINI:ES1!,7628.25,7629.5,7628.0,7628.25,3253.0,2026-08
2026-08-03 17:56:00,CME_MINI:ES1!,7628.5,7629.0,7627.25,7628.0,2116.0,2026-08
2026-08-03 17:57:00,CME_MINI:ES1!,7628.0,7629.25,7628.0,7629.25,1155.0,2026-08
2026-08-03 17:58:00,CME_MINI:ES1!,7629.25,7629.75,7629.0,7629.25,1399.0,2026-08
2026-08-03 17:59:00,CME_MINI:ES1!,7629.25,7629.5,7628.0,7628.0,1252.0,2026-08
2026-08-03 18:00:00,CME_MINI:ES1!,7628.25,7630.0,7628.0,7629.0,3297.0,2026-08
2026-08-03 18:01:00,CME_MINI:ES1!,7629.0,7630.0,7628.25,7628.5,2295.0,2026-08
2026-08-03 18:02:00,CME_MINI:ES1!,7628.5,7629.75,7628.5,7629.75,3021.0,2026-08
2026-08-03 18:03:00,CME_MINI:ES1!,7629.75,7631.25,7629.25,7631.0,3734.0,2026-08
2026-08-03 18:04:00,CME_MINI:ES1!,7631.25,7633.25,7631.0,7633.0,3334.0,2026-08
2026-08-03 18:05:00,CME_MINI:ES1!,7633.25,7634.5,7632.5,7634.5,2854.0,2026-08
2026-08-03 18:06:00,CME_MINI:ES1!,7634.5,7634.75,7633.0,7634.0,2236.0,2026-08
2026-08-03 18:07:00,CME_MINI:ES1!,7634.0,7634.75,7633.25,7633.5,2169.0,2026-08
2026-08-03 18:08:00,CME_MINI:ES1!,7633.25,7634.25,7632.5,7634.25,1563.0,2026-08
2026-08-03 18:09:00,CME_MINI:ES1!,7634.25,7635.0,7633.75,7635.0,1980.0,2026-08
2026-08-03 18:10:00,CME_MINI:ES1!,7634.75,7635.0,7634.0,7634.75,2098.0,2026-08
2026-08-03 18:11:00,CME_MINI:ES1!,7635.0,7635.0,7631.25,7631.25,3201.0,2026-08
2026-08-03 18:12:00,CME_MINI:ES1!,7631.25,7632.25,7630.25,7631.75,2578.0,2026-08
2026-08-03 18:13:00,CME_MINI:ES1!,7631.75,7633.0,7631.25,7632.25,1887.0,2026-08
2026-08-03 18:14:00,CME_MINI:ES1!,7632.0,7632.5,7631.75,7631.75,1453.0,2026-08
2026-08-03 18:15:00,CME_MINI:ES1!,7631.75,7634.0,7631.75,7633.75,1962.0,2026-08
2026-08-03 18:16:00,CME_MINI:ES1!,7633.5,7634.5,7633.0,7634.0,1312.0,2026-08
2026-08-03 18:17:00,CME_MINI:ES1!,7634.0,7634.75,7632.75,7633.0,1509.0,2026-08
2026-08-03 18:18:00,CME_MINI:ES1!,7633.0,7633.25,7631.75,7632.0,1621.0,2026-08
2026-08-03 18:19:00,CME_MINI:ES1!,7632.25,7632.25,7630.5,7631.25,1431.0,2026-08
2026-08-03 18:20:00,CME_MINI:ES1!,7631.25,7631.5,7629.5,7630.75,2131.0,2026-08
2026-08-03 18:21:00,CME_MINI:ES1!,7631.0,7632.5,7630.25,7632.25,1662.0,2026-08
2026-08-03 18:22:00,CME_MINI:ES1!,7632.25,7633.25,7631.75,7633.0,1480.0,2026-08
2026-08-03 18:23:00,CME_MINI:ES1!,7633.0,7633.25,7632.25,7633.25,2007.0,2026-08
2026-08-03 18:24:00,CME_MINI:ES1!,7633.25,7633.25,7630.75,7631.25,1712.0,2026-08
2026-08-03 18:25:00,CME_MINI:ES1!,7631.0,7632.0,7630.0,7630.5,1575.0,2026-08
2026-08-03 18:26:00,CME_MINI:ES1!,7630.25,7630.5,7629.5,7629.75,1473.0,2026-08
2026-08-03 18:27:00,CME_MINI:ES1!,7629.75,7629.75,7628.0,7628.5,3147.0,2026-08
2026-08-03 18:28:00,CME_MINI:ES1!,7628.75,7628.75,7626.25,7626.75,4696.0,2026-08
2026-08-03 18:29:00,CME_MINI:ES1!,7626.5,7628.0,7626.5,7627.5,1643.0,2026-08
2026-08-03 18:30:00,CME_MINI:ES1!,7627.5,7630.0,7626.75,7627.0,2763.0,2026-08
2026-08-03 18:31:00,CME_MINI:ES1!,7627.0,7627.5,7626.5,7627.5,1588.0,2026-08
2026-08-03 18:32:00,CME_MINI:ES1!,7627.5,7628.75,7627.0,7628.0,1287.0,2026-08
2026-08-03 18:33:00,CME_MINI:ES1!,7628.0,7628.5,7625.0,7625.5,3155.0,2026-08
2026-08-03 18:34:00,CME_MINI:ES1!,7625.5,7627.5,7625.0,7626.5,2712.0,2026-08
2026-08-03 18:35:00,CME_MINI:ES1!,7626.5,7628.5,7626.5,7628.25,1496.0,2026-08
2026-08-03 18:36:00,CME_MINI:ES1!,7628.25,7628.75,7626.25,7627.25,1315.0,2026-08
2026-08-03 18:37:00,CME_MINI:ES1!,7627.0,7628.25,7626.25,7628.25,1570.0,2026-08
2026-08-03 18:38:00,CME_MINI:ES1!,7628.25,7629.5,7627.25,7629.5,1401.0,2026-08
2026-08-03 18:39:00,CME_MINI:ES1!,7629.5,7629.5,7627.75,7628.25,1565.0,2026-08
2026-08-03 18:40:00,CME_MINI:ES1!,7628.25,7628.5,7627.25,7628.5,1493.0,2026-08
2026-08-03 18:41:00,CME_MINI:ES1!,7628.25,7630.0,7628.0,7630.0,1291.0,2026-08
2026-08-03 18:42:00,CME_MINI:ES1!,7630.0,7631.25,7630.0,7630.75,1992.0,2026-08
2026-08-03 18:43:00,CME_MINI:ES1!,7630.5,7631.75,7630.25,7631.5,1494.0,2026-08
2026-08-03 18:44:00,CME_MINI:ES1!,7631.5,7632.75,7631.0,7632.5,1524.0,2026-08
2026-08-03 18:45:00,CME_MINI:ES1!,7632.5,7633.5,7631.25,7631.25,3352.0,2026-08
2026-08-03 18:46:00,CME_MINI:ES1!,7631.5,7631.5,7629.0,7631.25,1625.0,2026-08
2026-08-03 18:47:00,CME_MINI:ES1!,7631.25,7631.25,7629.5,7630.5,1280.0,2026-08
2026-08-03 18:48:00,CME_MINI:ES1!,7630.5,7631.25,7630.0,7631.25,1106.0,2026-08
2026-08-03 18:49:00,CME_MINI:ES1!,7631.0,7632.75,7630.75,7632.5,1812.0,2026-08
2026-08-03 18:50:00,CME_MINI:ES1!,7632.25,7633.25,7630.75,7631.0,3417.0,2026-08
2026-08-03 18:51:00,CME_MINI:ES1!,7631.0,7632.0,7630.5,7631.75,1092.0,2026-08
2026-08-03 18:52:00,CME_MINI:ES1!,7631.75,7633.0,7631.5,7632.25,1258.0,2026-08
2026-08-03 18:53:00,CME_MINI:ES1!,7632.25,7634.25,7631.75,7634.0,2984.0,2026-08
2026-08-03 18:54:00,CME_MINI:ES1!,7634.0,7634.25,7632.25,7632.5,2730.0,2026-08
2026-08-03 18:55:00,CME_MINI:ES1!,7632.75,7633.25,7632.25,7632.75,1028.0,2026-08
2026-08-03 18:56:00,CME_MINI:ES1!,7632.5,7633.0,7631.5,7631.75,1146.0,2026-08
2026-08-03 18:57:00,CME_MINI:ES1!,7631.75,7633.0,7631.5,7633.0,1082.0,2026-08
2026-08-03 18:58:00,CME_MINI:ES1!,7632.75,7634.0,7632.5,7633.0,1562.0,2026-08
2026-08-03 18:59:00,CME_MINI:ES1!,7633.25,7633.25,7630.75,7631.25,1234.0,2026-08
2026-08-03 19:00:00,CME_MINI:ES1!,7631.0,7634.75,7631.0,7633.75,3565.0,2026-08
2026-08-03 19:01:00,CME_MINI:ES1!,7634.0,7636.75,7633.5,7635.75,3281.0,2026-08
2026-08-03 19:02:00,CME_MINI:ES1!,7635.5,7637.75,7635.5,7637.0,2066.0,2026-08
2026-08-03 19:03:00,CME_MINI:ES1!,7637.25,7637.5,7636.0,7636.75,2219.0,2026-08
2026-08-03 19:04:00,CME_MINI:ES1!,7636.75,7637.25,7636.25,7636.75,993.0,2026-08
2026-08-03 19:05:00,CME_MINI:ES1!,7637.0,7637.25,7634.75,7635.75,2286.0,2026-08
2026-08-03 19:06:00,CME_MINI:ES1!,7635.75,7636.25,7634.25,7635.5,1491.0,2026-08
2026-08-03 19:07:00,CME_MINI:ES1!,7635.75,7635.75,7634.0,7634.0,1374.0,2026-08
2026-08-03 19:08:00,CME_MINI:ES1!,7634.0,7634.0,7632.25,7633.75,3525.0,2026-08
2026-08-03 19:09:00,CME_MINI:ES1!,7633.75,7634.0,7633.25,7633.5,724.0,2026-08
2026-08-03 19:10:00,CME_MINI:ES1!,7633.5,7635.25,7633.5,7634.75,1225.0,2026-08
2026-08-03 19:11:00,CME_MINI:ES1!,7634.75,7636.0,7634.25,7635.5,1292.0,2026-08
2026-08-03 19:12:00,CME_MINI:ES1!,7635.5,7635.75,7634.5,7635.0,1423.0,2026-08
2026-08-03 19:13:00,CME_MINI:ES1!,7634.75,7634.75,7632.75,7633.5,1450.0,2026-08
2026-08-03 19:14:00,CME_MINI:ES1!,7633.75,7634.5,7633.25,7633.5,1236.0,2026-08
2026-08-03 19:15:00,CME_MINI:ES1!,7633.5,7635.0,7633.5,7635.0,2036.0,2026-08
2026-08-03 19:16:00,CME_MINI:ES1!,7635.0,7636.0,7634.25,7634.75,2152.0,2026-08
2026-08-03 19:17:00,CME_MINI:ES1!,7634.75,7636.0,7634.0,7636.0,1646.0,2026-08
2026-08-03 19:18:00,CME_MINI:ES1!,7635.75,7636.25,7634.75,7635.0,1204.0,2026-08
2026-08-03 19:19:00,CME_MINI:ES1!,7635.0,7636.25,7634.75,7635.25,2054.0,2026-08
2026-08-03 19:20:00,CME_MINI:ES1!,7635.5,7636.0,7633.25,7634.25,3123.0,2026-08
2026-08-03 19:21:00,CME_MINI:ES1!,7634.25,7635.25,7634.0,7635.25,1412.0,2026-08
2026-08-03 19:22:00,CME_MINI:ES1!,7635.25,7635.75,7634.5,7634.75,1355.0,2026-08
2026-08-03 19:23:00,CME_MINI:ES1!,7634.75,7635.25,7634.5,7635.25,676.0,2026-08
2026-08-03 19:24:00,CME_MINI:ES1!,7635.25,7636.25,7635.25,7636.25,1559.0,2026-08
2026-08-03 19:25:00,CME_MINI:ES1!,7636.0,7636.75,7635.25,7636.25,1551.0,2026-08
2026-08-03 19:26:00,CME_MINI:ES1!,7636.0,7637.0,7635.75,7636.25,1941.0,2026-08
2026-08-03 19:27:00,CME_MINI:ES1!,7636.25,7637.0,7635.75,7637.0,1903.0,2026-08
2026-08-03 19:28:00,CME_MINI:ES1!,7637.0,7637.25,7634.75,7635.0,2162.0,2026-08
2026-08-03 19:29:00,CME_MINI:ES1!,7634.75,7636.0,7634.25,7635.5,1814.0,2026-08
2026-08-03 19:30:00,CME_MINI:ES1!,7635.5,7637.0,7635.25,7635.75,2519.0,2026-08
2026-08-03 19:31:00,CME_MINI:ES1!,7635.75,7636.5,7635.5,7636.5,1819.0,2026-08
2026-08-03 19:32:00,CME_MINI:ES1!,7636.25,7637.0,7635.5,7635.5,2191.0,2026-08
2026-08-03 19:33:00,CME_MINI:ES1!,7635.5,7635.75,7634.5,7634.75,1914.0,2026-08
2026-08-03 19:34:00,CME_MINI:ES1!,7634.75,7635.75,7633.75,7635.5,1835.0,2026-08
2026-08-03 19:35:00,CME_MINI:ES1!,7635.25,7636.25,7635.25,7636.0,1209.0,2026-08
2026-08-03 19:36:00,CME_MINI:ES1!,7636.0,7636.5,7633.0,7633.25,2438.0,2026-08
2026-08-03 19:37:00,CME_MINI:ES1!,7633.25,7633.5,7631.5,7633.0,2338.0,2026-08
2026-08-03 19:38:00,CME_MINI:ES1!,7633.0,7633.25,7631.5,7631.75,2255.0,2026-08
2026-08-03 19:39:00,CME_MINI:ES1!,7631.75,7632.75,7631.25,7631.75,2086.0,2026-08
2026-08-03 19:40:00,CME_MINI:ES1!,7632.0,7632.5,7630.25,7632.25,3080.0,2026-08
2026-08-03 19:41:00,CME_MINI:ES1!,7632.25,7633.5,7630.75,7631.25,2289.0,2026-08
2026-08-03 19:42:00,CME_MINI:ES1!,7631.0,7632.0,7630.75,7631.25,1748.0,2026-08
2026-08-03 19:43:00,CME_MINI:ES1!,7631.25,7632.0,7630.75,7631.0,2864.0,2026-08
2026-08-03 19:44:00,CME_MINI:ES1!,7631.0,7633.5,7631.0,7632.5,2884.0,2026-08
2026-08-03 19:45:00,CME_MINI:ES1!,7632.5,7633.5,7632.0,7632.75,3094.0,2026-08
2026-08-03 19:46:00,CME_MINI:ES1!,7632.75,7633.25,7631.0,7631.75,2586.0,2026-08
2026-08-03 19:47:00,CME_MINI:ES1!,7631.75,7633.25,7631.0,7633.25,3149.0,2026-08
2026-08-03 19:48:00,CME_MINI:ES1!,7633.0,7634.25,7632.5,7632.75,2885.0,2026-08
2026-08-03 19:49:00,CME_MINI:ES1!,7632.75,7633.75,7632.5,7633.0,3118.0,2026-08
2026-08-03 19:50:00,CME_MINI:ES1!,7633.0,7635.75,7631.0,7632.0,9155.0,2026-08
2026-08-03 19:51:00,CME_MINI:ES1!,7631.75,7635.25,7631.5,7634.0,4228.0,2026-08
2026-08-03 19:52:00,CME_MINI:ES1!,7634.25,7635.5,7633.75,7634.25,3982.0,2026-08
2026-08-03 19:53:00,CME_MINI:ES1!,7634.0,7635.0,7631.25,7631.5,4804.0,2026-08
2026-08-03 19:54:00,CME_MINI:ES1!,7631.25,7631.25,7627.75,7629.0,8956.0,2026-08
2026-08-03 19:55:00,CME_MINI:ES1!,7629.0,7629.75,7626.75,7628.0,9339.0,2026-08
2026-08-03 19:56:00,CME_MINI:ES1!,7628.25,7629.0,7626.25,7629.0,6758.0,2026-08
2026-08-03 19:57:00,CME_MINI:ES1!,7629.0,7630.5,7629.0,7629.0,7596.0,2026-08
2026-08-03 19:58:00,CME_MINI:ES1!,7629.0,7630.75,7628.5,7630.0,13921.0,2026-08
2026-08-03 19:59:00,CME_MINI:ES1!,7629.75,7632.0,7625.75,7628.5,58844.0,2026-08
2026-08-03 20:00:00,CME_MINI:ES1!,7628.5,7629.0,7625.75,7625.75,11408.0,2026-08
2026-08-03 20:01:00,CME_MINI:ES1!,7625.75,7627.25,7625.25,7627.0,4241.0,2026-08
2026-08-03 20:02:00,CME_MINI:ES1!,7626.75,7629.0,7625.75,7628.5,3060.0,2026-08
2026-08-03 20:03:00,CME_MINI:ES1!,7628.5,7629.0,7627.5,7627.5,1170.0,2026-08
2026-08-03 20:04:00,CME_MINI:ES1!,7627.5,7629.0,7627.0,7628.75,1599.0,2026-08
2026-08-03 20:05:00,CME_MINI:ES1!,7628.5,7630.75,7628.5,7629.5,2157.0,2026-08
2026-08-03 20:06:00,CME_MINI:ES1!,7629.75,7630.5,7628.75,7630.0,1297.0,2026-08
2026-08-03 20:07:00,CME_MINI:ES1!,7630.0,7631.5,7629.75,7631.25,1397.0,2026-08
2026-08-03 20:08:00,CME_MINI:ES1!,7631.5,7631.5,7630.5,7631.0,745.0,2026-08
2026-08-03 20:09:00,CME_MINI:ES1!,7631.25,7632.5,7630.75,7631.5,822.0,2026-08
2026-08-03 20:10:00,CME_MINI:ES1!,7631.5,7632.0,7630.75,7630.75,1184.0,2026-08
2026-08-03 20:11:00,CME_MINI:ES1!,7630.75,7632.0,7630.5,7631.5,502.0,2026-08
2026-08-03 20:12:00,CME_MINI:ES1!,7631.75,7631.75,7631.0,7631.25,659.0,2026-08
2026-08-03 20:13:00,CME_MINI:ES1!,7631.25,7632.25,7631.0,7631.75,536.0,2026-08
2026-08-03 20:14:00,CME_MINI:ES1!,7631.75,7633.0,7631.25,7632.0,1175.0,2026-08
2026-08-03 20:15:00,CME_MINI:ES1!,7632.0,7633.5,7632.0,7633.0,449.0,2026-08
2026-08-03 20:16:00,CME_MINI:ES1!,7633.0,7633.75,7632.75,7633.25,472.0,2026-08
2026-08-03 20:17:00,CME_MINI:ES1!,7633.5,7634.25,7633.5,7633.5,371.0,2026-08
2026-08-03 20:18:00,CME_MINI:ES1!,7633.5,7634.0,7633.25,7633.75,276.0,2026-08
2026-08-03 20:19:00,CME_MINI:ES1!,7633.75,7634.25,7633.75,7633.75,305.0,2026-08
2026-08-03 20:20:00,CME_MINI:ES1!,7634.0,7635.25,7634.0,7635.0,542.0,2026-08
2026-08-03 20:21:00,CME_MINI:ES1!,7635.0,7636.5,7635.0,7635.25,748.0,2026-08
2026-08-03 20:22:00,CME_MINI:ES1!,7635.0,7635.5,7634.5,7634.5,547.0,2026-08
2026-08-03 20:23:00,CME_MINI:ES1!,7634.5,7634.75,7634.0,7634.75,278.0,2026-08
2026-08-03 20:24:00,CME_MINI:ES1!,7634.75,7634.75,7633.5,7634.0,248.0,2026-08
2026-08-03 20:25:00,CME_MINI:ES1!,7633.75,7634.25,7633.75,7633.75,189.0,2026-08
2026-08-03 20:26:00,CME_MINI:ES1!,7633.75,7633.75,7633.25,7633.5,115.0,2026-08
2026-08-03 20:27:00,CME_MINI:ES1!,7633.5,7634.25,7633.5,7634.0,252.0,2026-08
2026-08-03 20:28:00,CME_MINI:ES1!,7634.0,7634.0,7633.5,7633.5,151.0,2026-08
2026-08-03 20:29:00,CME_MINI:ES1!,7633.5,7633.5,7632.75,7633.0,244.0,2026-08
2026-08-03 20:30:00,CME_MINI:ES1!,7633.0,7634.0,7633.0,7633.5,204.0,2026-08
2026-08-03 20:31:00,CME_MINI:ES1!,7633.75,7634.0,7633.5,7634.0,95.0,2026-08
2026-08-03 20:32:00,CME_MINI:ES1!,7634.0,7634.25,7633.25,7633.25,262.0,2026-08
2026-08-03 20:33:00,CME_MINI:ES1!,7633.5,7634.0,7632.75,7633.25,315.0,2026-08
2026-08-03 20:34:00,CME_MINI:ES1!,7633.0,7633.5,7632.75,7633.25,168.0,2026-08
2026-08-03 20:35:00,CME_MINI:ES1!,7633.5,7634.0,7633.5,7634.0,141.0,2026-08
2026-08-03 20:36:00,CME_MINI:ES1!,7634.25,7634.25,7633.75,7634.25,149.0,2026-08
2026-08-03 20:37:00,CME_MINI:ES1!,7634.0,7634.75,7633.75,7634.75,183.0,2026-08
2026-08-03 20:38:00,CME_MINI:ES1!,7634.5,7635.25,7634.5,7634.75,209.0,2026-08
2026-08-03 20:39:00,CME_MINI:ES1!,7634.5,7635.0,7634.25,7634.5,167.0,2026-08
2026-08-03 20:40:00,CME_MINI:ES1!,7634.5,7635.0,7634.25,7634.75,115.0,2026-08
2026-08-03 20:41:00,CME_MINI:ES1!,7635.0,7636.5,7635.0,7636.25,650.0,2026-08
2026-08-03 20:42:00,CME_MINI:ES1!,7636.25,7636.5,7635.75,7635.75,199.0,2026-08
2026-08-03 20:43:00,CME_MINI:ES1!,7635.75,7635.75,7635.5,7635.75,131.0,2026-08
2026-08-03 20:44:00,CME_MINI:ES1!,7635.5,7635.75,7635.25,7635.5,224.0,2026-08
2026-08-03 20:45:00,CME_MINI:ES1!,7635.5,7635.75,7635.25,7635.25,197.0,2026-08
2026-08-03 20:46:00,CME_MINI:ES1!,7635.25,7635.5,7634.75,7634.75,178.0,2026-08
2026-08-03 20:47:00,CME_MINI:ES1!,7634.75,7635.25,7634.0,7634.25,580.0,2026-08
2026-08-03 20:48:00,CME_MINI:ES1!,7634.25,7634.25,7633.25,7633.5,699.0,2026-08
2026-08-03 20:49:00,CME_MINI:ES1!,7633.5,7633.5,7632.5,7632.5,302.0,2026-08
2026-08-03 20:50:00,CME_MINI:ES1!,7632.5,7633.0,7632.5,7632.75,275.0,2026-08
2026-08-03 20:51:00,CME_MINI:ES1!,7632.75,7632.75,7632.0,7632.0,374.0,2026-08
2026-08-03 20:52:00,CME_MINI:ES1!,7631.75,7631.75,7631.5,7631.5,173.0,2026-08
2026-08-03 20:53:00,CME_MINI:ES1!,7631.75,7632.5,7631.75,7632.0,257.0,2026-08
2026-08-03 20:54:00,CME_MINI:ES1!,7632.0,7632.0,7630.75,7631.25,432.0,2026-08
2026-08-03 20:55:00,CME_MINI:ES1!,7631.5,7632.0,7631.25,7631.5,173.0,2026-08
2026-08-03 20:56:00,CME_MINI:ES1!,7631.75,7632.25,7631.25,7631.25,173.0,2026-08
2026-08-03 20:57:00,CME_MINI:ES1!,7631.25,7631.75,7631.25,7631.5,204.0,2026-08
2026-08-03 20:58:00,CME_MINI:ES1!,7631.5,7631.5,7631.0,7631.5,250.0,2026-08
2026-08-03 20:59:00,CME_MINI:ES1!,7631.5,7631.75,7630.25,7631.25,519.0,2026-08
2026-08-03 22:00:00,CME_MINI:ES1!,7631.0,7633.5,7629.0,7632.5,338.0,2026-08
2026-08-03 22:01:00,CME_MINI:ES1!,7633.0,7633.25,7631.5,7632.25,148.0,2026-08
2026-08-03 22:02:00,CME_MINI:ES1!,7632.5,7633.5,7631.25,7631.75,166.0,2026-08
2026-08-03 22:03:00,CME_MINI:ES1!,7631.75,7631.75,7630.5,7631.25,165.0,2026-08
2026-08-03 22:04:00,CME_MINI:ES1!,7631.0,7632.0,7630.75,7631.5,58.0,2026-08
2026-08-03 22:05:00,CME_MINI:ES1!,7631.75,7634.0,7631.5,7632.75,311.0,2026-08
2026-08-03 22:06:00,CME_MINI:ES1!,7632.75,7632.75,7631.5,7631.75,99.0,2026-08
2026-08-03 22:07:00,CME_MINI:ES1!,7631.75,7634.25,7631.5,7634.25,166.0,2026-08
2026-08-03 22:08:00,CME_MINI:ES1!,7634.5,7635.0,7633.75,7634.5,138.0,2026-08
2026-08-03 22:09:00,CME_MINI:ES1!,7634.5,7635.0,7634.5,7634.5,84.0,2026-08
2026-08-03 22:10:00,CME_MINI:ES1!,7634.5,7635.25,7634.25,7635.0,124.0,2026-08
2026-08-03 22:11:00,CME_MINI:ES1!,7635.0,7635.5,7635.0,7635.0,52.0,2026-08
2026-08-03 22:12:00,CME_MINI:ES1!,7635.25,7635.25,7634.5,7635.0,74.0,2026-08
2026-08-03 22:13:00,CME_MINI:ES1!,7634.75,7635.25,7633.0,7633.0,153.0,2026-08
2026-08-03 22:14:00,CME_MINI:ES1!,7633.0,7633.25,7631.5,7632.5,206.0,2026-08
2026-08-03 22:15:00,CME_MINI:ES1!,7632.5,7634.75,7632.5,7634.25,73.0,2026-08
2026-08-03 22:16:00,CME_MINI:ES1!,7634.25,7635.0,7634.0,7634.25,65.0,2026-08
2026-08-03 22:17:00,CME_MINI:ES1!,7634.25,7634.25,7633.5,7633.75,67.0,2026-08
2026-08-03 22:18:00,CME_MINI:ES1!,7633.75,7634.25,7633.75,7633.75,39.0,2026-08
2026-08-03 22:19:00,CME_MINI:ES1!,7634.0,7634.5,7633.5,7634.25,76.0,2026-08
2026-08-03 22:20:00,CME_MINI:ES1!,7634.25,7634.75,7632.75,7634.0,130.0,2026-08
2026-08-03 22:21:00,CME_MINI:ES1!,7634.0,7634.0,7633.5,7633.5,59.0,2026-08
2026-08-03 22:22:00,CME_MINI:ES1!,7633.5,7634.0,7633.5,7634.0,17.0,2026-08
2026-08-03 22:23:00,CME_MINI:ES1!,7634.0,7634.5,7634.0,7634.5,23.0,2026-08
2026-08-03 22:24:00,CME_MINI:ES1!,7634.0,7634.0,7634.0,7634.0,7.0,2026-08
2026-08-03 22:25:00,CME_MINI:ES1!,7634.25,7634.25,7634.0,7634.0,20.0,2026-08
2026-08-03 22:26:00,CME_MINI:ES1!,7633.75,7633.75,7633.0,7633.75,51.0,2026-08
2026-08-03 22:27:00,CME_MINI:ES1!,7633.5,7634.25,7633.5,7634.0,22.0,2026-08
2026-08-03 22:28:00,CME_MINI:ES1!,7633.75,7634.5,7633.5,7634.25,17.0,2026-08
2026-08-03 22:29:00,CME_MINI:ES1!,7634.25,7634.25,7633.75,7633.75,18.0,2026-08
2026-08-03 22:30:00,CME_MINI:ES1!,7633.75,7634.25,7633.5,7633.5,56.0,2026-08
2026-08-03 22:31:00,CME_MINI:ES1!,7633.5,7634.0,7633.5,7634.0,24.0,2026-08
2026-08-03 22:32:00,CME_MINI:ES1!,7633.75,7634.0,7633.25,7633.25,21.0,2026-08
2026-08-03 22:33:00,CME_MINI:ES1!,7633.25,7634.0,7633.25,7633.75,52.0,2026-08
2026-08-03 22:34:00,CME_MINI:ES1!,7634.0,7635.5,7634.0,7635.0,164.0,2026-08
2026-08-03 22:35:00,CME_MINI:ES1!,7634.5,7634.5,7633.5,7634.25,87.0,2026-08
2026-08-03 22:36:00,CME_MINI:ES1!,7634.5,7635.5,7634.5,7634.75,49.0,2026-08
2026-08-03 22:37:00,CME_MINI:ES1!,7635.0,7635.0,7634.25,7634.75,28.0,2026-08
2026-08-03 22:38:00,CME_MINI:ES1!,7634.75,7635.25,7634.75,7635.25,45.0,2026-08
2026-08-03 22:39:00,CME_MINI:ES1!,7635.25,7635.75,7635.0,7635.0,84.0,2026-08
2026-08-03 22:40:00,CME_MINI:ES1!,7635.25,7636.25,7635.25,7636.25,157.0,2026-08
2026-08-03 22:41:00,CME_MINI:ES1!,7636.25,7636.5,7636.0,7636.25,70.0,2026-08
2026-08-03 22:42:00,CME_MINI:ES1!,7636.25,7636.5,7636.0,7636.25,58.0,2026-08
2026-08-03 22:43:00,CME_MINI:ES1!,7636.0,7636.25,7635.75,7636.0,48.0,2026-08
2026-08-03 22:44:00,CME_MINI:ES1!,7636.0,7636.25,7636.0,7636.0,23.0,2026-08
2026-08-03 22:45:00,CME_MINI:ES1!,7636.0,7636.0,7634.75,7635.25,136.0,2026-08
2026-08-03 22:46:00,CME_MINI:ES1!,7635.0,7635.25,7635.0,7635.0,37.0,2026-08
2026-08-03 22:47:00,CME_MINI:ES1!,7635.25,7635.25,7634.25,7635.25,71.0,2026-08
2026-08-03 22:48:00,CME_MINI:ES1!,7635.25,7636.0,7635.25,7635.5,50.0,2026-08
2026-08-03 22:49:00,CME_MINI:ES1!,7635.5,7636.0,7635.25,7635.5,60.0,2026-08
2026-08-03 22:50:00,CME_MINI:ES1!,7635.5,7635.75,7635.25,7635.5,135.0,2026-08
2026-08-03 22:51:00,CME_MINI:ES1!,7635.5,7635.5,7635.25,7635.25,73.0,2026-08
2026-08-03 22:52:00,CME_MINI:ES1!,7635.5,7635.75,7635.25,7635.5,56.0,2026-08
2026-08-03 22:53:00,CME_MINI:ES1!,7635.5,7636.0,7635.5,7635.75,67.0,2026-08
2026-08-03 22:54:00,CME_MINI:ES1!,7635.5,7635.75,7635.0,7635.75,67.0,2026-08
2026-08-03 22:55:00,CME_MINI:ES1!,7635.75,7636.0,7635.5,7635.75,48.0,2026-08
2026-08-03 22:56:00,CME_MINI:ES1!,7635.5,7635.75,7635.25,7635.25,29.0,2026-08
2026-08-03 22:57:00,CME_MINI:ES1!,7635.75,7635.75,7635.25,7635.5,18.0,2026-08
2026-08-03 22:58:00,CME_MINI:ES1!,7635.5,7635.5,7635.25,7635.25,16.0,2026-08
2026-08-03 22:59:00,CME_MINI:ES1!,7635.5,7635.5,7635.25,7635.25,31.0,2026-08
2026-08-03 23:00:00,CME_MINI:ES1!,7635.25,7635.5,7635.0,7635.25,66.0,2026-08
2026-08-03 23:01:00,CME_MINI:ES1!,7635.25,7635.5,7634.5,7634.75,51.0,2026-08
2026-08-03 23:02:00,CME_MINI:ES1!,7634.5,7635.75,7634.25,7635.25,59.0,2026-08
2026-08-03 23:03:00,CME_MINI:ES1!,7635.25,7635.25,7635.0,7635.25,10.0,2026-08
2026-08-03 23:04:00,CME_MINI:ES1!,7635.25,7635.5,7635.0,7635.25,47.0,2026-08
2026-08-03 23:05:00,CME_MINI:ES1!,7635.0,7635.25,7635.0,7635.25,33.0,2026-08
2026-08-03 23:06:00,CME_MINI:ES1!,7635.0,7635.25,7633.75,7633.75,90.0,2026-08
2026-08-03 23:07:00,CME_MINI:ES1!,7634.0,7634.25,7633.75,7633.75,49.0,2026-08
2026-08-03 23:08:00,CME_MINI:ES1!,7634.0,7634.0,7633.5,7634.0,54.0,2026-08
2026-08-03 23:09:00,CME_MINI:ES1!,7634.0,7634.25,7633.5,7634.0,49.0,2026-08
2026-08-03 23:10:00,CME_MINI:ES1!,7634.0,7634.5,7633.75,7634.25,36.0,2026-08
2026-08-03 23:11:00,CME_MINI:ES1!,7634.0,7634.25,7634.0,7634.0,9.0,2026-08
2026-08-03 23:12:00,CME_MINI:ES1!,7634.25,7634.25,7634.0,7634.0,16.0,2026-08
2026-08-03 23:13:00,CME_MINI:ES1!,7634.0,7634.0,7633.75,7634.0,13.0,2026-08
2026-08-03 23:14:00,CME_MINI:ES1!,7634.25,7634.5,7634.0,7634.5,48.0,2026-08
2026-08-03 23:15:00,CME_MINI:ES1!,7634.5,7635.25,7634.5,7635.0,40.0,2026-08
2026-08-03 23:16:00,CME_MINI:ES1!,7635.0,7635.75,7634.75,7635.5,48.0,2026-08
2026-08-03 23:17:00,CME_MINI:ES1!,7635.5,7635.5,7635.0,7635.25,29.0,2026-08
2026-08-03 23:18:00,CME_MINI:ES1!,7635.5,7635.5,7635.25,7635.25,18.0,2026-08
2026-08-03 23:19:00,CME_MINI:ES1!,7635.25,7636.25,7635.25,7635.5,60.0,2026-08
2026-08-03 23:20:00,CME_MINI:ES1!,7635.75,7636.25,7635.25,7636.25,43.0,2026-08
2026-08-03 23:21:00,CME_MINI:ES1!,7636.0,7636.0,7635.5,7636.0,58.0,2026-08
2026-08-03 23:22:00,CME_MINI:ES1!,7635.75,7636.0,7635.75,7635.75,34.0,2026-08
2026-08-03 23:23:00,CME_MINI:ES1!,7636.0,7636.0,7635.0,7635.25,73.0,2026-08
2026-08-03 23:24:00,CME_MINI:ES1!,7635.25,7635.25,7634.5,7634.75,74.0,2026-08
2026-08-03 23:25:00,CME_MINI:ES1!,7634.75,7635.0,7634.5,7634.75,54.0,2026-08
2026-08-03 23:26:00,CME_MINI:ES1!,7634.5,7634.75,7634.0,7634.5,100.0,2026-08
2026-08-03 23:27:00,CME_MINI:ES1!,7634.75,7635.25,7634.75,7635.0,23.0,2026-08
2026-08-03 23:28:00,CME_MINI:ES1!,7634.75,7635.0,7634.5,7634.75,30.0,2026-08
2026-08-03 23:29:00,CME_MINI:ES1!,7634.5,7635.0,7634.25,7634.75,65.0,2026-08
2026-08-03 23:30:00,CME_MINI:ES1!,7634.75,7635.0,7633.75,7633.75,85.0,2026-08
2026-08-03 23:31:00,CME_MINI:ES1!,7634.0,7634.25,7633.75,7634.25,54.0,2026-08
2026-08-03 23:32:00,CME_MINI:ES1!,7634.25,7635.25,7634.0,7635.25,98.0,2026-08
2026-08-03 23:33:00,CME_MINI:ES1!,7635.25,7635.25,7634.25,7635.0,142.0,2026-08
2026-08-03 23:34:00,CME_MINI:ES1!,7635.0,7636.25,7635.0,7635.75,47.0,2026-08
2026-08-03 23:35:00,CME_MINI:ES1!,7635.5,7636.0,7635.25,7635.25,25.0,2026-08
2026-08-03 23:36:00,CME_MINI:ES1!,7635.25,7635.75,7635.25,7635.75,39.0,2026-08
2026-08-03 23:37:00,CME_MINI:ES1!,7635.5,7635.5,7635.0,7635.0,14.0,2026-08
2026-08-03 23:38:00,CME_MINI:ES1!,7635.0,7635.0,7632.75,7633.0,174.0,2026-08
2026-08-03 23:39:00,CME_MINI:ES1!,7633.0,7633.5,7632.75,7632.75,79.0,2026-08
2026-08-03 23:40:00,CME_MINI:ES1!,7632.75,7633.0,7632.75,7633.0,38.0,2026-08
2026-08-03 23:41:00,CME_MINI:ES1!,7633.0,7633.25,7632.75,7633.25,68.0,2026-08
2026-08-03 23:42:00,CME_MINI:ES1!,7633.25,7633.75,7632.75,7633.0,66.0,2026-08
2026-08-03 23:43:00,CME_MINI:ES1!,7632.75,7633.5,7632.75,7633.25,62.0,2026-08
2026-08-03 23:44:00,CME_MINI:ES1!,7633.5,7633.75,7632.75,7632.75,101.0,2026-08
2026-08-03 23:45:00,CME_MINI:ES1!,7633.0,7634.75,7632.75,7634.75,252.0,2026-08
2026-08-03 23:46:00,CME_MINI:ES1!,7634.5,7634.5,7633.75,7634.5,121.0,2026-08
2026-08-03 23:47:00,CME_MINI:ES1!,7634.75,7636.0,7634.75,7635.5,156.0,2026-08
2026-08-03 23:48:00,CME_MINI:ES1!,7635.25,7635.5,7634.75,7635.0,155.0,2026-08
2026-08-03 23:49:00,CME_MINI:ES1!,7635.0,7635.25,7634.5,7635.0,71.0,2026-08
2026-08-03 23:50:00,CME_MINI:ES1!,7635.0,7636.0,7634.75,7635.5,98.0,2026-08
2026-08-03 23:51:00,CME_MINI:ES1!,7635.5,7635.5,7634.25,7635.0,166.0,2026-08
2026-08-03 23:52:00,CME_MINI:ES1!,7635.0,7635.25,7634.0,7634.0,130.0,2026-08
2026-08-03 23:53:00,CME_MINI:ES1!,7634.25,7634.25,7633.25,7633.75,85.0,2026-08
2026-08-03 23:54:00,CME_MINI:ES1!,7634.0,7634.0,7633.25,7633.5,65.0,2026-08
2026-08-03 23:55:00,CME_MINI:ES1!,7633.5,7633.75,7633.25,7633.75,93.0,2026-08
2026-08-03 23:56:00,CME_MINI:ES1!,7633.5,7634.75,7633.5,7634.75,72.0,2026-08
2026-08-03 23:57:00,CME_MINI:ES1!,7634.75,7634.75,7634.25,7634.5,75.0,2026-08
2026-08-03 23:58:00,CME_MINI:ES1!,7634.5,7634.75,7633.75,7634.75,91.0,2026-08
2026-08-03 23:59:00,CME_MINI:ES1!,7634.5,7635.5,7634.25,7635.5,125.0,2026-08
2026-08-04 00:00:00,CME_MINI:ES1!,7635.5,7635.75,7632.25,7633.25,526.0,2026-08
2026-08-04 00:01:00,CME_MINI:ES1!,7633.0,7635.75,7633.0,7635.5,265.0,2026-08
2026-08-04 00:02:00,CME_MINI:ES1!,7635.75,7636.0,7634.75,7635.5,181.0,2026-08
2026-08-04 00:03:00,CME_MINI:ES1!,7635.5,7635.75,7634.5,7635.5,123.0,2026-08
2026-08-04 00:04:00,CME_MINI:ES1!,7635.5,7635.75,7634.75,7634.75,139.0,2026-08
2026-08-04 00:05:00,CME_MINI:ES1!,7634.75,7635.25,7634.0,7634.5,157.0,2026-08
2026-08-04 00:06:00,CME_MINI:ES1!,7634.5,7635.75,7634.0,7635.0,171.0,2026-08
2026-08-04 00:07:00,CME_MINI:ES1!,7635.0,7636.0,7634.25,7635.5,137.0,2026-08
2026-08-04 00:08:00,CME_MINI:ES1!,7635.75,7636.5,7635.25,7635.25,135.0,2026-08
2026-08-04 00:09:00,CME_MINI:ES1!,7635.5,7637.25,7635.25,7636.25,236.0,2026-08
2026-08-04 00:10:00,CME_MINI:ES1!,7636.25,7636.5,7634.75,7634.75,143.0,2026-08
2026-08-04 00:11:00,CME_MINI:ES1!,7634.75,7635.0,7633.5,7634.25,185.0,2026-08
2026-08-04 00:12:00,CME_MINI:ES1!,7634.5,7634.5,7633.25,7633.75,139.0,2026-08
2026-08-04 00:13:00,CME_MINI:ES1!,7633.75,7633.75,7633.0,7633.25,92.0,2026-08
2026-08-04 00:14:00,CME_MINI:ES1!,7633.25,7634.25,7633.25,7634.0,110.0,2026-08
2026-08-04 00:15:00,CME_MINI:ES1!,7634.0,7634.0,7632.0,7632.25,207.0,2026-08
2026-08-04 00:16:00,CME_MINI:ES1!,7632.25,7632.75,7632.0,7632.75,130.0,2026-08
2026-08-04 00:17:00,CME_MINI:ES1!,7632.5,7632.75,7632.0,7632.25,123.0,2026-08
2026-08-04 00:18:00,CME_MINI:ES1!,7632.0,7632.25,7631.25,7631.75,218.0,2026-08
2026-08-04 00:19:00,CME_MINI:ES1!,7631.75,7632.5,7631.5,7632.0,115.0,2026-08
2026-08-04 00:20:00,CME_MINI:ES1!,7632.0,7633.25,7632.0,7633.25,132.0,2026-08
2026-08-04 00:21:00,CME_MINI:ES1!,7633.25,7634.0,7633.0,7633.25,99.0,2026-08
2026-08-04 00:22:00,CME_MINI:ES1!,7633.25,7633.25,7632.75,7633.0,90.0,2026-08
2026-08-04 00:23:00,CME_MINI:ES1!,7632.75,7633.0,7631.75,7632.25,142.0,2026-08
2026-08-04 00:24:00,CME_MINI:ES1!,7632.25,7633.5,7632.25,7633.0,106.0,2026-08
2026-08-04 00:25:00,CME_MINI:ES1!,7632.75,7634.0,7632.5,7634.0,84.0,2026-08
2026-08-04 00:26:00,CME_MINI:ES1!,7633.75,7634.0,7633.0,7633.75,72.0,2026-08
2026-08-04 00:27:00,CME_MINI:ES1!,7633.5,7633.5,7630.75,7630.75,208.0,2026-08
2026-08-04 00:28:00,CME_MINI:ES1!,7630.75,7631.75,7630.75,7631.0,282.0,2026-08
2026-08-04 00:29:00,CME_MINI:ES1!,7631.0,7631.5,7631.0,7631.25,122.0,2026-08
2026-08-04 00:30:00,CME_MINI:ES1!,7631.25,7631.25,7630.25,7630.5,277.0,2026-08
2026-08-04 00:31:00,CME_MINI:ES1!,7630.75,7631.75,7630.5,7630.75,203.0,2026-08
2026-08-04 00:32:00,CME_MINI:ES1!,7630.75,7631.5,7630.75,7631.0,72.0,2026-08
2026-08-04 00:33:00,CME_MINI:ES1!,7631.25,7631.75,7630.25,7631.25,152.0,2026-08
2026-08-04 00:34:00,CME_MINI:ES1!,7631.25,7631.5,7630.25,7630.5,117.0,2026-08
2026-08-04 00:35:00,CME_MINI:ES1!,7630.75,7630.75,7629.5,7629.75,201.0,2026-08
2026-08-04 00:36:00,CME_MINI:ES1!,7629.75,7630.75,7629.25,7630.5,180.0,2026-08
2026-08-04 00:37:00,CME_MINI:ES1!,7630.25,7631.5,7630.25,7631.25,334.0,2026-08
2026-08-04 00:38:00,CME_MINI:ES1!,7631.5,7634.0,7631.25,7633.75,599.0,2026-08
2026-08-04 00:39:00,CME_MINI:ES1!,7633.75,7634.75,7633.0,7634.5,520.0,2026-08
2026-08-04 00:40:00,CME_MINI:ES1!,7634.5,7635.0,7633.5,7634.0,633.0,2026-08
2026-08-04 00:41:00,CME_MINI:ES1!,7634.0,7634.75,7634.0,7634.5,415.0,2026-08
2026-08-04 00:42:00,CME_MINI:ES1!,7634.5,7635.0,7632.5,7633.25,356.0,2026-08
2026-08-04 00:43:00,CME_MINI:ES1!,7633.5,7635.25,7633.5,7634.75,205.0,2026-08
2026-08-04 00:44:00,CME_MINI:ES1!,7635.0,7635.0,7634.25,7634.75,138.0,2026-08
2026-08-04 00:45:00,CME_MINI:ES1!,7634.75,7635.0,7632.5,7633.25,145.0,2026-08
2026-08-04 00:46:00,CME_MINI:ES1!,7633.25,7633.25,7632.5,7633.0,120.0,2026-08
2026-08-04 00:47:00,CME_MINI:ES1!,7633.0,7633.25,7632.75,7633.0,124.0,2026-08
2026-08-04 00:48:00,CME_MINI:ES1!,7632.75,7635.0,7632.75,7634.75,134.0,2026-08
2026-08-04 00:49:00,CME_MINI:ES1!,7635.0,7635.0,7634.25,7634.5,126.0,2026-08
2026-08-04 00:50:00,CME_MINI:ES1!,7634.25,7634.75,7633.0,7633.5,77.0,2026-08
2026-08-04 00:51:00,CME_MINI:ES1!,7633.75,7635.0,7633.5,7634.75,102.0,2026-08
2026-08-04 00:52:00,CME_MINI:ES1!,7635.0,7635.25,7634.25,7634.5,148.0,2026-08
2026-08-04 00:53:00,CME_MINI:ES1!,7634.5,7635.75,7634.25,7635.5,174.0,2026-08
2026-08-04 00:54:00,CME_MINI:ES1!,7635.5,7635.5,7633.5,7633.75,285.0,2026-08
2026-08-04 00:55:00,CME_MINI:ES1!,7634.0,7634.5,7632.5,7632.5,230.0,2026-08
2026-08-04 00:56:00,CME_MINI:ES1!,7632.75,7634.0,7632.0,7632.5,241.0,2026-08
2026-08-04 00:57:00,CME_MINI:ES1!,7632.5,7633.25,7632.0,7632.75,116.0,2026-08
2026-08-04 00:58:00,CME_MINI:ES1!,7632.75,7632.75,7631.75,7632.75,136.0,2026-08
2026-08-04 00:59:00,CME_MINI:ES1!,7632.75,7633.0,7632.25,7632.75,122.0,2026-08
2026-08-04 01:00:00,CME_MINI:ES1!,7632.75,7632.75,7631.0,7631.5,455.0,2026-08
2026-08-04 01:01:00,CME_MINI:ES1!,7631.5,7632.75,7631.25,7632.5,135.0,2026-08
2026-08-04 01:02:00,CME_MINI:ES1!,7632.5,7633.0,7631.0,7631.25,397.0,2026-08
2026-08-04 01:03:00,CME_MINI:ES1!,7631.25,7631.25,7629.5,7630.25,313.0,2026-08
2026-08-04 01:04:00,CME_MINI:ES1!,7630.25,7632.25,7629.5,7631.25,1048.0,2026-08
2026-08-04 01:05:00,CME_MINI:ES1!,7631.0,7632.0,7631.0,7631.75,216.0,2026-08
2026-08-04 01:06:00,CME_MINI:ES1!,7631.5,7632.0,7629.75,7630.0,152.0,2026-08
2026-08-04 01:07:00,CME_MINI:ES1!,7630.0,7632.0,7630.0,7631.75,138.0,2026-08
2026-08-04 01:08:00,CME_MINI:ES1!,7632.0,7632.5,7631.5,7632.25,360.0,2026-08
2026-08-04 01:09:00,CME_MINI:ES1!,7632.5,7633.75,7631.75,7633.5,405.0,2026-08
2026-08-04 01:10:00,CME_MINI:ES1!,7633.5,7634.75,7633.0,7634.75,407.0,2026-08
2026-08-04 01:11:00,CME_MINI:ES1!,7634.75,7634.75,7634.0,7634.5,145.0,2026-08
2026-08-04 01:12:00,CME_MINI:ES1!,7634.5,7634.75,7634.0,7634.5,120.0,2026-08
2026-08-04 01:13:00,CME_MINI:ES1!,7634.5,7635.25,7634.0,7634.25,126.0,2026-08
2026-08-04 01:14:00,CME_MINI:ES1!,7634.5,7635.0,7634.0,7634.25,112.0,2026-08
2026-08-04 01:15:00,CME_MINI:ES1!,7634.0,7635.25,7634.0,7635.0,100.0,2026-08
2026-08-04 01:16:00,CME_MINI:ES1!,7634.75,7634.75,7632.5,7632.75,142.0,2026-08
2026-08-04 01:17:00,CME_MINI:ES1!,7632.5,7633.0,7632.25,7633.0,111.0,2026-08
2026-08-04 01:18:00,CME_MINI:ES1!,7633.0,7634.0,7633.0,7633.25,92.0,2026-08
2026-08-04 01:19:00,CME_MINI:ES1!,7633.25,7634.75,7633.25,7634.5,114.0,2026-08
2026-08-04 01:20:00,CME_MINI:ES1!,7634.25,7635.5,7634.25,7635.25,147.0,2026-08
2026-08-04 01:21:00,CME_MINI:ES1!,7635.25,7635.75,7634.5,7635.25,112.0,2026-08
2026-08-04 01:22:00,CME_MINI:ES1!,7635.25,7635.75,7635.25,7635.75,65.0,2026-08
2026-08-04 01:23:00,CME_MINI:ES1!,7635.75,7635.75,7635.0,7635.25,67.0,2026-08
2026-08-04 01:24:00,CME_MINI:ES1!,7635.5,7635.5,7635.0,7635.5,73.0,2026-08
2026-08-04 01:25:00,CME_MINI:ES1!,7635.5,7635.5,7635.0,7635.0,102.0,2026-08
2026-08-04 01:26:00,CME_MINI:ES1!,7635.0,7635.0,7633.75,7634.75,131.0,2026-08
2026-08-04 01:27:00,CME_MINI:ES1!,7634.5,7635.5,7634.5,7635.5,95.0,2026-08
2026-08-04 01:28:00,CME_MINI:ES1!,7635.5,7636.0,7635.0,7636.0,123.0,2026-08
2026-08-04 01:29:00,CME_MINI:ES1!,7636.0,7636.25,7635.5,7636.25,181.0,2026-08
2026-08-04 01:30:00,CME_MINI:ES1!,7636.25,7639.0,7635.75,7637.25,496.0,2026-08
2026-08-04 01:31:00,CME_MINI:ES1!,7637.25,7638.0,7637.0,7637.0,297.0,2026-08
2026-08-04 01:32:00,CME_MINI:ES1!,7637.0,7638.25,7637.0,7637.25,141.0,2026-08
2026-08-04 01:33:00,CME_MINI:ES1!,7637.25,7637.5,7636.5,7636.5,156.0,2026-08
2026-08-04 01:34:00,CME_MINI:ES1!,7636.25,7638.0,7636.25,7637.75,186.0,2026-08
2026-08-04 01:35:00,CME_MINI:ES1!,7637.75,7638.5,7637.75,7637.75,179.0,2026-08
2026-08-04 01:36:00,CME_MINI:ES1!,7637.75,7638.25,7637.0,7637.0,129.0,2026-08
2026-08-04 01:37:00,CME_MINI:ES1!,7637.25,7637.5,7636.75,7636.75,165.0,2026-08
2026-08-04 01:38:00,CME_MINI:ES1!,7636.75,7637.5,7636.75,7637.25,132.0,2026-08
2026-08-04 01:39:00,CME_MINI:ES1!,7637.25,7637.25,7636.0,7636.25,152.0,2026-08
2026-08-04 01:40:00,CME_MINI:ES1!,7636.0,7637.5,7636.0,7637.25,173.0,2026-08
2026-08-04 01:41:00,CME_MINI:ES1!,7637.5,7638.5,7637.25,7638.25,126.0,2026-08
2026-08-04 01:42:00,CME_MINI:ES1!,7638.25,7638.75,7638.0,7638.5,159.0,2026-08
2026-08-04 01:43:00,CME_MINI:ES1!,7638.5,7639.25,7638.25,7639.25,158.0,2026-08
2026-08-04 01:44:00,CME_MINI:ES1!,7639.0,7640.5,7639.0,7640.0,258.0,2026-08
2026-08-04 01:45:00,CME_MINI:ES1!,7640.0,7641.5,7639.75,7640.5,392.0,2026-08
2026-08-04 01:46:00,CME_MINI:ES1!,7640.75,7641.5,7640.75,7641.0,277.0,2026-08
2026-08-04 01:47:00,CME_MINI:ES1!,7641.0,7641.75,7641.0,7641.5,194.0,2026-08
2026-08-04 01:48:00,CME_MINI:ES1!,7641.5,7642.0,7641.25,7642.0,200.0,2026-08
2026-08-04 01:49:00,CME_MINI:ES1!,7641.75,7642.25,7641.25,7642.0,187.0,2026-08
2026-08-04 01:50:00,CME_MINI:ES1!,7642.0,7642.25,7641.5,7641.75,169.0,2026-08
2026-08-04 01:51:00,CME_MINI:ES1!,7641.75,7644.75,7641.5,7644.5,730.0,2026-08
2026-08-04 01:52:00,CME_MINI:ES1!,7644.5,7645.75,7644.25,7645.75,409.0,2026-08
2026-08-04 01:53:00,CME_MINI:ES1!,7645.5,7646.75,7645.25,7646.5,589.0,2026-08
2026-08-04 01:54:00,CME_MINI:ES1!,7646.25,7647.5,7646.25,7646.75,392.0,2026-08
2026-08-04 01:55:00,CME_MINI:ES1!,7646.75,7647.25,7646.5,7647.0,286.0,2026-08
2026-08-04 01:56:00,CME_MINI:ES1!,7646.75,7647.25,7646.0,7646.0,240.0,2026-08
2026-08-04 01:57:00,CME_MINI:ES1!,7645.75,7646.75,7645.75,7646.75,161.0,2026-08
2026-08-04 01:58:00,CME_MINI:ES1!,7646.75,7646.75,7645.75,7646.5,226.0,2026-08
2026-08-04 01:59:00,CME_MINI:ES1!,7646.5,7646.75,7646.25,7646.5,127.0,2026-08
2026-08-04 02:00:00,CME_MINI:ES1!,7646.25,7646.75,7645.75,7646.0,173.0,2026-08
2026-08-04 02:01:00,CME_MINI:ES1!,7646.25,7647.5,7645.75,7647.5,169.0,2026-08
2026-08-04 02:02:00,CME_MINI:ES1!,7647.25,7647.25,7645.5,7645.75,267.0,2026-08
2026-08-04 02:03:00,CME_MINI:ES1!,7645.75,7646.25,7645.0,7645.5,199.0,2026-08
2026-08-04 02:04:00,CME_MINI:ES1!,7645.25,7645.25,7644.25,7644.5,229.0,2026-08
2026-08-04 02:05:00,CME_MINI:ES1!,7644.5,7644.75,7643.25,7643.25,251.0,2026-08
2026-08-04 02:06:00,CME_MINI:ES1!,7643.25,7643.5,7641.25,7642.25,457.0,2026-08
2026-08-04 02:07:00,CME_MINI:ES1!,7642.25,7642.5,7641.25,7642.0,117.0,2026-08
2026-08-04 02:08:00,CME_MINI:ES1!,7642.0,7642.75,7642.0,7642.25,112.0,2026-08
2026-08-04 02:09:00,CME_MINI:ES1!,7642.25,7642.5,7641.75,7642.25,129.0,2026-08
2026-08-04 02:10:00,CME_MINI:ES1!,7642.25,7642.25,7639.75,7640.5,337.0,2026-08
2026-08-04 02:11:00,CME_MINI:ES1!,7640.5,7641.5,7639.75,7641.0,201.0,2026-08
2026-08-04 02:12:00,CME_MINI:ES1!,7640.75,7641.75,7640.5,7641.5,175.0,2026-08
2026-08-04 02:13:00,CME_MINI:ES1!,7641.5,7642.25,7641.25,7641.25,129.0,2026-08
2026-08-04 02:14:00,CME_MINI:ES1!,7641.5,7642.0,7640.75,7640.75,92.0,2026-08
2026-08-04 02:15:00,CME_MINI:ES1!,7640.75,7641.5,7640.75,7641.0,162.0,2026-08
2026-08-04 02:16:00,CME_MINI:ES1!,7641.25,7641.75,7640.75,7641.25,112.0,2026-08
2026-08-04 02:17:00,CME_MINI:ES1!,7641.25,7641.25,7640.75,7641.25,89.0,2026-08
2026-08-04 02:18:00,CME_MINI:ES1!,7641.0,7642.25,7641.0,7642.0,143.0,2026-08
2026-08-04 02:19:00,CME_MINI:ES1!,7642.0,7642.25,7641.5,7642.0,79.0,2026-08
2026-08-04 02:20:00,CME_MINI:ES1!,7642.25,7642.5,7641.0,7641.0,126.0,2026-08
2026-08-04 02:21:00,CME_MINI:ES1!,7641.0,7641.25,7639.25,7639.75,210.0,2026-08
2026-08-04 02:22:00,CME_MINI:ES1!,7639.75,7640.75,7639.0,7640.5,172.0,2026-08
2026-08-04 02:23:00,CME_MINI:ES1!,7640.5,7641.5,7640.5,7640.5,80.0,2026-08
2026-08-04 02:24:00,CME_MINI:ES1!,7641.0,7642.0,7641.0,7641.5,168.0,2026-08
2026-08-04 02:25:00,CME_MINI:ES1!,7641.5,7641.5,7640.25,7641.5,246.0,2026-08
2026-08-04 02:26:00,CME_MINI:ES1!,7641.5,7641.75,7640.5,7641.5,241.0,2026-08
2026-08-04 02:27:00,CME_MINI:ES1!,7641.5,7641.5,7640.25,7640.5,63.0,2026-08
2026-08-04 02:28:00,CME_MINI:ES1!,7640.25,7641.0,7640.0,7641.0,40.0,2026-08
2026-08-04 02:29:00,CME_MINI:ES1!,7641.0,7641.0,7640.0,7640.0,38.0,2026-08
2026-08-04 02:30:00,CME_MINI:ES1!,7640.25,7642.5,7640.25,7642.25,117.0,2026-08
2026-08-04 02:31:00,CME_MINI:ES1!,7642.75,7643.0,7641.75,7642.5,98.0,2026-08
2026-08-04 02:32:00,CME_MINI:ES1!,7642.5,7642.5,7641.75,7642.0,66.0,2026-08
2026-08-04 02:33:00,CME_MINI:ES1!,7642.25,7642.5,7642.0,7642.5,57.0,2026-08
2026-08-04 02:34:00,CME_MINI:ES1!,7642.5,7642.5,7641.5,7641.5,40.0,2026-08
2026-08-04 02:35:00,CME_MINI:ES1!,7642.0,7642.75,7641.5,7642.0,61.0,2026-08
2026-08-04 02:36:00,CME_MINI:ES1!,7641.75,7642.5,7641.75,7642.0,41.0,2026-08
2026-08-04 02:37:00,CME_MINI:ES1!,7641.75,7643.0,7641.5,7642.75,53.0,2026-08
2026-08-04 02:38:00,CME_MINI:ES1!,7642.75,7644.0,7642.25,7643.75,128.0,2026-08
2026-08-04 02:39:00,CME_MINI:ES1!,7643.75,7644.0,7642.25,7642.75,106.0,2026-08
2026-08-04 02:40:00,CME_MINI:ES1!,7642.75,7643.5,7642.25,7643.5,120.0,2026-08
2026-08-04 02:41:00,CME_MINI:ES1!,7643.25,7643.5,7642.75,7643.0,81.0,2026-08
2026-08-04 02:42:00,CME_MINI:ES1!,7643.0,7643.5,7642.5,7643.0,82.0,2026-08
2026-08-04 02:43:00,CME_MINI:ES1!,7643.0,7643.5,7642.75,7643.25,54.0,2026-08
2026-08-04 02:44:00,CME_MINI:ES1!,7643.5,7644.0,7643.25,7643.75,73.0,2026-08
2026-08-04 02:45:00,CME_MINI:ES1!,7643.75,7643.75,7643.0,7643.25,96.0,2026-08
2026-08-04 02:46:00,CME_MINI:ES1!,7643.0,7643.0,7642.0,7642.5,74.0,2026-08
2026-08-04 02:47:00,CME_MINI:ES1!,7642.5,7642.5,7641.75,7642.25,75.0,2026-08
2026-08-04 02:48:00,CME_MINI:ES1!,7642.25,7642.5,7641.75,7642.25,99.0,2026-08
2026-08-04 02:49:00,CME_MINI:ES1!,7642.25,7643.0,7642.25,7642.5,58.0,2026-08
2026-08-04 02:50:00,CME_MINI:ES1!,7642.5,7643.25,7641.75,7643.0,35.0,2026-08
2026-08-04 02:51:00,CME_MINI:ES1!,7643.25,7644.25,7643.25,7644.25,74.0,2026-08
2026-08-04 02:52:00,CME_MINI:ES1!,7644.25,7644.25,7643.5,7643.75,64.0,2026-08
2026-08-04 02:53:00,CME_MINI:ES1!,7643.75,7644.0,7643.75,7643.75,33.0,2026-08
2026-08-04 02:54:00,CME_MINI:ES1!,7643.75,7644.0,7643.5,7644.0,47.0,2026-08
2026-08-04 02:55:00,CME_MINI:ES1!,7644.0,7644.25,7643.75,7643.75,37.0,2026-08
2026-08-04 02:56:00,CME_MINI:ES1!,7643.75,7644.0,7643.5,7644.0,46.0,2026-08
2026-08-04 02:57:00,CME_MINI:ES1!,7644.0,7644.0,7643.75,7644.0,65.0,2026-08
2026-08-04 02:58:00,CME_MINI:ES1!,7644.0,7644.0,7643.0,7643.0,35.0,2026-08
2026-08-04 02:59:00,CME_MINI:ES1!,7643.0,7643.0,7642.25,7642.5,81.0,2026-08
2026-08-04 03:00:00,CME_MINI:ES1!,7642.25,7643.75,7641.5,7643.75,123.0,2026-08
2026-08-04 03:01:00,CME_MINI:ES1!,7643.25,7643.75,7642.5,7643.75,95.0,2026-08
2026-08-04 03:02:00,CME_MINI:ES1!,7643.75,7644.0,7643.25,7644.0,64.0,2026-08
2026-08-04 03:03:00,CME_MINI:ES1!,7643.75,7644.0,7643.0,7643.0,62.0,2026-08
2026-08-04 03:04:00,CME_MINI:ES1!,7643.0,7643.0,7642.75,7643.0,8.0,2026-08
2026-08-04 17:26:00,CME_MINI:ES1!,7765.5,7767.25,7765.0,7765.5,2555.0,2026-08
2026-08-04 17:27:00,CME_MINI:ES1!,7765.75,7766.75,7764.75,7766.75,1341.0,2026-08
2026-08-04 17:28:00,CME_MINI:ES1!,7766.75,7767.5,7765.25,7765.25,1589.0,2026-08
2026-08-04 17:29:00,CME_MINI:ES1!,7765.25,7765.5,7764.25,7765.5,1800.0,2026-08
2026-08-04 17:30:00,CME_MINI:ES1!,7765.5,7765.5,7762.0,7763.75,2720.0,2026-08
2026-08-04 17:31:00,CME_MINI:ES1!,7763.75,7764.0,7762.0,7763.75,1768.0,2026-08
2026-08-04 17:32:00,CME_MINI:ES1!,7763.75,7766.5,7763.5,7766.25,1565.0,2026-08
2026-08-04 17:33:00,CME_MINI:ES1!,7766.25,7766.5,7764.5,7765.0,1705.0,2026-08
2026-08-04 17:34:00,CME_MINI:ES1!,7765.0,7766.25,7764.0,7766.0,1220.0,2026-08
2026-08-04 17:35:00,CME_MINI:ES1!,7766.0,7767.25,7765.75,7767.25,1635.0,2026-08
2026-08-04 17:36:00,CME_MINI:ES1!,7767.25,7769.5,7766.75,7769.5,1767.0,2026-08
2026-08-04 17:37:00,CME_MINI:ES1!,7769.5,7770.5,7769.0,7769.5,2306.0,2026-08
2026-08-04 17:38:00,CME_MINI:ES1!,7769.5,7771.0,7769.25,7770.25,2162.0,2026-08
2026-08-04 17:39:00,CME_MINI:ES1!,7770.25,7771.75,7769.75,7771.25,1820.0,2026-08
2026-08-04 17:40:00,CME_MINI:ES1!,7771.0,7773.75,7771.0,7773.25,2129.0,2026-08
2026-08-04 17:41:00,CME_MINI:ES1!,7773.5,7774.25,7772.75,7773.75,2813.0,2026-08
2026-08-04 17:42:00,CME_MINI:ES1!,7773.75,7774.75,7773.5,7774.5,2107.0,2026-08
2026-08-04 17:43:00,CME_MINI:ES1!,7774.5,7774.5,7773.0,7773.75,1980.0,2026-08
2026-08-04 17:44:00,CME_MINI:ES1!,7773.75,7776.0,7773.75,7775.75,1926.0,2026-08
2026-08-04 17:45:00,CME_MINI:ES1!,7776.0,7777.5,7776.0,7777.25,2662.0,2026-08
2026-08-04 17:46:00,CME_MINI:ES1!,7777.25,7778.75,7776.25,7778.25,2506.0,2026-08
2026-08-04 17:47:00,CME_MINI:ES1!,7778.25,7780.25,7778.0,7779.75,3297.0,2026-08
2026-08-04 17:48:00,CME_MINI:ES1!,7779.75,7783.25,7779.5,7783.0,3734.0,2026-08
2026-08-04 17:49:00,CME_MINI:ES1!,7783.0,7783.75,7779.25,7779.75,4176.0,2026-08
2026-08-04 17:50:00,CME_MINI:ES1!,7780.0,7780.0,7772.75,7773.25,6146.0,2026-08
2026-08-04 17:51:00,CME_MINI:ES1!,7773.0,7773.5,7769.0,7769.75,5219.0,2026-08
2026-08-04 17:52:00,CME_MINI:ES1!,7769.75,7772.0,7768.5,7771.75,3908.0,2026-08
2026-08-04 17:53:00,CME_MINI:ES1!,7771.75,7774.25,7771.25,7773.75,2295.0,2026-08
2026-08-04 17:54:00,CME_MINI:ES1!,7773.5,7774.0,7771.0,7771.0,1928.0,2026-08
2026-08-04 17:55:00,CME_MINI:ES1!,7771.25,7773.0,7769.5,7772.5,2976.0,2026-08
2026-08-04 17:56:00,CME_MINI:ES1!,7772.5,7774.0,7771.25,7772.25,2286.0,2026-08
2026-08-04 17:57:00,CME_MINI:ES1!,7772.5,7772.75,7771.0,7772.5,1651.0,2026-08
2026-08-04 17:58:00,CME_MINI:ES1!,7772.75,7773.5,7771.75,7772.0,1466.0,2026-08
2026-08-04 17:59:00,CME_MINI:ES1!,7772.0,7772.25,7768.0,7768.25,2707.0,2026-08
2026-08-04 18:00:00,CME_MINI:ES1!,7768.25,7769.75,7763.5,7765.0,6937.0,2026-08
2026-08-04 18:01:00,CME_MINI:ES1!,7765.25,7769.75,7764.75,7769.5,4911.0,2026-08
2026-08-04 18:02:00,CME_MINI:ES1!,7769.75,7772.5,7768.75,7770.5,4005.0,2026-08
2026-08-04 18:03:00,CME_MINI:ES1!,7770.75,7770.75,7768.5,7769.75,4253.0,2026-08
2026-08-04 18:04:00,CME_MINI:ES1!,7769.75,7769.75,7765.0,7765.5,3727.0,2026-08
2026-08-04 18:05:00,CME_MINI:ES1!,7765.75,7771.0,7765.0,7770.75,3235.0,2026-08
2026-08-04 18:06:00,CME_MINI:ES1!,7771.0,7771.25,7766.5,7769.25,2532.0,2026-08
2026-08-04 18:07:00,CME_MINI:ES1!,7769.25,7772.25,7769.25,7770.0,1998.0,2026-08
2026-08-04 18:08:00,CME_MINI:ES1!,7770.0,7770.5,7768.5,7769.75,1526.0,2026-08
2026-08-04 18:09:00,CME_MINI:ES1!,7769.75,7772.0,7768.75,7770.75,1838.0,2026-08
2026-08-04 18:10:00,CME_MINI:ES1!,7770.5,7773.25,7770.25,7771.25,2332.0,2026-08
2026-08-04 18:11:00,CME_MINI:ES1!,7771.5,7772.5,7769.75,7770.5,1626.0,2026-08
2026-08-04 18:12:00,CME_MINI:ES1!,7770.75,7771.5,7769.25,7770.75,1440.0,2026-08
2026-08-04 18:13:00,CME_MINI:ES1!,7770.5,7772.25,7769.5,7772.0,1666.0,2026-08
2026-08-04 18:14:00,CME_MINI:ES1!,7771.75,7774.75,7770.75,7774.25,2235.0,2026-08
2026-08-04 18:15:00,CME_MINI:ES1!,7774.25,7776.25,7774.25,7775.25,2799.0,2026-08
2026-08-04 18:16:00,CME_MINI:ES1!,7775.25,7775.25,7772.75,7773.75,1860.0,2026-08
2026-08-04 18:17:00,CME_MINI:ES1!,7773.5,7774.5,7772.25,7772.25,1273.0,2026-08
2026-08-04 18:18:00,CME_MINI:ES1!,7772.25,7774.5,7771.75,7774.0,1414.0,2026-08
2026-08-04 18:19:00,CME_MINI:ES1!,7774.0,7774.5,7772.5,7773.25,1046.0,2026-08
2026-08-04 18:20:00,CME_MINI:ES1!,7773.25,7775.5,7772.75,7775.5,2804.0,2026-08
2026-08-04 18:21:00,CME_MINI:ES1!,7775.5,7775.75,7772.75,7773.5,3000.0,2026-08
2026-08-04 18:22:00,CME_MINI:ES1!,7773.75,7777.0,7773.5,7775.0,2771.0,2026-08
2026-08-04 18:23:00,CME_MINI:ES1!,7775.0,7776.5,7774.75,7775.25,1170.0,2026-08
2026-08-04 18:24:00,CME_MINI:ES1!,7775.25,7775.5,7773.25,7773.75,1429.0,2026-08
2026-08-04 18:25:00,CME_MINI:ES1!,7773.5,7775.25,7773.5,7774.0,1006.0,2026-08
2026-08-04 18:26:00,CME_MINI:ES1!,7774.0,7774.75,7772.25,7773.5,1237.0,2026-08
2026-08-04 18:27:00,CME_MINI:ES1!,7773.25,7774.5,7772.25,7773.0,1393.0,2026-08
2026-08-04 18:28:00,CME_MINI:ES1!,7773.0,7774.75,7772.5,7774.5,1115.0,2026-08
2026-08-04 18:29:00,CME_MINI:ES1!,7774.5,7776.0,7774.25,7776.0,1556.0,2026-08
2026-08-04 18:30:00,CME_MINI:ES1!,7776.0,7776.75,7775.5,7776.75,1708.0,2026-08
2026-08-04 18:31:00,CME_MINI:ES1!,7776.75,7777.25,7774.5,7774.75,1694.0,2026-08
2026-08-04 18:32:00,CME_MINI:ES1!,7775.0,7776.75,7775.0,7776.0,982.0,2026-08
2026-08-04 18:33:00,CME_MINI:ES1!,7776.0,7776.0,7773.75,7775.0,1297.0,2026-08
2026-08-04 18:34:00,CME_MINI:ES1!,7774.75,7775.5,7773.0,7774.0,1792.0,2026-08
2026-08-04 18:35:00,CME_MINI:ES1!,7773.75,7775.5,7773.25,7774.0,1741.0,2026-08
2026-08-04 18:36:00,CME_MINI:ES1!,7774.0,7775.25,7773.75,7774.75,1207.0,2026-08
2026-08-04 18:37:00,CME_MINI:ES1!,7774.75,7774.75,7770.5,7771.75,2745.0,2026-08
2026-08-04 18:38:00,CME_MINI:ES1!,7771.75,7772.25,7770.0,7770.75,2505.0,2026-08
2026-08-04 18:39:00,CME_MINI:ES1!,7771.0,7771.25,7769.75,7771.0,2172.0,2026-08
2026-08-04 18:40:00,CME_MINI:ES1!,7770.75,7770.75,7767.5,7768.25,2933.0,2026-08
2026-08-04 18:41:00,CME_MINI:ES1!,7768.5,7771.0,7768.0,7770.25,2485.0,2026-08
2026-08-04 18:42:00,CME_MINI:ES1!,7770.5,7770.5,7767.0,7767.25,1927.0,2026-08
2026-08-04 18:43:00,CME_MINI:ES1!,7767.5,7768.25,7766.0,7768.0,2239.0,2026-08
2026-08-04 18:44:00,CME_MINI:ES1!,7768.0,7770.0,7767.75,7769.25,2080.0,2026-08
2026-08-04 18:45:00,CME_MINI:ES1!,7769.5,7772.5,7769.25,7771.0,2863.0,2026-08
2026-08-04 18:46:00,CME_MINI:ES1!,7771.0,7773.25,7771.0,7773.0,2323.0,2026-08
2026-08-04 18:47:00,CME_MINI:ES1!,7773.0,7773.5,7771.75,7773.25,1987.0,2026-08
2026-08-04 18:48:00,CME_MINI:ES1!,7773.5,7774.5,7772.75,7773.75,1842.0,2026-08
2026-08-04 18:49:00,CME_MINI:ES1!,7773.75,7775.0,7772.5,7772.75,2193.0,2026-08
2026-08-04 18:50:00,CME_MINI:ES1!,7772.75,7774.75,7772.5,7774.75,1401.0,2026-08
2026-08-04 18:51:00,CME_MINI:ES1!,7774.75,7775.0,7773.25,7774.0,1605.0,2026-08
2026-08-04 18:52:00,CME_MINI:ES1!,7773.75,7774.75,7773.0,7773.75,1712.0,2026-08
2026-08-04 18:53:00,CME_MINI:ES1!,7773.75,7774.0,7772.25,7773.0,1675.0,2026-08
2026-08-04 18:54:00,CME_MINI:ES1!,7773.0,7774.25,7771.25,7772.0,2318.0,2026-08
2026-08-04 18:55:00,CME_MINI:ES1!,7772.0,7773.5,7771.25,7771.75,1856.0,2026-08
2026-08-04 18:56:00,CME_MINI:ES1!,7772.0,7773.25,7771.75,7772.75,1606.0,2026-08
2026-08-04 18:57:00,CME_MINI:ES1!,7772.75,7773.5,7772.25,7772.75,1832.0,2026-08
2026-08-04 18:58:00,CME_MINI:ES1!,7772.75,7773.25,7772.5,7772.5,1106.0,2026-08
2026-08-04 18:59:00,CME_MINI:ES1!,7772.75,7773.25,7771.5,7773.0,1835.0,2026-08
2026-08-04 19:00:00,CME_MINI:ES1!,7773.0,7777.25,7772.75,7777.0,4198.0,2026-08
2026-08-04 19:01:00,CME_MINI:ES1!,7777.25,7780.5,7777.0,7779.5,4674.0,2026-08
2026-08-04 19:02:00,CME_MINI:ES1!,7779.5,7781.0,7778.75,7780.25,2861.0,2026-08
2026-08-04 19:03:00,CME_MINI:ES1!,7780.25,7782.0,7780.0,7781.75,2817.0,2026-08
2026-08-04 19:04:00,CME_MINI:ES1!,7781.75,7782.0,7779.5,7779.75,2534.0,2026-08
2026-08-04 19:05:00,CME_MINI:ES1!,7780.0,7782.0,7778.75,7779.25,3095.0,2026-08
2026-08-04 19:06:00,CME_MINI:ES1!,7779.0,7781.0,7777.5,7780.75,2496.0,2026-08
2026-08-04 19:07:00,CME_MINI:ES1!,7780.5,7780.75,7779.0,7779.75,1891.0,2026-08
2026-08-04 19:08:00,CME_MINI:ES1!,7779.75,7780.75,7778.25,7780.75,1998.0,2026-08
2026-08-04 19:09:00,CME_MINI:ES1!,7781.0,7782.5,7780.5,7782.25,1666.0,2026-08
2026-08-04 19:10:00,CME_MINI:ES1!,7782.0,7782.5,7781.25,7781.5,1806.0,2026-08
2026-08-04 19:11:00,CME_MINI:ES1!,7781.25,7782.0,7780.75,7781.25,2062.0,2026-08
2026-08-04 19:12:00,CME_MINI:ES1!,7781.25,7781.5,7779.5,7779.75,2139.0,2026-08
2026-08-04 19:13:00,CME_MINI:ES1!,7779.5,7781.0,7779.25,7780.75,1619.0,2026-08
2026-08-04 19:14:00,CME_MINI:ES1!,7780.75,7781.5,7780.5,7780.75,1991.0,2026-08
2026-08-04 19:15:00,CME_MINI:ES1!,7780.75,7782.5,7780.0,7780.25,2761.0,2026-08
2026-08-04 19:16:00,CME_MINI:ES1!,7780.0,7782.5,7779.5,7782.5,1710.0,2026-08
2026-08-04 19:17:00,CME_MINI:ES1!,7782.5,7782.75,7781.25,7782.0,1279.0,2026-08
2026-08-04 19:18:00,CME_MINI:ES1!,7782.0,7782.25,7781.0,7781.5,1267.0,2026-08
2026-08-04 19:19:00,CME_MINI:ES1!,7781.25,7782.25,7780.25,7782.0,1547.0,2026-08
2026-08-04 19:20:00,CME_MINI:ES1!,7782.0,7782.75,7781.75,7782.75,1652.0,2026-08
2026-08-04 19:21:00,CME_MINI:ES1!,7782.75,7783.0,7781.5,7781.75,1777.0,2026-08
2026-08-04 19:22:00,CME_MINI:ES1!,7781.75,7782.5,7781.0,7781.25,1278.0,2026-08
2026-08-04 19:23:00,CME_MINI:ES1!,7781.0,7782.0,7779.0,7780.5,3001.0,2026-08
2026-08-04 19:24:00,CME_MINI:ES1!,7780.5,7781.5,7780.0,7780.25,1317.0,2026-08
2026-08-04 19:25:00,CME_MINI:ES1!,7780.25,7781.25,7777.25,7778.25,2991.0,2026-08
2026-08-04 19:26:00,CME_MINI:ES1!,7778.25,7778.25,7776.25,7776.75,2560.0,2026-08
2026-08-04 19:27:00,CME_MINI:ES1!,7776.5,7777.5,7776.0,7776.25,1943.0,2026-08
2026-08-04 19:28:00,CME_MINI:ES1!,7776.25,7776.5,7774.25,7774.5,3420.0,2026-08
2026-08-04 19:29:00,CME_MINI:ES1!,7774.5,7775.25,7773.0,7775.0,2941.0,2026-08
2026-08-04 19:30:00,CME_MINI:ES1!,7775.0,7776.5,7773.0,7776.5,4160.0,2026-08
2026-08-04 19:31:00,CME_MINI:ES1!,7776.25,7778.0,7774.75,7778.0,3223.0,2026-08
2026-08-04 19:32:00,CME_MINI:ES1!,7777.75,7778.25,7775.25,7776.75,2090.0,2026-08
2026-08-04 19:33:00,CME_MINI:ES1!,7776.75,7777.5,7776.25,7776.75,1734.0,2026-08
2026-08-04 19:34:00,CME_MINI:ES1!,7776.5,7777.75,7776.0,7777.75,2283.0,2026-08
2026-08-04 19:35:00,CME_MINI:ES1!,7777.5,7778.25,7774.75,7776.75,3749.0,2026-08
2026-08-04 19:36:00,CME_MINI:ES1!,7776.75,7777.25,7775.0,7777.0,2143.0,2026-08
2026-08-04 19:37:00,CME_MINI:ES1!,7777.0,7780.0,7777.0,7779.75,2719.0,2026-08
2026-08-04 19:38:00,CME_MINI:ES1!,7779.75,7780.5,7779.25,7779.5,2134.0,2026-08
2026-08-04 19:39:00,CME_MINI:ES1!,7779.25,7780.75,7778.75,7779.5,1955.0,2026-08
2026-08-04 19:40:00,CME_MINI:ES1!,7779.25,7781.0,7779.25,7780.75,1875.0,2026-08
2026-08-04 19:41:00,CME_MINI:ES1!,7781.0,7782.25,7780.75,7781.5,2024.0,2026-08
2026-08-04 19:42:00,CME_MINI:ES1!,7781.5,7782.25,7780.75,7782.0,1677.0,2026-08
2026-08-04 19:43:00,CME_MINI:ES1!,7782.25,7784.0,7780.0,7783.75,4537.0,2026-08
2026-08-04 19:44:00,CME_MINI:ES1!,7783.5,7785.25,7783.0,7784.25,4264.0,2026-08
2026-08-04 19:45:00,CME_MINI:ES1!,7784.25,7784.25,7782.5,7784.25,3098.0,2026-08
2026-08-04 19:46:00,CME_MINI:ES1!,7784.25,7786.0,7783.5,7784.0,2854.0,2026-08
2026-08-04 19:47:00,CME_MINI:ES1!,7783.75,7784.25,7781.25,7781.75,2331.0,2026-08
2026-08-04 19:48:00,CME_MINI:ES1!,7781.75,7781.75,7779.25,7781.5,3415.0,2026-08
2026-08-04 19:49:00,CME_MINI:ES1!,7781.25,7781.25,7779.5,7780.75,2554.0,2026-08
2026-08-04 19:50:00,CME_MINI:ES1!,7780.75,7782.5,7775.0,7775.25,9846.0,2026-08
2026-08-04 19:51:00,CME_MINI:ES1!,7775.25,7776.5,7773.75,7774.5,6691.0,2026-08
2026-08-04 19:52:00,CME_MINI:ES1!,7774.5,7776.75,7773.75,7775.25,6517.0,2026-08
2026-08-04 19:53:00,CME_MINI:ES1!,7775.25,7776.25,7772.0,7773.0,5961.0,2026-08
2026-08-04 19:54:00,CME_MINI:ES1!,7773.0,7773.5,7769.0,7769.25,9131.0,2026-08
2026-08-04 19:55:00,CME_MINI:ES1!,7769.25,7770.5,7765.5,7766.75,14336.0,2026-08
2026-08-04 19:56:00,CME_MINI:ES1!,7766.5,7767.0,7763.5,7764.0,8381.0,2026-08
2026-08-04 19:57:00,CME_MINI:ES1!,7764.25,7766.5,7763.25,7765.75,9535.0,2026-08
2026-08-04 19:58:00,CME_MINI:ES1!,7765.5,7768.25,7764.75,7768.0,12824.0,2026-08
2026-08-04 19:59:00,CME_MINI:ES1!,7768.0,7775.5,7761.25,7764.0,86234.0,2026-08
2026-08-04 20:00:00,CME_MINI:ES1!,7764.25,7772.25,7763.5,7769.0,20103.0,2026-08
2026-08-04 20:01:00,CME_MINI:ES1!,7768.75,7774.75,7768.25,7773.25,6037.0,2026-08
2026-08-04 20:02:00,CME_MINI:ES1!,7773.25,7775.0,7771.25,7774.0,3164.0,2026-08
2026-08-04 20:03:00,CME_MINI:ES1!,7773.75,7774.25,7771.75,7772.75,1972.0,2026-08
2026-08-04 20:04:00,CME_MINI:ES1!,7772.75,7775.0,7772.0,7774.25,2050.0,2026-08
2026-08-04 20:05:00,CME_MINI:ES1!,7774.25,7780.5,7774.25,7779.75,2724.0,2026-08
2026-08-04 20:06:00,CME_MINI:ES1!,7779.5,7781.25,7778.0,7778.5,2116.0,2026-08
2026-08-04 20:07:00,CME_MINI:ES1!,7778.75,7779.0,7776.25,7777.75,1739.0,2026-08
2026-08-04 20:08:00,CME_MINI:ES1!,7777.75,7777.75,7775.5,7776.0,2204.0,2026-08
2026-08-04 20:09:00,CME_MINI:ES1!,7775.75,7776.5,7774.0,7774.75,1396.0,2026-08
2026-08-04 20:10:00,CME_MINI:ES1!,7774.5,7775.5,7774.0,7774.5,1356.0,2026-08
2026-08-04 20:11:00,CME_MINI:ES1!,7774.5,7774.5,7771.0,7771.25,1638.0,2026-08
2026-08-04 20:12:00,CME_MINI:ES1!,7771.25,7773.5,7771.0,7772.5,1042.0,2026-08
2026-08-04 20:13:00,CME_MINI:ES1!,7772.75,7774.25,7772.5,7773.25,1082.0,2026-08
2026-08-04 20:14:00,CME_MINI:ES1!,7773.25,7775.5,7772.25,7773.75,1396.0,2026-08
2026-08-04 20:15:00,CME_MINI:ES1!,7773.25,7773.25,7764.0,7766.75,2881.0,2026-08
2026-08-04 20:16:00,CME_MINI:ES1!,7766.75,7767.25,7762.0,7763.0,2565.0,2026-08
2026-08-04 20:17:00,CME_MINI:ES1!,7763.0,7766.5,7761.25,7765.5,2255.0,2026-08
2026-08-04 20:18:00,CME_MINI:ES1!,7765.5,7768.5,7764.5,7764.75,1465.0,2026-08
2026-08-04 20:19:00,CME_MINI:ES1!,7764.75,7765.25,7762.25,7764.0,1193.0,2026-08
2026-08-04 20:20:00,CME_MINI:ES1!,7764.0,7766.0,7763.75,7765.75,934.0,2026-08
2026-08-04 20:21:00,CME_MINI:ES1!,7766.0,7768.25,7764.75,7768.25,751.0,2026-08
2026-08-04 20:22:00,CME_MINI:ES1!,7768.25,7769.0,7767.25,7768.75,730.0,2026-08
2026-08-04 20:23:00,CME_MINI:ES1!,7768.75,7771.0,7768.5,7769.5,1049.0,2026-08
2026-08-04 20:24:00,CME_MINI:ES1!,7769.5,7769.75,7766.5,7767.0,483.0,2026-08
2026-08-04 20:25:00,CME_MINI:ES1!,7767.25,7770.25,7767.25,7769.75,551.0,2026-08
2026-08-04 20:26:00,CME_MINI:ES1!,7769.75,7771.5,7768.75,7770.0,843.0,2026-08
2026-08-04 20:27:00,CME_MINI:ES1!,7770.0,7770.5,7767.75,7767.75,466.0,2026-08
2026-08-04 20:28:00,CME_MINI:ES1!,7767.75,7767.75,7765.25,7766.0,686.0,2026-08
2026-08-04 20:29:00,CME_MINI:ES1!,7766.0,7768.5,7765.5,7767.0,649.0,2026-08
2026-08-04 20:30:00,CME_MINI:ES1!,7766.75,7769.25,7766.75,7767.75,261.0,2026-08
2026-08-04 20:31:00,CME_MINI:ES1!,7767.75,7768.75,7767.25,7768.0,284.0,2026-08
2026-08-04 20:32:00,CME_MINI:ES1!,7768.0,7768.5,7766.25,7766.75,206.0,2026-08
2026-08-04 20:33:00,CME_MINI:ES1!,7766.75,7768.25,7765.75,7767.75,245.0,2026-08
2026-08-04 20:34:00,CME_MINI:ES1!,7767.5,7767.5,7765.0,7766.75,405.0,2026-08
2026-08-04 20:35:00,CME_MINI:ES1!,7766.75,7767.5,7766.0,7766.75,232.0,2026-08
2026-08-04 20:36:00,CME_MINI:ES1!,7766.75,7768.5,7765.5,7768.5,345.0,2026-08
2026-08-04 20:37:00,CME_MINI:ES1!,7768.5,7768.75,7766.25,7767.0,468.0,2026-08
2026-08-04 20:38:00,CME_MINI:ES1!,7767.25,7767.75,7766.25,7767.25,270.0,2026-08
2026-08-04 20:39:00,CME_MINI:ES1!,7767.0,7768.0,7766.25,7766.5,242.0,2026-08
2026-08-04 20:40:00,CME_MINI:ES1!,7766.75,7770.25,7766.25,7769.5,486.0,2026-08
2026-08-04 20:41:00,CME_MINI:ES1!,7769.5,7771.5,7769.25,7771.0,479.0,2026-08
2026-08-04 20:42:00,CME_MINI:ES1!,7771.25,7771.75,7770.5,7770.75,278.0,2026-08
2026-08-04 20:43:00,CME_MINI:ES1!,7770.75,7773.25,7770.25,7770.25,531.0,2026-08
2026-08-04 20:44:00,CME_MINI:ES1!,7770.25,7771.25,7770.25,7771.0,363.0,2026-08
2026-08-04 20:45:00,CME_MINI:ES1!,7771.0,7771.75,7770.5,7770.5,418.0,2026-08
2026-08-04 20:46:00,CME_MINI:ES1!,7770.5,7773.25,7770.5,7772.75,399.0,2026-08
2026-08-04 20:47:00,CME_MINI:ES1!,7772.75,7774.75,7772.5,7774.5,536.0,2026-08
2026-08-04 20:48:00,CME_MINI:ES1!,7774.5,7774.5,7773.25,7773.25,299.0,2026-08
2026-08-04 20:49:00,CME_MINI:ES1!,7773.25,7773.75,7772.5,7773.75,374.0,2026-08
2026-08-04 20:50:00,CME_MINI:ES1!,7773.75,7773.75,7771.25,7772.0,429.0,2026-08
2026-08-04 20:51:00,CME_MINI:ES1!,7771.75,7771.75,7770.5,7770.75,378.0,2026-08
2026-08-04 20:52:00,CME_MINI:ES1!,7771.25,7772.25,7770.75,7772.0,363.0,2026-08
2026-08-04 20:53:00,CME_MINI:ES1!,7772.0,7773.25,7772.0,7773.25,240.0,2026-08
2026-08-04 20:54:00,CME_MINI:ES1!,7773.0,7773.5,7772.5,7772.5,253.0,2026-08
2026-08-04 20:55:00,CME_MINI:ES1!,7772.5,7773.5,7772.0,7773.25,443.0,2026-08
2026-08-04 20:56:00,CME_MINI:ES1!,7773.5,7774.5,7773.5,7773.5,288.0,2026-08
2026-08-04 20:57:00,CME_MINI:ES1!,7773.75,7774.75,7772.75,7774.5,648.0,2026-08
2026-08-04 20:58:00,CME_MINI:ES1!,7774.25,7774.75,7773.0,7774.75,533.0,2026-08
2026-08-04 20:59:00,CME_MINI:ES1!,7774.5,7775.5,7773.75,7774.5,1007.0,2026-08
2026-08-04 22:00:00,CME_MINI:ES1!,7772.0,7775.0,7772.0,7774.75,531.0,2026-08
2026-08-04 22:01:00,CME_MINI:ES1!,7774.75,7775.0,7771.75,7772.75,268.0,2026-08
2026-08-04 22:02:00,CME_MINI:ES1!,7772.5,7773.75,7771.5,7772.0,245.0,2026-08
2026-08-04 22:03:00,CME_MINI:ES1!,7772.0,7772.75,7771.0,7772.75,227.0,2026-08
2026-08-04 22:04:00,CME_MINI:ES1!,7772.75,7773.25,7772.25,7773.25,172.0,2026-08
2026-08-04 22:05:00,CME_MINI:ES1!,7773.5,7775.75,7773.5,7775.0,233.0,2026-08
2026-08-04 22:06:00,CME_MINI:ES1!,7775.25,7775.75,7774.75,7775.75,204.0,2026-08
2026-08-04 22:07:00,CME_MINI:ES1!,7775.5,7777.0,7775.5,7776.5,231.0,2026-08
2026-08-04 22:08:00,CME_MINI:ES1!,7776.25,7778.75,7776.25,7776.25,650.0,2026-08
2026-08-04 22:09:00,CME_MINI:ES1!,7776.5,7777.5,7775.75,7776.0,125.0,2026-08
2026-08-04 22:10:00,CME_MINI:ES1!,7776.0,7777.5,7775.5,7776.75,200.0,2026-08
2026-08-04 22:11:00,CME_MINI:ES1!,7776.75,7777.5,7776.5,7777.0,77.0,2026-08
2026-08-04 22:12:00,CME_MINI:ES1!,7776.75,7777.5,7776.5,7777.5,79.0,2026-08
2026-08-04 22:13:00,CME_MINI:ES1!,7777.5,7778.25,7777.0,7777.25,167.0,2026-08
2026-08-04 22:14:00,CME_MINI:ES1!,7777.5,7778.25,7777.25,7778.25,141.0,2026-08
2026-08-04 22:15:00,CME_MINI:ES1!,7778.0,7778.5,7777.75,7778.0,88.0,2026-08
2026-08-04 22:16:00,CME_MINI:ES1!,7778.0,7778.75,7777.5,7778.25,233.0,2026-08
2026-08-04 22:17:00,CME_MINI:ES1!,7778.25,7778.75,7777.75,7778.5,136.0,2026-08
2026-08-04 22:18:00,CME_MINI:ES1!,7778.25,7778.75,7778.0,7778.5,131.0,2026-08
2026-08-04 22:19:00,CME_MINI:ES1!,7778.25,7780.0,7778.0,7779.5,335.0,2026-08
2026-08-04 22:20:00,CME_MINI:ES1!,7779.75,7781.5,7779.75,7780.25,337.0,2026-08
2026-08-04 22:21:00,CME_MINI:ES1!,7780.25,7780.75,7780.0,7780.25,107.0,2026-08
2026-08-04 22:22:00,CME_MINI:ES1!,7780.0,7780.0,7778.5,7779.25,161.0,2026-08
2026-08-04 22:23:00,CME_MINI:ES1!,7779.0,7779.0,7778.0,7778.75,210.0,2026-08
2026-08-04 22:24:00,CME_MINI:ES1!,7778.5,7778.5,7777.75,7777.75,62.0,2026-08
2026-08-04 22:25:00,CME_MINI:ES1!,7778.0,7778.5,7777.75,7778.5,95.0,2026-08
2026-08-04 22:26:00,CME_MINI:ES1!,7778.5,7779.5,7777.5,7779.0,117.0,2026-08
2026-08-04 22:27:00,CME_MINI:ES1!,7779.25,7780.25,7779.0,7780.25,80.0,2026-08
2026-08-04 22:28:00,CME_MINI:ES1!,7780.25,7781.0,7779.5,7779.75,102.0,2026-08
2026-08-04 22:29:00,CME_MINI:ES1!,7779.5,7781.0,7779.5,7780.25,114.0,2026-08
2026-08-04 22:30:00,CME_MINI:ES1!,7780.25,7780.25,7779.25,7780.0,142.0,2026-08
2026-08-04 22:31:00,CME_MINI:ES1!,7780.25,7781.25,7780.25,7780.75,160.0,2026-08
2026-08-04 22:32:00,CME_MINI:ES1!,7780.75,7782.0,7780.75,7781.25,171.0,2026-08
2026-08-04 22:33:00,CME_MINI:ES1!,7781.25,7781.5,7781.0,7781.25,76.0,2026-08
2026-08-04 22:34:00,CME_MINI:ES1!,7781.25,7782.75,7781.25,7781.75,205.0,2026-08
2026-08-04 22:35:00,CME_MINI:ES1!,7781.5,7782.5,7781.25,7782.25,96.0,2026-08
2026-08-04 22:36:00,CME_MINI:ES1!,7782.25,7783.25,7781.5,7781.75,176.0,2026-08
2026-08-04 22:37:00,CME_MINI:ES1!,7781.75,7782.0,7781.0,7781.25,115.0,2026-08
2026-08-04 22:38:00,CME_MINI:ES1!,7781.25,7781.25,7780.75,7781.0,77.0,2026-08
2026-08-04 22:39:00,CME_MINI:ES1!,7780.75,7780.75,7780.0,7780.75,121.0,2026-08
2026-08-04 22:40:00,CME_MINI:ES1!,7781.0,7781.0,7779.75,7780.5,91.0,2026-08
2026-08-04 22:41:00,CME_MINI:ES1!,7780.0,7780.75,7779.25,7779.25,74.0,2026-08
2026-08-04 22:42:00,CME_MINI:ES1!,7779.25,7780.0,7779.0,7779.75,43.0,2026-08
2026-08-04 22:43:00,CME_MINI:ES1!,7779.5,7780.0,7778.0,7778.0,157.0,2026-08
2026-08-04 22:44:00,CME_MINI:ES1!,7777.75,7778.25,7777.75,7778.0,91.0,2026-08
2026-08-04 22:45:00,CME_MINI:ES1!,7778.25,7779.25,7778.25,7779.0,99.0,2026-08
2026-08-04 22:46:00,CME_MINI:ES1!,7779.0,7779.5,7778.5,7779.5,52.0,2026-08
2026-08-04 22:47:00,CME_MINI:ES1!,7779.75,7779.75,7777.5,7777.75,407.0,2026-08
2026-08-04 22:48:00,CME_MINI:ES1!,7777.75,7778.5,7777.75,7778.25,55.0,2026-08
2026-08-04 22:49:00,CME_MINI:ES1!,7778.0,7778.75,7777.75,7778.0,50.0,2026-08
2026-08-04 22:50:00,CME_MINI:ES1!,7778.0,7779.0,7778.0,7779.0,84.0,2026-08
2026-08-04 22:51:00,CME_MINI:ES1!,7778.75,7779.25,7778.25,7778.5,42.0,2026-08
2026-08-04 22:52:00,CME_MINI:ES1!,7778.5,7779.0,7778.25,7778.75,78.0,2026-08
2026-08-04 22:53:00,CME_MINI:ES1!,7778.75,7778.75,7777.75,7777.75,56.0,2026-08
2026-08-04 22:54:00,CME_MINI:ES1!,7777.75,7778.75,7777.5,7778.5,92.0,2026-08
2026-08-04 22:55:00,CME_MINI:ES1!,7778.5,7778.5,7778.25,7778.5,23.0,2026-08
2026-08-04 22:56:00,CME_MINI:ES1!,7778.5,7779.0,7778.5,7778.75,47.0,2026-08
2026-08-04 22:57:00,CME_MINI:ES1!,7778.75,7780.0,7778.5,7780.0,71.0,2026-08
2026-08-04 22:58:00,CME_MINI:ES1!,7780.0,7780.5,7780.0,7780.25,83.0,2026-08
2026-08-04 22:59:00,CME_MINI:ES1!,7780.5,7780.75,7780.25,7780.75,36.0,2026-08
2026-08-04 23:00:00,CME_MINI:ES1!,7780.75,7782.0,7778.75,7779.25,261.0,2026-08
2026-08-04 23:01:00,CME_MINI:ES1!,7779.25,7781.0,7779.25,7780.0,176.0,2026-08
2026-08-04 23:02:00,CME_MINI:ES1!,7780.0,7780.0,7779.25,7780.0,42.0,2026-08
2026-08-04 23:03:00,CME_MINI:ES1!,7779.75,7781.0,7779.75,7780.75,48.0,2026-08
2026-08-04 23:04:00,CME_MINI:ES1!,7780.5,7782.75,7780.25,7782.25,177.0,2026-08
2026-08-04 23:05:00,CME_MINI:ES1!,7782.0,7782.5,7781.75,7782.25,98.0,2026-08
2026-08-04 23:06:00,CME_MINI:ES1!,7782.25,7782.5,7781.75,7782.5,86.0,2026-08
2026-08-04 23:07:00,CME_MINI:ES1!,7782.5,7782.5,7782.0,7782.25,61.0,2026-08
2026-08-04 23:08:00,CME_MINI:ES1!,7782.25,7782.75,7782.0,7782.5,132.0,2026-08
2026-08-04 23:09:00,CME_MINI:ES1!,7782.75,7782.75,7782.25,7782.25,38.0,2026-08
2026-08-04 23:10:00,CME_MINI:ES1!,7782.0,7782.5,7781.5,7781.75,92.0,2026-08
2026-08-04 23:11:00,CME_MINI:ES1!,7782.0,7782.75,7781.5,7781.5,145.0,2026-08
2026-08-04 23:12:00,CME_MINI:ES1!,7781.75,7782.0,7781.25,7782.0,80.0,2026-08
2026-08-04 23:13:00,CME_MINI:ES1!,7782.0,7782.25,7781.5,7781.75,75.0,2026-08
2026-08-04 23:14:00,CME_MINI:ES1!,7781.75,7782.0,7781.5,7782.0,32.0,2026-08
2026-08-04 23:15:00,CME_MINI:ES1!,7782.0,7782.5,7782.0,7782.5,46.0,2026-08
2026-08-04 23:16:00,CME_MINI:ES1!,7782.5,7782.5,7782.0,7782.25,46.0,2026-08
2026-08-04 23:17:00,CME_MINI:ES1!,7782.0,7782.25,7782.0,7782.25,19.0,2026-08
2026-08-04 23:18:00,CME_MINI:ES1!,7782.0,7782.5,7782.0,7782.5,32.0,2026-08
2026-08-04 23:19:00,CME_MINI:ES1!,7782.5,7782.5,7782.5,7782.5,8.0,2026-08
2026-08-04 23:20:00,CME_MINI:ES1!,7782.5,7782.5,7781.75,7781.75,52.0,2026-08
2026-08-04 23:21:00,CME_MINI:ES1!,7781.5,7781.75,7781.25,7781.5,44.0,2026-08
2026-08-04 23:22:00,CME_MINI:ES1!,7781.5,7781.5,7781.0,7781.25,42.0,2026-08
2026-08-04 23:23:00,CME_MINI:ES1!,7781.25,7781.25,7781.0,7781.25,9.0,2026-08
2026-08-04 23:24:00,CME_MINI:ES1!,7781.25,7781.25,7780.5,7780.5,68.0,2026-08
2026-08-04 23:25:00,CME_MINI:ES1!,7780.5,7780.5,7779.5,7780.0,118.0,2026-08
2026-08-04 23:26:00,CME_MINI:ES1!,7780.25,7780.25,7779.5,7779.75,39.0,2026-08
2026-08-04 23:27:00,CME_MINI:ES1!,7779.75,7780.25,7779.25,7780.0,50.0,2026-08
2026-08-04 23:28:00,CME_MINI:ES1!,7780.0,7780.25,7779.5,7779.75,64.0,2026-08
2026-08-04 23:29:00,CME_MINI:ES1!,7779.75,7779.75,7779.0,7779.5,50.0,2026-08
2026-08-04 23:30:00,CME_MINI:ES1!,7779.5,7779.5,7778.25,7778.5,157.0,2026-08
2026-08-04 23:31:00,CME_MINI:ES1!,7778.75,7778.75,7778.25,7778.25,30.0,2026-08
2026-08-04 23:32:00,CME_MINI:ES1!,7778.25,7779.5,7778.25,7778.75,119.0,2026-08
2026-08-04 23:33:00,CME_MINI:ES1!,7778.75,7778.75,7777.5,7778.25,136.0,2026-08
2026-08-04 23:34:00,CME_MINI:ES1!,7778.0,7778.0,7776.25,7776.5,217.0,2026-08
2026-08-04 23:35:00,CME_MINI:ES1!,7776.5,7776.75,7776.0,7776.75,87.0,2026-08
2026-08-04 23:36:00,CME_MINI:ES1!,7776.5,7776.75,7775.75,7776.25,133.0,2026-08
2026-08-04 23:37:00,CME_MINI:ES1!,7776.5,7777.5,7776.0,7776.5,104.0,2026-08
2026-08-04 23:38:00,CME_MINI:ES1!,7776.25,7776.5,7776.0,7776.25,109.0,2026-08
2026-08-04 23:39:00,CME_MINI:ES1!,7776.5,7777.25,7776.0,7776.75,82.0,2026-08
2026-08-04 23:40:00,CME_MINI:ES1!,7776.75,7780.0,7776.5,7779.75,230.0,2026-08
2026-08-04 23:41:00,CME_MINI:ES1!,7779.75,7780.0,7778.75,7779.75,163.0,2026-08
2026-08-04 23:42:00,CME_MINI:ES1!,7779.5,7780.0,7779.0,7779.0,47.0,2026-08
2026-08-04 23:43:00,CME_MINI:ES1!,7779.0,7779.25,7776.75,7779.0,471.0,2026-08
2026-08-04 23:44:00,CME_MINI:ES1!,7778.75,7779.5,7778.25,7779.25,81.0,2026-08
2026-08-04 23:45:00,CME_MINI:ES1!,7779.25,7780.5,7778.0,7780.0,125.0,2026-08
2026-08-04 23:46:00,CME_MINI:ES1!,7780.25,7781.25,7779.75,7780.75,298.0,2026-08
2026-08-04 23:47:00,CME_MINI:ES1!,7780.75,7780.75,7778.25,7778.5,220.0,2026-08
2026-08-04 23:48:00,CME_MINI:ES1!,7778.5,7778.75,7777.5,7777.75,142.0,2026-08
2026-08-04 23:49:00,CME_MINI:ES1!,7777.75,7778.5,7777.5,7778.5,40.0,2026-08
2026-08-04 23:50:00,CME_MINI:ES1!,7778.75,7780.5,7778.5,7779.75,207.0,2026-08
2026-08-04 23:51:00,CME_MINI:ES1!,7779.5,7779.5,7778.75,7779.5,45.0,2026-08
2026-08-04 23:52:00,CME_MINI:ES1!,7779.5,7779.75,7779.0,7779.75,101.0,2026-08
2026-08-04 23:53:00,CME_MINI:ES1!,7779.75,7779.75,7777.75,7777.75,74.0,2026-08
2026-08-04 23:54:00,CME_MINI:ES1!,7778.0,7778.5,7777.25,7778.25,102.0,2026-08
2026-08-04 23:55:00,CME_MINI:ES1!,7778.25,7779.5,7778.0,7779.25,51.0,2026-08
2026-08-04 23:56:00,CME_MINI:ES1!,7779.0,7780.25,7778.25,7778.25,119.0,2026-08
2026-08-04 23:57:00,CME_MINI:ES1!,7778.25,7779.5,7777.5,7779.5,90.0,2026-08
2026-08-04 23:58:00,CME_MINI:ES1!,7779.25,7780.5,7779.25,7780.0,75.0,2026-08
2026-08-04 23:59:00,CME_MINI:ES1!,7780.0,7780.25,7777.5,7777.5,145.0,2026-08
2026-08-05 00:00:00,CME_MINI:ES1!,7777.25,7778.75,7776.0,7777.75,385.0,2026-08
2026-08-05 00:01:00,CME_MINI:ES1!,7777.75,7779.5,7777.5,7779.5,189.0,2026-08
2026-08-05 00:02:00,CME_MINI:ES1!,7779.75,7779.75,7776.75,7777.5,159.0,2026-08
2026-08-05 00:03:00,CME_MINI:ES1!,7777.5,7778.5,7776.75,7778.25,148.0,2026-08
2026-08-05 00:04:00,CME_MINI:ES1!,7778.0,7778.75,7777.25,7778.25,225.0,2026-08
2026-08-05 00:05:00,CME_MINI:ES1!,7778.5,7779.75,7778.0,7779.75,217.0,2026-08
2026-08-05 00:06:00,CME_MINI:ES1!,7779.75,7780.5,7779.0,7780.0,200.0,2026-08
2026-08-05 00:07:00,CME_MINI:ES1!,7779.75,7780.0,7778.5,7779.5,135.0,2026-08
2026-08-05 00:08:00,CME_MINI:ES1!,7779.25,7779.5,7777.25,7778.0,152.0,2026-08
2026-08-05 00:09:00,CME_MINI:ES1!,7778.25,7778.25,7777.5,7777.75,104.0,2026-08
2026-08-05 00:10:00,CME_MINI:ES1!,7777.75,7779.0,7777.5,7778.25,115.0,2026-08
2026-08-05 00:11:00,CME_MINI:ES1!,7778.25,7780.0,7777.5,7779.75,165.0,2026-08
2026-08-05 00:12:00,CME_MINI:ES1!,7779.5,7780.0,7779.25,7779.75,79.0,2026-08
2026-08-05 00:13:00,CME_MINI:ES1!,7780.0,7780.5,7779.25,7780.0,87.0,2026-08
2026-08-05 00:14:00,CME_MINI:ES1!,7780.0,7780.5,7779.25,7780.25,84.0,2026-08
2026-08-05 00:15:00,CME_MINI:ES1!,7780.25,7780.25,7779.5,7779.5,129.0,2026-08
2026-08-05 00:16:00,CME_MINI:ES1!,7779.75,7780.5,7779.0,7779.5,200.0,2026-08
2026-08-05 00:17:00,CME_MINI:ES1!,7779.5,7780.0,7778.75,7779.0,117.0,2026-08
2026-08-05 00:18:00,CME_MINI:ES1!,7779.25,7779.75,7779.0,7779.25,132.0,2026-08
2026-08-05 00:19:00,CME_MINI:ES1!,7779.5,7780.25,7779.25,7780.0,77.0,2026-08
2026-08-05 00:20:00,CME_MINI:ES1!,7780.0,7780.25,7778.5,7779.0,226.0,2026-08
2026-08-05 00:21:00,CME_MINI:ES1!,7779.0,7781.75,7779.0,7781.5,226.0,2026-08
2026-08-05 00:22:00,CME_MINI:ES1!,7781.5,7783.25,7781.5,7782.5,215.0,2026-08
2026-08-05 00:23:00,CME_MINI:ES1!,7783.0,7783.25,7782.5,7783.0,89.0,2026-08
2026-08-05 00:24:00,CME_MINI:ES1!,7782.75,7783.0,7782.25,7782.25,85.0,2026-08
2026-08-05 00:25:00,CME_MINI:ES1!,7782.25,7782.5,7781.5,7782.25,121.0,2026-08
2026-08-05 00:26:00,CME_MINI:ES1!,7782.25,7783.25,7782.25,7782.75,157.0,2026-08
2026-08-05 00:27:00,CME_MINI:ES1!,7782.75,7783.5,7782.75,7783.5,121.0,2026-08
2026-08-05 00:28:00,CME_MINI:ES1!,7783.5,7783.75,7782.75,7783.0,100.0,2026-08
2026-08-05 00:29:00,CME_MINI:ES1!,7783.25,7783.5,7782.75,7783.25,90.0,2026-08
2026-08-05 00:30:00,CME_MINI:ES1!,7783.5,7784.75,7783.25,7784.25,291.0,2026-08
2026-08-05 00:31:00,CME_MINI:ES1!,7784.25,7785.5,7783.75,7784.0,329.0,2026-08
2026-08-05 00:32:00,CME_MINI:ES1!,7784.0,7784.5,7783.75,7784.0,99.0,2026-08
2026-08-05 00:33:00,CME_MINI:ES1!,7784.25,7784.5,7784.0,7784.25,93.0,2026-08
2026-08-05 00:34:00,CME_MINI:ES1!,7784.5,7784.5,7784.0,7784.0,82.0,2026-08
2026-08-05 00:35:00,CME_MINI:ES1!,7784.25,7784.5,7783.75,7784.0,85.0,2026-08
2026-08-05 00:36:00,CME_MINI:ES1!,7784.25,7784.25,7783.5,7783.5,124.0,2026-08
2026-08-05 00:37:00,CME_MINI:ES1!,7783.75,7783.75,7782.75,7783.25,166.0,2026-08
2026-08-05 00:38:00,CME_MINI:ES1!,7783.25,7783.75,7782.5,7782.5,82.0,2026-08
2026-08-05 00:39:00,CME_MINI:ES1!,7782.5,7782.5,7780.5,7782.0,271.0,2026-08
2026-08-05 00:40:00,CME_MINI:ES1!,7782.0,7782.75,7781.75,7782.25,90.0,2026-08
2026-08-05 00:41:00,CME_MINI:ES1!,7782.0,7782.75,7781.0,7782.25,116.0,2026-08
2026-08-05 00:42:00,CME_MINI:ES1!,7782.0,7782.5,7781.25,7781.5,100.0,2026-08
2026-08-05 00:43:00,CME_MINI:ES1!,7782.0,7782.0,7781.0,7781.5,110.0,2026-08
2026-08-05 00:44:00,CME_MINI:ES1!,7781.5,7781.5,7780.25,7780.5,75.0,2026-08
2026-08-05 00:45:00,CME_MINI:ES1!,7780.5,7781.25,7780.0,7781.0,107.0,2026-08
2026-08-05 00:46:00,CME_MINI:ES1!,7781.25,7781.5,7780.5,7781.0,156.0,2026-08
2026-08-05 00:47:00,CME_MINI:ES1!,7781.0,7781.0,7779.75,7780.0,117.0,2026-08
2026-08-05 00:48:00,CME_MINI:ES1!,7779.75,7780.0,7779.0,7779.75,205.0,2026-08
2026-08-05 00:49:00,CME_MINI:ES1!,7779.75,7780.75,7779.75,7780.75,80.0,2026-08
2026-08-05 00:50:00,CME_MINI:ES1!,7781.0,7781.0,7779.75,7780.5,92.0,2026-08
2026-08-05 00:51:00,CME_MINI:ES1!,7780.5,7782.5,7780.25,7782.5,101.0,2026-08
2026-08-05 00:52:00,CME_MINI:ES1!,7782.5,7784.25,7782.5,7783.5,206.0,2026-08
2026-08-05 00:53:00,CME_MINI:ES1!,7783.5,7783.5,7781.0,7781.75,219.0,2026-08
2026-08-05 00:54:00,CME_MINI:ES1!,7782.0,7783.0,7781.75,7783.0,114.0,2026-08
2026-08-05 00:55:00,CME_MINI:ES1!,7783.25,7783.5,7782.5,7782.75,82.0,2026-08
2026-08-05 00:56:00,CME_MINI:ES1!,7782.75,7784.0,7782.75,7784.0,105.0,2026-08
2026-08-05 00:57:00,CME_MINI:ES1!,7784.0,7784.25,7783.0,7783.25,134.0,2026-08
2026-08-05 00:58:00,CME_MINI:ES1!,7783.25,7783.75,7783.25,7783.5,102.0,2026-08
2026-08-05 00:59:00,CME_MINI:ES1!,7783.5,7784.25,7783.25,7784.25,67.0,2026-08
2026-08-05 01:00:00,CME_MINI:ES1!,7784.25,7784.5,7781.75,7782.0,213.0,2026-08
2026-08-05 01:01:00,CME_MINI:ES1!,7782.25,7783.25,7780.75,7781.0,333.0,2026-08
2026-08-05 01:02:00,CME_MINI:ES1!,7781.25,7781.25,7779.75,7780.5,228.0,2026-08
2026-08-05 01:03:00,CME_MINI:ES1!,7780.5,7780.5,7778.5,7779.75,250.0,2026-08
2026-08-05 01:04:00,CME_MINI:ES1!,7779.75,7781.0,7779.5,7780.25,165.0,2026-08
2026-08-05 01:05:00,CME_MINI:ES1!,7780.25,7781.75,7780.25,7781.75,85.0,2026-08
2026-08-05 01:06:00,CME_MINI:ES1!,7781.5,7782.0,7781.0,7782.0,55.0,2026-08
2026-08-05 01:07:00,CME_MINI:ES1!,7782.0,7782.75,7781.75,7782.0,123.0,2026-08
2026-08-05 01:08:00,CME_MINI:ES1!,7782.0,7782.5,7781.75,7781.75,195.0,2026-08
2026-08-05 01:09:00,CME_MINI:ES1!,7781.75,7782.75,7781.25,7782.75,66.0,2026-08
2026-08-05 01:10:00,CME_MINI:ES1!,7783.0,7783.5,7782.75,7783.5,81.0,2026-08
2026-08-05 01:11:00,CME_MINI:ES1!,7783.75,7783.75,7783.0,7783.75,100.0,2026-08
2026-08-05 01:12:00,CME_MINI:ES1!,7784.0,7784.0,7783.25,7783.5,59.0,2026-08
2026-08-05 01:13:00,CME_MINI:ES1!,7783.25,7783.5,7781.75,7782.0,94.0,2026-08
2026-08-05 01:14:00,CME_MINI:ES1!,7782.0,7782.5,7782.0,7782.25,58.0,2026-08
2026-08-05 01:15:00,CME_MINI:ES1!,7782.25,7782.5,7780.75,7781.0,132.0,2026-08
2026-08-05 01:16:00,CME_MINI:ES1!,7781.25,7781.25,7780.0,7780.5,147.0,2026-08
2026-08-05 01:17:00,CME_MINI:ES1!,7780.25,7780.25,7778.75,7779.75,237.0,2026-08
2026-08-05 01:18:00,CME_MINI:ES1!,7779.75,7780.75,7779.5,7780.25,130.0,2026-08
2026-08-05 01:19:00,CME_MINI:ES1!,7780.25,7780.25,7779.0,7779.0,199.0,2026-08
2026-08-05 01:20:00,CME_MINI:ES1!,7779.25,7780.25,7779.0,7780.0,275.0,2026-08
2026-08-05 01:21:00,CME_MINI:ES1!,7780.25,7780.25,7779.25,7779.5,129.0,2026-08
2026-08-05 01:22:00,CME_MINI:ES1!,7779.5,7779.5,7778.5,7779.25,116.0,2026-08
2026-08-05 01:23:00,CME_MINI:ES1!,7779.5,7779.5,7778.75,7779.0,122.0,2026-08
2026-08-05 01:24:00,CME_MINI:ES1!,7779.0,7779.25,7778.25,7778.75,97.0,2026-08
2026-08-05 01:25:00,CME_MINI:ES1!,7778.75,7778.75,7778.5,7778.5,50.0,2026-08
2026-08-05 01:26:00,CME_MINI:ES1!,7778.5,7778.75,7777.75,7778.5,146.0,2026-08
2026-08-05 01:27:00,CME_MINI:ES1!,7778.25,7778.75,7777.75,7778.75,133.0,2026-08
2026-08-05 01:28:00,CME_MINI:ES1!,7778.75,7778.75,7778.0,7778.25,76.0,2026-08
2026-08-05 01:29:00,CME_MINI:ES1!,7778.25,7779.5,7778.25,7779.0,99.0,2026-08
2026-08-05 01:30:00,CME_MINI:ES1!,7779.0,7780.25,7778.5,7779.5,158.0,2026-08
2026-08-05 01:31:00,CME_MINI:ES1!,7779.5,7779.75,7779.25,7779.5,112.0,2026-08
2026-08-05 01:32:00,CME_MINI:ES1!,7779.75,7780.75,7779.5,7780.5,165.0,2026-08
2026-08-05 01:33:00,CME_MINI:ES1!,7780.5,7780.75,7778.75,7779.0,118.0,2026-08
2026-08-05 01:34:00,CME_MINI:ES1!,7779.0,7780.0,7779.0,7779.5,175.0,2026-08
2026-08-05 01:35:00,CME_MINI:ES1!,7779.75,7780.25,7779.25,7780.25,63.0,2026-08
2026-08-05 01:36:00,CME_MINI:ES1!,7780.5,7781.75,7780.5,7781.25,158.0,2026-08
2026-08-05 01:37:00,CME_MINI:ES1!,7781.5,7781.75,7780.5,7780.75,144.0,2026-08
2026-08-05 01:38:00,CME_MINI:ES1!,7780.75,7782.5,7780.5,7782.25,182.0,2026-08
2026-08-05 01:39:00,CME_MINI:ES1!,7782.25,7783.5,7782.25,7783.5,97.0,2026-08
2026-08-05 01:40:00,CME_MINI:ES1!,7783.5,7783.75,7782.75,7783.75,100.0,2026-08
2026-08-05 01:41:00,CME_MINI:ES1!,7783.5,7783.5,7781.25,7781.25,111.0,2026-08
2026-08-05 01:42:00,CME_MINI:ES1!,7781.5,7783.5,7781.5,7783.25,79.0,2026-08
2026-08-05 01:43:00,CME_MINI:ES1!,7783.25,7783.5,7782.5,7782.5,86.0,2026-08
2026-08-05 01:44:00,CME_MINI:ES1!,7782.75,7783.25,7782.25,7782.5,85.0,2026-08
2026-08-05 01:45:00,CME_MINI:ES1!,7782.25,7783.5,7782.25,7783.25,126.0,2026-08
2026-08-05 01:46:00,CME_MINI:ES1!,7783.5,7784.75,7783.25,7783.5,196.0,2026-08
2026-08-05 01:47:00,CME_MINI:ES1!,7783.75,7784.5,7783.0,7783.75,315.0,2026-08
2026-08-05 01:48:00,CME_MINI:ES1!,7784.0,7784.75,7783.75,7784.0,235.0,2026-08
2026-08-05 01:49:00,CME_MINI:ES1!,7783.75,7784.5,7783.5,7784.5,265.0,2026-08
2026-08-05 01:50:00,CME_MINI:ES1!,7784.5,7784.75,7783.5,7784.0,181.0,2026-08
2026-08-05 01:51:00,CME_MINI:ES1!,7784.0,7784.0,7783.75,7783.75,60.0,2026-08
2026-08-05 01:52:00,CME_MINI:ES1!,7783.75,7783.75,7783.5,7783.75,80.0,2026-08
2026-08-05 01:53:00,CME_MINI:ES1!,7783.75,7784.75,7783.75,7784.25,354.0,2026-08
2026-08-05 01:54:00,CME_MINI:ES1!,7784.5,7784.5,7783.5,7784.0,66.0,2026-08
2026-08-05 01:55:00,CME_MINI:ES1!,7784.25,7784.25,7783.75,7783.75,79.0,2026-08
2026-08-05 01:56:00,CME_MINI:ES1!,7783.75,7784.75,7783.5,7784.5,130.0,2026-08
2026-08-05 01:57:00,CME_MINI:ES1!,7784.75,7786.0,7784.0,7784.0,443.0,2026-08
2026-08-05 01:58:00,CME_MINI:ES1!,7784.0,7784.5,7783.75,7783.75,75.0,2026-08
2026-08-05 01:59:00,CME_MINI:ES1!,7783.75,7784.25,7783.75,7784.25,66.0,2026-08
2026-08-05 02:00:00,CME_MINI:ES1!,7784.5,7786.75,7784.25,7785.75,712.0,2026-08
2026-08-05 02:01:00,CME_MINI:ES1!,7785.75,7787.0,7785.5,7785.75,432.0,2026-08
2026-08-05 02:02:00,CME_MINI:ES1!,7786.0,7786.5,7784.75,7785.0,188.0,2026-08
2026-08-05 02:03:00,CME_MINI:ES1!,7785.0,7785.75,7784.5,7785.75,376.0,2026-08
2026-08-05 02:04:00,CME_MINI:ES1!,7785.75,7785.75,7783.75,7784.0,143.0,2026-08
2026-08-05 02:05:00,CME_MINI:ES1!,7784.0,7784.5,7783.75,7784.5,84.0,2026-08
2026-08-05 02:06:00,CME_MINI:ES1!,7784.5,7784.5,7783.5,7783.75,100.0,2026-08
2026-08-05 02:07:00,CME_MINI:ES1!,7783.75,7784.5,7783.0,7784.5,186.0,2026-08
2026-08-05 02:08:00,CME_MINI:ES1!,7784.5,7785.75,7784.25,7785.25,115.0,2026-08
2026-08-05 02:09:00,CME_MINI:ES1!,7785.5,7785.75,7785.25,7785.25,45.0,2026-08
2026-08-05 02:10:00,CME_MINI:ES1!,7785.25,7785.25,7784.5,7785.0,97.0,2026-08
2026-08-05 02:11:00,CME_MINI:ES1!,7785.25,7786.0,7785.25,7785.75,101.0,2026-08
2026-08-05 02:12:00,CME_MINI:ES1!,7786.0,7786.25,7785.75,7786.0,61.0,2026-08
2026-08-05 02:13:00,CME_MINI:ES1!,7786.0,7786.0,7785.75,7785.75,47.0,2026-08
2026-08-05 02:14:00,CME_MINI:ES1!,7785.75,7786.0,7785.5,7785.5,53.0,2026-08
2026-08-05 02:15:00,CME_MINI:ES1!,7785.75,7785.75,7785.25,7785.75,37.0,2026-08
2026-08-05 02:16:00,CME_MINI:ES1!,7785.75,7785.75,7785.0,7785.5,95.0,2026-08
2026-08-05 02:17:00,CME_MINI:ES1!,7785.5,7785.75,7784.75,7785.75,88.0,2026-08
2026-08-05 02:18:00,CME_MINI:ES1!,7786.0,7786.5,7785.5,7786.5,87.0,2026-08
2026-08-05 02:19:00,CME_MINI:ES1!,7786.25,7787.0,7786.25,7786.75,179.0,2026-08
2026-08-05 02:20:00,CME_MINI:ES1!,7787.0,7787.0,7786.5,7786.75,246.0,2026-08
2026-08-05 02:21:00,CME_MINI:ES1!,7786.75,7787.0,7786.5,7787.0,170.0,2026-08
2026-08-05 02:22:00,CME_MINI:ES1!,7787.0,7787.0,7785.75,7785.75,73.0,2026-08
2026-08-05 02:23:00,CME_MINI:ES1!,7786.0,7786.5,7785.5,7785.75,95.0,2026-08
2026-08-05 02:24:00,CME_MINI:ES1!,7786.0,7786.0,7785.0,7785.25,137.0,2026-08
2026-08-05 02:25:00,CME_MINI:ES1!,7785.25,7786.0,7785.0,7785.75,75.0,2026-08
2026-08-05 02:26:00,CME_MINI:ES1!,7785.75,7785.75,7784.0,7784.5,135.0,2026-08
2026-08-05 02:27:00,CME_MINI:ES1!,7784.5,7784.75,7784.25,7784.75,57.0,2026-08
2026-08-05 02:28:00,CME_MINI:ES1!,7785.0,7785.0,7784.75,7784.75,69.0,2026-08
2026-08-05 02:29:00,CME_MINI:ES1!,7784.75,7785.25,7784.5,7785.25,44.0,2026-08
2026-08-05 02:30:00,CME_MINI:ES1!,7785.0,7785.0,7783.75,7784.5,117.0,2026-08
2026-08-05 02:31:00,CME_MINI:ES1!,7784.5,7785.0,7784.25,7784.5,58.0,2026-08
2026-08-05 02:32:00,CME_MINI:ES1!,7784.75,7785.5,7784.75,7785.5,91.0,2026-08
2026-08-05 02:33:00,CME_MINI:ES1!,7785.25,7785.5,7784.75,7785.25,197.0,2026-08
2026-08-05 02:34:00,CME_MINI:ES1!,7785.5,7785.75,7785.0,7785.75,115.0,2026-08
2026-08-05 02:35:00,CME_MINI:ES1!,7785.75,7785.75,7785.25,7785.25,53.0,2026-08
2026-08-05 02:36:00,CME_MINI:ES1!,7785.5,7786.0,7785.25,7785.5,133.0,2026-08
2026-08-05 02:37:00,CME_MINI:ES1!,7785.25,7785.75,7785.0,7785.75,83.0,2026-08
2026-08-05 02:38:00,CME_MINI:ES1!,7785.75,7785.75,7785.0,7785.25,80.0,2026-08
2026-08-05 02:39:00,CME_MINI:ES1!,7785.25,7785.5,7784.5,7784.5,115.0,2026-08
2026-08-05 02:40:00,CME_MINI:ES1!,7784.5,7785.0,7784.25,7784.75,113.0,2026-08
2026-08-05 02:41:00,CME_MINI:ES1!,7784.75,7785.75,7784.5,7785.5,136.0,2026-08
2026-08-05 02:42:00,CME_MINI:ES1!,7785.5,7785.75,7785.0,7785.25,89.0,2026-08
2026-08-05 02:43:00,CME_MINI:ES1!,7785.5,7786.0,7785.25,7785.75,113.0,2026-08
2026-08-05 02:44:00,CME_MINI:ES1!,7785.5,7786.5,7785.0,7786.5,174.0,2026-08
2026-08-05 02:45:00,CME_MINI:ES1!,7786.5,7786.5,7786.5,7786.5,1.0,2026-08
2026-08-05 17:43:00,CME_MINI:ES1!,7769.5,7770.5,7768.5,7770.25,1093.0,2026-08
2026-08-05 17:44:00,CME_MINI:ES1!,7770.25,7770.25,7768.75,7768.75,994.0,2026-08
2026-08-05 17:45:00,CME_MINI:ES1!,7768.75,7768.75,7765.0,7767.25,2177.0,2026-08
2026-08-05 17:46:00,CME_MINI:ES1!,7767.25,7767.75,7765.75,7767.5,944.0,2026-08
2026-08-05 17:47:00,CME_MINI:ES1!,7767.25,7769.0,7766.0,7768.75,1260.0,2026-08
2026-08-05 17:48:00,CME_MINI:ES1!,7768.5,7769.25,7767.25,7769.25,887.0,2026-08
2026-08-05 17:49:00,CME_MINI:ES1!,7769.0,7771.0,7769.0,7770.0,914.0,2026-08
2026-08-05 17:50:00,CME_MINI:ES1!,7770.25,7771.25,7768.75,7768.75,1177.0,2026-08
2026-08-05 17:51:00,CME_MINI:ES1!,7769.0,7771.75,7768.5,7771.0,1089.0,2026-08
2026-08-05 17:52:00,CME_MINI:ES1!,7771.25,7771.25,7768.5,7769.75,1088.0,2026-08
2026-08-05 17:53:00,CME_MINI:ES1!,7769.75,7769.75,7767.75,7769.0,1139.0,2026-08
2026-08-05 17:54:00,CME_MINI:ES1!,7769.25,7769.5,7767.5,7768.0,757.0,2026-08
2026-08-05 17:55:00,CME_MINI:ES1!,7768.0,7768.0,7766.0,7767.5,1250.0,2026-08
2026-08-05 17:56:00,CME_MINI:ES1!,7767.75,7769.75,7767.25,7769.5,1041.0,2026-08
2026-08-05 17:57:00,CME_MINI:ES1!,7769.5,7769.5,7767.75,7769.0,855.0,2026-08
2026-08-05 17:58:00,CME_MINI:ES1!,7769.0,7769.75,7768.0,7768.25,834.0,2026-08
2026-08-05 17:59:00,CME_MINI:ES1!,7768.5,7768.75,7766.75,7767.0,1362.0,2026-08
2026-08-05 18:00:00,CME_MINI:ES1!,7767.0,7769.5,7766.75,7767.75,1632.0,2026-08
2026-08-05 18:01:00,CME_MINI:ES1!,7767.75,7769.0,7767.25,7767.75,985.0,2026-08
2026-08-05 18:02:00,CME_MINI:ES1!,7767.75,7770.0,7767.25,7769.75,1262.0,2026-08
2026-08-05 18:03:00,CME_MINI:ES1!,7769.5,7771.5,7769.0,7771.0,1385.0,2026-08
2026-08-05 18:04:00,CME_MINI:ES1!,7771.0,7773.75,7770.25,7773.0,2340.0,2026-08
2026-08-05 18:05:00,CME_MINI:ES1!,7772.75,7774.0,7771.75,7773.5,2429.0,2026-08
2026-08-05 18:06:00,CME_MINI:ES1!,7773.75,7774.5,7769.75,7771.25,2380.0,2026-08
2026-08-05 18:07:00,CME_MINI:ES1!,7771.0,7771.25,7769.0,7769.5,1688.0,2026-08
2026-08-05 18:08:00,CME_MINI:ES1!,7769.5,7770.75,7768.5,7770.5,1421.0,2026-08
2026-08-05 18:09:00,CME_MINI:ES1!,7770.5,7771.5,7769.5,7771.0,1117.0,2026-08
2026-08-05 18:10:00,CME_MINI:ES1!,7770.75,7772.0,7770.0,7770.5,1055.0,2026-08
2026-08-05 18:11:00,CME_MINI:ES1!,7770.25,7773.0,7770.25,7772.25,1196.0,2026-08
2026-08-05 18:12:00,CME_MINI:ES1!,7772.25,7772.5,7770.75,7771.5,842.0,2026-08
2026-08-05 18:13:00,CME_MINI:ES1!,7771.5,7772.0,7770.5,7770.75,796.0,2026-08
2026-08-05 18:14:00,CME_MINI:ES1!,7770.75,7771.5,7769.25,7769.5,1099.0,2026-08
2026-08-05 18:15:00,CME_MINI:ES1!,7769.25,7772.25,7768.5,7772.25,1608.0,2026-08
2026-08-05 18:16:00,CME_MINI:ES1!,7772.0,7772.5,7771.25,7772.0,932.0,2026-08
2026-08-05 18:17:00,CME_MINI:ES1!,7771.75,7772.5,7769.75,7770.0,963.0,2026-08
2026-08-05 18:18:00,CME_MINI:ES1!,7770.0,7771.25,7769.75,7771.25,719.0,2026-08
2026-08-05 18:19:00,CME_MINI:ES1!,7771.0,7772.75,7771.0,7772.0,737.0,2026-08
2026-08-05 18:20:00,CME_MINI:ES1!,7772.0,7772.25,7770.75,7772.0,776.0,2026-08
2026-08-05 18:21:00,CME_MINI:ES1!,7772.0,7772.0,7770.75,7771.25,858.0,2026-08
2026-08-05 18:22:00,CME_MINI:ES1!,7771.0,7771.25,7769.0,7770.25,983.0,2026-08
2026-08-05 18:23:00,CME_MINI:ES1!,7770.25,7771.0,7769.5,7771.0,1291.0,2026-08
2026-08-05 18:24:00,CME_MINI:ES1!,7770.75,7771.25,7770.0,7770.25,808.0,2026-08
2026-08-05 18:25:00,CME_MINI:ES1!,7770.25,7772.5,7770.25,7772.25,1466.0,2026-08
2026-08-05 18:26:00,CME_MINI:ES1!,7772.0,7772.75,7771.0,7771.5,1210.0,2026-08
2026-08-05 18:27:00,CME_MINI:ES1!,7771.5,7771.75,7770.75,7770.75,753.0,2026-08
2026-08-05 18:28:00,CME_MINI:ES1!,7770.75,7771.0,7769.5,7770.25,1024.0,2026-08
2026-08-05 18:29:00,CME_MINI:ES1!,7770.25,7771.25,7770.0,7771.0,556.0,2026-08
2026-08-05 18:30:00,CME_MINI:ES1!,7771.0,7771.0,7766.5,7767.25,3061.0,2026-08
2026-08-05 18:31:00,CME_MINI:ES1!,7767.25,7767.25,7764.25,7764.75,2123.0,2026-08
2026-08-05 18:32:00,CME_MINI:ES1!,7764.5,7765.5,7763.25,7764.25,1707.0,2026-08
2026-08-05 18:33:00,CME_MINI:ES1!,7764.0,7765.75,7764.0,7765.0,1215.0,2026-08
2026-08-05 18:34:00,CME_MINI:ES1!,7765.0,7766.5,7763.75,7765.5,1358.0,2026-08
2026-08-05 18:35:00,CME_MINI:ES1!,7765.25,7767.25,7765.0,7767.25,1138.0,2026-08
2026-08-05 18:36:00,CME_MINI:ES1!,7767.0,7768.5,7766.5,7767.5,1239.0,2026-08
2026-08-05 18:37:00,CME_MINI:ES1!,7767.5,7768.25,7766.0,7767.75,843.0,2026-08
2026-08-05 18:38:00,CME_MINI:ES1!,7767.5,7768.75,7766.5,7768.0,837.0,2026-08
2026-08-05 18:39:00,CME_MINI:ES1!,7768.0,7768.5,7766.25,7766.5,821.0,2026-08
2026-08-05 18:40:00,CME_MINI:ES1!,7766.5,7768.5,7766.0,7767.0,1165.0,2026-08
2026-08-05 18:41:00,CME_MINI:ES1!,7766.75,7767.25,7765.5,7767.0,1113.0,2026-08
2026-08-05 18:42:00,CME_MINI:ES1!,7767.0,7768.5,7766.0,7768.25,810.0,2026-08
2026-08-05 18:43:00,CME_MINI:ES1!,7768.5,7768.5,7766.75,7767.25,767.0,2026-08
2026-08-05 18:44:00,CME_MINI:ES1!,7767.25,7768.25,7766.75,7767.75,659.0,2026-08
2026-08-05 18:45:00,CME_MINI:ES1!,7767.5,7770.0,7767.0,7769.5,2010.0,2026-08
2026-08-05 18:46:00,CME_MINI:ES1!,7769.75,7770.0,7768.0,7769.75,971.0,2026-08
2026-08-05 18:47:00,CME_MINI:ES1!,7769.75,7770.5,7769.0,7769.75,820.0,2026-08
2026-08-05 18:48:00,CME_MINI:ES1!,7769.75,7771.5,7769.5,7770.0,1041.0,2026-08
2026-08-05 18:49:00,CME_MINI:ES1!,7769.75,7770.25,7769.0,7770.0,473.0,2026-08
2026-08-05 18:50:00,CME_MINI:ES1!,7770.0,7771.5,7769.5,7770.5,1005.0,2026-08
2026-08-05 18:51:00,CME_MINI:ES1!,7770.75,7771.0,7769.0,7769.25,943.0,2026-08
2026-08-05 18:52:00,CME_MINI:ES1!,7769.25,7769.5,7768.25,7768.5,987.0,2026-08
2026-08-05 18:53:00,CME_MINI:ES1!,7768.5,7769.5,7768.25,7768.75,923.0,2026-08
2026-08-05 18:54:00,CME_MINI:ES1!,7769.0,7770.25,7768.25,7769.25,928.0,2026-08
2026-08-05 18:55:00,CME_MINI:ES1!,7769.25,7769.5,7767.25,7767.5,1370.0,2026-08
2026-08-05 18:56:00,CME_MINI:ES1!,7767.25,7767.25,7765.75,7766.25,1477.0,2026-08
2026-08-05 18:57:00,CME_MINI:ES1!,7766.25,7767.5,7765.0,7767.5,1475.0,2026-08
2026-08-05 18:58:00,CME_MINI:ES1!,7767.5,7768.0,7766.5,7766.75,1051.0,2026-08
2026-08-05 18:59:00,CME_MINI:ES1!,7766.75,7767.0,7765.0,7765.5,1239.0,2026-08
2026-08-05 19:00:00,CME_MINI:ES1!,7765.5,7766.5,7764.0,7765.75,2708.0,2026-08
2026-08-05 19:01:00,CME_MINI:ES1!,7765.75,7767.75,7765.25,7767.5,1680.0,2026-08
2026-08-05 19:02:00,CME_MINI:ES1!,7767.5,7767.75,7766.0,7766.25,1761.0,2026-08
2026-08-05 19:03:00,CME_MINI:ES1!,7766.5,7767.0,7765.25,7766.5,1226.0,2026-08
2026-08-05 19:04:00,CME_MINI:ES1!,7766.75,7767.75,7766.5,7767.75,1392.0,2026-08
2026-08-05 19:05:00,CME_MINI:ES1!,7767.75,7770.0,7767.0,7769.25,1995.0,2026-08
2026-08-05 19:06:00,CME_MINI:ES1!,7769.0,7769.25,7767.25,7767.25,1122.0,2026-08
2026-08-05 19:07:00,CME_MINI:ES1!,7767.25,7770.0,7766.75,7769.5,1553.0,2026-08
2026-08-05 19:08:00,CME_MINI:ES1!,7769.25,7769.5,7768.0,7769.0,1188.0,2026-08
2026-08-05 19:09:00,CME_MINI:ES1!,7769.0,7769.0,7767.75,7768.5,754.0,2026-08
2026-08-05 19:10:00,CME_MINI:ES1!,7768.5,7768.5,7767.0,7768.25,2183.0,2026-08
2026-08-05 19:11:00,CME_MINI:ES1!,7768.25,7768.25,7766.5,7767.75,1965.0,2026-08
2026-08-05 19:12:00,CME_MINI:ES1!,7767.5,7768.25,7767.5,7768.0,1191.0,2026-08
2026-08-05 19:13:00,CME_MINI:ES1!,7768.25,7769.5,7767.5,7768.25,1472.0,2026-08
2026-08-05 19:14:00,CME_MINI:ES1!,7768.25,7769.25,7767.75,7768.75,1162.0,2026-08
2026-08-05 19:15:00,CME_MINI:ES1!,7769.0,7770.0,7768.0,7769.5,1724.0,2026-08
2026-08-05 19:16:00,CME_MINI:ES1!,7769.75,7770.5,7768.75,7770.0,1054.0,2026-08
2026-08-05 19:17:00,CME_MINI:ES1!,7769.75,7770.0,7769.0,7769.75,1219.0,2026-08
2026-08-05 19:18:00,CME_MINI:ES1!,7769.75,7770.5,7769.25,7770.5,1125.0,2026-08
2026-08-05 19:19:00,CME_MINI:ES1!,7770.5,7770.75,7769.25,7770.0,1622.0,2026-08
2026-08-05 19:20:00,CME_MINI:ES1!,7770.0,7771.5,7769.75,7770.5,1741.0,2026-08
2026-08-05 19:21:00,CME_MINI:ES1!,7770.25,7770.25,7767.75,7769.0,1676.0,2026-08
2026-08-05 19:22:00,CME_MINI:ES1!,7769.0,7770.0,7768.5,7769.0,1493.0,2026-08
2026-08-05 19:23:00,CME_MINI:ES1!,7768.75,7771.25,7768.75,7770.5,1295.0,2026-08
2026-08-05 19:24:00,CME_MINI:ES1!,7770.25,7770.75,7769.5,7770.0,1589.0,2026-08
2026-08-05 19:25:00,CME_MINI:ES1!,7770.0,7770.5,7769.0,7769.5,1573.0,2026-08
2026-08-05 19:26:00,CME_MINI:ES1!,7769.25,7771.0,7769.25,7770.75,1649.0,2026-08
2026-08-05 19:27:00,CME_MINI:ES1!,7770.5,7771.0,7770.0,7770.5,1194.0,2026-08
2026-08-05 19:28:00,CME_MINI:ES1!,7770.5,7770.75,7769.25,7770.0,1488.0,2026-08
2026-08-05 19:29:00,CME_MINI:ES1!,7770.0,7770.5,7768.75,7769.25,1147.0,2026-08
2026-08-05 19:30:00,CME_MINI:ES1!,7769.25,7770.0,7768.5,7769.5,2684.0,2026-08
2026-08-05 19:31:00,CME_MINI:ES1!,7769.5,7769.5,7767.0,7767.5,2151.0,2026-08
2026-08-05 19:32:00,CME_MINI:ES1!,7767.5,7768.75,7767.0,7768.0,1473.0,2026-08
2026-08-05 19:33:00,CME_MINI:ES1!,7767.75,7768.0,7764.75,7766.0,2646.0,2026-08
2026-08-05 19:34:00,CME_MINI:ES1!,7766.0,7767.25,7765.75,7766.75,1344.0,2026-08
2026-08-05 19:35:00,CME_MINI:ES1!,7766.5,7766.5,7763.75,7764.5,2325.0,2026-08
2026-08-05 19:36:00,CME_MINI:ES1!,7764.5,7765.25,7763.5,7765.0,1482.0,2026-08
2026-08-05 19:37:00,CME_MINI:ES1!,7765.0,7766.25,7764.25,7765.0,1746.0,2026-08
2026-08-05 19:38:00,CME_MINI:ES1!,7764.75,7766.0,7764.0,7764.25,1728.0,2026-08
2026-08-05 19:39:00,CME_MINI:ES1!,7764.25,7764.75,7763.5,7764.25,1981.0,2026-08
2026-08-05 19:40:00,CME_MINI:ES1!,7764.25,7766.5,7763.75,7766.5,1952.0,2026-08
2026-08-05 19:41:00,CME_MINI:ES1!,7766.5,7766.75,7765.25,7766.0,1950.0,2026-08
2026-08-05 19:42:00,CME_MINI:ES1!,7766.25,7767.5,7765.75,7766.75,1438.0,2026-08
2026-08-05 19:43:00,CME_MINI:ES1!,7766.5,7767.0,7765.75,7766.0,1457.0,2026-08
2026-08-05 19:44:00,CME_MINI:ES1!,7766.0,7766.5,7765.25,7766.25,2076.0,2026-08
2026-08-05 19:45:00,CME_MINI:ES1!,7766.25,7767.75,7765.75,7766.75,2496.0,2026-08
2026-08-05 19:46:00,CME_MINI:ES1!,7766.5,7766.75,7763.0,7763.75,2700.0,2026-08
2026-08-05 19:47:00,CME_MINI:ES1!,7763.75,7766.0,7763.5,7765.75,1731.0,2026-08
2026-08-05 19:48:00,CME_MINI:ES1!,7766.0,7766.0,7763.25,7763.5,2599.0,2026-08
2026-08-05 19:49:00,CME_MINI:ES1!,7763.75,7766.25,7763.5,7766.25,2698.0,2026-08
2026-08-05 19:50:00,CME_MINI:ES1!,7766.25,7768.5,7764.5,7765.0,4644.0,2026-08
2026-08-05 19:51:00,CME_MINI:ES1!,7764.75,7766.75,7764.75,7766.0,2893.0,2026-08
2026-08-05 19:52:00,CME_MINI:ES1!,7766.25,7767.0,7765.0,7765.5,2966.0,2026-08
2026-08-05 19:53:00,CME_MINI:ES1!,7765.5,7767.25,7764.75,7767.0,2888.0,2026-08
2026-08-05 19:54:00,CME_MINI:ES1!,7767.0,7767.0,7765.25,7766.0,3981.0,2026-08
2026-08-05 19:55:00,CME_MINI:ES1!,7766.0,7767.25,7764.5,7764.5,6851.0,2026-08
2026-08-05 19:56:00,CME_MINI:ES1!,7764.75,7764.75,7762.0,7763.0,6294.0,2026-08
2026-08-05 19:57:00,CME_MINI:ES1!,7763.0,7763.25,7760.75,7762.25,7506.0,2026-08
2026-08-05 19:58:00,CME_MINI:ES1!,7762.25,7762.5,7759.75,7760.5,11291.0,2026-08
2026-08-05 19:59:00,CME_MINI:ES1!,7760.5,7760.5,7745.75,7747.75,72448.0,2026-08
2026-08-05 20:00:00,CME_MINI:ES1!,7747.75,7749.5,7746.75,7749.5,14945.0,2026-08
2026-08-05 20:01:00,CME_MINI:ES1!,7749.25,7752.5,7749.0,7752.0,5766.0,2026-08
2026-08-05 20:02:00,CME_MINI:ES1!,7752.0,7752.5,7748.5,7752.5,6184.0,2026-08
2026-08-05 20:03:00,CME_MINI:ES1!,7752.25,7754.25,7751.75,7753.25,2314.0,2026-08
2026-08-05 20:04:00,CME_MINI:ES1!,7753.5,7754.0,7752.5,7753.25,1260.0,2026-08
2026-08-05 20:05:00,CME_MINI:ES1!,7753.5,7753.75,7748.5,7753.75,4730.0,2026-08
2026-08-05 20:06:00,CME_MINI:ES1!,7753.75,7754.75,7749.75,7751.75,2478.0,2026-08
2026-08-05 20:07:00,CME_MINI:ES1!,7751.75,7754.0,7751.5,7753.0,1631.0,2026-08
2026-08-05 20:08:00,CME_MINI:ES1!,7753.0,7755.0,7752.5,7754.0,1065.0,2026-08
2026-08-05 20:09:00,CME_MINI:ES1!,7754.0,7755.0,7752.75,7754.5,919.0,2026-08
2026-08-05 20:10:00,CME_MINI:ES1!,7754.25,7756.75,7753.5,7756.5,869.0,2026-08
2026-08-05 20:11:00,CME_MINI:ES1!,7756.25,7757.75,7756.0,7757.25,1072.0,2026-08
2026-08-05 20:12:00,CME_MINI:ES1!,7757.0,7757.0,7755.75,7756.25,651.0,2026-08
2026-08-05 20:13:00,CME_MINI:ES1!,7756.0,7758.75,7756.0,7758.5,1398.0,2026-08
2026-08-05 20:14:00,CME_MINI:ES1!,7758.5,7760.5,7758.25,7759.5,2143.0,2026-08
2026-08-05 20:15:00,CME_MINI:ES1!,7759.75,7760.5,7758.25,7758.75,930.0,2026-08
2026-08-05 20:16:00,CME_MINI:ES1!,7758.5,7760.0,7756.5,7756.5,1049.0,2026-08
2026-08-05 20:17:00,CME_MINI:ES1!,7756.5,7756.5,7754.75,7756.0,1117.0,2026-08
2026-08-05 20:18:00,CME_MINI:ES1!,7756.0,7757.0,7755.25,7756.25,711.0,2026-08
2026-08-05 20:19:00,CME_MINI:ES1!,7756.25,7756.25,7755.0,7755.0,353.0,2026-08
2026-08-05 20:20:00,CME_MINI:ES1!,7755.0,7756.0,7755.0,7756.0,418.0,2026-08
2026-08-05 20:21:00,CME_MINI:ES1!,7756.25,7757.0,7755.25,7756.25,382.0,2026-08
2026-08-05 20:22:00,CME_MINI:ES1!,7756.5,7757.75,7756.25,7756.25,384.0,2026-08
2026-08-05 20:23:00,CME_MINI:ES1!,7756.25,7756.75,7756.0,7756.75,185.0,2026-08
2026-08-05 20:24:00,CME_MINI:ES1!,7756.5,7758.75,7756.25,7757.75,594.0,2026-08
2026-08-05 20:25:00,CME_MINI:ES1!,7757.75,7757.75,7757.0,7757.5,228.0,2026-08
2026-08-05 20:26:00,CME_MINI:ES1!,7757.5,7757.75,7756.25,7756.5,263.0,2026-08
2026-08-05 20:27:00,CME_MINI:ES1!,7756.25,7757.25,7756.25,7757.0,143.0,2026-08
2026-08-05 20:28:00,CME_MINI:ES1!,7757.0,7757.75,7756.0,7757.75,293.0,2026-08
2026-08-05 20:29:00,CME_MINI:ES1!,7757.75,7757.75,7756.5,7757.25,350.0,2026-08
2026-08-05 20:30:00,CME_MINI:ES1!,7757.25,7757.5,7756.5,7757.5,277.0,2026-08
2026-08-05 20:31:00,CME_MINI:ES1!,7757.5,7758.25,7757.25,7757.5,307.0,2026-08
2026-08-05 20:32:00,CME_MINI:ES1!,7757.75,7757.75,7757.0,7757.75,184.0,2026-08
2026-08-05 20:33:00,CME_MINI:ES1!,7757.75,7759.5,7757.75,7758.75,371.0,2026-08
2026-08-05 20:34:00,CME_MINI:ES1!,7758.75,7760.5,7758.5,7760.25,557.0,2026-08
2026-08-05 20:35:00,CME_MINI:ES1!,7760.25,7760.5,7759.5,7759.5,548.0,2026-08
2026-08-05 20:36:00,CME_MINI:ES1!,7759.25,7760.5,7759.0,7759.0,259.0,2026-08
2026-08-05 20:37:00,CME_MINI:ES1!,7758.75,7759.75,7758.5,7759.25,256.0,2026-08
2026-08-05 20:38:00,CME_MINI:ES1!,7759.25,7759.5,7758.75,7759.0,118.0,2026-08
2026-08-05 20:39:00,CME_MINI:ES1!,7758.75,7759.25,7758.75,7759.0,204.0,2026-08
2026-08-05 20:40:00,CME_MINI:ES1!,7759.0,7759.75,7758.5,7759.5,237.0,2026-08
2026-08-05 20:41:00,CME_MINI:ES1!,7759.5,7760.25,7759.5,7759.75,277.0,2026-08
2026-08-05 20:42:00,CME_MINI:ES1!,7759.5,7761.0,7759.25,7760.5,432.0,2026-08
2026-08-05 20:43:00,CME_MINI:ES1!,7760.5,7761.25,7760.25,7760.5,267.0,2026-08
2026-08-05 20:44:00,CME_MINI:ES1!,7760.5,7761.25,7760.5,7761.25,179.0,2026-08
2026-08-05 20:45:00,CME_MINI:ES1!,7761.25,7761.75,7760.5,7760.5,387.0,2026-08
2026-08-05 20:46:00,CME_MINI:ES1!,7760.75,7761.25,7759.75,7760.0,236.0,2026-08
2026-08-05 20:47:00,CME_MINI:ES1!,7760.0,7760.0,7758.75,7759.0,375.0,2026-08
2026-08-05 20:48:00,CME_MINI:ES1!,7759.0,7759.25,7758.75,7759.25,196.0,2026-08
2026-08-05 20:49:00,CME_MINI:ES1!,7759.0,7760.0,7759.0,7759.75,164.0,2026-08
2026-08-05 20:50:00,CME_MINI:ES1!,7759.75,7760.0,7759.25,7759.25,156.0,2026-08
2026-08-05 20:51:00,CME_MINI:ES1!,7759.25,7759.25,7758.75,7759.25,204.0,2026-08
2026-08-05 20:52:00,CME_MINI:ES1!,7759.25,7759.25,7758.5,7759.0,140.0,2026-08
2026-08-05 20:53:00,CME_MINI:ES1!,7759.0,7759.25,7758.75,7758.75,184.0,2026-08
2026-08-05 20:54:00,CME_MINI:ES1!,7759.0,7760.0,7759.0,7760.0,217.0,2026-08
2026-08-05 20:55:00,CME_MINI:ES1!,7760.0,7760.0,7759.25,7759.5,252.0,2026-08
2026-08-05 20:56:00,CME_MINI:ES1!,7759.75,7760.75,7759.75,7760.0,146.0,2026-08
2026-08-05 20:57:00,CME_MINI:ES1!,7760.25,7760.75,7759.75,7760.25,136.0,2026-08
2026-08-05 20:58:00,CME_MINI:ES1!,7760.25,7760.75,7758.0,7759.25,817.0,2026-08
2026-08-05 20:59:00,CME_MINI:ES1!,7759.25,7759.75,7758.0,7758.75,252.0,2026-08
2026-08-05 22:00:00,CME_MINI:ES1!,7756.75,7760.5,7756.75,7759.75,327.0,2026-08
2026-08-05 22:01:00,CME_MINI:ES1!,7759.5,7759.75,7757.25,7759.25,329.0,2026-08
2026-08-05 22:02:00,CME_MINI:ES1!,7759.25,7760.5,7759.0,7760.0,162.0,2026-08
2026-08-05 22:03:00,CME_MINI:ES1!,7760.25,7760.75,7759.75,7760.5,124.0,2026-08
2026-08-05 22:04:00,CME_MINI:ES1!,7760.75,7761.0,7759.0,7759.5,116.0,2026-08
2026-08-05 22:05:00,CME_MINI:ES1!,7759.0,7759.5,7757.25,7757.75,178.0,2026-08
2026-08-05 22:06:00,CME_MINI:ES1!,7757.75,7758.5,7757.0,7757.5,156.0,2026-08
2026-08-05 22:07:00,CME_MINI:ES1!,7757.25,7760.0,7757.25,7759.25,279.0,2026-08
2026-08-05 22:08:00,CME_MINI:ES1!,7759.25,7759.25,7757.75,7758.5,135.0,2026-08
2026-08-05 22:09:00,CME_MINI:ES1!,7758.25,7758.25,7757.75,7758.25,63.0,2026-08
2026-08-05 22:10:00,CME_MINI:ES1!,7758.0,7758.0,7756.75,7757.75,113.0,2026-08
2026-08-05 22:11:00,CME_MINI:ES1!,7758.0,7758.5,7757.0,7758.0,95.0,2026-08
2026-08-05 22:12:00,CME_MINI:ES1!,7758.25,7758.75,7757.5,7757.75,44.0,2026-08
2026-08-05 22:13:00,CME_MINI:ES1!,7757.75,7757.75,7757.0,7757.75,90.0,2026-08
2026-08-05 22:14:00,CME_MINI:ES1!,7757.5,7758.25,7757.5,7758.25,96.0,2026-08
2026-08-05 22:15:00,CME_MINI:ES1!,7758.25,7758.75,7758.0,7758.75,48.0,2026-08
2026-08-05 22:16:00,CME_MINI:ES1!,7758.75,7759.75,7758.75,7759.0,116.0,2026-08
2026-08-05 22:17:00,CME_MINI:ES1!,7759.0,7760.25,7759.0,7759.25,81.0,2026-08
2026-08-05 22:18:00,CME_MINI:ES1!,7759.25,7761.5,7759.25,7761.5,125.0,2026-08
2026-08-05 22:19:00,CME_MINI:ES1!,7761.5,7761.75,7760.75,7761.25,120.0,2026-08
2026-08-05 22:20:00,CME_MINI:ES1!,7761.5,7762.75,7761.5,7762.25,310.0,2026-08
2026-08-05 22:21:00,CME_MINI:ES1!,7762.5,7764.0,7762.5,7763.5,132.0,2026-08
2026-08-05 22:22:00,CME_MINI:ES1!,7763.75,7765.75,7763.25,7765.75,271.0,2026-08
2026-08-05 22:23:00,CME_MINI:ES1!,7765.5,7766.75,7765.25,7766.0,178.0,2026-08
2026-08-05 22:24:00,CME_MINI:ES1!,7766.25,7767.5,7766.0,7767.25,209.0,2026-08
2026-08-05 22:25:00,CME_MINI:ES1!,7767.25,7767.25,7766.25,7766.25,132.0,2026-08
2026-08-05 22:26:00,CME_MINI:ES1!,7766.25,7767.25,7766.0,7767.25,119.0,2026-08
2026-08-05 22:27:00,CME_MINI:ES1!,7767.0,7767.5,7766.5,7766.5,74.0,2026-08
2026-08-05 22:28:00,CME_MINI:ES1!,7766.75,7767.5,7766.25,7767.0,146.0,2026-08
2026-08-05 22:29:00,CME_MINI:ES1!,7767.0,7767.25,7766.5,7767.0,140.0,2026-08
2026-08-05 22:30:00,CME_MINI:ES1!,7766.75,7767.0,7766.0,7766.5,116.0,2026-08
2026-08-05 22:31:00,CME_MINI:ES1!,7766.75,7767.25,7766.75,7767.0,35.0,2026-08
2026-08-05 22:32:00,CME_MINI:ES1!,7767.0,7770.0,7766.5,7768.75,444.0,2026-08
2026-08-05 22:33:00,CME_MINI:ES1!,7768.5,7770.5,7768.5,7770.0,197.0,2026-08
2026-08-05 22:34:00,CME_MINI:ES1!,7770.0,7770.75,7769.75,7770.75,200.0,2026-08
2026-08-05 22:35:00,CME_MINI:ES1!,7770.5,7770.75,7769.5,7770.25,116.0,2026-08
2026-08-05 22:36:00,CME_MINI:ES1!,7770.25,7770.5,7770.0,7770.25,35.0,2026-08
2026-08-05 22:37:00,CME_MINI:ES1!,7770.5,7770.5,7769.5,7769.75,62.0,2026-08
2026-08-05 22:38:00,CME_MINI:ES1!,7769.75,7770.0,7769.5,7769.5,83.0,2026-08
2026-08-05 22:39:00,CME_MINI:ES1!,7769.5,7770.0,7769.25,7769.5,63.0,2026-08
2026-08-05 22:40:00,CME_MINI:ES1!,7769.5,7769.5,7769.0,7769.25,51.0,2026-08
2026-08-05 22:41:00,CME_MINI:ES1!,7769.5,7769.5,7769.0,7769.25,45.0,2026-08
2026-08-05 22:42:00,CME_MINI:ES1!,7769.25,7769.5,7769.0,7769.5,36.0,2026-08
2026-08-05 22:43:00,CME_MINI:ES1!,7769.5,7769.5,7768.5,7768.75,80.0,2026-08
2026-08-05 22:44:00,CME_MINI:ES1!,7768.5,7768.75,7768.5,7768.75,32.0,2026-08
2026-08-05 22:45:00,CME_MINI:ES1!,7769.0,7770.0,7769.0,7769.75,50.0,2026-08
2026-08-05 22:46:00,CME_MINI:ES1!,7769.75,7770.0,7769.5,7769.75,66.0,2026-08
2026-08-05 22:47:00,CME_MINI:ES1!,7769.75,7770.75,7769.25,7769.5,112.0,2026-08
2026-08-05 22:48:00,CME_MINI:ES1!,7769.5,7769.5,7768.75,7768.75,74.0,2026-08
2026-08-05 22:49:00,CME_MINI:ES1!,7768.5,7768.5,7767.75,7768.0,105.0,2026-08
2026-08-05 22:50:00,CME_MINI:ES1!,7767.75,7768.0,7767.25,7767.25,89.0,2026-08
2026-08-05 22:51:00,CME_MINI:ES1!,7767.25,7768.0,7766.5,7766.75,157.0,2026-08
2026-08-05 22:52:00,CME_MINI:ES1!,7766.5,7767.0,7765.25,7766.75,203.0,2026-08
2026-08-05 22:53:00,CME_MINI:ES1!,7766.75,7766.75,7764.75,7765.25,109.0,2026-08
2026-08-05 22:54:00,CME_MINI:ES1!,7765.25,7765.75,7765.0,7765.5,108.0,2026-08
2026-08-05 22:55:00,CME_MINI:ES1!,7765.25,7765.5,7764.5,7765.0,106.0,2026-08
2026-08-05 22:56:00,CME_MINI:ES1!,7765.0,7765.25,7764.75,7765.0,105.0,2026-08
2026-08-05 22:57:00,CME_MINI:ES1!,7764.75,7765.0,7764.25,7764.5,76.0,2026-08
2026-08-05 22:58:00,CME_MINI:ES1!,7764.5,7764.75,7764.0,7764.25,44.0,2026-08
2026-08-05 22:59:00,CME_MINI:ES1!,7764.25,7764.5,7764.25,7764.25,42.0,2026-08
2026-08-05 23:00:00,CME_MINI:ES1!,7764.25,7764.5,7762.75,7763.75,138.0,2026-08
2026-08-05 23:01:00,CME_MINI:ES1!,7763.75,7764.5,7763.5,7763.75,58.0,2026-08
2026-08-05 23:02:00,CME_MINI:ES1!,7763.75,7765.0,7763.75,7764.5,76.0,2026-08
2026-08-05 23:03:00,CME_MINI:ES1!,7764.5,7764.75,7763.75,7764.0,37.0,2026-08
2026-08-05 23:04:00,CME_MINI:ES1!,7764.0,7764.5,7763.75,7764.25,29.0,2026-08
2026-08-05 23:05:00,CME_MINI:ES1!,7764.0,7765.5,7763.75,7765.0,42.0,2026-08
2026-08-05 23:06:00,CME_MINI:ES1!,7764.5,7765.25,7764.5,7764.75,47.0,2026-08
2026-08-05 23:07:00,CME_MINI:ES1!,7764.75,7765.0,7764.5,7764.75,61.0,2026-08
2026-08-05 23:08:00,CME_MINI:ES1!,7764.75,7765.0,7764.75,7764.75,34.0,2026-08
2026-08-05 23:09:00,CME_MINI:ES1!,7765.0,7765.0,7764.5,7764.75,30.0,2026-08
2026-08-05 23:10:00,CME_MINI:ES1!,7764.5,7765.0,7764.25,7764.5,59.0,2026-08
2026-08-05 23:11:00,CME_MINI:ES1!,7765.0,7765.25,7764.75,7765.25,22.0,2026-08
2026-08-05 23:12:00,CME_MINI:ES1!,7765.0,7765.25,7765.0,7765.25,12.0,2026-08
2026-08-05 23:13:00,CME_MINI:ES1!,7765.5,7766.0,7765.25,7765.25,42.0,2026-08
2026-08-05 23:14:00,CME_MINI:ES1!,7765.0,7766.5,7765.0,7766.25,73.0,2026-08
2026-08-05 23:15:00,CME_MINI:ES1!,7766.0,7766.0,7765.0,7765.5,70.0,2026-08
2026-08-05 23:16:00,CME_MINI:ES1!,7765.75,7765.75,7765.25,7765.5,18.0,2026-08
2026-08-05 23:17:00,CME_MINI:ES1!,7765.5,7765.75,7765.25,7765.75,30.0,2026-08
2026-08-05 23:18:00,CME_MINI:ES1!,7765.25,7765.25,7765.25,7765.25,18.0,2026-08
2026-08-05 23:19:00,CME_MINI:ES1!,7765.0,7765.5,7765.0,7765.5,39.0,2026-08
2026-08-05 23:20:00,CME_MINI:ES1!,7765.25,7765.75,7765.25,7765.75,60.0,2026-08
2026-08-05 23:21:00,CME_MINI:ES1!,7765.75,7766.0,7765.5,7766.0,40.0,2026-08
2026-08-05 23:22:00,CME_MINI:ES1!,7766.0,7766.5,7766.0,7766.5,30.0,2026-08
2026-08-05 23:23:00,CME_MINI:ES1!,7766.5,7766.5,7766.25,7766.25,47.0,2026-08
2026-08-05 23:24:00,CME_MINI:ES1!,7766.25,7766.25,7765.75,7765.75,27.0,2026-08
2026-08-05 23:25:00,CME_MINI:ES1!,7766.0,7766.5,7765.75,7766.25,45.0,2026-08
2026-08-05 23:26:00,CME_MINI:ES1!,7766.25,7767.75,7766.25,7767.0,49.0,2026-08
2026-08-05 23:27:00,CME_MINI:ES1!,7767.25,7767.75,7766.75,7766.75,40.0,2026-08
2026-08-05 23:28:00,CME_MINI:ES1!,7766.75,7767.5,7766.75,7767.25,22.0,2026-08
2026-08-05 23:29:00,CME_MINI:ES1!,7767.25,7767.25,7765.5,7765.75,92.0,2026-08
2026-08-05 23:30:00,CME_MINI:ES1!,7765.5,7766.25,7765.25,7766.0,61.0,2026-08
2026-08-05 23:31:00,CME_MINI:ES1!,7766.25,7766.75,7765.75,7765.75,98.0,2026-08
2026-08-05 23:32:00,CME_MINI:ES1!,7765.75,7765.75,7763.25,7763.5,151.0,2026-08
2026-08-05 23:33:00,CME_MINI:ES1!,7764.0,7764.25,7763.5,7763.5,79.0,2026-08
2026-08-05 23:34:00,CME_MINI:ES1!,7763.75,7764.25,7763.0,7763.25,89.0,2026-08
2026-08-05 23:35:00,CME_MINI:ES1!,7763.0,7765.0,7762.25,7765.0,168.0,2026-08
2026-08-05 23:36:00,CME_MINI:ES1!,7765.0,7765.25,7763.5,7763.5,88.0,2026-08
2026-08-05 23:37:00,CME_MINI:ES1!,7764.0,7764.25,7761.75,7763.5,312.0,2026-08
2026-08-05 23:38:00,CME_MINI:ES1!,7763.75,7764.0,7762.25,7764.0,107.0,2026-08
2026-08-05 23:39:00,CME_MINI:ES1!,7763.75,7764.5,7763.75,7763.75,32.0,2026-08
2026-08-05 23:40:00,CME_MINI:ES1!,7764.0,7764.0,7763.75,7763.75,20.0,2026-08
2026-08-05 23:41:00,CME_MINI:ES1!,7764.0,7764.5,7763.75,7764.5,18.0,2026-08
2026-08-05 23:42:00,CME_MINI:ES1!,7764.5,7765.0,7763.75,7764.5,87.0,2026-08
2026-08-05 23:43:00,CME_MINI:ES1!,7764.5,7764.5,7763.75,7764.0,14.0,2026-08
2026-08-05 23:44:00,CME_MINI:ES1!,7764.25,7764.25,7762.75,7763.5,60.0,2026-08
2026-08-05 23:45:00,CME_MINI:ES1!,7763.0,7763.5,7761.75,7762.0,107.0,2026-08
2026-08-05 23:46:00,CME_MINI:ES1!,7762.0,7762.0,7760.5,7761.0,253.0,2026-08
2026-08-05 23:47:00,CME_MINI:ES1!,7761.25,7762.0,7760.75,7761.0,167.0,2026-08
2026-08-05 23:48:00,CME_MINI:ES1!,7761.25,7761.5,7760.0,7760.75,171.0,2026-08
2026-08-05 23:49:00,CME_MINI:ES1!,7761.0,7761.75,7760.5,7761.25,106.0,2026-08
2026-08-05 23:50:00,CME_MINI:ES1!,7761.25,7762.25,7761.25,7762.25,97.0,2026-08
2026-08-05 23:51:00,CME_MINI:ES1!,7761.75,7762.0,7761.25,7762.0,40.0,2026-08
2026-08-05 23:52:00,CME_MINI:ES1!,7762.0,7762.5,7761.5,7761.75,96.0,2026-08
2026-08-05 23:53:00,CME_MINI:ES1!,7762.0,7762.25,7761.75,7762.25,42.0,2026-08
2026-08-05 23:54:00,CME_MINI:ES1!,7762.25,7762.25,7761.0,7761.75,40.0,2026-08
2026-08-05 23:55:00,CME_MINI:ES1!,7762.0,7762.0,7760.5,7760.75,83.0,2026-08
2026-08-05 23:56:00,CME_MINI:ES1!,7761.0,7762.25,7760.5,7762.0,134.0,2026-08
2026-08-05 23:57:00,CME_MINI:ES1!,7761.75,7762.0,7761.25,7761.75,57.0,2026-08
2026-08-05 23:58:00,CME_MINI:ES1!,7761.5,7762.0,7760.75,7760.75,104.0,2026-08
2026-08-05 23:59:00,CME_MINI:ES1!,7760.75,7761.75,7760.25,7761.75,77.0,2026-08
2026-08-06 00:00:00,CME_MINI:ES1!,7762.0,7762.25,7757.75,7758.5,615.0,2026-08
2026-08-06 00:01:00,CME_MINI:ES1!,7758.5,7759.75,7757.75,7759.5,295.0,2026-08
2026-08-06 00:02:00,CME_MINI:ES1!,7759.5,7762.5,7759.25,7761.5,240.0,2026-08
2026-08-06 00:03:00,CME_MINI:ES1!,7761.25,7762.0,7760.75,7761.25,136.0,2026-08
2026-08-06 00:04:00,CME_MINI:ES1!,7761.5,7763.25,7760.5,7761.5,170.0,2026-08
2026-08-06 00:05:00,CME_MINI:ES1!,7761.75,7762.0,7761.0,7761.25,124.0,2026-08
2026-08-06 00:06:00,CME_MINI:ES1!,7761.5,7762.25,7760.0,7761.25,270.0,2026-08
2026-08-06 00:07:00,CME_MINI:ES1!,7761.0,7762.0,7760.0,7761.75,96.0,2026-08
2026-08-06 00:08:00,CME_MINI:ES1!,7762.25,7762.75,7761.75,7762.0,112.0,2026-08
2026-08-06 00:09:00,CME_MINI:ES1!,7762.25,7762.5,7761.0,7761.5,186.0,2026-08
2026-08-06 00:10:00,CME_MINI:ES1!,7761.5,7761.75,7758.5,7759.5,205.0,2026-08
2026-08-06 00:11:00,CME_MINI:ES1!,7759.75,7759.75,7758.0,7758.5,141.0,2026-08
2026-08-06 00:12:00,CME_MINI:ES1!,7758.25,7759.75,7758.25,7759.75,103.0,2026-08
2026-08-06 00:13:00,CME_MINI:ES1!,7760.0,7760.0,7757.75,7758.0,101.0,2026-08
2026-08-06 00:14:00,CME_MINI:ES1!,7758.25,7760.5,7758.0,7760.25,139.0,2026-08
2026-08-06 00:15:00,CME_MINI:ES1!,7760.0,7760.25,7758.0,7759.0,145.0,2026-08
2026-08-06 00:16:00,CME_MINI:ES1!,7759.0,7759.75,7758.25,7758.25,129.0,2026-08
2026-08-06 00:17:00,CME_MINI:ES1!,7758.5,7759.0,7758.0,7758.0,118.0,2026-08
2026-08-06 00:18:00,CME_MINI:ES1!,7757.75,7757.75,7756.75,7757.25,157.0,2026-08
2026-08-06 00:19:00,CME_MINI:ES1!,7757.5,7760.75,7757.5,7760.75,220.0,2026-08
2026-08-06 00:20:00,CME_MINI:ES1!,7760.75,7761.25,7759.75,7759.75,149.0,2026-08
2026-08-06 00:21:00,CME_MINI:ES1!,7759.75,7761.25,7759.5,7760.5,103.0,2026-08
2026-08-06 00:22:00,CME_MINI:ES1!,7760.25,7761.25,7760.25,7761.25,55.0,2026-08
2026-08-06 00:23:00,CME_MINI:ES1!,7761.0,7761.5,7760.75,7761.25,66.0,2026-08
2026-08-06 00:24:00,CME_MINI:ES1!,7761.25,7762.5,7761.0,7762.25,160.0,2026-08
2026-08-06 00:25:00,CME_MINI:ES1!,7762.25,7762.5,7761.0,7762.0,151.0,2026-08
2026-08-06 00:26:00,CME_MINI:ES1!,7762.0,7762.0,7758.75,7759.0,113.0,2026-08
2026-08-06 00:27:00,CME_MINI:ES1!,7758.75,7759.5,7758.25,7758.5,73.0,2026-08
2026-08-06 00:28:00,CME_MINI:ES1!,7758.25,7758.5,7757.25,7757.75,140.0,2026-08
2026-08-06 00:29:00,CME_MINI:ES1!,7757.75,7758.25,7757.75,7758.0,70.0,2026-08
2026-08-06 00:30:00,CME_MINI:ES1!,7758.25,7759.0,7757.75,7758.25,98.0,2026-08
2026-08-06 00:31:00,CME_MINI:ES1!,7758.0,7759.25,7758.0,7758.75,161.0,2026-08
2026-08-06 00:32:00,CME_MINI:ES1!,7758.25,7758.75,7758.25,7758.25,38.0,2026-08
2026-08-06 00:33:00,CME_MINI:ES1!,7758.25,7759.5,7758.0,7759.0,72.0,2026-08
2026-08-06 00:34:00,CME_MINI:ES1!,7759.5,7759.75,7758.75,7759.25,112.0,2026-08
2026-08-06 00:35:00,CME_MINI:ES1!,7759.5,7759.75,7758.25,7759.25,91.0,2026-08
2026-08-06 00:36:00,CME_MINI:ES1!,7759.5,7759.75,7758.75,7759.0,65.0,2026-08
2026-08-06 00:37:00,CME_MINI:ES1!,7759.0,7760.25,7759.0,7759.25,87.0,2026-08
2026-08-06 00:38:00,CME_MINI:ES1!,7759.5,7759.5,7758.5,7758.75,49.0,2026-08
2026-08-06 00:39:00,CME_MINI:ES1!,7759.0,7759.25,7758.5,7759.25,40.0,2026-08
2026-08-06 00:40:00,CME_MINI:ES1!,7759.25,7761.75,7759.25,7761.75,141.0,2026-08
2026-08-06 00:41:00,CME_MINI:ES1!,7762.0,7762.0,7760.5,7761.0,174.0,2026-08
2026-08-06 00:42:00,CME_MINI:ES1!,7761.0,7761.5,7760.5,7760.75,92.0,2026-08
2026-08-06 00:43:00,CME_MINI:ES1!,7760.75,7761.25,7759.75,7760.0,88.0,2026-08
2026-08-06 00:44:00,CME_MINI:ES1!,7760.0,7760.5,7759.5,7760.0,71.0,2026-08
2026-08-06 00:45:00,CME_MINI:ES1!,7760.25,7761.0,7759.75,7761.0,111.0,2026-08
2026-08-06 00:46:00,CME_MINI:ES1!,7761.25,7761.25,7759.5,7759.5,69.0,2026-08
2026-08-06 00:47:00,CME_MINI:ES1!,7759.5,7759.75,7758.75,7759.0,47.0,2026-08
2026-08-06 00:48:00,CME_MINI:ES1!,7759.25,7761.0,7759.0,7760.25,104.0,2026-08
2026-08-06 00:49:00,CME_MINI:ES1!,7760.25,7760.25,7759.5,7759.5,41.0,2026-08
2026-08-06 00:50:00,CME_MINI:ES1!,7759.5,7759.5,7758.25,7758.5,62.0,2026-08
2026-08-06 00:51:00,CME_MINI:ES1!,7758.75,7759.25,7758.25,7758.5,80.0,2026-08
2026-08-06 00:52:00,CME_MINI:ES1!,7758.75,7758.75,7757.75,7758.5,75.0,2026-08
2026-08-06 00:53:00,CME_MINI:ES1!,7758.5,7759.0,7758.0,7758.0,58.0,2026-08
2026-08-06 00:54:00,CME_MINI:ES1!,7758.25,7758.25,7757.5,7757.75,90.0,2026-08
2026-08-06 00:55:00,CME_MINI:ES1!,7757.75,7758.5,7757.5,7758.5,134.0,2026-08
2026-08-06 00:56:00,CME_MINI:ES1!,7758.25,7758.5,7757.75,7758.0,34.0,2026-08
2026-08-06 00:57:00,CME_MINI:ES1!,7758.0,7758.75,7757.25,7757.5,81.0,2026-08
2026-08-06 00:58:00,CME_MINI:ES1!,7757.5,7757.75,7757.25,7757.25,66.0,2026-08
2026-08-06 00:59:00,CME_MINI:ES1!,7757.5,7757.75,7757.0,7757.0,115.0,2026-08
2026-08-06 01:00:00,CME_MINI:ES1!,7757.0,7757.5,7755.75,7756.0,396.0,2026-08
2026-08-06 01:01:00,CME_MINI:ES1!,7756.0,7756.25,7755.25,7755.25,300.0,2026-08
2026-08-06 01:02:00,CME_MINI:ES1!,7755.5,7756.25,7755.0,7756.25,192.0,2026-08
2026-08-06 01:03:00,CME_MINI:ES1!,7756.25,7756.25,7754.5,7754.5,352.0,2026-08
2026-08-06 01:04:00,CME_MINI:ES1!,7754.5,7755.25,7754.5,7754.75,191.0,2026-08
2026-08-06 01:05:00,CME_MINI:ES1!,7755.0,7755.0,7754.0,7754.0,158.0,2026-08
2026-08-06 01:06:00,CME_MINI:ES1!,7754.0,7754.5,7753.5,7754.0,239.0,2026-08
2026-08-06 01:07:00,CME_MINI:ES1!,7754.0,7755.5,7754.0,7755.5,141.0,2026-08
2026-08-06 01:08:00,CME_MINI:ES1!,7755.5,7755.5,7754.75,7755.0,250.0,2026-08
2026-08-06 01:09:00,CME_MINI:ES1!,7755.25,7755.75,7754.5,7755.0,179.0,2026-08
2026-08-06 01:10:00,CME_MINI:ES1!,7754.75,7755.25,7754.5,7755.25,189.0,2026-08
2026-08-06 01:11:00,CME_MINI:ES1!,7755.5,7755.75,7753.5,7753.75,271.0,2026-08
2026-08-06 01:12:00,CME_MINI:ES1!,7753.5,7754.0,7753.0,7753.0,283.0,2026-08
2026-08-06 01:13:00,CME_MINI:ES1!,7753.0,7754.5,7752.75,7754.5,183.0,2026-08
2026-08-06 01:14:00,CME_MINI:ES1!,7754.5,7755.25,7754.0,7755.0,142.0,2026-08
2026-08-06 01:15:00,CME_MINI:ES1!,7755.0,7755.0,7752.75,7753.0,183.0,2026-08
2026-08-06 01:16:00,CME_MINI:ES1!,7753.0,7753.0,7751.75,7751.75,414.0,2026-08
2026-08-06 01:17:00,CME_MINI:ES1!,7752.0,7752.25,7751.5,7752.25,158.0,2026-08
2026-08-06 01:18:00,CME_MINI:ES1!,7752.25,7752.75,7752.0,7752.75,99.0,2026-08
2026-08-06 01:19:00,CME_MINI:ES1!,7752.75,7753.0,7752.25,7752.25,74.0,2026-08
2026-08-06 01:20:00,CME_MINI:ES1!,7752.0,7752.0,7750.0,7750.25,303.0,2026-08
2026-08-06 01:21:00,CME_MINI:ES1!,7750.5,7750.75,7750.0,7750.5,255.0,2026-08
2026-08-06 01:22:00,CME_MINI:ES1!,7750.75,7751.0,7750.0,7750.5,124.0,2026-08
2026-08-06 01:23:00,CME_MINI:ES1!,7750.5,7750.5,7750.0,7750.25,188.0,2026-08
2026-08-06 01:24:00,CME_MINI:ES1!,7750.25,7751.0,7750.25,7751.0,177.0,2026-08
2026-08-06 01:25:00,CME_MINI:ES1!,7751.0,7751.25,7749.25,7749.5,280.0,2026-08
2026-08-06 01:26:00,CME_MINI:ES1!,7749.25,7749.25,7748.5,7748.75,262.0,2026-08
2026-08-06 01:27:00,CME_MINI:ES1!,7748.75,7749.25,7748.5,7749.25,103.0,2026-08
2026-08-06 01:28:00,CME_MINI:ES1!,7749.5,7749.5,7748.0,7748.75,404.0,2026-08
2026-08-06 01:29:00,CME_MINI:ES1!,7748.75,7749.75,7748.25,7749.75,278.0,2026-08
2026-08-06 01:30:00,CME_MINI:ES1!,7749.75,7752.5,7749.5,7752.5,347.0,2026-08
2026-08-06 01:31:00,CME_MINI:ES1!,7752.5,7753.5,7752.25,7753.25,263.0,2026-08
2026-08-06 01:32:00,CME_MINI:ES1!,7753.25,7753.5,7752.75,7753.5,92.0,2026-08
2026-08-06 01:33:00,CME_MINI:ES1!,7753.25,7754.25,7752.75,7752.75,186.0,2026-08
2026-08-06 01:34:00,CME_MINI:ES1!,7752.75,7753.0,7751.75,7751.75,154.0,2026-08
2026-08-06 01:35:00,CME_MINI:ES1!,7752.0,7752.75,7750.75,7751.5,209.0,2026-08
2026-08-06 01:36:00,CME_MINI:ES1!,7751.25,7753.5,7751.25,7753.5,185.0,2026-08
2026-08-06 01:37:00,CME_MINI:ES1!,7753.5,7753.75,7753.0,7753.25,95.0,2026-08
2026-08-06 01:38:00,CME_MINI:ES1!,7753.0,7753.0,7752.0,7753.0,80.0,2026-08
2026-08-06 01:39:00,CME_MINI:ES1!,7753.0,7753.5,7752.5,7753.5,51.0,2026-08
2026-08-06 01:40:00,CME_MINI:ES1!,7753.25,7753.25,7752.5,7752.75,56.0,2026-08
2026-08-06 01:41:00,CME_MINI:ES1!,7752.5,7753.25,7752.5,7753.25,116.0,2026-08
2026-08-06 01:42:00,CME_MINI:ES1!,7753.25,7753.25,7751.75,7753.0,255.0,2026-08
2026-08-06 01:43:00,CME_MINI:ES1!,7753.0,7753.0,7750.5,7751.25,176.0,2026-08
2026-08-06 01:44:00,CME_MINI:ES1!,7751.0,7751.5,7750.0,7750.75,253.0,2026-08
2026-08-06 01:45:00,CME_MINI:ES1!,7750.75,7751.0,7750.5,7750.5,188.0,2026-08
2026-08-06 01:46:00,CME_MINI:ES1!,7750.5,7752.5,7750.25,7752.25,257.0,2026-08
2026-08-06 01:47:00,CME_MINI:ES1!,7752.5,7753.0,7752.0,7752.75,171.0,2026-08
2026-08-06 01:48:00,CME_MINI:ES1!,7752.75,7755.25,7752.5,7755.25,375.0,2026-08
2026-08-06 01:49:00,CME_MINI:ES1!,7755.5,7755.5,7754.5,7755.25,184.0,2026-08
2026-08-06 01:50:00,CME_MINI:ES1!,7755.25,7755.75,7755.0,7755.5,212.0,2026-08
2026-08-06 01:51:00,CME_MINI:ES1!,7755.25,7755.75,7754.75,7755.0,106.0,2026-08
2026-08-06 01:52:00,CME_MINI:ES1!,7754.75,7755.0,7753.75,7754.75,155.0,2026-08
2026-08-06 01:53:00,CME_MINI:ES1!,7754.75,7756.0,7754.5,7755.75,185.0,2026-08
2026-08-06 01:54:00,CME_MINI:ES1!,7755.5,7755.75,7754.5,7755.75,89.0,2026-08
2026-08-06 01:55:00,CME_MINI:ES1!,7755.5,7756.0,7755.5,7755.75,50.0,2026-08
2026-08-06 01:56:00,CME_MINI:ES1!,7755.75,7756.5,7755.5,7756.25,156.0,2026-08
2026-08-06 01:57:00,CME_MINI:ES1!,7756.0,7756.25,7755.25,7755.5,93.0,2026-08
2026-08-06 01:58:00,CME_MINI:ES1!,7755.5,7755.5,7754.25,7755.0,131.0,2026-08
2026-08-06 01:59:00,CME_MINI:ES1!,7755.5,7755.5,7754.75,7755.0,51.0,2026-08
2026-08-06 02:00:00,CME_MINI:ES1!,7755.0,7756.5,7755.0,7756.5,184.0,2026-08
2026-08-06 02:01:00,CME_MINI:ES1!,7756.75,7758.0,7756.0,7756.25,387.0,2026-08
2026-08-06 02:02:00,CME_MINI:ES1!,7756.0,7757.25,7756.0,7757.0,202.0,2026-08
2026-08-06 02:03:00,CME_MINI:ES1!,7757.0,7757.25,7756.25,7756.75,153.0,2026-08
2026-08-06 02:04:00,CME_MINI:ES1!,7756.5,7758.5,7756.5,7758.0,285.0,2026-08
2026-08-06 02:05:00,CME_MINI:ES1!,7758.25,7759.75,7758.25,7759.0,266.0,2026-08
2026-08-06 02:06:00,CME_MINI:ES1!,7759.0,7759.5,7758.5,7758.75,258.0,2026-08
2026-08-06 02:07:00,CME_MINI:ES1!,7758.5,7759.25,7758.5,7759.25,108.0,2026-08
2026-08-06 02:08:00,CME_MINI:ES1!,7759.5,7760.25,7759.5,7760.25,164.0,2026-08
2026-08-06 02:09:00,CME_MINI:ES1!,7760.25,7761.75,7760.0,7761.5,158.0,2026-08
2026-08-06 02:10:00,CME_MINI:ES1!,7761.25,7762.75,7760.75,7762.75,195.0,2026-08
2026-08-06 02:11:00,CME_MINI:ES1!,7762.75,7763.75,7762.0,7763.75,162.0,2026-08
2026-08-06 02:12:00,CME_MINI:ES1!,7763.75,7763.75,7761.75,7762.0,260.0,2026-08
2026-08-06 02:13:00,CME_MINI:ES1!,7761.5,7762.0,7759.75,7760.0,141.0,2026-08
2026-08-06 02:14:00,CME_MINI:ES1!,7760.0,7761.0,7759.25,7761.0,109.0,2026-08
2026-08-06 02:15:00,CME_MINI:ES1!,7761.0,7761.75,7760.0,7760.25,97.0,2026-08
2026-08-06 02:16:00,CME_MINI:ES1!,7760.75,7761.0,7760.5,7760.5,41.0,2026-08
2026-08-06 02:17:00,CME_MINI:ES1!,7761.25,7761.25,7760.25,7760.75,96.0,2026-08
2026-08-06 02:18:00,CME_MINI:ES1!,7760.75,7760.75,7760.25,7760.25,73.0,2026-08
2026-08-06 02:19:00,CME_MINI:ES1!,7760.0,7761.0,7759.5,7760.75,70.0,2026-08
2026-08-06 02:20:00,CME_MINI:ES1!,7761.0,7762.5,7760.75,7762.0,144.0,2026-08
2026-08-06 02:21:00,CME_MINI:ES1!,7762.0,7762.5,7761.75,7761.75,68.0,2026-08
2026-08-06 02:22:00,CME_MINI:ES1!,7761.75,7762.25,7761.75,7761.75,47.0,2026-08
2026-08-06 02:23:00,CME_MINI:ES1!,7761.75,7763.25,7761.75,7763.25,116.0,2026-08
2026-08-06 02:24:00,CME_MINI:ES1!,7763.25,7763.75,7762.5,7762.5,121.0,2026-08
2026-08-06 02:25:00,CME_MINI:ES1!,7762.5,7762.75,7761.75,7762.5,78.0,2026-08
2026-08-06 02:26:00,CME_MINI:ES1!,7762.25,7762.25,7761.25,7761.75,78.0,2026-08
2026-08-06 02:27:00,CME_MINI:ES1!,7761.75,7762.0,7760.0,7760.0,74.0,2026-08
2026-08-06 02:28:00,CME_MINI:ES1!,7760.25,7761.0,7760.0,7761.0,71.0,2026-08
2026-08-06 02:29:00,CME_MINI:ES1!,7761.0,7761.0,7760.25,7760.5,40.0,2026-08
2026-08-06 02:30:00,CME_MINI:ES1!,7760.0,7760.0,7758.5,7759.75,162.0,2026-08
2026-08-06 02:31:00,CME_MINI:ES1!,7759.75,7761.5,7759.5,7761.5,103.0,2026-08
2026-08-06 02:32:00,CME_MINI:ES1!,7761.25,7761.75,7760.75,7761.75,51.0,2026-08
2026-08-06 02:33:00,CME_MINI:ES1!,7762.0,7763.0,7761.75,7762.75,112.0,2026-08
2026-08-06 02:34:00,CME_MINI:ES1!,7763.0,7763.5,7762.5,7762.5,67.0,2026-08
2026-08-06 02:35:00,CME_MINI:ES1!,7762.5,7762.5,7762.0,7762.5,47.0,2026-08
2026-08-06 02:36:00,CME_MINI:ES1!,7762.25,7762.75,7762.25,7762.75,66.0,2026-08
2026-08-06 02:37:00,CME_MINI:ES1!,7762.5,7762.5,7761.0,7761.5,54.0,2026-08
2026-08-06 02:38:00,CME_MINI:ES1!,7761.5,7762.25,7761.5,7762.0,51.0,2026-08
2026-08-06 02:39:00,CME_MINI:ES1!,7762.0,7762.5,7762.0,7762.5,38.0,2026-08
2026-08-06 02:40:00,CME_MINI:ES1!,7762.25,7763.0,7762.25,7763.0,46.0,2026-08
2026-08-06 02:41:00,CME_MINI:ES1!,7762.75,7763.75,7762.5,7763.75,66.0,2026-08
2026-08-06 02:42:00,CME_MINI:ES1!,7763.75,7764.5,7763.5,7764.5,126.0,2026-08
2026-08-06 02:43:00,CME_MINI:ES1!,7764.25,7765.75,7764.25,7765.75,303.0,2026-08
2026-08-06 02:44:00,CME_MINI:ES1!,7765.5,7767.25,7765.5,7767.25,343.0,2026-08
2026-08-06 02:45:00,CME_MINI:ES1!,7767.0,7768.0,7766.75,7767.0,314.0,2026-08
2026-08-06 02:46:00,CME_MINI:ES1!,7767.0,7767.25,7766.25,7766.25,149.0,2026-08
2026-08-06 02:47:00,CME_MINI:ES1!,7766.25,7767.0,7766.25,7766.5,127.0,2026-08
2026-08-06 02:48:00,CME_MINI:ES1!,7766.25,7767.0,7765.75,7765.75,189.0,2026-08
2026-08-06 02:49:00,CME_MINI:ES1!,7765.75,7766.75,7765.25,7766.5,129.0,2026-08
2026-08-06 02:50:00,CME_MINI:ES1!,7766.75,7766.75,7764.75,7765.5,254.0,2026-08
2026-08-06 02:51:00,CME_MINI:ES1!,7765.75,7766.0,7765.5,7765.75,65.0,2026-08
2026-08-06 02:52:00,CME_MINI:ES1!,7766.0,7766.25,7765.25,7765.25,56.0,2026-08
2026-08-06 02:53:00,CME_MINI:ES1!,7765.25,7765.5,7764.75,7765.0,50.0,2026-08
2026-08-06 02:54:00,CME_MINI:ES1!,7765.0,7765.75,7765.0,7765.5,55.0,2026-08
2026-08-06 02:55:00,CME_MINI:ES1!,7765.25,7765.25,7764.25,7764.25,93.0,2026-08
2026-08-06 02:56:00,CME_MINI:ES1!,7764.75,7764.75,7764.25,7764.5,59.0,2026-08
2026-08-06 02:57:00,CME_MINI:ES1!,7764.75,7764.75,7763.75,7764.0,67.0,2026-08
2026-08-06 02:58:00,CME_MINI:ES1!,7764.5,7764.75,7764.25,7764.75,76.0,2026-08
2026-08-06 02:59:00,CME_MINI:ES1!,7765.0,7765.0,7764.0,7765.0,69.0,2026-08
2026-08-06 03:00:00,CME_MINI:ES1!,7765.0,7765.0,7764.0,7764.75,97.0,2026-08
2026-08-06 03:01:00,CME_MINI:ES1!,7764.75,7765.5,7764.75,7765.25,95.0,2026-08
2026-08-06 03:02:00,CME_MINI:ES1!,7765.25,7766.0,7765.25,7765.75,36.0,2026-08
2026-08-06 17:24:00,CME_MINI:ES1!,7730.0,7730.25,7728.75,7729.0,1128.0,2026-08
2026-08-06 17:25:00,CME_MINI:ES1!,7729.0,7732.0,7729.0,7731.75,1437.0,2026-08
2026-08-06 17:26:00,CME_MINI:ES1!,7731.75,7732.25,7730.25,7731.25,1133.0,2026-08
2026-08-06 17:27:00,CME_MINI:ES1!,7731.25,7731.5,7730.25,7731.0,853.0,2026-08
2026-08-06 17:28:00,CME_MINI:ES1!,7731.0,7731.5,7729.75,7730.75,1000.0,2026-08
2026-08-06 17:29:00,CME_MINI:ES1!,7730.75,7730.75,7727.75,7727.75,1319.0,2026-08
2026-08-06 17:30:00,CME_MINI:ES1!,7727.75,7730.5,7726.75,7729.5,1803.0,2026-08
2026-08-06 17:31:00,CME_MINI:ES1!,7729.5,7731.25,7729.0,7729.25,1119.0,2026-08
2026-08-06 17:32:00,CME_MINI:ES1!,7729.25,7731.75,7729.25,7731.0,924.0,2026-08
2026-08-06 17:33:00,CME_MINI:ES1!,7731.0,7731.25,7729.25,7729.5,924.0,2026-08
2026-08-06 17:34:00,CME_MINI:ES1!,7729.5,7731.0,7729.0,7730.5,1145.0,2026-08
2026-08-06 17:35:00,CME_MINI:ES1!,7730.5,7732.5,7730.25,7730.75,1222.0,2026-08
2026-08-06 17:36:00,CME_MINI:ES1!,7730.5,7731.75,7729.5,7730.75,840.0,2026-08
2026-08-06 17:37:00,CME_MINI:ES1!,7730.5,7731.5,7730.0,7731.25,810.0,2026-08
2026-08-06 17:38:00,CME_MINI:ES1!,7731.25,7732.0,7730.0,7730.25,796.0,2026-08
2026-08-06 17:39:00,CME_MINI:ES1!,7730.5,7731.25,7729.25,7729.75,819.0,2026-08
2026-08-06 17:40:00,CME_MINI:ES1!,7730.0,7730.5,7728.5,7728.5,1163.0,2026-08
2026-08-06 17:41:00,CME_MINI:ES1!,7728.75,7729.25,7727.75,7728.5,1477.0,2026-08
2026-08-06 17:42:00,CME_MINI:ES1!,7728.5,7730.5,7728.5,7729.75,1058.0,2026-08
2026-08-06 17:43:00,CME_MINI:ES1!,7729.75,7730.0,7728.75,7729.5,790.0,2026-08
2026-08-06 17:44:00,CME_MINI:ES1!,7729.25,7731.0,7728.75,7731.0,902.0,2026-08
2026-08-06 17:45:00,CME_MINI:ES1!,7731.0,7732.75,7730.25,7732.25,1340.0,2026-08
2026-08-06 17:46:00,CME_MINI:ES1!,7732.25,7733.5,7730.5,7732.75,1593.0,2026-08
2026-08-06 17:47:00,CME_MINI:ES1!,7732.75,7733.0,7730.5,7731.25,1259.0,2026-08
2026-08-06 17:48:00,CME_MINI:ES1!,7731.0,7731.25,7730.25,7730.75,1169.0,2026-08
2026-08-06 17:49:00,CME_MINI:ES1!,7730.75,7731.0,7729.5,7729.5,998.0,2026-08
2026-08-06 17:50:00,CME_MINI:ES1!,7729.5,7731.0,7729.25,7729.75,1336.0,2026-08
2026-08-06 17:51:00,CME_MINI:ES1!,7730.0,7732.25,7729.75,7731.75,1342.0,2026-08
2026-08-06 17:52:00,CME_MINI:ES1!,7731.5,7734.5,7731.5,7734.25,1512.0,2026-08
2026-08-06 17:53:00,CME_MINI:ES1!,7734.25,7734.75,7733.0,7734.0,1478.0,2026-08
2026-08-06 17:54:00,CME_MINI:ES1!,7734.0,7734.75,7733.5,7734.0,1249.0,2026-08
2026-08-06 17:55:00,CME_MINI:ES1!,7734.0,7735.25,7733.25,7733.25,1461.0,2026-08
2026-08-06 17:56:00,CME_MINI:ES1!,7733.5,7733.75,7732.5,7733.0,1224.0,2026-08
2026-08-06 17:57:00,CME_MINI:ES1!,7733.0,7736.0,7733.0,7735.75,950.0,2026-08
2026-08-06 17:58:00,CME_MINI:ES1!,7736.0,7736.0,7734.75,7735.0,1366.0,2026-08
2026-08-06 17:59:00,CME_MINI:ES1!,7735.25,7736.25,7735.0,7736.25,1501.0,2026-08
2026-08-06 18:00:00,CME_MINI:ES1!,7736.25,7737.75,7734.5,7736.75,2445.0,2026-08
2026-08-06 18:01:00,CME_MINI:ES1!,7736.75,7737.0,7735.75,7736.0,1309.0,2026-08
2026-08-06 18:02:00,CME_MINI:ES1!,7735.75,7736.5,7734.75,7736.25,1142.0,2026-08
2026-08-06 18:03:00,CME_MINI:ES1!,7736.25,7737.5,7735.5,7737.25,1177.0,2026-08
2026-08-06 18:04:00,CME_MINI:ES1!,7737.25,7738.75,7737.25,7738.75,1331.0,2026-08
2026-08-06 18:05:00,CME_MINI:ES1!,7738.5,7739.5,7737.5,7738.25,2080.0,2026-08
2026-08-06 18:06:00,CME_MINI:ES1!,7738.0,7738.5,7737.0,7737.25,1086.0,2026-08
2026-08-06 18:07:00,CME_MINI:ES1!,7737.25,7739.5,7736.75,7739.5,1056.0,2026-08
2026-08-06 18:08:00,CME_MINI:ES1!,7739.25,7739.5,7738.0,7738.5,924.0,2026-08
2026-08-06 18:09:00,CME_MINI:ES1!,7738.5,7738.75,7736.25,7738.5,1499.0,2026-08
2026-08-06 18:10:00,CME_MINI:ES1!,7738.25,7738.75,7736.75,7737.0,1168.0,2026-08
2026-08-06 18:11:00,CME_MINI:ES1!,7737.0,7738.5,7736.75,7738.0,1284.0,2026-08
2026-08-06 18:12:00,CME_MINI:ES1!,7738.0,7739.0,7737.75,7738.25,875.0,2026-08
2026-08-06 18:13:00,CME_MINI:ES1!,7738.0,7739.5,7737.25,7739.25,961.0,2026-08
2026-08-06 18:14:00,CME_MINI:ES1!,7739.25,7742.75,7739.0,7741.25,3625.0,2026-08
2026-08-06 18:15:00,CME_MINI:ES1!,7741.5,7742.5,7741.0,7741.0,1664.0,2026-08
2026-08-06 18:16:00,CME_MINI:ES1!,7741.0,7746.0,7735.75,7745.75,9588.0,2026-08
2026-08-06 18:17:00,CME_MINI:ES1!,7745.75,7747.25,7742.25,7742.75,4793.0,2026-08
2026-08-06 18:18:00,CME_MINI:ES1!,7742.75,7743.75,7742.5,7743.5,1513.0,2026-08
2026-08-06 18:19:00,CME_MINI:ES1!,7743.5,7744.0,7742.5,7743.0,1390.0,2026-08
2026-08-06 18:20:00,CME_MINI:ES1!,7743.0,7744.5,7743.0,7744.25,1592.0,2026-08
2026-08-06 18:21:00,CME_MINI:ES1!,7744.25,7746.0,7744.25,7745.25,1416.0,2026-08
2026-08-06 18:22:00,CME_MINI:ES1!,7745.5,7745.5,7744.0,7744.75,1882.0,2026-08
2026-08-06 18:23:00,CME_MINI:ES1!,7745.0,7745.25,7744.0,7744.25,1281.0,2026-08
2026-08-06 18:24:00,CME_MINI:ES1!,7744.5,7745.5,7744.0,7745.0,1147.0,2026-08
2026-08-06 18:25:00,CME_MINI:ES1!,7745.25,7745.75,7743.25,7743.25,1450.0,2026-08
2026-08-06 18:26:00,CME_MINI:ES1!,7743.25,7744.25,7741.5,7742.0,1501.0,2026-08
2026-08-06 18:27:00,CME_MINI:ES1!,7742.0,7744.0,7741.75,7744.0,1486.0,2026-08
2026-08-06 18:28:00,CME_MINI:ES1!,7743.75,7745.0,7743.25,7744.75,1143.0,2026-08
2026-08-06 18:29:00,CME_MINI:ES1!,7744.75,7745.0,7743.0,7744.0,732.0,2026-08
2026-08-06 18:30:00,CME_MINI:ES1!,7744.0,7744.25,7742.25,7742.75,1287.0,2026-08
2026-08-06 18:31:00,CME_MINI:ES1!,7742.75,7744.0,7742.25,7743.0,1302.0,2026-08
2026-08-06 18:32:00,CME_MINI:ES1!,7742.75,7744.25,7742.75,7743.5,696.0,2026-08
2026-08-06 18:33:00,CME_MINI:ES1!,7743.5,7743.5,7741.25,7741.75,1243.0,2026-08
2026-08-06 18:34:00,CME_MINI:ES1!,7741.75,7742.25,7740.25,7740.75,1397.0,2026-08
2026-08-06 18:35:00,CME_MINI:ES1!,7740.5,7742.75,7740.25,7741.0,1455.0,2026-08
2026-08-06 18:36:00,CME_MINI:ES1!,7741.25,7742.0,7741.0,7741.5,539.0,2026-08
2026-08-06 18:37:00,CME_MINI:ES1!,7741.5,7741.75,7739.5,7739.75,890.0,2026-08
2026-08-06 18:38:00,CME_MINI:ES1!,7739.75,7740.0,7737.75,7737.75,2762.0,2026-08
2026-08-06 18:39:00,CME_MINI:ES1!,7738.0,7738.75,7737.5,7738.25,793.0,2026-08
2026-08-06 18:40:00,CME_MINI:ES1!,7738.25,7739.0,7737.75,7738.75,1007.0,2026-08
2026-08-06 18:41:00,CME_MINI:ES1!,7738.75,7739.0,7735.5,7735.75,1290.0,2026-08
2026-08-06 18:42:00,CME_MINI:ES1!,7735.75,7736.25,7734.5,7735.75,1447.0,2026-08
2026-08-06 18:43:00,CME_MINI:ES1!,7735.75,7737.75,7735.5,7737.0,1516.0,2026-08
2026-08-06 18:44:00,CME_MINI:ES1!,7737.0,7737.5,7736.5,7737.25,1003.0,2026-08
2026-08-06 18:45:00,CME_MINI:ES1!,7737.5,7739.75,7736.5,7739.25,1518.0,2026-08
2026-08-06 18:46:00,CME_MINI:ES1!,7739.25,7740.25,7739.0,7739.25,1291.0,2026-08
2026-08-06 18:47:00,CME_MINI:ES1!,7739.25,7740.0,7738.75,7739.75,1232.0,2026-08
2026-08-06 18:48:00,CME_MINI:ES1!,7739.75,7741.25,7739.0,7739.0,1186.0,2026-08
2026-08-06 18:49:00,CME_MINI:ES1!,7739.0,7740.0,7738.25,7738.75,1210.0,2026-08
2026-08-06 18:50:00,CME_MINI:ES1!,7738.75,7739.75,7738.25,7739.5,1243.0,2026-08
2026-08-06 18:51:00,CME_MINI:ES1!,7739.5,7740.0,7738.5,7739.0,854.0,2026-08
2026-08-06 18:52:00,CME_MINI:ES1!,7738.75,7738.75,7737.75,7737.75,1171.0,2026-08
2026-08-06 18:53:00,CME_MINI:ES1!,7737.75,7738.5,7737.25,7738.0,1004.0,2026-08
2026-08-06 18:54:00,CME_MINI:ES1!,7738.25,7739.25,7737.5,7738.75,1187.0,2026-08
2026-08-06 18:55:00,CME_MINI:ES1!,7738.5,7739.25,7738.0,7739.25,1096.0,2026-08
2026-08-06 18:56:00,CME_MINI:ES1!,7739.25,7740.5,7739.25,7739.75,1265.0,2026-08
2026-08-06 18:57:00,CME_MINI:ES1!,7739.5,7740.25,7738.75,7739.75,981.0,2026-08
2026-08-06 18:58:00,CME_MINI:ES1!,7740.0,7740.75,7739.75,7739.75,1318.0,2026-08
2026-08-06 18:59:00,CME_MINI:ES1!,7739.75,7740.0,7739.0,7739.5,1513.0,2026-08
2026-08-06 19:00:00,CME_MINI:ES1!,7739.5,7741.75,7739.5,7741.25,2040.0,2026-08
2026-08-06 19:01:00,CME_MINI:ES1!,7741.5,7744.5,7741.0,7744.25,2432.0,2026-08
2026-08-06 19:02:00,CME_MINI:ES1!,7744.25,7745.75,7743.5,7744.25,2093.0,2026-08
2026-08-06 19:03:00,CME_MINI:ES1!,7744.0,7744.5,7743.25,7743.75,1908.0,2026-08
2026-08-06 19:04:00,CME_MINI:ES1!,7743.75,7745.75,7743.75,7745.75,1276.0,2026-08
2026-08-06 19:05:00,CME_MINI:ES1!,7745.5,7745.75,7743.25,7744.0,1202.0,2026-08
2026-08-06 19:06:00,CME_MINI:ES1!,7744.0,7744.75,7743.5,7743.75,743.0,2026-08
2026-08-06 19:07:00,CME_MINI:ES1!,7743.75,7744.25,7742.75,7744.25,1805.0,2026-08
2026-08-06 19:08:00,CME_MINI:ES1!,7744.0,7746.25,7743.75,7745.75,1547.0,2026-08
2026-08-06 19:09:00,CME_MINI:ES1!,7745.75,7747.0,7745.25,7747.0,1080.0,2026-08
2026-08-06 19:10:00,CME_MINI:ES1!,7747.25,7747.75,7746.5,7747.5,1474.0,2026-08
2026-08-06 19:11:00,CME_MINI:ES1!,7747.5,7747.5,7746.5,7747.25,820.0,2026-08
2026-08-06 19:12:00,CME_MINI:ES1!,7747.25,7747.75,7745.25,7745.5,1230.0,2026-08
2026-08-06 19:13:00,CME_MINI:ES1!,7745.75,7745.75,7744.0,7744.25,1193.0,2026-08
2026-08-06 19:14:00,CME_MINI:ES1!,7744.5,7744.5,7742.75,7743.25,1477.0,2026-08
2026-08-06 19:15:00,CME_MINI:ES1!,7743.25,7743.5,7741.0,7741.5,1844.0,2026-08
2026-08-06 19:16:00,CME_MINI:ES1!,7741.75,7742.75,7740.75,7742.5,1643.0,2026-08
2026-08-06 19:17:00,CME_MINI:ES1!,7742.5,7742.75,7741.25,7742.25,992.0,2026-08
2026-08-06 19:18:00,CME_MINI:ES1!,7742.25,7742.25,7740.5,7741.5,989.0,2026-08
2026-08-06 19:19:00,CME_MINI:ES1!,7741.25,7742.25,7741.25,7741.5,1102.0,2026-08
2026-08-06 19:20:00,CME_MINI:ES1!,7741.5,7744.5,7741.25,7744.5,1497.0,2026-08
2026-08-06 19:21:00,CME_MINI:ES1!,7744.5,7744.75,7742.25,7742.75,1447.0,2026-08
2026-08-06 19:22:00,CME_MINI:ES1!,7742.75,7743.25,7742.0,7742.75,1531.0,2026-08
2026-08-06 19:23:00,CME_MINI:ES1!,7742.5,7743.0,7741.0,7741.5,1272.0,2026-08
2026-08-06 19:24:00,CME_MINI:ES1!,7741.5,7741.5,7737.75,7738.25,2585.0,2026-08
2026-08-06 19:25:00,CME_MINI:ES1!,7738.0,7739.0,7735.25,7738.75,3841.0,2026-08
2026-08-06 19:26:00,CME_MINI:ES1!,7738.75,7740.0,7736.75,7737.25,2841.0,2026-08
2026-08-06 19:27:00,CME_MINI:ES1!,7737.25,7738.75,7736.75,7737.0,2459.0,2026-08
2026-08-06 19:28:00,CME_MINI:ES1!,7737.0,7739.0,7736.75,7738.5,1980.0,2026-08
2026-08-06 19:29:00,CME_MINI:ES1!,7738.25,7738.25,7736.0,7736.5,1757.0,2026-08
2026-08-06 19:30:00,CME_MINI:ES1!,7736.5,7737.75,7734.0,7737.5,3701.0,2026-08
2026-08-06 19:31:00,CME_MINI:ES1!,7737.5,7738.5,7736.75,7738.5,2031.0,2026-08
2026-08-06 19:32:00,CME_MINI:ES1!,7738.5,7740.0,7737.75,7738.75,2187.0,2026-08
2026-08-06 19:33:00,CME_MINI:ES1!,7738.75,7738.75,7736.75,7737.25,1370.0,2026-08
2026-08-06 19:34:00,CME_MINI:ES1!,7737.25,7739.5,7737.0,7739.5,1548.0,2026-08
2026-08-06 19:35:00,CME_MINI:ES1!,7739.25,7739.75,7738.25,7739.25,1849.0,2026-08
2026-08-06 19:36:00,CME_MINI:ES1!,7739.25,7739.5,7737.0,7738.25,1613.0,2026-08
2026-08-06 19:37:00,CME_MINI:ES1!,7738.25,7738.25,7737.25,7737.75,1122.0,2026-08
2026-08-06 19:38:00,CME_MINI:ES1!,7737.5,7737.5,7735.5,7735.75,1497.0,2026-08
2026-08-06 19:39:00,CME_MINI:ES1!,7735.5,7736.5,7735.0,7735.25,1347.0,2026-08
2026-08-06 19:40:00,CME_MINI:ES1!,7735.0,7735.75,7734.25,7735.0,2048.0,2026-08
2026-08-06 19:41:00,CME_MINI:ES1!,7735.25,7735.25,7732.25,7732.25,2311.0,2026-08
2026-08-06 19:42:00,CME_MINI:ES1!,7732.25,7733.0,7730.5,7731.25,2650.0,2026-08
2026-08-06 19:43:00,CME_MINI:ES1!,7731.25,7732.5,7730.75,7731.5,2426.0,2026-08
2026-08-06 19:44:00,CME_MINI:ES1!,7731.5,7733.0,7730.75,7732.75,2259.0,2026-08
2026-08-06 19:45:00,CME_MINI:ES1!,7733.0,7735.0,7732.25,7733.25,2554.0,2026-08
2026-08-06 19:46:00,CME_MINI:ES1!,7733.25,7734.5,7730.5,7731.0,2245.0,2026-08
2026-08-06 19:47:00,CME_MINI:ES1!,7731.0,7732.25,7729.5,7729.5,2624.0,2026-08
2026-08-06 19:48:00,CME_MINI:ES1!,7729.75,7732.0,7729.25,7731.25,1847.0,2026-08
2026-08-06 19:49:00,CME_MINI:ES1!,7731.0,7734.5,7731.0,7734.0,1885.0,2026-08
2026-08-06 19:50:00,CME_MINI:ES1!,7734.0,7734.0,7727.0,7727.75,6342.0,2026-08
2026-08-06 19:51:00,CME_MINI:ES1!,7728.0,7729.25,7727.25,7728.0,3657.0,2026-08
2026-08-06 19:52:00,CME_MINI:ES1!,7728.0,7729.25,7727.75,7729.0,3008.0,2026-08
2026-08-06 19:53:00,CME_MINI:ES1!,7729.0,7735.75,7727.25,7734.0,6961.0,2026-08
2026-08-06 19:54:00,CME_MINI:ES1!,7734.25,7738.25,7733.25,7736.5,5606.0,2026-08
2026-08-06 19:55:00,CME_MINI:ES1!,7736.75,7737.25,7734.0,7735.75,6124.0,2026-08
2026-08-06 19:56:00,CME_MINI:ES1!,7735.5,7736.0,7733.75,7736.0,3627.0,2026-08
2026-08-06 19:57:00,CME_MINI:ES1!,7736.0,7738.25,7735.75,7737.0,5567.0,2026-08
2026-08-06 19:58:00,CME_MINI:ES1!,7737.0,7738.75,7736.0,7738.0,6732.0,2026-08
2026-08-06 19:59:00,CME_MINI:ES1!,7738.25,7739.25,7731.25,7735.25,49720.0,2026-08
2026-08-06 20:00:00,CME_MINI:ES1!,7735.25,7740.25,7735.25,7737.75,12306.0,2026-08
2026-08-06 20:01:00,CME_MINI:ES1!,7737.75,7739.25,7736.0,7738.5,2361.0,2026-08
2026-08-06 20:02:00,CME_MINI:ES1!,7738.5,7739.5,7738.0,7738.5,2263.0,2026-08
2026-08-06 20:03:00,CME_MINI:ES1!,7738.5,7740.25,7738.0,7740.0,1655.0,2026-08
2026-08-06 20:04:00,CME_MINI:ES1!,7739.75,7741.5,7739.25,7739.25,1052.0,2026-08
2026-08-06 20:05:00,CME_MINI:ES1!,7739.5,7740.0,7739.0,7739.25,1421.0,2026-08
2026-08-06 20:06:00,CME_MINI:ES1!,7739.5,7740.5,7738.25,7740.0,953.0,2026-08
2026-08-06 20:07:00,CME_MINI:ES1!,7740.0,7740.75,7738.25,7740.25,1154.0,2026-08
2026-08-06 20:08:00,CME_MINI:ES1!,7740.25,7740.75,7739.5,7740.0,690.0,2026-08
2026-08-06 20:09:00,CME_MINI:ES1!,7740.0,7740.25,7739.5,7740.0,401.0,2026-08
2026-08-06 20:10:00,CME_MINI:ES1!,7740.25,7740.75,7739.25,7740.75,741.0,2026-08
2026-08-06 20:11:00,CME_MINI:ES1!,7740.75,7740.75,7738.0,7738.25,1269.0,2026-08
2026-08-06 20:12:00,CME_MINI:ES1!,7738.5,7738.75,7737.75,7738.75,675.0,2026-08
2026-08-06 20:13:00,CME_MINI:ES1!,7738.75,7738.75,7737.75,7738.0,467.0,2026-08
2026-08-06 20:14:00,CME_MINI:ES1!,7737.75,7738.75,7737.5,7737.75,663.0,2026-08
2026-08-06 20:15:00,CME_MINI:ES1!,7738.0,7739.0,7737.25,7738.75,1201.0,2026-08
2026-08-06 20:16:00,CME_MINI:ES1!,7738.75,7739.0,7738.0,7738.5,699.0,2026-08
2026-08-06 20:17:00,CME_MINI:ES1!,7738.5,7738.5,7735.5,7736.0,1206.0,2026-08
2026-08-06 20:18:00,CME_MINI:ES1!,7736.25,7737.0,7735.25,7735.25,599.0,2026-08
2026-08-06 20:19:00,CME_MINI:ES1!,7735.0,7736.75,7734.75,7736.5,321.0,2026-08
2026-08-06 20:20:00,CME_MINI:ES1!,7736.5,7737.25,7736.5,7737.0,303.0,2026-08
2026-08-06 20:21:00,CME_MINI:ES1!,7737.0,7738.0,7734.75,7736.5,1234.0,2026-08
2026-08-06 20:22:00,CME_MINI:ES1!,7736.5,7736.75,7733.75,7733.75,702.0,2026-08
2026-08-06 20:23:00,CME_MINI:ES1!,7734.0,7734.25,7732.25,7732.75,671.0,2026-08
2026-08-06 20:24:00,CME_MINI:ES1!,7733.0,7733.0,7731.0,7731.75,720.0,2026-08
2026-08-06 20:25:00,CME_MINI:ES1!,7731.75,7733.25,7731.0,7732.0,639.0,2026-08
2026-08-06 20:26:00,CME_MINI:ES1!,7732.0,7732.25,7731.0,7731.25,549.0,2026-08
2026-08-06 20:27:00,CME_MINI:ES1!,7731.0,7731.25,7729.5,7729.75,496.0,2026-08
2026-08-06 20:28:00,CME_MINI:ES1!,7729.75,7729.75,7729.0,7729.0,249.0,2026-08
2026-08-06 20:29:00,CME_MINI:ES1!,7729.0,7730.25,7728.75,7730.25,279.0,2026-08
2026-08-06 20:30:00,CME_MINI:ES1!,7730.25,7731.0,7729.0,7729.5,391.0,2026-08
2026-08-06 20:31:00,CME_MINI:ES1!,7729.5,7729.5,7728.75,7729.25,250.0,2026-08
2026-08-06 20:32:00,CME_MINI:ES1!,7729.25,7731.75,7729.25,7731.5,303.0,2026-08
2026-08-06 20:33:00,CME_MINI:ES1!,7731.5,7731.5,7730.5,7730.5,186.0,2026-08
2026-08-06 20:34:00,CME_MINI:ES1!,7730.75,7731.75,7730.75,7731.5,231.0,2026-08
2026-08-06 20:35:00,CME_MINI:ES1!,7731.5,7731.5,7730.75,7731.25,158.0,2026-08
2026-08-06 20:36:00,CME_MINI:ES1!,7731.5,7731.75,7731.5,7731.75,102.0,2026-08
2026-08-06 20:37:00,CME_MINI:ES1!,7731.5,7731.75,7730.75,7730.75,184.0,2026-08
2026-08-06 20:38:00,CME_MINI:ES1!,7730.75,7730.75,7727.75,7729.75,655.0,2026-08
2026-08-06 20:39:00,CME_MINI:ES1!,7729.75,7730.75,7729.5,7730.75,139.0,2026-08
2026-08-06 20:40:00,CME_MINI:ES1!,7731.0,7731.0,7730.25,7730.75,128.0,2026-08
2026-08-06 20:41:00,CME_MINI:ES1!,7731.0,7731.25,7730.5,7731.25,123.0,2026-08
2026-08-06 20:42:00,CME_MINI:ES1!,7731.25,7731.25,7730.5,7730.75,140.0,2026-08
2026-08-06 20:43:00,CME_MINI:ES1!,7730.75,7731.0,7730.25,7730.25,181.0,2026-08
2026-08-06 20:44:00,CME_MINI:ES1!,7730.5,7730.75,7730.25,7730.25,149.0,2026-08
2026-08-06 20:45:00,CME_MINI:ES1!,7730.25,7730.75,7729.75,7730.25,203.0,2026-08
2026-08-06 20:46:00,CME_MINI:ES1!,7730.25,7731.0,7730.25,7730.5,136.0,2026-08
2026-08-06 20:47:00,CME_MINI:ES1!,7730.5,7731.0,7730.0,7730.5,158.0,2026-08
2026-08-06 20:48:00,CME_MINI:ES1!,7730.5,7730.75,7730.0,7730.25,210.0,2026-08
2026-08-06 20:49:00,CME_MINI:ES1!,7730.25,7730.5,7730.0,7730.25,130.0,2026-08
2026-08-06 20:50:00,CME_MINI:ES1!,7730.5,7730.75,7730.25,7730.75,146.0,2026-08
2026-08-06 20:51:00,CME_MINI:ES1!,7730.75,7730.75,7730.25,7730.5,122.0,2026-08
2026-08-06 20:52:00,CME_MINI:ES1!,7730.75,7730.75,7730.25,7730.75,108.0,2026-08
2026-08-06 20:53:00,CME_MINI:ES1!,7730.75,7731.5,7730.5,7730.75,205.0,2026-08
2026-08-06 20:54:00,CME_MINI:ES1!,7731.0,7731.25,7730.75,7730.75,147.0,2026-08
2026-08-06 20:55:00,CME_MINI:ES1!,7730.75,7731.5,7730.75,7731.5,209.0,2026-08
2026-08-06 20:56:00,CME_MINI:ES1!,7731.5,7732.75,7731.0,7731.75,372.0,2026-08
2026-08-06 20:57:00,CME_MINI:ES1!,7731.5,7731.5,7731.0,7731.5,182.0,2026-08
2026-08-06 20:58:00,CME_MINI:ES1!,7731.25,7732.25,7731.25,7732.0,109.0,2026-08
2026-08-06 20:59:00,CME_MINI:ES1!,7732.25,7732.25,7731.0,7731.5,430.0,2026-08
2026-08-06 22:00:00,CME_MINI:ES1!,7735.0,7735.0,7729.75,7730.0,645.0,2026-08
2026-08-06 22:01:00,CME_MINI:ES1!,7730.75,7732.25,7729.75,7732.0,110.0,2026-08
2026-08-06 22:02:00,CME_MINI:ES1!,7732.0,7732.0,7731.25,7731.75,54.0,2026-08
2026-08-06 22:03:00,CME_MINI:ES1!,7732.0,7733.5,7731.75,7732.0,101.0,2026-08
2026-08-06 22:04:00,CME_MINI:ES1!,7732.25,7732.75,7731.5,7732.75,109.0,2026-08
2026-08-06 22:05:00,CME_MINI:ES1!,7732.5,7735.5,7732.5,7735.0,199.0,2026-08
2026-08-06 22:06:00,CME_MINI:ES1!,7735.0,7737.25,7735.0,7737.0,111.0,2026-08
2026-08-06 22:07:00,CME_MINI:ES1!,7736.5,7737.0,7735.5,7735.75,130.0,2026-08
2026-08-06 22:08:00,CME_MINI:ES1!,7736.0,7736.5,7735.75,7736.5,31.0,2026-08
2026-08-06 22:09:00,CME_MINI:ES1!,7736.5,7737.0,7736.25,7737.0,63.0,2026-08
2026-08-06 22:10:00,CME_MINI:ES1!,7736.75,7737.25,7736.25,7737.25,68.0,2026-08
2026-08-06 22:11:00,CME_MINI:ES1!,7737.25,7737.75,7737.0,7737.75,73.0,2026-08
2026-08-06 22:12:00,CME_MINI:ES1!,7737.5,7738.5,7737.25,7738.5,137.0,2026-08
2026-08-06 22:13:00,CME_MINI:ES1!,7738.5,7739.25,7738.25,7739.25,100.0,2026-08
2026-08-06 22:14:00,CME_MINI:ES1!,7739.25,7740.0,7739.25,7739.5,124.0,2026-08
2026-08-06 22:15:00,CME_MINI:ES1!,7739.25,7740.5,7739.25,7740.5,138.0,2026-08
2026-08-06 22:16:00,CME_MINI:ES1!,7740.25,7741.0,7739.5,7739.5,202.0,2026-08
2026-08-06 22:17:00,CME_MINI:ES1!,7739.5,7739.75,7739.0,7739.75,54.0,2026-08
2026-08-06 22:18:00,CME_MINI:ES1!,7739.5,7739.5,7739.0,7739.25,47.0,2026-08
2026-08-06 22:19:00,CME_MINI:ES1!,7739.0,7739.0,7738.75,7739.0,41.0,2026-08
2026-08-06 22:20:00,CME_MINI:ES1!,7739.0,7740.0,7738.75,7739.0,91.0,2026-08
2026-08-06 22:21:00,CME_MINI:ES1!,7739.25,7739.25,7738.5,7738.75,32.0,2026-08
2026-08-06 22:22:00,CME_MINI:ES1!,7738.75,7739.0,7737.75,7737.75,71.0,2026-08
2026-08-06 22:23:00,CME_MINI:ES1!,7737.75,7737.75,7736.25,7737.5,145.0,2026-08
2026-08-06 22:24:00,CME_MINI:ES1!,7737.5,7738.0,7737.25,7737.5,35.0,2026-08
2026-08-06 22:25:00,CME_MINI:ES1!,7737.75,7739.75,7737.5,7739.25,364.0,2026-08
2026-08-06 22:26:00,CME_MINI:ES1!,7739.0,7739.0,7738.25,7738.25,34.0,2026-08
2026-08-06 22:27:00,CME_MINI:ES1!,7738.5,7738.5,7737.25,7737.5,83.0,2026-08
2026-08-06 22:28:00,CME_MINI:ES1!,7737.5,7737.5,7736.0,7736.5,94.0,2026-08
2026-08-06 22:29:00,CME_MINI:ES1!,7736.75,7736.75,7736.25,7736.5,19.0,2026-08
2026-08-06 22:30:00,CME_MINI:ES1!,7736.5,7736.5,7735.25,7736.0,89.0,2026-08
2026-08-06 22:31:00,CME_MINI:ES1!,7736.0,7736.25,7735.0,7735.0,54.0,2026-08
2026-08-06 22:32:00,CME_MINI:ES1!,7735.0,7735.0,7733.25,7733.75,207.0,2026-08
2026-08-06 22:33:00,CME_MINI:ES1!,7733.5,7735.0,7733.25,7734.75,53.0,2026-08
2026-08-06 22:34:00,CME_MINI:ES1!,7735.0,7735.25,7735.0,7735.0,53.0,2026-08
2026-08-06 22:35:00,CME_MINI:ES1!,7735.0,7735.25,7735.0,7735.0,21.0,2026-08
2026-08-06 22:36:00,CME_MINI:ES1!,7735.0,7735.0,7734.5,7734.75,25.0,2026-08
2026-08-06 22:37:00,CME_MINI:ES1!,7735.0,7735.0,7734.75,7735.0,25.0,2026-08
2026-08-06 22:38:00,CME_MINI:ES1!,7734.75,7735.0,7734.25,7735.0,30.0,2026-08
2026-08-06 22:39:00,CME_MINI:ES1!,7735.0,7735.0,7734.5,7734.75,24.0,2026-08
2026-08-06 22:40:00,CME_MINI:ES1!,7734.75,7735.0,7734.75,7735.0,38.0,2026-08
2026-08-06 22:41:00,CME_MINI:ES1!,7734.75,7736.75,7734.75,7736.0,113.0,2026-08
2026-08-06 22:42:00,CME_MINI:ES1!,7736.25,7736.75,7735.5,7735.5,59.0,2026-08
2026-08-06 22:43:00,CME_MINI:ES1!,7735.25,7735.5,7735.25,7735.5,28.0,2026-08
2026-08-06 22:44:00,CME_MINI:ES1!,7735.75,7735.75,7735.5,7735.75,17.0,2026-08
2026-08-06 22:45:00,CME_MINI:ES1!,7736.0,7736.25,7735.5,7736.0,40.0,2026-08
2026-08-06 22:46:00,CME_MINI:ES1!,7736.0,7736.25,7736.0,7736.25,21.0,2026-08
2026-08-06 22:47:00,CME_MINI:ES1!,7736.25,7736.25,7736.0,7736.0,20.0,2026-08
2026-08-06 22:48:00,CME_MINI:ES1!,7736.0,7736.25,7735.75,7736.25,27.0,2026-08
2026-08-06 22:49:00,CME_MINI:ES1!,7736.25,7736.25,7735.75,7735.75,16.0,2026-08
2026-08-06 22:50:00,CME_MINI:ES1!,7736.0,7737.0,7736.0,7737.0,70.0,2026-08
2026-08-06 22:51:00,CME_MINI:ES1!,7737.0,7737.5,7736.75,7737.25,67.0,2026-08
2026-08-06 22:52:00,CME_MINI:ES1!,7737.5,7737.75,7737.25,7737.5,24.0,2026-08
2026-08-06 22:53:00,CME_MINI:ES1!,7737.75,7737.75,7737.25,7737.25,30.0,2026-08
2026-08-06 22:54:00,CME_MINI:ES1!,7737.25,7737.25,7737.0,7737.25,13.0,2026-08
2026-08-06 22:55:00,CME_MINI:ES1!,7737.0,7737.5,7736.5,7737.25,42.0,2026-08
2026-08-06 22:56:00,CME_MINI:ES1!,7737.25,7737.5,7737.0,7737.25,39.0,2026-08
2026-08-06 22:57:00,CME_MINI:ES1!,7737.25,7738.5,7737.0,7737.75,88.0,2026-08
2026-08-06 22:58:00,CME_MINI:ES1!,7738.0,7738.0,7738.0,7738.0,15.0,2026-08
2026-08-06 22:59:00,CME_MINI:ES1!,7738.0,7738.0,7737.75,7737.75,19.0,2026-08
2026-08-06 23:00:00,CME_MINI:ES1!,7737.75,7738.5,7737.5,7738.25,58.0,2026-08
2026-08-06 23:01:00,CME_MINI:ES1!,7738.0,7738.0,7737.75,7737.75,13.0,2026-08
2026-08-06 23:02:00,CME_MINI:ES1!,7737.75,7738.0,7737.75,7737.75,17.0,2026-08
2026-08-06 23:03:00,CME_MINI:ES1!,7737.75,7737.75,7737.5,7737.5,15.0,2026-08
2026-08-06 23:04:00,CME_MINI:ES1!,7737.5,7737.75,7737.25,7737.75,17.0,2026-08
2026-08-06 23:05:00,CME_MINI:ES1!,7737.75,7737.75,7737.25,7737.5,16.0,2026-08
2026-08-06 23:06:00,CME_MINI:ES1!,7737.0,7737.25,7736.5,7736.5,29.0,2026-08
2026-08-06 23:07:00,CME_MINI:ES1!,7736.75,7737.0,7736.25,7737.0,28.0,2026-08
2026-08-06 23:08:00,CME_MINI:ES1!,7737.25,7737.5,7737.25,7737.5,27.0,2026-08
2026-08-06 23:09:00,CME_MINI:ES1!,7737.0,7737.0,7736.25,7736.75,17.0,2026-08
2026-08-06 23:10:00,CME_MINI:ES1!,7737.0,7737.5,7736.75,7737.0,15.0,2026-08
2026-08-06 23:11:00,CME_MINI:ES1!,7737.0,7737.0,7737.0,7737.0,4.0,2026-08
2026-08-06 23:12:00,CME_MINI:ES1!,7736.75,7737.25,7736.75,7736.75,4.0,2026-08
2026-08-06 23:13:00,CME_MINI:ES1!,7736.5,7737.0,7736.5,7737.0,5.0,2026-08
2026-08-06 23:14:00,CME_MINI:ES1!,7737.0,7737.0,7736.5,7736.75,23.0,2026-08
2026-08-06 23:15:00,CME_MINI:ES1!,7737.0,7737.75,7737.0,7737.5,42.0,2026-08
2026-08-06 23:16:00,CME_MINI:ES1!,7737.25,7737.25,7736.75,7737.25,17.0,2026-08
2026-08-06 23:17:00,CME_MINI:ES1!,7737.25,7737.5,7737.25,7737.5,14.0,2026-08
2026-08-06 23:18:00,CME_MINI:ES1!,7737.5,7738.0,7737.25,7738.0,8.0,2026-08
2026-08-06 23:19:00,CME_MINI:ES1!,7737.75,7740.75,7737.75,7738.25,293.0,2026-08
2026-08-06 23:20:00,CME_MINI:ES1!,7738.25,7738.75,7738.25,7738.75,15.0,2026-08
2026-08-06 23:21:00,CME_MINI:ES1!,7738.75,7738.75,7738.25,7738.5,19.0,2026-08
2026-08-06 23:22:00,CME_MINI:ES1!,7738.5,7738.5,7737.75,7738.5,24.0,2026-08
2026-08-06 23:23:00,CME_MINI:ES1!,7738.5,7739.25,7738.5,7738.75,52.0,2026-08
2026-08-06 23:24:00,CME_MINI:ES1!,7738.75,7739.75,7738.75,7739.75,18.0,2026-08
2026-08-06 23:25:00,CME_MINI:ES1!,7739.75,7740.0,7739.5,7739.75,42.0,2026-08
2026-08-06 23:26:00,CME_MINI:ES1!,7739.75,7739.75,7739.0,7739.0,11.0,2026-08
2026-08-06 23:27:00,CME_MINI:ES1!,7739.0,7739.25,7737.25,7738.0,81.0,2026-08
2026-08-06 23:28:00,CME_MINI:ES1!,7737.75,7738.25,7737.75,7738.0,6.0,2026-08
2026-08-06 23:29:00,CME_MINI:ES1!,7738.0,7738.25,7737.75,7738.0,13.0,2026-08
2026-08-06 23:30:00,CME_MINI:ES1!,7738.0,7738.25,7737.75,7737.75,35.0,2026-08
2026-08-06 23:31:00,CME_MINI:ES1!,7738.25,7738.25,7737.5,7738.0,29.0,2026-08
2026-08-06 23:32:00,CME_MINI:ES1!,7738.25,7738.75,7737.75,7738.25,64.0,2026-08
2026-08-06 23:33:00,CME_MINI:ES1!,7738.25,7738.75,7738.25,7738.75,44.0,2026-08
2026-08-06 23:34:00,CME_MINI:ES1!,7738.75,7739.5,7738.75,7739.5,29.0,2026-08
2026-08-06 23:35:00,CME_MINI:ES1!,7739.5,7739.5,7739.0,7739.5,14.0,2026-08
2026-08-06 23:36:00,CME_MINI:ES1!,7739.5,7739.5,7739.25,7739.5,14.0,2026-08
2026-08-06 23:37:00,CME_MINI:ES1!,7739.5,7739.5,7738.5,7739.0,71.0,2026-08
2026-08-06 23:38:00,CME_MINI:ES1!,7738.75,7739.0,7738.25,7738.5,72.0,2026-08
2026-08-06 23:39:00,CME_MINI:ES1!,7738.5,7738.75,7738.5,7738.75,6.0,2026-08
2026-08-06 23:40:00,CME_MINI:ES1!,7739.0,7739.5,7737.75,7738.0,42.0,2026-08
2026-08-06 23:41:00,CME_MINI:ES1!,7738.0,7738.0,7737.25,7737.75,66.0,2026-08
2026-08-06 23:42:00,CME_MINI:ES1!,7738.0,7738.75,7738.0,7738.75,29.0,2026-08
2026-08-06 23:43:00,CME_MINI:ES1!,7738.75,7739.25,7738.75,7739.25,17.0,2026-08
2026-08-06 23:44:00,CME_MINI:ES1!,7739.25,7740.0,7739.25,7739.75,81.0,2026-08
2026-08-06 23:45:00,CME_MINI:ES1!,7739.75,7740.0,7738.25,7738.5,73.0,2026-08
2026-08-06 23:46:00,CME_MINI:ES1!,7738.5,7739.25,7738.25,7738.75,59.0,2026-08
2026-08-06 23:47:00,CME_MINI:ES1!,7738.5,7740.5,7738.25,7740.5,145.0,2026-08
2026-08-06 23:48:00,CME_MINI:ES1!,7740.25,7740.5,7740.0,7740.25,46.0,2026-08
2026-08-06 23:49:00,CME_MINI:ES1!,7740.25,7741.0,7740.25,7740.75,86.0,2026-08
2026-08-06 23:50:00,CME_MINI:ES1!,7740.75,7741.25,7739.5,7741.0,114.0,2026-08
2026-08-06 23:51:00,CME_MINI:ES1!,7741.0,7741.0,7740.0,7740.25,56.0,2026-08
2026-08-06 23:52:00,CME_MINI:ES1!,7740.25,7740.5,7739.5,7739.75,56.0,2026-08
2026-08-06 23:53:00,CME_MINI:ES1!,7739.75,7740.0,7739.25,7740.0,77.0,2026-08
2026-08-06 23:54:00,CME_MINI:ES1!,7740.0,7740.0,7738.75,7739.5,68.0,2026-08
2026-08-06 23:55:00,CME_MINI:ES1!,7739.5,7739.75,7739.25,7739.75,16.0,2026-08
2026-08-06 23:56:00,CME_MINI:ES1!,7739.5,7739.5,7739.25,7739.5,8.0,2026-08
2026-08-06 23:57:00,CME_MINI:ES1!,7739.5,7739.5,7738.75,7739.0,65.0,2026-08
2026-08-06 23:58:00,CME_MINI:ES1!,7739.0,7739.5,7738.75,7739.5,29.0,2026-08
2026-08-06 23:59:00,CME_MINI:ES1!,7739.5,7740.0,7739.25,7740.0,53.0,2026-08
2026-08-07 00:00:00,CME_MINI:ES1!,7740.0,7740.0,7738.0,7738.75,326.0,2026-08
2026-08-07 00:01:00,CME_MINI:ES1!,7738.75,7739.75,7737.75,7739.75,119.0,2026-08
2026-08-07 00:02:00,CME_MINI:ES1!,7739.5,7741.25,7739.25,7740.75,156.0,2026-08
2026-08-07 00:03:00,CME_MINI:ES1!,7740.75,7741.75,7740.5,7741.5,147.0,2026-08
2026-08-07 00:04:00,CME_MINI:ES1!,7741.5,7742.0,7740.75,7741.25,177.0,2026-08
2026-08-07 00:05:00,CME_MINI:ES1!,7741.5,7742.5,7741.0,7741.25,144.0,2026-08
2026-08-07 00:06:00,CME_MINI:ES1!,7741.25,7742.25,7739.5,7740.75,207.0,2026-08
2026-08-07 00:07:00,CME_MINI:ES1!,7741.0,7741.0,7739.75,7740.75,46.0,2026-08
2026-08-07 00:08:00,CME_MINI:ES1!,7741.0,7742.0,7739.75,7740.25,127.0,2026-08
2026-08-07 00:09:00,CME_MINI:ES1!,7740.5,7740.5,7737.75,7737.75,182.0,2026-08
2026-08-07 00:10:00,CME_MINI:ES1!,7738.0,7739.0,7737.0,7739.0,243.0,2026-08
2026-08-07 00:11:00,CME_MINI:ES1!,7738.75,7739.0,7737.5,7738.25,203.0,2026-08
2026-08-07 00:12:00,CME_MINI:ES1!,7738.0,7738.5,7736.5,7738.0,258.0,2026-08
2026-08-07 00:13:00,CME_MINI:ES1!,7738.25,7738.5,7737.0,7737.0,65.0,2026-08
2026-08-07 00:14:00,CME_MINI:ES1!,7736.75,7738.0,7736.5,7738.0,95.0,2026-08
2026-08-07 00:15:00,CME_MINI:ES1!,7738.25,7738.25,7734.25,7734.5,301.0,2026-08
2026-08-07 00:16:00,CME_MINI:ES1!,7734.75,7735.0,7732.25,7734.0,373.0,2026-08
2026-08-07 00:17:00,CME_MINI:ES1!,7734.0,7734.75,7733.25,7733.25,191.0,2026-08
2026-08-07 00:18:00,CME_MINI:ES1!,7733.5,7733.75,7732.0,7732.25,194.0,2026-08
2026-08-07 00:19:00,CME_MINI:ES1!,7732.25,7732.5,7731.5,7732.5,224.0,2026-08
2026-08-07 00:20:00,CME_MINI:ES1!,7732.5,7732.75,7729.5,7730.25,443.0,2026-08
2026-08-07 00:21:00,CME_MINI:ES1!,7730.5,7732.25,7730.25,7731.5,274.0,2026-08
2026-08-07 00:22:00,CME_MINI:ES1!,7731.25,7731.5,7729.25,7729.5,196.0,2026-08
2026-08-07 00:23:00,CME_MINI:ES1!,7729.75,7730.75,7729.0,7730.5,131.0,2026-08
2026-08-07 00:24:00,CME_MINI:ES1!,7730.25,7730.5,7729.75,7730.0,117.0,2026-08
2026-08-07 00:25:00,CME_MINI:ES1!,7730.25,7732.25,7730.0,7731.75,158.0,2026-08
2026-08-07 00:26:00,CME_MINI:ES1!,7731.75,7732.0,7730.5,7730.5,117.0,2026-08
2026-08-07 00:27:00,CME_MINI:ES1!,7730.75,7731.5,7730.25,7731.0,56.0,2026-08
2026-08-07 00:28:00,CME_MINI:ES1!,7731.0,7731.25,7729.5,7729.75,121.0,2026-08
2026-08-07 00:29:00,CME_MINI:ES1!,7729.75,7731.25,7729.75,7730.25,131.0,2026-08
2026-08-07 00:30:00,CME_MINI:ES1!,7730.25,7730.75,7729.75,7730.75,176.0,2026-08
2026-08-07 00:31:00,CME_MINI:ES1!,7731.0,7731.5,7730.5,7731.5,209.0,2026-08
2026-08-07 00:32:00,CME_MINI:ES1!,7731.25,7734.75,7731.0,7734.25,275.0,2026-08
2026-08-07 00:33:00,CME_MINI:ES1!,7734.5,7736.5,7734.5,7736.5,207.0,2026-08
2026-08-07 00:34:00,CME_MINI:ES1!,7736.75,7739.5,7736.5,7739.25,326.0,2026-08
2026-08-07 00:35:00,CME_MINI:ES1!,7739.0,7739.25,7736.5,7736.5,205.0,2026-08
2026-08-07 00:36:00,CME_MINI:ES1!,7736.75,7737.0,7735.5,7736.0,129.0,2026-08
2026-08-07 00:37:00,CME_MINI:ES1!,7736.0,7736.25,7734.5,7734.75,107.0,2026-08
2026-08-07 00:38:00,CME_MINI:ES1!,7734.75,7734.75,7731.5,7733.0,213.0,2026-08
2026-08-07 00:39:00,CME_MINI:ES1!,7733.25,7734.5,7733.0,7734.25,77.0,2026-08
2026-08-07 00:40:00,CME_MINI:ES1!,7734.5,7734.5,7732.0,7732.0,75.0,2026-08
2026-08-07 00:41:00,CME_MINI:ES1!,7732.0,7732.0,7730.5,7731.25,129.0,2026-08
2026-08-07 00:42:00,CME_MINI:ES1!,7731.75,7735.0,7731.25,7734.75,151.0,2026-08
2026-08-07 00:43:00,CME_MINI:ES1!,7734.5,7734.75,7734.0,7734.25,64.0,2026-08
2026-08-07 00:44:00,CME_MINI:ES1!,7734.5,7735.5,7734.25,7734.75,117.0,2026-08
2026-08-07 00:45:00,CME_MINI:ES1!,7734.75,7736.5,7733.75,7734.25,127.0,2026-08
2026-08-07 00:46:00,CME_MINI:ES1!,7735.0,7735.0,7733.5,7733.75,81.0,2026-08
2026-08-07 00:47:00,CME_MINI:ES1!,7733.75,7733.75,7730.75,7730.75,115.0,2026-08
2026-08-07 00:48:00,CME_MINI:ES1!,7730.5,7731.0,7730.5,7731.0,121.0,2026-08
2026-08-07 00:49:00,CME_MINI:ES1!,7730.75,7732.0,7730.5,7731.5,69.0,2026-08
2026-08-07 00:50:00,CME_MINI:ES1!,7731.25,7732.25,7731.0,7732.0,122.0,2026-08
2026-08-07 00:51:00,CME_MINI:ES1!,7732.25,7734.75,7731.5,7734.25,182.0,2026-08
2026-08-07 00:52:00,CME_MINI:ES1!,7734.5,7736.75,7734.25,7736.75,145.0,2026-08
2026-08-07 00:53:00,CME_MINI:ES1!,7736.75,7737.0,7735.25,7735.25,106.0,2026-08
2026-08-07 00:54:00,CME_MINI:ES1!,7735.5,7736.0,7735.25,7735.25,159.0,2026-08
2026-08-07 00:55:00,CME_MINI:ES1!,7735.25,7735.75,7733.25,7733.5,131.0,2026-08
2026-08-07 00:56:00,CME_MINI:ES1!,7733.5,7734.25,7733.0,7733.5,97.0,2026-08
2026-08-07 00:57:00,CME_MINI:ES1!,7733.5,7737.0,7733.5,7736.5,211.0,2026-08
2026-08-07 00:58:00,CME_MINI:ES1!,7736.5,7736.5,7735.0,7735.5,52.0,2026-08
2026-08-07 00:59:00,CME_MINI:ES1!,7735.5,7735.75,7735.25,7735.75,102.0,2026-08
2026-08-07 01:00:00,CME_MINI:ES1!,7735.75,7737.75,7735.5,7737.0,427.0,2026-08
2026-08-07 01:01:00,CME_MINI:ES1!,7736.75,7737.0,7734.75,7735.75,216.0,2026-08
2026-08-07 01:02:00,CME_MINI:ES1!,7735.75,7736.75,7735.25,7736.5,114.0,2026-08
2026-08-07 01:03:00,CME_MINI:ES1!,7736.5,7736.75,7736.0,7736.25,47.0,2026-08
2026-08-07 01:04:00,CME_MINI:ES1!,7736.25,7736.75,7736.0,7736.25,57.0,2026-08
2026-08-07 01:05:00,CME_MINI:ES1!,7736.25,7736.75,7735.75,7735.75,74.0,2026-08
2026-08-07 01:06:00,CME_MINI:ES1!,7736.0,7736.25,7734.25,7734.5,170.0,2026-08
2026-08-07 01:07:00,CME_MINI:ES1!,7734.5,7736.5,7734.5,7735.75,76.0,2026-08
2026-08-07 01:08:00,CME_MINI:ES1!,7735.75,7737.0,7735.5,7736.0,99.0,2026-08
2026-08-07 01:09:00,CME_MINI:ES1!,7736.0,7736.0,7734.5,7735.25,152.0,2026-08
2026-08-07 01:10:00,CME_MINI:ES1!,7735.0,7736.0,7733.25,7733.25,162.0,2026-08
2026-08-07 01:11:00,CME_MINI:ES1!,7733.25,7733.75,7733.25,7733.25,112.0,2026-08
2026-08-07 01:12:00,CME_MINI:ES1!,7733.5,7733.75,7733.0,7733.5,74.0,2026-08
2026-08-07 01:13:00,CME_MINI:ES1!,7733.5,7733.5,7730.75,7731.25,269.0,2026-08
2026-08-07 01:14:00,CME_MINI:ES1!,7731.25,7732.25,7731.25,7731.75,146.0,2026-08
2026-08-07 01:15:00,CME_MINI:ES1!,7732.0,7732.0,7730.75,7731.5,157.0,2026-08
2026-08-07 01:16:00,CME_MINI:ES1!,7731.75,7731.75,7730.5,7730.75,107.0,2026-08
2026-08-07 01:17:00,CME_MINI:ES1!,7731.0,7731.75,7730.25,7730.75,112.0,2026-08
2026-08-07 01:18:00,CME_MINI:ES1!,7730.75,7731.0,7730.5,7731.0,141.0,2026-08
2026-08-07 01:19:00,CME_MINI:ES1!,7730.75,7730.75,7729.25,7729.75,191.0,2026-08
2026-08-07 01:20:00,CME_MINI:ES1!,7729.75,7729.75,7727.25,7727.75,373.0,2026-08
2026-08-07 01:21:00,CME_MINI:ES1!,7728.0,7729.0,7727.75,7728.75,133.0,2026-08
2026-08-07 01:22:00,CME_MINI:ES1!,7729.0,7729.0,7728.0,7728.25,142.0,2026-08
2026-08-07 01:23:00,CME_MINI:ES1!,7728.5,7729.5,7728.25,7729.0,101.0,2026-08
2026-08-07 01:24:00,CME_MINI:ES1!,7729.0,7729.75,7728.75,7729.5,126.0,2026-08
2026-08-07 01:25:00,CME_MINI:ES1!,7729.75,7730.5,7728.75,7730.0,228.0,2026-08
2026-08-07 01:26:00,CME_MINI:ES1!,7729.25,7732.0,7729.25,7732.0,164.0,2026-08
2026-08-07 01:27:00,CME_MINI:ES1!,7731.75,7733.25,7731.5,7732.75,214.0,2026-08
2026-08-07 01:28:00,CME_MINI:ES1!,7732.75,7734.0,7732.75,7733.0,124.0,2026-08
2026-08-07 01:29:00,CME_MINI:ES1!,7733.0,7734.25,7732.5,7733.75,129.0,2026-08
2026-08-07 01:30:00,CME_MINI:ES1!,7733.75,7735.75,7733.25,7735.0,288.0,2026-08
2026-08-07 01:31:00,CME_MINI:ES1!,7735.25,7735.75,7735.0,7735.75,113.0,2026-08
2026-08-07 01:32:00,CME_MINI:ES1!,7736.0,7738.0,7736.0,7738.0,258.0,2026-08
2026-08-07 01:33:00,CME_MINI:ES1!,7738.25,7739.25,7737.25,7737.75,235.0,2026-08
2026-08-07 01:34:00,CME_MINI:ES1!,7738.0,7738.0,7736.0,7736.25,153.0,2026-08
2026-08-07 01:35:00,CME_MINI:ES1!,7736.25,7736.25,7732.25,7733.0,384.0,2026-08
2026-08-07 01:36:00,CME_MINI:ES1!,7732.5,7734.25,7732.0,7732.25,429.0,2026-08
2026-08-07 01:37:00,CME_MINI:ES1!,7732.25,7733.5,7732.25,7733.0,79.0,2026-08
2026-08-07 01:38:00,CME_MINI:ES1!,7733.0,7733.25,7731.5,7731.75,107.0,2026-08
2026-08-07 01:39:00,CME_MINI:ES1!,7731.5,7731.75,7730.0,7730.25,222.0,2026-08
2026-08-07 01:40:00,CME_MINI:ES1!,7730.25,7731.75,7729.5,7730.75,245.0,2026-08
2026-08-07 01:41:00,CME_MINI:ES1!,7730.75,7732.5,7730.25,7731.5,176.0,2026-08
2026-08-07 01:42:00,CME_MINI:ES1!,7731.25,7731.25,7730.25,7731.25,65.0,2026-08
2026-08-07 01:43:00,CME_MINI:ES1!,7731.25,7732.0,7731.0,7732.0,81.0,2026-08
2026-08-07 01:44:00,CME_MINI:ES1!,7732.25,7732.75,7731.5,7732.75,134.0,2026-08
2026-08-07 01:45:00,CME_MINI:ES1!,7732.5,7734.5,7732.25,7734.25,119.0,2026-08
2026-08-07 01:46:00,CME_MINI:ES1!,7734.25,7734.5,7732.5,7733.25,168.0,2026-08
2026-08-07 01:47:00,CME_MINI:ES1!,7733.0,7733.25,7729.75,7730.75,229.0,2026-08
2026-08-07 01:48:00,CME_MINI:ES1!,7730.75,7731.75,7730.75,7731.25,86.0,2026-08
2026-08-07 01:49:00,CME_MINI:ES1!,7731.0,7733.0,7731.0,7733.0,119.0,2026-08
2026-08-07 01:50:00,CME_MINI:ES1!,7733.0,7733.0,7730.75,7731.5,157.0,2026-08
2026-08-07 01:51:00,CME_MINI:ES1!,7731.5,7731.75,7731.0,7731.5,56.0,2026-08
2026-08-07 01:52:00,CME_MINI:ES1!,7731.75,7731.75,7730.5,7731.0,73.0,2026-08
2026-08-07 01:53:00,CME_MINI:ES1!,7731.0,7732.0,7730.5,7731.75,73.0,2026-08
2026-08-07 01:54:00,CME_MINI:ES1!,7731.75,7732.25,7731.25,7731.75,77.0,2026-08
2026-08-07 01:55:00,CME_MINI:ES1!,7732.0,7732.5,7731.75,7731.75,65.0,2026-08
2026-08-07 01:56:00,CME_MINI:ES1!,7731.75,7732.25,7731.5,7731.5,116.0,2026-08
2026-08-07 01:57:00,CME_MINI:ES1!,7731.75,7733.5,7731.25,7733.25,146.0,2026-08
2026-08-07 01:58:00,CME_MINI:ES1!,7733.0,7733.25,7732.75,7732.75,59.0,2026-08
2026-08-07 01:59:00,CME_MINI:ES1!,7732.75,7733.0,7732.5,7732.75,41.0,2026-08
2026-08-07 02:00:00,CME_MINI:ES1!,7732.75,7733.5,7732.25,7733.0,100.0,2026-08
2026-08-07 02:01:00,CME_MINI:ES1!,7733.0,7733.75,7733.0,7733.0,61.0,2026-08
2026-08-07 02:02:00,CME_MINI:ES1!,7732.75,7733.75,7732.75,7733.5,63.0,2026-08
2026-08-07 02:03:00,CME_MINI:ES1!,7733.5,7735.25,7733.25,7734.5,140.0,2026-08
2026-08-07 02:04:00,CME_MINI:ES1!,7734.25,7734.5,7733.75,7734.5,76.0,2026-08
2026-08-07 02:05:00,CME_MINI:ES1!,7734.5,7734.5,7732.5,7733.0,117.0,2026-08
2026-08-07 02:06:00,CME_MINI:ES1!,7732.75,7734.5,7732.75,7734.5,85.0,2026-08
2026-08-07 02:07:00,CME_MINI:ES1!,7734.75,7734.75,7733.0,7733.0,131.0,2026-08
2026-08-07 02:08:00,CME_MINI:ES1!,7732.75,7733.0,7731.75,7732.0,80.0,2026-08
2026-08-07 02:09:00,CME_MINI:ES1!,7732.25,7732.5,7730.5,7731.0,90.0,2026-08
2026-08-07 02:10:00,CME_MINI:ES1!,7730.75,7731.25,7729.5,7729.75,128.0,2026-08
2026-08-07 02:11:00,CME_MINI:ES1!,7729.5,7732.0,7729.0,7732.0,221.0,2026-08
2026-08-07 02:12:00,CME_MINI:ES1!,7732.0,7733.25,7732.0,7733.0,93.0,2026-08
2026-08-07 02:13:00,CME_MINI:ES1!,7733.0,7733.5,7733.0,7733.25,113.0,2026-08
2026-08-07 02:14:00,CME_MINI:ES1!,7733.25,7734.0,7732.5,7732.5,111.0,2026-08
2026-08-07 02:15:00,CME_MINI:ES1!,7732.5,7733.75,7732.5,7733.5,107.0,2026-08
2026-08-07 02:16:00,CME_MINI:ES1!,7733.5,7733.75,7733.0,7733.25,92.0,2026-08
2026-08-07 02:17:00,CME_MINI:ES1!,7733.25,7733.5,7733.0,7733.25,74.0,2026-08
2026-08-07 02:18:00,CME_MINI:ES1!,7733.25,7733.75,7733.0,7733.5,180.0,2026-08
2026-08-07 02:19:00,CME_MINI:ES1!,7733.25,7733.25,7733.0,7733.25,24.0,2026-08
2026-08-07 02:20:00,CME_MINI:ES1!,7733.25,7733.75,7732.5,7732.75,77.0,2026-08
2026-08-07 02:21:00,CME_MINI:ES1!,7732.5,7733.25,7732.0,7732.0,40.0,2026-08
2026-08-07 02:22:00,CME_MINI:ES1!,7732.0,7732.25,7731.5,7732.25,48.0,2026-08
2026-08-07 02:23:00,CME_MINI:ES1!,7732.25,7733.75,7732.25,7733.75,36.0,2026-08
2026-08-07 02:24:00,CME_MINI:ES1!,7733.75,7734.25,7733.25,7734.25,59.0,2026-08
2026-08-07 02:25:00,CME_MINI:ES1!,7734.0,7734.0,7732.75,7733.0,60.0,2026-08
2026-08-07 02:26:00,CME_MINI:ES1!,7732.75,7733.25,7732.5,7732.5,23.0,2026-08
2026-08-07 02:27:00,CME_MINI:ES1!,7732.5,7732.75,7732.0,7732.25,25.0,2026-08
2026-08-07 02:28:00,CME_MINI:ES1!,7732.25,7733.25,7732.25,7733.0,29.0,2026-08
2026-08-07 02:29:00,CME_MINI:ES1!,7733.0,7733.25,7732.25,7732.5,60.0,2026-08
2026-08-07 02:30:00,CME_MINI:ES1!,7732.75,7732.75,7731.25,7731.25,95.0,2026-08
2026-08-07 02:31:00,CME_MINI:ES1!,7731.25,7731.75,7730.5,7730.75,88.0,2026-08
2026-08-07 02:32:00,CME_MINI:ES1!,7730.75,7731.0,7730.5,7730.75,42.0,2026-08
2026-08-07 02:33:00,CME_MINI:ES1!,7730.75,7731.25,7730.5,7731.25,27.0,2026-08
2026-08-07 02:34:00,CME_MINI:ES1!,7731.25,7731.75,7730.25,7730.25,121.0,2026-08
2026-08-07 02:35:00,CME_MINI:ES1!,7730.25,7731.25,7730.25,7730.75,37.0,2026-08
2026-08-07 02:36:00,CME_MINI:ES1!,7730.75,7731.5,7730.75,7731.25,61.0,2026-08
2026-08-07 02:37:00,CME_MINI:ES1!,7731.0,7731.25,7729.0,7729.75,318.0,2026-08
2026-08-07 02:38:00,CME_MINI:ES1!,7729.75,7730.0,7729.5,7729.75,179.0,2026-08
2026-08-07 02:39:00,CME_MINI:ES1!,7729.5,7729.5,7726.5,7727.75,337.0,2026-08
2026-08-07 02:40:00,CME_MINI:ES1!,7727.75,7729.0,7727.5,7727.75,174.0,2026-08
2026-08-07 02:41:00,CME_MINI:ES1!,7727.75,7729.0,7727.75,7729.0,67.0,2026-08
2026-08-07 02:42:00,CME_MINI:ES1!,7729.0,7729.25,7727.5,7728.0,99.0,2026-08
2026-08-07 02:43:00,CME_MINI:ES1!,7728.0,7729.0,7727.75,7729.0,65.0,2026-08
2026-08-07 12:40:00,CME_MINI:ES1!,7775.75,7775.75,7773.0,7775.0,1326.0,2026-08
2026-08-07 12:41:00,CME_MINI:ES1!,7775.25,7776.5,7772.5,7774.5,1272.0,2026-08
2026-08-07 12:42:00,CME_MINI:ES1!,7774.5,7775.75,7773.0,7775.5,976.0,2026-08
2026-08-07 12:43:00,CME_MINI:ES1!,7775.75,7776.5,7774.5,7774.75,1003.0,2026-08
2026-08-07 12:44:00,CME_MINI:ES1!,7774.5,7775.0,7771.5,7772.25,1395.0,2026-08
2026-08-07 12:45:00,CME_MINI:ES1!,7772.5,7775.25,7772.25,7775.0,745.0,2026-08
2026-08-07 12:46:00,CME_MINI:ES1!,7775.0,7776.5,7774.75,7776.25,1081.0,2026-08
2026-08-07 12:47:00,CME_MINI:ES1!,7776.25,7776.5,7774.0,7774.25,866.0,2026-08
2026-08-07 12:48:00,CME_MINI:ES1!,7774.5,7775.5,7773.0,7774.5,1189.0,2026-08
2026-08-07 12:49:00,CME_MINI:ES1!,7774.75,7776.25,7774.25,7775.75,899.0,2026-08
2026-08-07 12:50:00,CME_MINI:ES1!,7775.75,7778.0,7774.75,7777.0,1090.0,2026-08
2026-08-07 12:51:00,CME_MINI:ES1!,7777.0,7778.0,7776.25,7777.75,656.0,2026-08
2026-08-07 12:52:00,CME_MINI:ES1!,7778.0,7778.25,7776.75,7778.0,1030.0,2026-08
2026-08-07 12:53:00,CME_MINI:ES1!,7778.0,7778.5,7776.5,7777.5,1761.0,2026-08
2026-08-07 12:54:00,CME_MINI:ES1!,7777.5,7778.75,7777.0,7777.75,1023.0,2026-08
2026-08-07 12:55:00,CME_MINI:ES1!,7777.5,7777.5,7775.5,7776.25,1374.0,2026-08
2026-08-07 12:56:00,CME_MINI:ES1!,7776.5,7776.5,7775.25,7775.5,1190.0,2026-08
2026-08-07 12:57:00,CME_MINI:ES1!,7775.5,7776.0,7775.25,7775.5,1309.0,2026-08
2026-08-07 12:58:00,CME_MINI:ES1!,7775.75,7775.75,7774.0,7774.75,1084.0,2026-08
2026-08-07 12:59:00,CME_MINI:ES1!,7774.75,7775.0,7774.25,7774.75,615.0,2026-08
2026-08-07 13:00:00,CME_MINI:ES1!,7774.75,7776.0,7772.5,7772.75,1314.0,2026-08
2026-08-07 13:01:00,CME_MINI:ES1!,7772.75,7772.75,7769.0,7770.5,1603.0,2026-08
2026-08-07 13:02:00,CME_MINI:ES1!,7770.5,7771.75,7770.0,7771.25,695.0,2026-08
2026-08-07 13:03:00,CME_MINI:ES1!,7771.25,7772.25,7770.25,7770.25,556.0,2026-08
2026-08-07 13:04:00,CME_MINI:ES1!,7770.0,7770.0,7766.75,7766.75,934.0,2026-08
2026-08-07 13:05:00,CME_MINI:ES1!,7766.75,7768.75,7766.5,7768.25,960.0,2026-08
2026-08-07 13:06:00,CME_MINI:ES1!,7768.25,7769.5,7767.5,7769.5,925.0,2026-08
2026-08-07 13:07:00,CME_MINI:ES1!,7769.5,7769.75,7765.0,7765.75,1068.0,2026-08
2026-08-07 13:08:00,CME_MINI:ES1!,7765.5,7765.75,7764.25,7764.5,642.0,2026-08
2026-08-07 13:09:00,CME_MINI:ES1!,7764.5,7765.75,7763.25,7765.5,793.0,2026-08
2026-08-07 13:10:00,CME_MINI:ES1!,7765.75,7766.25,7764.25,7765.0,826.0,2026-08
2026-08-07 13:11:00,CME_MINI:ES1!,7764.75,7765.0,7761.75,7762.0,1660.0,2026-08
2026-08-07 13:12:00,CME_MINI:ES1!,7762.25,7762.25,7760.0,7760.25,1149.0,2026-08
2026-08-07 13:13:00,CME_MINI:ES1!,7760.25,7761.75,7760.25,7761.5,573.0,2026-08
2026-08-07 13:14:00,CME_MINI:ES1!,7761.5,7761.5,7760.0,7761.5,565.0,2026-08
2026-08-07 13:15:00,CME_MINI:ES1!,7761.5,7761.75,7759.25,7760.25,968.0,2026-08
2026-08-07 13:16:00,CME_MINI:ES1!,7760.25,7760.25,7757.5,7758.75,1082.0,2026-08
2026-08-07 13:17:00,CME_MINI:ES1!,7758.5,7762.25,7758.5,7761.5,1808.0,2026-08
2026-08-07 13:18:00,CME_MINI:ES1!,7761.5,7761.5,7758.0,7759.0,924.0,2026-08
2026-08-07 13:19:00,CME_MINI:ES1!,7758.75,7760.75,7758.0,7760.75,698.0,2026-08
2026-08-07 13:20:00,CME_MINI:ES1!,7760.75,7761.5,7759.75,7760.5,668.0,2026-08
2026-08-07 13:21:00,CME_MINI:ES1!,7760.5,7761.25,7760.25,7761.25,384.0,2026-08
2026-08-07 13:22:00,CME_MINI:ES1!,7761.5,7761.5,7760.5,7760.75,755.0,2026-08
2026-08-07 13:23:00,CME_MINI:ES1!,7761.0,7761.25,7760.25,7760.25,605.0,2026-08
2026-08-07 13:24:00,CME_MINI:ES1!,7760.25,7761.0,7760.0,7760.75,419.0,2026-08
2026-08-07 13:25:00,CME_MINI:ES1!,7760.75,7762.0,7758.25,7758.75,1631.0,2026-08
2026-08-07 13:26:00,CME_MINI:ES1!,7758.75,7759.75,7758.25,7759.5,959.0,2026-08
2026-08-07 13:27:00,CME_MINI:ES1!,7759.25,7760.75,7756.0,7756.75,1998.0,2026-08
2026-08-07 13:28:00,CME_MINI:ES1!,7756.75,7758.0,7756.0,7757.25,1067.0,2026-08
2026-08-07 13:29:00,CME_MINI:ES1!,7757.25,7757.5,7753.25,7757.25,3842.0,2026-08
2026-08-07 13:30:00,CME_MINI:ES1!,7757.25,7758.5,7753.25,7757.25,14347.0,2026-08
2026-08-07 13:31:00,CME_MINI:ES1!,7757.25,7760.0,7754.5,7759.75,7405.0,2026-08
2026-08-07 13:32:00,CME_MINI:ES1!,7759.75,7761.5,7758.25,7760.5,7545.0,2026-08
2026-08-07 13:33:00,CME_MINI:ES1!,7760.5,7763.5,7758.0,7760.5,7874.0,2026-08
2026-08-07 13:34:00,CME_MINI:ES1!,7760.5,7762.25,7759.25,7762.0,4901.0,2026-08
2026-08-07 13:35:00,CME_MINI:ES1!,7762.0,7762.75,7756.5,7760.0,5558.0,2026-08
2026-08-07 13:36:00,CME_MINI:ES1!,7760.0,7760.75,7753.75,7756.0,5345.0,2026-08
2026-08-07 13:37:00,CME_MINI:ES1!,7755.75,7759.5,7753.75,7759.5,5047.0,2026-08
2026-08-07 13:38:00,CME_MINI:ES1!,7759.75,7761.75,7759.0,7761.75,5062.0,2026-08
2026-08-07 13:39:00,CME_MINI:ES1!,7761.75,7762.0,7756.75,7758.25,4423.0,2026-08
2026-08-07 13:40:00,CME_MINI:ES1!,7758.5,7761.75,7756.0,7760.75,4980.0,2026-08
2026-08-07 13:41:00,CME_MINI:ES1!,7760.75,7764.0,7758.0,7759.25,5013.0,2026-08
2026-08-07 13:42:00,CME_MINI:ES1!,7759.0,7760.75,7757.0,7760.75,3284.0,2026-08
2026-08-07 13:43:00,CME_MINI:ES1!,7760.75,7766.5,7759.5,7766.25,5854.0,2026-08
2026-08-07 13:44:00,CME_MINI:ES1!,7766.0,7768.5,7764.75,7767.0,4664.0,2026-08
2026-08-07 13:45:00,CME_MINI:ES1!,7767.25,7770.75,7762.75,7763.0,6267.0,2026-08
2026-08-07 13:46:00,CME_MINI:ES1!,7762.75,7764.5,7758.25,7761.5,5215.0,2026-08
2026-08-07 13:47:00,CME_MINI:ES1!,7761.5,7762.75,7759.0,7761.25,3098.0,2026-08
2026-08-07 13:48:00,CME_MINI:ES1!,7761.25,7764.0,7758.5,7759.75,3681.0,2026-08
2026-08-07 13:49:00,CME_MINI:ES1!,7759.75,7765.0,7758.75,7764.75,3198.0,2026-08
2026-08-07 13:50:00,CME_MINI:ES1!,7764.75,7767.75,7763.0,7766.75,3371.0,2026-08
2026-08-07 13:51:00,CME_MINI:ES1!,7766.5,7767.25,7763.5,7766.5,2602.0,2026-08
2026-08-07 13:52:00,CME_MINI:ES1!,7766.75,7769.5,7766.25,7769.0,2838.0,2026-08
2026-08-07 13:53:00,CME_MINI:ES1!,7769.0,7769.5,7766.0,7767.25,3370.0,2026-08
2026-08-07 13:54:00,CME_MINI:ES1!,7767.0,7768.25,7765.25,7767.0,2934.0,2026-08
2026-08-07 13:55:00,CME_MINI:ES1!,7767.25,7769.0,7764.0,7765.5,3514.0,2026-08
2026-08-07 13:56:00,CME_MINI:ES1!,7765.75,7765.75,7756.75,7757.5,5977.0,2026-08
2026-08-07 13:57:00,CME_MINI:ES1!,7757.5,7757.75,7752.0,7753.5,7156.0,2026-08
2026-08-07 13:58:00,CME_MINI:ES1!,7753.5,7756.25,7751.75,7754.25,4663.0,2026-08
2026-08-07 13:59:00,CME_MINI:ES1!,7754.25,7759.75,7753.5,7758.0,5776.0,2026-08
2026-08-07 14:00:00,CME_MINI:ES1!,7758.0,7763.5,7755.25,7762.75,7401.0,2026-08
2026-08-07 14:01:00,CME_MINI:ES1!,7762.75,7762.75,7756.5,7757.5,4776.0,2026-08
2026-08-07 14:02:00,CME_MINI:ES1!,7757.5,7760.5,7754.75,7760.5,4404.0,2026-08
2026-08-07 14:03:00,CME_MINI:ES1!,7760.75,7760.75,7755.25,7755.75,3871.0,2026-08
2026-08-07 14:04:00,CME_MINI:ES1!,7756.0,7756.25,7751.25,7751.5,5442.0,2026-08
2026-08-07 14:05:00,CME_MINI:ES1!,7751.75,7756.0,7751.25,7754.0,5062.0,2026-08
2026-08-07 14:06:00,CME_MINI:ES1!,7754.0,7757.25,7752.5,7757.0,4311.0,2026-08
2026-08-07 14:07:00,CME_MINI:ES1!,7757.25,7757.5,7753.25,7756.75,3702.0,2026-08
2026-08-07 14:08:00,CME_MINI:ES1!,7756.75,7758.25,7752.5,7755.25,3673.0,2026-08
2026-08-07 14:09:00,CME_MINI:ES1!,7755.25,7755.25,7751.25,7752.5,3720.0,2026-08
2026-08-07 14:10:00,CME_MINI:ES1!,7752.5,7754.75,7750.0,7754.5,5289.0,2026-08
2026-08-07 14:11:00,CME_MINI:ES1!,7754.5,7755.5,7748.0,7748.5,4498.0,2026-08
2026-08-07 14:12:00,CME_MINI:ES1!,7748.5,7748.5,7743.5,7747.25,6822.0,2026-08
2026-08-07 14:13:00,CME_MINI:ES1!,7747.25,7750.0,7745.0,7748.25,4492.0,2026-08
2026-08-07 14:14:00,CME_MINI:ES1!,7748.5,7749.5,7745.25,7745.75,3224.0,2026-08
2026-08-07 14:15:00,CME_MINI:ES1!,7746.0,7751.5,7744.0,7751.0,4562.0,2026-08
2026-08-07 14:16:00,CME_MINI:ES1!,7750.75,7755.25,7750.25,7754.5,3914.0,2026-08
2026-08-07 14:17:00,CME_MINI:ES1!,7754.5,7759.25,7753.5,7756.25,5625.0,2026-08
2026-08-07 14:18:00,CME_MINI:ES1!,7756.25,7761.5,7754.75,7761.5,4188.0,2026-08
2026-08-07 14:19:00,CME_MINI:ES1!,7761.5,7766.0,7761.0,7765.75,3631.0,2026-08
2026-08-07 14:20:00,CME_MINI:ES1!,7765.75,7767.5,7762.5,7764.75,4503.0,2026-08
2026-08-07 14:21:00,CME_MINI:ES1!,7764.75,7766.25,7763.25,7765.75,3427.0,2026-08
2026-08-07 14:22:00,CME_MINI:ES1!,7765.75,7766.25,7762.75,7763.75,2873.0,2026-08
2026-08-07 14:23:00,CME_MINI:ES1!,7763.75,7770.0,7763.5,7770.0,3426.0,2026-08
2026-08-07 14:24:00,CME_MINI:ES1!,7770.0,7770.25,7767.0,7767.75,3480.0,2026-08
2026-08-07 14:25:00,CME_MINI:ES1!,7768.0,7774.5,7767.75,7774.5,4274.0,2026-08
2026-08-07 14:26:00,CME_MINI:ES1!,7774.5,7776.25,7773.75,7774.75,3443.0,2026-08
2026-08-07 14:27:00,CME_MINI:ES1!,7774.75,7777.5,7773.5,7776.0,3646.0,2026-08
2026-08-07 14:28:00,CME_MINI:ES1!,7776.0,7780.5,7775.25,7780.0,3471.0,2026-08
2026-08-07 14:29:00,CME_MINI:ES1!,7780.0,7780.5,7777.5,7779.5,3476.0,2026-08
2026-08-07 14:30:00,CME_MINI:ES1!,7779.25,7781.25,7773.75,7774.75,5062.0,2026-08
2026-08-07 14:31:00,CME_MINI:ES1!,7774.5,7776.25,7771.75,7775.5,3660.0,2026-08
2026-08-07 14:32:00,CME_MINI:ES1!,7775.5,7776.0,7773.75,7775.25,2313.0,2026-08
2026-08-07 14:33:00,CME_MINI:ES1!,7775.25,7775.25,7771.75,7773.25,2642.0,2026-08
2026-08-07 14:34:00,CME_MINI:ES1!,7773.25,7773.75,7771.5,7773.75,2415.0,2026-08
2026-08-07 14:35:00,CME_MINI:ES1!,7773.75,7775.75,7768.75,7770.5,3848.0,2026-08
2026-08-07 14:36:00,CME_MINI:ES1!,7770.25,7771.75,7768.0,7769.75,5607.0,2026-08
2026-08-07 14:37:00,CME_MINI:ES1!,7769.75,7773.5,7769.5,7772.0,3361.0,2026-08
2026-08-07 14:38:00,CME_MINI:ES1!,7772.25,7775.0,7770.25,7770.5,2828.0,2026-08
2026-08-07 14:39:00,CME_MINI:ES1!,7770.5,7770.75,7764.5,7766.5,5089.0,2026-08
2026-08-07 14:40:00,CME_MINI:ES1!,7766.5,7770.75,7765.5,7769.75,4454.0,2026-08
2026-08-07 14:41:00,CME_MINI:ES1!,7769.75,7770.25,7766.75,7769.25,2702.0,2026-08
2026-08-07 14:42:00,CME_MINI:ES1!,7769.0,7772.25,7767.25,7769.0,3114.0,2026-08
2026-08-07 14:43:00,CME_MINI:ES1!,7769.0,7769.75,7765.75,7767.5,2811.0,2026-08
2026-08-07 14:44:00,CME_MINI:ES1!,7767.25,7768.25,7764.5,7767.25,2924.0,2026-08
2026-08-07 14:45:00,CME_MINI:ES1!,7767.25,7773.25,7767.0,7771.75,4074.0,2026-08
2026-08-07 14:46:00,CME_MINI:ES1!,7772.0,7773.75,7769.75,7772.75,2776.0,2026-08
2026-08-07 14:47:00,CME_MINI:ES1!,7772.75,7774.25,7772.0,7774.25,2179.0,2026-08
2026-08-07 14:48:00,CME_MINI:ES1!,7774.25,7774.75,7770.75,7771.75,1931.0,2026-08
2026-08-07 14:49:00,CME_MINI:ES1!,7772.0,7772.75,7770.0,7771.5,2116.0,2026-08
2026-08-07 14:50:00,CME_MINI:ES1!,7771.75,7772.75,7770.75,7771.75,2252.0,2026-08
2026-08-07 14:51:00,CME_MINI:ES1!,7772.0,7772.5,7766.75,7768.5,2480.0,2026-08
2026-08-07 14:52:00,CME_MINI:ES1!,7768.5,7770.25,7766.25,7769.0,2107.0,2026-08
2026-08-07 14:53:00,CME_MINI:ES1!,7769.0,7770.75,7768.5,7769.75,1696.0,2026-08
2026-08-07 14:54:00,CME_MINI:ES1!,7769.75,7771.5,7768.5,7769.75,2030.0,2026-08
2026-08-07 14:55:00,CME_MINI:ES1!,7769.75,7773.25,7769.25,7773.0,2239.0,2026-08
2026-08-07 14:56:00,CME_MINI:ES1!,7773.0,7774.25,7771.5,7772.0,2307.0,2026-08
2026-08-07 14:57:00,CME_MINI:ES1!,7772.0,7775.0,7771.75,7774.0,2047.0,2026-08
2026-08-07 14:58:00,CME_MINI:ES1!,7774.25,7777.5,7774.25,7776.75,2260.0,2026-08
2026-08-07 14:59:00,CME_MINI:ES1!,7776.75,7777.0,7773.25,7776.25,1517.0,2026-08
2026-08-07 15:00:00,CME_MINI:ES1!,7776.25,7776.75,7774.0,7775.0,3392.0,2026-08
2026-08-07 15:01:00,CME_MINI:ES1!,7775.25,7775.75,7772.0,7772.75,2525.0,2026-08
2026-08-07 15:02:00,CME_MINI:ES1!,7773.0,7774.25,7771.25,7773.75,2678.0,2026-08
2026-08-07 15:03:00,CME_MINI:ES1!,7773.75,7776.0,7772.5,7775.5,1561.0,2026-08
2026-08-07 15:04:00,CME_MINI:ES1!,7775.5,7776.0,7774.5,7775.0,1471.0,2026-08
2026-08-07 15:05:00,CME_MINI:ES1!,7775.25,7777.0,7774.75,7776.0,2225.0,2026-08
2026-08-07 15:06:00,CME_MINI:ES1!,7776.0,7777.25,7775.5,7777.0,1716.0,2026-08
2026-08-07 15:07:00,CME_MINI:ES1!,7777.0,7778.0,7775.25,7775.25,1903.0,2026-08
2026-08-07 15:08:00,CME_MINI:ES1!,7775.5,7777.75,7774.75,7777.5,1434.0,2026-08
2026-08-07 15:09:00,CME_MINI:ES1!,7777.75,7778.0,7776.0,7777.0,1490.0,2026-08
2026-08-07 15:10:00,CME_MINI:ES1!,7777.25,7780.75,7777.25,7780.0,2896.0,2026-08
2026-08-07 15:11:00,CME_MINI:ES1!,7780.25,7781.75,7777.0,7777.25,2531.0,2026-08
2026-08-07 15:12:00,CME_MINI:ES1!,7777.25,7779.0,7775.0,7775.25,1910.0,2026-08
2026-08-07 15:13:00,CME_MINI:ES1!,7775.5,7777.0,7774.0,7776.5,2112.0,2026-08
2026-08-07 15:14:00,CME_MINI:ES1!,7776.5,7778.75,7776.0,7778.75,1824.0,2026-08
2026-08-07 15:15:00,CME_MINI:ES1!,7778.75,7778.75,7776.5,7777.0,1796.0,2026-08
2026-08-07 15:16:00,CME_MINI:ES1!,7777.0,7779.25,7776.75,7778.25,1739.0,2026-08
2026-08-07 15:17:00,CME_MINI:ES1!,7778.25,7778.25,7775.25,7776.0,2016.0,2026-08
2026-08-07 15:18:00,CME_MINI:ES1!,7776.0,7777.25,7775.5,7777.0,1068.0,2026-08
2026-08-07 15:19:00,CME_MINI:ES1!,7777.0,7777.0,7775.5,7776.25,1948.0,2026-08
2026-08-07 15:20:00,CME_MINI:ES1!,7776.25,7778.75,7775.75,7778.5,1315.0,2026-08
2026-08-07 15:21:00,CME_MINI:ES1!,7778.25,7778.75,7776.0,7778.75,1105.0,2026-08
2026-08-07 15:22:00,CME_MINI:ES1!,7778.5,7781.0,7778.25,7780.75,1760.0,2026-08
2026-08-07 15:23:00,CME_MINI:ES1!,7780.75,7783.75,7779.5,7781.75,3303.0,2026-08
2026-08-07 15:24:00,CME_MINI:ES1!,7781.75,7784.0,7781.5,7783.25,2692.0,2026-08
2026-08-07 15:25:00,CME_MINI:ES1!,7783.25,7785.5,7782.25,7785.25,2433.0,2026-08
2026-08-07 15:26:00,CME_MINI:ES1!,7785.25,7786.75,7784.25,7785.25,2682.0,2026-08
2026-08-07 15:27:00,CME_MINI:ES1!,7785.25,7786.25,7784.75,7786.25,2067.0,2026-08
2026-08-07 15:28:00,CME_MINI:ES1!,7786.25,7786.25,7784.25,7785.0,1708.0,2026-08
2026-08-07 15:29:00,CME_MINI:ES1!,7784.75,7785.5,7783.75,7784.25,1579.0,2026-08
2026-08-07 15:30:00,CME_MINI:ES1!,7784.0,7786.25,7784.0,7785.75,3302.0,2026-08
2026-08-07 15:31:00,CME_MINI:ES1!,7785.75,7786.25,7784.25,7784.75,2298.0,2026-08
2026-08-07 15:32:00,CME_MINI:ES1!,7784.75,7786.75,7784.5,7786.75,2381.0,2026-08
2026-08-07 15:33:00,CME_MINI:ES1!,7786.5,7786.75,7782.5,7782.75,2306.0,2026-08
2026-08-07 15:34:00,CME_MINI:ES1!,7782.5,7783.5,7781.5,7782.0,3046.0,2026-08
2026-08-07 15:35:00,CME_MINI:ES1!,7782.0,7782.75,7779.5,7780.25,3728.0,2026-08
2026-08-07 15:36:00,CME_MINI:ES1!,7780.0,7782.5,7779.75,7781.5,2315.0,2026-08
2026-08-07 15:37:00,CME_MINI:ES1!,7781.5,7783.25,7780.75,7783.0,1772.0,2026-08
2026-08-07 15:38:00,CME_MINI:ES1!,7783.0,7783.25,7781.25,7781.75,1412.0,2026-08
2026-08-07 15:39:00,CME_MINI:ES1!,7781.75,7783.0,7781.25,7781.5,1436.0,2026-08
2026-08-07 15:40:00,CME_MINI:ES1!,7781.75,7784.0,7781.75,7782.0,1513.0,2026-08
2026-08-07 15:41:00,CME_MINI:ES1!,7782.0,7782.5,7777.5,7777.75,2499.0,2026-08
2026-08-07 15:42:00,CME_MINI:ES1!,7778.0,7778.75,7776.75,7777.5,2244.0,2026-08
2026-08-07 15:43:00,CME_MINI:ES1!,7777.5,7779.0,7776.5,7778.5,1502.0,2026-08
2026-08-07 15:44:00,CME_MINI:ES1!,7778.25,7781.0,7778.0,7779.5,1770.0,2026-08
2026-08-07 15:45:00,CME_MINI:ES1!,7779.5,7780.25,7778.0,7779.5,1631.0,2026-08
2026-08-07 15:46:00,CME_MINI:ES1!,7779.5,7781.5,7778.75,7780.0,1727.0,2026-08
2026-08-07 15:47:00,CME_MINI:ES1!,7780.25,7780.75,7778.75,7780.0,1109.0,2026-08
2026-08-07 15:48:00,CME_MINI:ES1!,7780.0,7781.5,7779.75,7780.5,1168.0,2026-08
2026-08-07 15:49:00,CME_MINI:ES1!,7780.5,7783.75,7780.0,7783.0,1431.0,2026-08
2026-08-07 15:50:00,CME_MINI:ES1!,7783.25,7784.0,7782.0,7784.0,1429.0,2026-08
2026-08-07 15:51:00,CME_MINI:ES1!,7783.75,7784.0,7782.25,7782.5,1138.0,2026-08
2026-08-07 15:52:00,CME_MINI:ES1!,7782.5,7783.25,7780.5,7781.25,2096.0,2026-08
2026-08-07 15:53:00,CME_MINI:ES1!,7781.5,7781.5,7778.0,7779.75,1722.0,2026-08
2026-08-07 15:54:00,CME_MINI:ES1!,7780.0,7781.0,7778.75,7780.75,1658.0,2026-08
2026-08-07 15:55:00,CME_MINI:ES1!,7780.5,7781.0,7779.25,7779.5,1006.0,2026-08
2026-08-07 15:56:00,CME_MINI:ES1!,7779.5,7779.75,7778.0,7779.25,1680.0,2026-08
2026-08-07 15:57:00,CME_MINI:ES1!,7779.25,7779.25,7776.75,7776.75,1377.0,2026-08
2026-08-07 15:58:00,CME_MINI:ES1!,7777.0,7777.5,7775.5,7777.25,1943.0,2026-08
2026-08-07 15:59:00,CME_MINI:ES1!,7777.0,7778.25,7776.75,7778.0,1491.0,2026-08
2026-08-07 16:00:00,CME_MINI:ES1!,7778.0,7778.75,7775.5,7776.0,1877.0,2026-08
2026-08-07 16:01:00,CME_MINI:ES1!,7776.0,7776.25,7774.75,7776.0,1715.0,2026-08
2026-08-07 16:02:00,CME_MINI:ES1!,7776.0,7778.25,7776.0,7776.75,1385.0,2026-08
2026-08-07 16:03:00,CME_MINI:ES1!,7776.75,7777.5,7775.5,7777.0,923.0,2026-08
2026-08-07 16:04:00,CME_MINI:ES1!,7776.75,7779.25,7776.25,7779.0,1627.0,2026-08
2026-08-07 16:05:00,CME_MINI:ES1!,7779.25,7781.25,7778.75,7779.75,2461.0,2026-08
2026-08-07 16:06:00,CME_MINI:ES1!,7780.0,7780.5,7779.25,7780.5,1808.0,2026-08
2026-08-07 16:07:00,CME_MINI:ES1!,7780.75,7781.25,7779.5,7780.25,1127.0,2026-08
2026-08-07 16:08:00,CME_MINI:ES1!,7780.5,7780.5,7778.75,7779.25,979.0,2026-08
2026-08-07 16:09:00,CME_MINI:ES1!,7779.25,7779.5,7777.75,7779.25,780.0,2026-08
2026-08-07 16:10:00,CME_MINI:ES1!,7779.25,7780.5,7779.0,7780.25,790.0,2026-08
2026-08-07 16:11:00,CME_MINI:ES1!,7780.25,7781.0,7779.75,7780.75,954.0,2026-08
2026-08-07 16:12:00,CME_MINI:ES1!,7781.0,7781.0,7779.0,7779.75,1096.0,2026-08
2026-08-07 16:13:00,CME_MINI:ES1!,7780.0,7780.25,7778.5,7778.5,1105.0,2026-08
2026-08-07 16:14:00,CME_MINI:ES1!,7778.75,7779.25,7777.5,7777.5,1041.0,2026-08
2026-08-07 16:15:00,CME_MINI:ES1!,7777.5,7778.75,7777.0,7778.75,1521.0,2026-08
2026-08-07 16:16:00,CME_MINI:ES1!,7778.75,7779.75,7778.25,7778.75,1026.0,2026-08
2026-08-07 16:17:00,CME_MINI:ES1!,7778.75,7779.5,7777.75,7778.0,692.0,2026-08
2026-08-07 16:18:00,CME_MINI:ES1!,7778.0,7779.5,7777.5,7778.25,670.0,2026-08
2026-08-07 16:19:00,CME_MINI:ES1!,7778.25,7778.5,7776.25,7777.25,2101.0,2026-08
2026-08-07 16:20:00,CME_MINI:ES1!,7777.25,7781.25,7775.5,7777.5,5610.0,2026-08
2026-08-07 16:21:00,CME_MINI:ES1!,7777.25,7777.5,7774.0,7775.0,1500.0,2026-08
2026-08-07 16:22:00,CME_MINI:ES1!,7774.75,7775.5,7772.75,7774.0,2257.0,2026-08
2026-08-07 16:23:00,CME_MINI:ES1!,7774.0,7775.0,7771.5,7772.0,1658.0,2026-08
2026-08-07 16:24:00,CME_MINI:ES1!,7771.75,7772.5,7769.75,7769.75,2600.0,2026-08
2026-08-07 16:25:00,CME_MINI:ES1!,7770.0,7770.75,7762.75,7765.0,6222.0,2026-08
2026-08-07 16:26:00,CME_MINI:ES1!,7765.25,7766.0,7760.75,7762.5,4437.0,2026-08
2026-08-07 16:27:00,CME_MINI:ES1!,7762.25,7764.5,7760.75,7764.25,2272.0,2026-08
2026-08-07 16:28:00,CME_MINI:ES1!,7764.25,7765.25,7760.75,7764.0,2754.0,2026-08
2026-08-07 16:29:00,CME_MINI:ES1!,7764.0,7765.0,7762.0,7764.75,2420.0,2026-08
2026-08-07 16:30:00,CME_MINI:ES1!,7764.75,7765.75,7759.25,7759.75,3697.0,2026-08
2026-08-07 16:31:00,CME_MINI:ES1!,7759.5,7761.0,7758.0,7758.75,3450.0,2026-08
2026-08-07 16:32:00,CME_MINI:ES1!,7758.75,7762.75,7757.75,7762.75,2697.0,2026-08
2026-08-07 16:33:00,CME_MINI:ES1!,7762.5,7763.25,7761.5,7762.75,2376.0,2026-08
2026-08-07 16:34:00,CME_MINI:ES1!,7762.5,7767.25,7762.5,7766.75,3053.0,2026-08
2026-08-07 16:35:00,CME_MINI:ES1!,7766.75,7767.0,7764.25,7765.75,1916.0,2026-08
2026-08-07 16:36:00,CME_MINI:ES1!,7765.75,7767.75,7765.25,7766.25,2445.0,2026-08
2026-08-07 16:37:00,CME_MINI:ES1!,7766.25,7766.75,7765.25,7766.0,1231.0,2026-08
2026-08-07 16:38:00,CME_MINI:ES1!,7766.0,7766.5,7764.75,7765.75,1972.0,2026-08
2026-08-07 16:39:00,CME_MINI:ES1!,7765.5,7771.25,7765.5,7770.5,3054.0,2026-08
2026-08-07 16:40:00,CME_MINI:ES1!,7770.5,7772.25,7769.75,7770.75,2387.0,2026-08
2026-08-07 16:41:00,CME_MINI:ES1!,7771.0,7773.25,7770.5,7772.25,1880.0,2026-08
2026-08-07 16:42:00,CME_MINI:ES1!,7772.5,7772.5,7770.0,7770.0,1869.0,2026-08
2026-08-07 16:43:00,CME_MINI:ES1!,7770.25,7772.5,7770.25,7772.25,1522.0,2026-08
2026-08-07 16:44:00,CME_MINI:ES1!,7772.5,7774.0,7771.5,7773.25,1616.0,2026-08
2026-08-07 16:45:00,CME_MINI:ES1!,7773.25,7775.0,7773.25,7774.5,2002.0,2026-08
2026-08-07 16:46:00,CME_MINI:ES1!,7774.5,7775.0,7772.5,7773.0,1264.0,2026-08
2026-08-07 16:47:00,CME_MINI:ES1!,7773.0,7773.75,7772.25,7773.25,1279.0,2026-08
2026-08-07 16:48:00,CME_MINI:ES1!,7773.25,7774.0,7771.75,7772.75,1123.0,2026-08
2026-08-07 16:49:00,CME_MINI:ES1!,7772.75,7774.5,7772.5,7774.0,920.0,2026-08
2026-08-07 16:50:00,CME_MINI:ES1!,7774.0,7776.25,7773.75,7776.0,1508.0,2026-08
2026-08-07 16:51:00,CME_MINI:ES1!,7775.75,7775.75,7771.5,7771.5,1648.0,2026-08
2026-08-07 16:52:00,CME_MINI:ES1!,7771.5,7771.75,7768.5,7769.0,1927.0,2026-08
2026-08-07 16:53:00,CME_MINI:ES1!,7769.0,7770.25,7768.25,7770.25,1283.0,2026-08
2026-08-07 16:54:00,CME_MINI:ES1!,7770.5,7770.5,7769.0,7769.5,918.0,2026-08
2026-08-07 16:55:00,CME_MINI:ES1!,7769.5,7770.5,7768.5,7769.5,1063.0,2026-08
2026-08-07 16:56:00,CME_MINI:ES1!,7769.5,7771.25,7769.0,7769.25,1232.0,2026-08
2026-08-07 16:57:00,CME_MINI:ES1!,7769.25,7770.0,7768.25,7768.5,1071.0,2026-08
2026-08-07 16:58:00,CME_MINI:ES1!,7768.5,7769.25,7768.0,7768.25,1009.0,2026-08
2026-08-07 16:59:00,CME_MINI:ES1!,7768.75,7769.0,7766.75,7767.0,1222.0,2026-08
2026-08-07 17:00:00,CME_MINI:ES1!,7767.0,7767.5,7765.0,7765.75,2354.0,2026-08
2026-08-07 17:01:00,CME_MINI:ES1!,7766.0,7768.5,7765.75,7767.5,1688.0,2026-08
2026-08-07 17:02:00,CME_MINI:ES1!,7767.75,7769.75,7767.5,7768.75,1380.0,2026-08
2026-08-07 17:03:00,CME_MINI:ES1!,7769.0,7770.25,7768.5,7769.0,1030.0,2026-08
2026-08-07 17:04:00,CME_MINI:ES1!,7769.25,7769.25,7767.5,7767.75,723.0,2026-08
2026-08-07 17:05:00,CME_MINI:ES1!,7768.0,7770.0,7767.75,7769.75,1044.0,2026-08
2026-08-07 17:06:00,CME_MINI:ES1!,7769.75,7770.5,7769.0,7769.5,1035.0,2026-08
2026-08-07 17:07:00,CME_MINI:ES1!,7769.75,7770.0,7768.5,7769.5,670.0,2026-08
2026-08-07 17:08:00,CME_MINI:ES1!,7769.5,7770.0,7768.5,7769.5,838.0,2026-08
2026-08-07 17:09:00,CME_MINI:ES1!,7769.75,7770.5,7768.5,7770.0,981.0,2026-08
2026-08-07 17:10:00,CME_MINI:ES1!,7770.0,7771.0,7768.75,7769.25,1165.0,2026-08
2026-08-07 17:11:00,CME_MINI:ES1!,7769.25,7770.5,7769.0,7769.25,586.0,2026-08
2026-08-07 17:12:00,CME_MINI:ES1!,7769.25,7769.25,7767.25,7767.5,967.0,2026-08
2026-08-07 17:13:00,CME_MINI:ES1!,7767.5,7769.0,7767.25,7768.5,1032.0,2026-08
2026-08-07 17:14:00,CME_MINI:ES1!,7768.25,7768.75,7767.75,7768.0,565.0,2026-08
2026-08-07 17:15:00,CME_MINI:ES1!,7767.75,7769.5,7767.5,7768.0,776.0,2026-08
2026-08-07 17:16:00,CME_MINI:ES1!,7768.0,7770.5,7767.25,7769.5,720.0,2026-08
2026-08-07 17:17:00,CME_MINI:ES1!,7769.75,7769.75,7768.5,7769.25,486.0,2026-08
2026-08-07 17:18:00,CME_MINI:ES1!,7769.5,7770.75,7768.75,7770.0,617.0,2026-08
2026-08-07 17:19:00,CME_MINI:ES1!,7770.25,7771.25,7769.5,7770.25,854.0,2026-08
2026-08-07 17:20:00,CME_MINI:ES1!,7770.5,7771.75,7770.25,7770.75,1084.0,2026-08
2026-08-07 17:21:00,CME_MINI:ES1!,7770.5,7770.5,7768.75,7769.25,671.0,2026-08
2026-08-07 17:22:00,CME_MINI:ES1!,7769.25,7771.25,7769.25,7770.0,750.0,2026-08
2026-08-07 17:23:00,CME_MINI:ES1!,7770.0,7770.0,7767.75,7768.25,784.0,2026-08
2026-08-07 17:24:00,CME_MINI:ES1!,7768.5,7768.75,7766.25,7766.25,844.0,2026-08
2026-08-07 17:25:00,CME_MINI:ES1!,7766.5,7767.5,7764.25,7766.75,2653.0,2026-08
2026-08-07 17:26:00,CME_MINI:ES1!,7767.0,7767.25,7766.5,7766.75,792.0,2026-08
2026-08-07 17:27:00,CME_MINI:ES1!,7767.0,7767.5,7766.5,7766.75,516.0,2026-08
2026-08-07 17:28:00,CME_MINI:ES1!,7767.0,7768.25,7766.5,7767.75,510.0,2026-08
2026-08-07 17:29:00,CME_MINI:ES1!,7767.75,7769.75,7767.75,7768.25,888.0,2026-08
2026-08-07 17:30:00,CME_MINI:ES1!,7768.25,7769.75,7768.25,7768.5,951.0,2026-08
2026-08-07 17:31:00,CME_MINI:ES1!,7768.5,7768.5,7767.25,7768.0,810.0,2026-08
2026-08-07 17:32:00,CME_MINI:ES1!,7768.0,7768.25,7766.5,7766.5,986.0,2026-08
2026-08-07 17:33:00,CME_MINI:ES1!,7766.5,7769.25,7764.5,7767.5,3316.0,2026-08
2026-08-07 17:34:00,CME_MINI:ES1!,7767.75,7768.25,7766.0,7766.75,923.0,2026-08
2026-08-07 17:35:00,CME_MINI:ES1!,7766.5,7768.5,7766.25,7768.0,627.0,2026-08
2026-08-07 17:36:00,CME_MINI:ES1!,7768.0,7768.75,7767.5,7768.5,596.0,2026-08
2026-08-07 17:37:00,CME_MINI:ES1!,7768.5,7768.5,7767.0,7767.25,511.0,2026-08
2026-08-07 17:38:00,CME_MINI:ES1!,7767.25,7768.75,7767.25,7768.5,520.0,2026-08
2026-08-07 17:39:00,CME_MINI:ES1!,7768.75,7771.5,7768.0,7771.0,1162.0,2026-08
2026-08-07 17:40:00,CME_MINI:ES1!,7771.25,7771.5,7769.0,7769.5,1071.0,2026-08
2026-08-07 17:41:00,CME_MINI:ES1!,7769.25,7769.75,7768.75,7769.25,645.0,2026-08
2026-08-07 17:42:00,CME_MINI:ES1!,7769.0,7769.75,7768.5,7769.0,706.0,2026-08
2026-08-07 17:43:00,CME_MINI:ES1!,7769.0,7770.25,7768.5,7770.25,930.0,2026-08
2026-08-07 17:44:00,CME_MINI:ES1!,7770.0,7770.25,7769.0,7769.0,492.0,2026-08
2026-08-07 17:45:00,CME_MINI:ES1!,7769.0,7770.25,7768.25,7770.0,933.0,2026-08
2026-08-07 17:46:00,CME_MINI:ES1!,7770.0,7771.5,7769.75,7771.25,867.0,2026-08
2026-08-07 17:47:00,CME_MINI:ES1!,7771.25,7771.75,7770.5,7770.75,779.0,2026-08
2026-08-07 17:48:00,CME_MINI:ES1!,7770.75,7771.0,7770.25,7770.5,663.0,2026-08
2026-08-07 17:49:00,CME_MINI:ES1!,7770.5,7771.0,7770.0,7770.0,484.0,2026-08
2026-08-07 17:50:00,CME_MINI:ES1!,7770.0,7772.25,7770.0,7770.75,995.0,2026-08
2026-08-07 17:51:00,CME_MINI:ES1!,7771.0,7771.0,7768.25,7769.0,1124.0,2026-08
2026-08-07 17:52:00,CME_MINI:ES1!,7769.25,7769.25,7767.0,7768.0,1343.0,2026-08
2026-08-07 17:53:00,CME_MINI:ES1!,7768.0,7768.5,7767.25,7768.0,860.0,2026-08
2026-08-07 17:54:00,CME_MINI:ES1!,7768.25,7770.5,7768.0,7770.5,805.0,2026-08
2026-08-07 17:55:00,CME_MINI:ES1!,7770.5,7770.75,7769.25,7769.25,616.0,2026-08
2026-08-07 17:56:00,CME_MINI:ES1!,7769.25,7770.75,7769.0,7769.75,548.0,2026-08
2026-08-07 17:57:00,CME_MINI:ES1!,7769.5,7771.5,7769.5,7771.25,554.0,2026-08
2026-08-07 17:58:00,CME_MINI:ES1!,7771.25,7771.5,7770.0,7770.25,576.0,2026-08
2026-08-07 17:59:00,CME_MINI:ES1!,7770.25,7770.5,7768.75,7768.75,558.0,2026-08
2026-08-07 18:00:00,CME_MINI:ES1!,7768.75,7770.25,7768.25,7769.5,1452.0,2026-08
2026-08-07 18:01:00,CME_MINI:ES1!,7769.5,7770.0,7769.0,7769.5,643.0,2026-08
2026-08-07 18:02:00,CME_MINI:ES1!,7769.75,7770.25,7768.5,7769.25,907.0,2026-08
2026-08-07 18:03:00,CME_MINI:ES1!,7769.25,7770.0,7768.75,7769.25,861.0,2026-08
2026-08-07 18:04:00,CME_MINI:ES1!,7769.25,7769.25,7768.25,7768.75,885.0,2026-08
2026-08-07 18:05:00,CME_MINI:ES1!,7768.75,7769.25,7766.75,7767.5,1702.0,2026-08
2026-08-07 18:06:00,CME_MINI:ES1!,7767.5,7768.0,7766.25,7767.25,1141.0,2026-08
2026-08-07 18:07:00,CME_MINI:ES1!,7767.25,7768.0,7765.5,7767.75,949.0,2026-08
2026-08-07 18:08:00,CME_MINI:ES1!,7767.75,7768.75,7767.5,7768.0,912.0,2026-08
2026-08-07 18:09:00,CME_MINI:ES1!,7768.0,7768.5,7767.25,7767.75,508.0,2026-08
2026-08-07 18:10:00,CME_MINI:ES1!,7768.0,7768.75,7767.5,7768.0,786.0,2026-08
2026-08-07 18:11:00,CME_MINI:ES1!,7767.75,7767.75,7766.5,7767.0,536.0,2026-08
2026-08-07 18:12:00,CME_MINI:ES1!,7767.0,7767.0,7763.5,7765.5,1789.0,2026-08
2026-08-07 18:13:00,CME_MINI:ES1!,7765.5,7765.5,7763.5,7763.75,1097.0,2026-08
2026-08-07 18:14:00,CME_MINI:ES1!,7764.0,7764.0,7761.75,7763.0,1815.0,2026-08
2026-08-07 18:15:00,CME_MINI:ES1!,7763.0,7763.5,7762.0,7762.75,1398.0,2026-08
2026-08-07 18:16:00,CME_MINI:ES1!,7762.75,7764.25,7762.25,7763.25,1082.0,2026-08
2026-08-07 18:17:00,CME_MINI:ES1!,7763.5,7764.0,7762.5,7763.5,765.0,2026-08
2026-08-07 18:18:00,CME_MINI:ES1!,7763.75,7765.5,7763.75,7765.0,1324.0,2026-08
2026-08-07 18:19:00,CME_MINI:ES1!,7765.25,7765.25,7763.75,7764.5,676.0,2026-08
2026-08-07 18:20:00,CME_MINI:ES1!,7764.75,7765.25,7763.75,7764.0,651.0,2026-08
2026-08-07 18:21:00,CME_MINI:ES1!,7764.0,7765.25,7763.5,7763.5,648.0,2026-08
2026-08-07 18:22:00,CME_MINI:ES1!,7763.25,7765.25,7762.75,7764.5,1024.0,2026-08
2026-08-07 18:23:00,CME_MINI:ES1!,7764.5,7765.25,7763.75,7764.0,774.0,2026-08
2026-08-07 18:24:00,CME_MINI:ES1!,7764.25,7764.5,7762.75,7763.75,796.0,2026-08
2026-08-07 18:25:00,CME_MINI:ES1!,7763.75,7765.0,7762.75,7762.75,1467.0,2026-08
2026-08-07 18:26:00,CME_MINI:ES1!,7763.0,7763.5,7762.5,7762.5,860.0,2026-08
2026-08-07 18:27:00,CME_MINI:ES1!,7763.0,7765.0,7762.75,7764.0,862.0,2026-08
2026-08-07 18:28:00,CME_MINI:ES1!,7764.0,7764.25,7762.25,7762.5,718.0,2026-08
2026-08-07 18:29:00,CME_MINI:ES1!,7762.25,7763.0,7761.75,7762.0,981.0,2026-08
2026-08-07 18:30:00,CME_MINI:ES1!,7762.25,7762.25,7761.0,7761.25,1358.0,2026-08
2026-08-07 18:31:00,CME_MINI:ES1!,7761.25,7761.75,7760.5,7761.5,1247.0,2026-08
2026-08-07 18:32:00,CME_MINI:ES1!,7761.5,7763.25,7761.0,7763.0,1232.0,2026-08
2026-08-07 18:33:00,CME_MINI:ES1!,7763.0,7764.0,7762.0,7763.5,1104.0,2026-08
2026-08-07 18:34:00,CME_MINI:ES1!,7763.5,7763.75,7761.0,7761.25,716.0,2026-08
2026-08-07 18:35:00,CME_MINI:ES1!,7761.25,7762.5,7759.0,7759.25,1568.0,2026-08
2026-08-07 18:36:00,CME_MINI:ES1!,7759.5,7761.0,7759.25,7760.0,1002.0,2026-08
2026-08-07 18:37:00,CME_MINI:ES1!,7760.25,7761.25,7760.25,7760.5,794.0,2026-08
2026-08-07 18:38:00,CME_MINI:ES1!,7760.75,7761.25,7760.0,7760.5,680.0,2026-08
2026-08-07 18:39:00,CME_MINI:ES1!,7760.25,7761.0,7759.25,7760.25,1050.0,2026-08
2026-08-07 18:40:00,CME_MINI:ES1!,7760.25,7760.75,7760.0,7760.75,540.0,2026-08
2026-08-07 18:41:00,CME_MINI:ES1!,7760.5,7761.25,7760.0,7761.0,720.0,2026-08
2026-08-07 18:42:00,CME_MINI:ES1!,7760.75,7761.0,7760.25,7760.5,683.0,2026-08
2026-08-07 18:43:00,CME_MINI:ES1!,7760.5,7760.75,7759.75,7759.75,459.0,2026-08
2026-08-07 18:44:00,CME_MINI:ES1!,7759.5,7759.75,7756.0,7757.0,2989.0,2026-08
2026-08-07 18:45:00,CME_MINI:ES1!,7757.25,7758.25,7756.75,7758.0,1441.0,2026-08
2026-08-07 18:46:00,CME_MINI:ES1!,7758.0,7758.5,7756.25,7756.75,1226.0,2026-08
2026-08-07 18:47:00,CME_MINI:ES1!,7756.75,7757.5,7756.5,7757.0,944.0,2026-08
2026-08-07 18:48:00,CME_MINI:ES1!,7756.75,7759.75,7756.75,7759.25,1262.0,2026-08
2026-08-07 18:49:00,CME_MINI:ES1!,7759.25,7760.25,7759.0,7759.75,1032.0,2026-08
2026-08-07 18:50:00,CME_MINI:ES1!,7759.75,7761.5,7759.5,7761.5,1307.0,2026-08
2026-08-07 18:51:00,CME_MINI:ES1!,7761.25,7762.5,7760.75,7762.25,1108.0,2026-08
2026-08-07 18:52:00,CME_MINI:ES1!,7762.25,7762.25,7761.0,7761.75,770.0,2026-08
2026-08-07 18:53:00,CME_MINI:ES1!,7762.0,7762.0,7760.5,7761.5,715.0,2026-08
2026-08-07 18:54:00,CME_MINI:ES1!,7761.5,7762.0,7760.25,7760.5,727.0,2026-08
2026-08-07 18:55:00,CME_MINI:ES1!,7760.75,7761.25,7759.75,7760.25,818.0,2026-08
2026-08-07 18:56:00,CME_MINI:ES1!,7760.25,7760.75,7759.5,7760.0,765.0,2026-08
2026-08-07 18:57:00,CME_MINI:ES1!,7760.0,7762.0,7759.75,7761.75,755.0,2026-08
2026-08-07 18:58:00,CME_MINI:ES1!,7762.0,7763.75,7761.75,7762.25,2434.0,2026-08
2026-08-07 18:59:00,CME_MINI:ES1!,7762.5,7765.5,7762.25,7764.5,3501.0,2026-08
2026-08-07 19:00:00,CME_MINI:ES1!,7764.5,7767.5,7763.75,7766.5,4080.0,2026-08
2026-08-07 19:01:00,CME_MINI:ES1!,7766.5,7772.25,7766.25,7768.5,6358.0,2026-08
2026-08-07 19:02:00,CME_MINI:ES1!,7768.75,7769.0,7767.5,7767.75,2215.0,2026-08
2026-08-07 19:03:00,CME_MINI:ES1!,7767.75,7768.25,7766.75,7767.5,1686.0,2026-08
2026-08-07 19:04:00,CME_MINI:ES1!,7767.75,7768.25,7767.25,7768.0,1095.0,2026-08
2026-08-07 19:05:00,CME_MINI:ES1!,7768.0,7770.75,7767.75,7770.5,1979.0,2026-08
2026-08-07 19:06:00,CME_MINI:ES1!,7770.75,7772.75,7770.5,7772.0,2450.0,2026-08
2026-08-07 19:07:00,CME_MINI:ES1!,7772.0,7773.25,7771.5,7773.0,1825.0,2026-08
2026-08-07 19:08:00,CME_MINI:ES1!,7772.75,7773.0,7772.0,7772.0,1546.0,2026-08
2026-08-07 19:09:00,CME_MINI:ES1!,7772.25,7774.5,7771.5,7774.25,2291.0,2026-08
2026-08-07 19:10:00,CME_MINI:ES1!,7774.25,7778.25,7774.25,7778.0,3444.0,2026-08
2026-08-07 19:11:00,CME_MINI:ES1!,7778.0,7778.0,7776.5,7777.5,2118.0,2026-08
2026-08-07 19:12:00,CME_MINI:ES1!,7777.25,7777.5,7775.75,7776.25,2211.0,2026-08
2026-08-07 19:13:00,CME_MINI:ES1!,7776.25,7777.5,7776.25,7776.5,1446.0,2026-08
2026-08-07 19:14:00,CME_MINI:ES1!,7776.75,7777.25,7776.0,7776.5,2010.0,2026-08
2026-08-07 19:15:00,CME_MINI:ES1!,7776.75,7780.75,7776.5,7780.75,3035.0,2026-08
2026-08-07 19:16:00,CME_MINI:ES1!,7780.5,7781.75,7778.0,7781.5,3575.0,2026-08
2026-08-07 19:17:00,CME_MINI:ES1!,7781.5,7782.5,7778.25,7778.5,2858.0,2026-08
2026-08-07 19:18:00,CME_MINI:ES1!,7778.5,7779.0,7776.5,7777.25,2608.0,2026-08
2026-08-07 19:19:00,CME_MINI:ES1!,7777.5,7777.5,7775.5,7776.0,2146.0,2026-08
2026-08-07 19:20:00,CME_MINI:ES1!,7776.25,7779.25,7776.0,7778.25,2218.0,2026-08
2026-08-07 19:21:00,CME_MINI:ES1!,7778.5,7779.5,7777.75,7777.75,1789.0,2026-08
2026-08-07 19:22:00,CME_MINI:ES1!,7777.75,7778.75,7777.25,7778.25,1426.0,2026-08
2026-08-07 19:23:00,CME_MINI:ES1!,7778.5,7780.0,7778.0,7779.25,1603.0,2026-08
2026-08-07 19:24:00,CME_MINI:ES1!,7779.5,7779.75,7776.0,7776.5,1817.0,2026-08
2026-08-07 19:25:00,CME_MINI:ES1!,7776.75,7777.5,7776.0,7776.75,1459.0,2026-08
2026-08-07 19:26:00,CME_MINI:ES1!,7777.0,7778.75,7776.75,7778.25,1344.0,2026-08
2026-08-07 19:27:00,CME_MINI:ES1!,7778.25,7778.5,7776.25,7777.5,2854.0,2026-08
2026-08-07 19:28:00,CME_MINI:ES1!,7777.5,7777.75,7777.0,7777.25,1085.0,2026-08
2026-08-07 19:29:00,CME_MINI:ES1!,7777.25,7778.75,7776.25,7778.25,1313.0,2026-08
2026-08-07 19:30:00,CME_MINI:ES1!,7778.5,7778.5,7774.0,7775.0,3123.0,2026-08
2026-08-07 19:31:00,CME_MINI:ES1!,7775.0,7777.25,7775.0,7776.5,1945.0,2026-08
2026-08-07 19:32:00,CME_MINI:ES1!,7776.5,7777.25,7775.75,7776.25,1244.0,2026-08
2026-08-07 19:33:00,CME_MINI:ES1!,7776.25,7777.5,7776.0,7776.25,1322.0,2026-08
2026-08-07 19:34:00,CME_MINI:ES1!,7776.25,7776.75,7775.0,7775.25,1162.0,2026-08
2026-08-07 19:35:00,CME_MINI:ES1!,7775.25,7775.75,7774.0,7774.25,2058.0,2026-08
2026-08-07 19:36:00,CME_MINI:ES1!,7774.25,7776.5,7773.75,7776.25,1851.0,2026-08
2026-08-07 19:37:00,CME_MINI:ES1!,7776.5,7777.0,7775.75,7776.25,1023.0,2026-08
2026-08-07 19:38:00,CME_MINI:ES1!,7776.25,7779.0,7776.25,7777.25,1818.0,2026-08
2026-08-07 19:39:00,CME_MINI:ES1!,7777.25,7778.0,7776.25,7777.0,1015.0,2026-08
2026-08-07 19:40:00,CME_MINI:ES1!,7777.25,7777.25,7774.25,7774.5,1726.0,2026-08
2026-08-07 19:41:00,CME_MINI:ES1!,7774.75,7774.75,7772.75,7774.0,1510.0,2026-08
2026-08-07 19:42:00,CME_MINI:ES1!,7774.25,7776.0,7774.0,7775.75,1817.0,2026-08
2026-08-07 19:43:00,CME_MINI:ES1!,7776.0,7776.0,7774.0,7774.0,1121.0,2026-08
2026-08-07 19:44:00,CME_MINI:ES1!,7774.0,7775.5,7773.25,7773.25,1805.0,2026-08
2026-08-07 19:45:00,CME_MINI:ES1!,7773.25,7775.75,7773.0,7775.25,2781.0,2026-08
2026-08-07 19:46:00,CME_MINI:ES1!,7775.25,7776.5,7774.5,7775.5,2176.0,2026-08
2026-08-07 19:47:00,CME_MINI:ES1!,7775.5,7776.0,7773.75,7776.0,2011.0,2026-08
2026-08-07 19:48:00,CME_MINI:ES1!,7775.75,7777.0,7775.0,7776.75,1330.0,2026-08
2026-08-07 19:49:00,CME_MINI:ES1!,7776.75,7777.5,7776.0,7776.25,1786.0,2026-08
2026-08-07 19:50:00,CME_MINI:ES1!,7776.25,7778.5,7775.25,7777.25,3694.0,2026-08
2026-08-07 19:51:00,CME_MINI:ES1!,7777.0,7777.5,7774.5,7774.75,3309.0,2026-08
2026-08-07 19:52:00,CME_MINI:ES1!,7774.75,7776.0,7774.0,7775.0,2318.0,2026-08
2026-08-07 19:53:00,CME_MINI:ES1!,7775.0,7777.5,7774.5,7777.25,2389.0,2026-08
2026-08-07 19:54:00,CME_MINI:ES1!,7777.5,7778.75,7775.75,7775.75,3888.0,2026-08
2026-08-07 19:55:00,CME_MINI:ES1!,7775.75,7780.5,7775.5,7776.75,6929.0,2026-08
2026-08-07 19:56:00,CME_MINI:ES1!,7777.0,7777.5,7775.5,7776.75,4401.0,2026-08
2026-08-07 19:57:00,CME_MINI:ES1!,7777.0,7780.0,7776.25,7778.5,5428.0,2026-08
2026-08-07 19:58:00,CME_MINI:ES1!,7778.75,7783.5,7778.25,7783.25,7638.0,2026-08
2026-08-07 19:59:00,CME_MINI:ES1!,7783.0,7785.5,7777.25,7778.25,53633.0,2026-08
2026-08-07 20:00:00,CME_MINI:ES1!,7778.5,7781.25,7777.0,7777.75,18066.0,2026-08
2026-08-07 20:01:00,CME_MINI:ES1!,7777.5,7779.5,7777.5,7779.0,2384.0,2026-08
2026-08-07 20:02:00,CME_MINI:ES1!,7779.0,7779.0,7776.5,7777.25,2279.0,2026-08
2026-08-07 20:03:00,CME_MINI:ES1!,7777.5,7778.0,7776.5,7776.75,1923.0,2026-08
2026-08-07 20:04:00,CME_MINI:ES1!,7776.75,7778.0,7775.25,7775.75,1900.0,2026-08
2026-08-07 20:05:00,CME_MINI:ES1!,7775.75,7777.75,7775.25,7775.75,1665.0,2026-08
2026-08-07 20:06:00,CME_MINI:ES1!,7775.75,7775.75,7774.5,7774.75,1185.0,2026-08
2026-08-07 20:07:00,CME_MINI:ES1!,7774.5,7775.25,7774.25,7775.0,857.0,2026-08
2026-08-07 20:08:00,CME_MINI:ES1!,7774.75,7775.0,7774.0,7774.25,1388.0,2026-08
2026-08-07 20:09:00,CME_MINI:ES1!,7774.25,7775.25,7774.0,7774.5,936.0,2026-08
2026-08-07 20:10:00,CME_MINI:ES1!,7774.75,7775.0,7774.0,7775.0,687.0,2026-08
2026-08-07 20:11:00,CME_MINI:ES1!,7774.75,7775.5,7774.5,7774.75,623.0,2026-08
2026-08-07 20:12:00,CME_MINI:ES1!,7774.75,7775.25,7774.25,7775.25,577.0,2026-08
2026-08-07 20:13:00,CME_MINI:ES1!,7775.25,7776.0,7774.75,7775.5,764.0,2026-08
2026-08-07 20:14:00,CME_MINI:ES1!,7775.5,7776.25,7775.25,7775.25,858.0,2026-08
2026-08-07 20:15:00,CME_MINI:ES1!,7775.5,7777.0,7775.25,7776.0,488.0,2026-08
2026-08-07 20:16:00,CME_MINI:ES1!,7775.75,7775.75,7775.0,7775.25,194.0,2026-08
2026-08-07 20:17:00,CME_MINI:ES1!,7775.0,7775.5,7774.25,7774.75,543.0,2026-08
2026-08-07 20:18:00,CME_MINI:ES1!,7774.75,7775.75,7774.25,7775.75,436.0,2026-08
2026-08-07 20:19:00,CME_MINI:ES1!,7775.75,7776.0,7775.25,7775.75,226.0,2026-08
2026-08-07 20:20:00,CME_MINI:ES1!,7775.75,7775.75,7774.75,7774.75,234.0,2026-08
2026-08-07 20:21:00,CME_MINI:ES1!,7774.75,7774.75,7773.75,7774.0,348.0,2026-08
2026-08-07 20:22:00,CME_MINI:ES1!,7774.25,7774.25,7773.75,7773.75,524.0,2026-08
2026-08-07 20:23:00,CME_MINI:ES1!,7773.75,7774.0,7773.75,7774.0,173.0,2026-08
2026-08-07 20:24:00,CME_MINI:ES1!,7774.0,7774.5,7773.75,7774.5,431.0,2026-08
2026-08-07 20:25:00,CME_MINI:ES1!,7774.5,7775.0,7774.25,7774.25,466.0,2026-08
2026-08-07 20:26:00,CME_MINI:ES1!,7774.0,7774.5,7774.0,7774.0,90.0,2026-08
2026-08-07 20:27:00,CME_MINI:ES1!,7774.0,7774.25,7773.75,7774.25,222.0,2026-08
2026-08-07 20:28:00,CME_MINI:ES1!,7774.0,7774.25,7773.75,7774.0,152.0,2026-08
2026-08-07 20:29:00,CME_MINI:ES1!,7774.0,7774.0,7773.0,7773.25,536.0,2026-08
2026-08-07 20:30:00,CME_MINI:ES1!,7773.25,7773.75,7773.0,7773.5,264.0,2026-08
2026-08-07 20:31:00,CME_MINI:ES1!,7773.5,7774.0,7773.5,7773.75,92.0,2026-08
2026-08-07 20:32:00,CME_MINI:ES1!,7774.0,7774.0,7773.75,7773.75,53.0,2026-08
2026-08-07 20:33:00,CME_MINI:ES1!,7774.0,7774.75,7773.75,7774.5,216.0,2026-08
2026-08-07 20:34:00,CME_MINI:ES1!,7774.5,7776.0,7774.25,7776.0,457.0,2026-08
2026-08-07 20:35:00,CME_MINI:ES1!,7776.0,7776.25,7775.75,7776.25,251.0,2026-08
2026-08-07 20:36:00,CME_MINI:ES1!,7776.25,7777.0,7776.0,7777.0,356.0,2026-08
2026-08-07 20:37:00,CME_MINI:ES1!,7777.0,7777.25,7776.5,7776.5,203.0,2026-08
2026-08-07 20:38:00,CME_MINI:ES1!,7776.25,7776.75,7776.25,7776.75,76.0,2026-08
2026-08-07 20:39:00,CME_MINI:ES1!,7776.75,7776.75,7776.25,7776.5,92.0,2026-08
2026-08-07 20:40:00,CME_MINI:ES1!,7776.75,7776.75,7776.0,7776.25,157.0,2026-08
2026-08-07 20:41:00,CME_MINI:ES1!,7776.25,7776.5,7776.0,7776.5,271.0,2026-08
2026-08-07 20:42:00,CME_MINI:ES1!,7776.5,7776.5,7776.0,7776.25,100.0,2026-08
2026-08-07 20:43:00,CME_MINI:ES1!,7776.0,7776.25,7775.75,7776.0,221.0,2026-08
2026-08-07 20:44:00,CME_MINI:ES1!,7776.0,7776.25,7775.5,7776.0,163.0,2026-08
2026-08-07 20:45:00,CME_MINI:ES1!,7776.0,7776.5,7775.5,7776.0,301.0,2026-08
2026-08-07 20:46:00,CME_MINI:ES1!,7776.0,7776.25,7775.5,7776.0,173.0,2026-08
2026-08-07 20:47:00,CME_MINI:ES1!,7775.75,7776.25,7775.5,7775.75,149.0,2026-08
2026-08-07 20:48:00,CME_MINI:ES1!,7775.75,7776.0,7775.25,7775.5,200.0,2026-08
2026-08-07 20:49:00,CME_MINI:ES1!,7775.25,7776.0,7775.25,7775.25,239.0,2026-08
2026-08-07 20:50:00,CME_MINI:ES1!,7775.5,7776.25,7775.25,7776.25,157.0,2026-08
2026-08-07 20:51:00,CME_MINI:ES1!,7776.25,7776.5,7775.5,7776.25,150.0,2026-08
2026-08-07 20:52:00,CME_MINI:ES1!,7776.25,7776.25,7776.0,7776.25,88.0,2026-08
2026-08-07 20:53:00,CME_MINI:ES1!,7776.25,7776.5,7776.0,7776.5,131.0,2026-08
2026-08-07 20:54:00,CME_MINI:ES1!,7776.5,7776.5,7776.0,7776.25,193.0,2026-08
2026-08-07 20:55:00,CME_MINI:ES1!,7776.5,7776.75,7776.0,7776.0,330.0,2026-08
2026-08-07 20:56:00,CME_MINI:ES1!,7776.0,7777.0,7776.0,7776.75,175.0,2026-08
2026-08-07 20:57:00,CME_MINI:ES1!,7776.75,7777.0,7776.75,7777.0,103.0,2026-08
2026-08-07 20:58:00,CME_MINI:ES1!,7777.25,7777.5,7776.75,7777.25,227.0,2026-08
2026-08-07 20:59:00,CME_MINI:ES1!,7777.25,7779.5,7777.25,7777.25,1731.0,2026-08
2026-08-09 22:00:00,CME_MINI:ES1!,7776.75,7779.25,7773.5,7774.75,1011.0,2026-08
2026-08-09 22:01:00,CME_MINI:ES1!,7775.0,7777.0,7774.25,7774.25,196.0,2026-08
2026-08-09 22:02:00,CME_MINI:ES1!,7774.0,7775.75,7773.75,7774.5,278.0,2026-08
2026-08-09 22:03:00,CME_MINI:ES1!,7775.0,7775.0,7772.5,7772.5,299.0,2026-08
2026-08-09 22:04:00,CME_MINI:ES1!,7772.75,7773.25,7770.5,7772.25,417.0,2026-08
2026-08-09 22:05:00,CME_MINI:ES1!,7772.5,7772.5,7769.5,7771.25,294.0,2026-08
2026-08-09 22:06:00,CME_MINI:ES1!,7771.25,7771.25,7769.5,7770.25,153.0,2026-08
2026-08-09 22:07:00,CME_MINI:ES1!,7770.25,7772.0,7769.5,7771.75,173.0,2026-08
2026-08-09 22:08:00,CME_MINI:ES1!,7771.5,7772.75,7771.5,7771.75,161.0,2026-08
2026-08-09 22:09:00,CME_MINI:ES1!,7771.5,7772.25,7771.25,7771.75,67.0,2026-08
2026-08-09 22:10:00,CME_MINI:ES1!,7772.0,7773.5,7771.75,7773.25,201.0,2026-08
2026-08-09 22:11:00,CME_MINI:ES1!,7773.25,7773.25,7770.25,7770.25,185.0,2026-08
2026-08-09 22:12:00,CME_MINI:ES1!,7770.5,7771.5,7769.5,7771.5,246.0,2026-08
2026-08-09 22:13:00,CME_MINI:ES1!,7771.5,7772.0,7771.25,7771.5,123.0,2026-08
2026-08-09 22:14:00,CME_MINI:ES1!,7771.75,7771.75,7767.0,7768.25,664.0,2026-08
2026-08-09 22:15:00,CME_MINI:ES1!,7768.5,7768.5,7766.0,7766.25,232.0,2026-08
2026-08-09 22:16:00,CME_MINI:ES1!,7766.5,7767.0,7765.5,7766.25,255.0,2026-08
2026-08-09 22:17:00,CME_MINI:ES1!,7766.5,7767.0,7763.0,7763.75,516.0,2026-08
2026-08-09 22:18:00,CME_MINI:ES1!,7763.5,7765.25,7763.5,7764.75,136.0,2026-08
2026-08-09 22:19:00,CME_MINI:ES1!,7764.75,7765.5,7764.5,7765.25,207.0,2026-08
2026-08-09 22:20:00,CME_MINI:ES1!,7765.25,7767.75,7765.0,7767.25,304.0,2026-08
2026-08-09 22:21:00,CME_MINI:ES1!,7767.25,7767.5,7766.0,7767.0,172.0,2026-08
2026-08-09 22:22:00,CME_MINI:ES1!,7767.25,7767.75,7767.25,7767.5,121.0,2026-08
2026-08-09 22:23:00,CME_MINI:ES1!,7767.25,7767.25,7766.5,7766.75,91.0,2026-08
2026-08-09 22:24:00,CME_MINI:ES1!,7767.0,7768.25,7767.0,7768.25,118.0,2026-08
2026-08-09 22:25:00,CME_MINI:ES1!,7768.25,7768.75,7767.75,7768.75,99.0,2026-08
2026-08-09 22:26:00,CME_MINI:ES1!,7768.75,7769.75,7768.5,7769.5,105.0,2026-08
2026-08-09 22:27:00,CME_MINI:ES1!,7769.75,7769.75,7769.25,7769.75,78.0,2026-08
2026-08-09 22:28:00,CME_MINI:ES1!,7769.75,7770.25,7768.0,7768.25,147.0,2026-08
2026-08-09 22:29:00,CME_MINI:ES1!,7768.5,7769.75,7767.5,7769.25,122.0,2026-08
2026-08-09 22:30:00,CME_MINI:ES1!,7769.25,7770.5,7768.75,7769.5,114.0,2026-08
2026-08-09 22:31:00,CME_MINI:ES1!,7769.75,7769.75,7768.5,7768.75,84.0,2026-08
2026-08-09 22:32:00,CME_MINI:ES1!,7768.75,7769.5,7768.75,7768.75,87.0,2026-08
2026-08-09 22:33:00,CME_MINI:ES1!,7768.75,7768.75,7767.25,7767.5,55.0,2026-08
2026-08-09 22:34:00,CME_MINI:ES1!,7767.75,7767.75,7766.5,7766.5,81.0,2026-08
2026-08-09 22:35:00,CME_MINI:ES1!,7767.0,7767.0,7766.75,7766.75,20.0,2026-08
2026-08-09 22:36:00,CME_MINI:ES1!,7766.75,7767.5,7766.5,7766.75,93.0,2026-08
2026-08-09 22:37:00,CME_MINI:ES1!,7766.75,7767.75,7766.75,7767.75,59.0,2026-08
2026-08-09 22:38:00,CME_MINI:ES1!,7767.75,7768.75,7767.5,7768.25,47.0,2026-08
2026-08-09 22:39:00,CME_MINI:ES1!,7768.25,7768.25,7768.0,7768.0,19.0,2026-08
2026-08-09 22:40:00,CME_MINI:ES1!,7768.25,7769.5,7768.25,7768.75,66.0,2026-08
2026-08-09 22:41:00,CME_MINI:ES1!,7768.75,7769.75,7768.75,7769.25,87.0,2026-08
2026-08-09 22:42:00,CME_MINI:ES1!,7769.0,7769.5,7769.0,7769.0,23.0,2026-08
2026-08-09 22:43:00,CME_MINI:ES1!,7769.0,7769.25,7768.75,7769.25,39.0,2026-08
2026-08-09 22:44:00,CME_MINI:ES1!,7769.25,7769.25,7768.5,7768.75,33.0,2026-08
2026-08-09 22:45:00,CME_MINI:ES1!,7768.75,7768.75,7767.75,7768.5,103.0,2026-08
2026-08-09 22:46:00,CME_MINI:ES1!,7768.25,7768.5,7768.0,7768.25,38.0,2026-08
2026-08-09 22:47:00,CME_MINI:ES1!,7768.5,7769.0,7767.75,7769.0,96.0,2026-08
2026-08-09 22:48:00,CME_MINI:ES1!,7769.0,7769.0,7768.5,7769.0,36.0,2026-08
2026-08-09 22:49:00,CME_MINI:ES1!,7769.25,7769.25,7768.25,7768.25,60.0,2026-08
2026-08-09 22:50:00,CME_MINI:ES1!,7768.5,7769.0,7768.5,7769.0,25.0,2026-08
2026-08-09 22:51:00,CME_MINI:ES1!,7769.25,7769.5,7769.0,7769.0,49.0,2026-08
2026-08-09 22:52:00,CME_MINI:ES1!,7769.0,7769.25,7768.75,7769.25,37.0,2026-08
2026-08-09 22:53:00,CME_MINI:ES1!,7769.0,7769.0,7768.5,7769.0,30.0,2026-08
2026-08-09 22:54:00,CME_MINI:ES1!,7769.25,7769.5,7769.0,7769.25,26.0,2026-08
2026-08-09 22:55:00,CME_MINI:ES1!,7769.25,7769.25,7768.75,7768.75,15.0,2026-08
2026-08-09 22:56:00,CME_MINI:ES1!,7768.75,7769.25,7768.75,7769.0,17.0,2026-08
2026-08-09 22:57:00,CME_MINI:ES1!,7768.75,7769.0,7768.75,7768.75,10.0,2026-08
2026-08-09 22:58:00,CME_MINI:ES1!,7768.5,7769.0,7768.5,7769.0,11.0,2026-08
2026-08-09 22:59:00,CME_MINI:ES1!,7768.75,7768.75,7768.5,7768.5,6.0,2026-08
2026-08-09 23:00:00,CME_MINI:ES1!,7769.0,7769.5,7768.75,7769.25,59.0,2026-08
2026-08-09 23:01:00,CME_MINI:ES1!,7768.75,7768.75,7767.25,7768.25,83.0,2026-08
2026-08-09 23:02:00,CME_MINI:ES1!,7768.5,7769.0,7768.5,7769.0,22.0,2026-08
2026-08-09 23:03:00,CME_MINI:ES1!,7769.0,7769.75,7769.0,7769.5,60.0,2026-08
2026-08-09 23:04:00,CME_MINI:ES1!,7769.75,7770.0,7769.5,7770.0,38.0,2026-08
2026-08-09 23:05:00,CME_MINI:ES1!,7769.75,7770.25,7769.75,7770.0,25.0,2026-08
2026-08-09 23:06:00,CME_MINI:ES1!,7770.0,7770.25,7770.0,7770.0,27.0,2026-08
2026-08-09 23:07:00,CME_MINI:ES1!,7770.0,7772.0,7770.0,7772.0,317.0,2026-08
2026-08-09 23:08:00,CME_MINI:ES1!,7772.0,7772.25,7771.5,7772.0,90.0,2026-08
2026-08-09 23:09:00,CME_MINI:ES1!,7771.75,7771.75,7771.5,7771.75,44.0,2026-08
2026-08-09 23:10:00,CME_MINI:ES1!,7771.5,7772.25,7771.5,7772.0,90.0,2026-08
2026-08-09 23:11:00,CME_MINI:ES1!,7772.0,7772.0,7771.5,7771.75,30.0,2026-08
2026-08-09 23:12:00,CME_MINI:ES1!,7771.75,7771.75,7771.5,7771.75,20.0,2026-08
2026-08-09 23:13:00,CME_MINI:ES1!,7771.75,7771.75,7771.5,7771.5,13.0,2026-08
2026-08-09 23:14:00,CME_MINI:ES1!,7771.5,7772.0,7771.5,7771.75,14.0,2026-08
2026-08-09 23:15:00,CME_MINI:ES1!,7771.5,7772.0,7771.5,7772.0,16.0,2026-08
2026-08-09 23:16:00,CME_MINI:ES1!,7771.5,7772.5,7771.5,7772.25,67.0,2026-08
2026-08-09 23:17:00,CME_MINI:ES1!,7772.25,7772.25,7771.75,7772.0,34.0,2026-08
2026-08-09 23:18:00,CME_MINI:ES1!,7771.75,7772.0,7771.5,7771.5,52.0,2026-08
2026-08-09 23:19:00,CME_MINI:ES1!,7772.0,7772.25,7771.5,7771.75,9.0,2026-08
2026-08-09 23:20:00,CME_MINI:ES1!,7771.75,7772.0,7771.75,7772.0,16.0,2026-08
2026-08-09 23:21:00,CME_MINI:ES1!,7772.0,7772.25,7771.75,7772.0,18.0,2026-08
2026-08-09 23:22:00,CME_MINI:ES1!,7772.0,7772.0,7771.75,7772.0,3.0,2026-08
2026-08-09 23:23:00,CME_MINI:ES1!,7772.0,7772.5,7772.0,7772.5,18.0,2026-08
2026-08-09 23:24:00,CME_MINI:ES1!,7772.5,7773.25,7772.0,7772.0,189.0,2026-08
2026-08-09 23:25:00,CME_MINI:ES1!,7772.0,7772.25,7772.0,7772.25,24.0,2026-08
2026-08-09 23:26:00,CME_MINI:ES1!,7772.0,7772.75,7771.75,7772.25,16.0,2026-08
2026-08-09 23:27:00,CME_MINI:ES1!,7772.25,7772.5,7772.0,7772.25,22.0,2026-08
2026-08-09 23:28:00,CME_MINI:ES1!,7772.25,7772.75,7772.25,7772.25,18.0,2026-08
2026-08-09 23:29:00,CME_MINI:ES1!,7772.25,7772.25,7771.25,7771.75,97.0,2026-08
2026-08-09 23:30:00,CME_MINI:ES1!,7771.75,7772.0,7769.75,7769.75,317.0,2026-08
2026-08-09 23:31:00,CME_MINI:ES1!,7769.75,7770.0,7767.75,7768.0,236.0,2026-08
2026-08-09 23:32:00,CME_MINI:ES1!,7768.0,7768.75,7768.0,7768.75,66.0,2026-08
2026-08-09 23:33:00,CME_MINI:ES1!,7768.5,7768.75,7768.0,7768.0,317.0,2026-08
2026-08-09 23:34:00,CME_MINI:ES1!,7768.0,7768.5,7767.75,7768.5,120.0,2026-08
2026-08-09 23:35:00,CME_MINI:ES1!,7768.75,7768.75,7768.0,7768.0,20.0,2026-08
2026-08-09 23:36:00,CME_MINI:ES1!,7768.25,7770.25,7768.0,7770.0,71.0,2026-08
2026-08-09 23:37:00,CME_MINI:ES1!,7770.0,7770.0,7769.5,7769.5,31.0,2026-08
2026-08-09 23:38:00,CME_MINI:ES1!,7769.25,7769.5,7769.0,7769.5,23.0,2026-08
2026-08-09 23:39:00,CME_MINI:ES1!,7769.5,7770.5,7769.5,7770.0,30.0,2026-08
2026-08-09 23:40:00,CME_MINI:ES1!,7770.0,7770.5,7770.0,7770.0,20.0,2026-08
2026-08-09 23:41:00,CME_MINI:ES1!,7770.0,7770.0,7769.5,7770.0,31.0,2026-08
2026-08-09 23:42:00,CME_MINI:ES1!,7769.5,7770.75,7769.5,7770.5,55.0,2026-08
2026-08-09 23:43:00,CME_MINI:ES1!,7770.25,7771.5,7770.25,7771.5,171.0,2026-08
2026-08-09 23:44:00,CME_MINI:ES1!,7771.5,7771.5,7770.75,7771.25,104.0,2026-08
2026-08-09 23:45:00,CME_MINI:ES1!,7771.25,7772.5,7771.25,7771.5,194.0,2026-08
2026-08-09 23:46:00,CME_MINI:ES1!,7771.5,7772.25,7771.5,7771.75,54.0,2026-08
2026-08-09 23:47:00,CME_MINI:ES1!,7771.5,7772.0,7770.75,7772.0,214.0,2026-08
2026-08-09 23:48:00,CME_MINI:ES1!,7772.0,7772.25,7771.75,7772.25,103.0,2026-08
2026-08-09 23:49:00,CME_MINI:ES1!,7772.0,7772.0,7771.75,7772.0,39.0,2026-08
2026-08-09 23:50:00,CME_MINI:ES1!,7771.75,7771.75,7770.75,7771.5,322.0,2026-08
2026-08-09 23:51:00,CME_MINI:ES1!,7771.25,7771.25,7770.0,7770.25,122.0,2026-08
2026-08-09 23:52:00,CME_MINI:ES1!,7770.5,7770.5,7770.0,7770.25,53.0,2026-08
2026-08-09 23:53:00,CME_MINI:ES1!,7770.25,7771.25,7770.25,7771.0,57.0,2026-08
2026-08-09 23:54:00,CME_MINI:ES1!,7771.0,7771.0,7769.75,7770.25,46.0,2026-08
2026-08-09 23:55:00,CME_MINI:ES1!,7770.0,7770.0,7769.25,7769.75,99.0,2026-08
2026-08-09 23:56:00,CME_MINI:ES1!,7769.25,7769.5,7768.75,7769.0,71.0,2026-08
2026-08-09 23:57:00,CME_MINI:ES1!,7768.75,7768.75,7766.75,7767.0,150.0,2026-08
2026-08-09 23:58:00,CME_MINI:ES1!,7767.25,7767.75,7766.75,7767.0,98.0,2026-08
2026-08-09 23:59:00,CME_MINI:ES1!,7767.0,7767.5,7766.75,7767.0,105.0,2026-08
2026-08-10 00:00:00,CME_MINI:ES1!,7767.0,7767.0,7765.75,7766.75,572.0,2026-08
2026-08-10 00:01:00,CME_MINI:ES1!,7767.0,7767.25,7765.75,7766.0,282.0,2026-08
2026-08-10 00:02:00,CME_MINI:ES1!,7766.0,7768.25,7765.25,7768.25,299.0,2026-08
2026-08-10 00:03:00,CME_MINI:ES1!,7768.25,7769.25,7767.75,7768.5,152.0,2026-08
2026-08-10 00:04:00,CME_MINI:ES1!,7768.5,7769.0,7767.75,7768.5,113.0,2026-08
2026-08-10 00:05:00,CME_MINI:ES1!,7768.5,7771.25,7768.0,7771.0,267.0,2026-08
2026-08-10 00:06:00,CME_MINI:ES1!,7771.0,7772.5,7770.5,7772.25,334.0,2026-08
2026-08-10 00:07:00,CME_MINI:ES1!,7772.0,7773.25,7771.5,7773.25,289.0,2026-08
2026-08-10 00:08:00,CME_MINI:ES1!,7773.5,7775.75,7773.5,7775.75,446.0,2026-08
2026-08-10 00:09:00,CME_MINI:ES1!,7775.75,7776.25,7774.75,7775.25,222.0,2026-08
2026-08-10 00:10:00,CME_MINI:ES1!,7775.25,7777.75,7774.75,7777.25,304.0,2026-08
2026-08-10 00:11:00,CME_MINI:ES1!,7777.25,7777.75,7776.0,7776.25,210.0,2026-08
2026-08-10 00:12:00,CME_MINI:ES1!,7776.5,7777.25,7776.25,7777.25,58.0,2026-08
2026-08-10 00:13:00,CME_MINI:ES1!,7777.25,7778.0,7776.5,7777.0,113.0,2026-08
2026-08-10 00:14:00,CME_MINI:ES1!,7777.25,7777.5,7776.25,7776.25,81.0,2026-08
2026-08-10 00:15:00,CME_MINI:ES1!,7776.25,7776.25,7774.5,7775.0,278.0,2026-08
2026-08-10 00:16:00,CME_MINI:ES1!,7775.0,7775.75,7774.75,7775.75,125.0,2026-08
2026-08-10 00:17:00,CME_MINI:ES1!,7775.75,7775.75,7775.0,7775.0,87.0,2026-08
2026-08-10 00:18:00,CME_MINI:ES1!,7775.0,7776.0,7774.5,7774.5,97.0,2026-08
2026-08-10 00:19:00,CME_MINI:ES1!,7774.5,7775.0,7774.0,7774.0,139.0,2026-08
2026-08-10 00:20:00,CME_MINI:ES1!,7774.0,7775.5,7774.0,7774.5,131.0,2026-08
2026-08-10 00:21:00,CME_MINI:ES1!,7774.25,7774.25,7773.25,7773.25,100.0,2026-08
2026-08-10 00:22:00,CME_MINI:ES1!,7773.25,7774.5,7773.25,7774.25,69.0,2026-08
2026-08-10 00:23:00,CME_MINI:ES1!,7774.5,7774.5,7772.75,7772.75,134.0,2026-08
2026-08-10 00:24:00,CME_MINI:ES1!,7773.0,7773.0,7771.5,7772.0,182.0,2026-08
2026-08-10 00:25:00,CME_MINI:ES1!,7772.0,7772.25,7771.0,7771.0,126.0,2026-08
2026-08-10 00:26:00,CME_MINI:ES1!,7771.0,7772.5,7770.5,7772.0,139.0,2026-08
2026-08-10 00:27:00,CME_MINI:ES1!,7772.0,7773.0,7771.25,7772.75,113.0,2026-08
2026-08-10 00:28:00,CME_MINI:ES1!,7772.5,7772.5,7771.5,7771.75,101.0,2026-08
2026-08-10 00:29:00,CME_MINI:ES1!,7771.75,7771.75,7770.75,7771.0,105.0,2026-08
2026-08-10 00:30:00,CME_MINI:ES1!,7771.0,7772.25,7770.75,7772.25,109.0,2026-08
2026-08-10 00:31:00,CME_MINI:ES1!,7772.5,7773.0,7772.0,7772.25,97.0,2026-08
2026-08-10 00:32:00,CME_MINI:ES1!,7772.0,7772.5,7771.75,7772.25,102.0,2026-08
2026-08-10 00:33:00,CME_MINI:ES1!,7772.0,7772.75,7771.75,7772.5,47.0,2026-08
2026-08-10 00:34:00,CME_MINI:ES1!,7772.5,7773.0,7772.25,7772.25,79.0,2026-08
2026-08-10 00:35:00,CME_MINI:ES1!,7772.5,7773.0,7771.0,7771.0,265.0,2026-08
2026-08-10 00:36:00,CME_MINI:ES1!,7771.25,7772.25,7770.0,7770.25,142.0,2026-08
2026-08-10 00:37:00,CME_MINI:ES1!,7770.0,7771.25,7769.25,7770.5,174.0,2026-08
2026-08-10 00:38:00,CME_MINI:ES1!,7770.5,7770.75,7769.75,7770.5,85.0,2026-08
2026-08-10 00:39:00,CME_MINI:ES1!,7770.5,7770.75,7769.75,7770.25,143.0,2026-08
2026-08-10 00:40:00,CME_MINI:ES1!,7770.0,7771.75,7769.75,7771.0,104.0,2026-08
2026-08-10 00:41:00,CME_MINI:ES1!,7770.75,7771.0,7770.25,7770.75,112.0,2026-08
2026-08-10 00:42:00,CME_MINI:ES1!,7770.5,7771.0,7769.5,7769.5,122.0,2026-08
2026-08-10 00:43:00,CME_MINI:ES1!,7769.5,7769.5,7768.75,7769.0,84.0,2026-08
2026-08-10 00:44:00,CME_MINI:ES1!,7769.25,7769.75,7769.0,7769.75,85.0,2026-08
2026-08-10 00:45:00,CME_MINI:ES1!,7770.0,7770.5,7769.75,7770.25,118.0,2026-08
2026-08-10 00:46:00,CME_MINI:ES1!,7770.25,7771.0,7770.25,7770.75,72.0,2026-08
2026-08-10 00:47:00,CME_MINI:ES1!,7770.75,7771.75,7770.5,7771.0,83.0,2026-08
2026-08-10 00:48:00,CME_MINI:ES1!,7771.25,7772.0,7771.0,7771.25,94.0,2026-08
2026-08-10 00:49:00,CME_MINI:ES1!,7771.25,7772.25,7771.0,7772.25,125.0,2026-08
2026-08-10 00:50:00,CME_MINI:ES1!,7772.25,7773.0,7771.75,7772.25,134.0,2026-08
2026-08-10 00:51:00,CME_MINI:ES1!,7772.25,7772.25,7770.5,7771.75,107.0,2026-08
2026-08-10 00:52:00,CME_MINI:ES1!,7772.0,7772.5,7771.25,7771.5,109.0,2026-08
2026-08-10 00:53:00,CME_MINI:ES1!,7771.5,7772.25,7771.25,7772.0,75.0,2026-08
2026-08-10 00:54:00,CME_MINI:ES1!,7772.25,7772.5,7771.0,7771.0,60.0,2026-08
2026-08-10 00:55:00,CME_MINI:ES1!,7771.25,7771.5,7770.75,7771.25,63.0,2026-08
2026-08-10 00:56:00,CME_MINI:ES1!,7771.25,7771.25,7769.0,7770.0,175.0,2026-08
2026-08-10 00:57:00,CME_MINI:ES1!,7769.75,7771.5,7769.75,7770.75,104.0,2026-08
2026-08-10 00:58:00,CME_MINI:ES1!,7770.75,7771.0,7770.5,7770.5,49.0,2026-08
2026-08-10 00:59:00,CME_MINI:ES1!,7770.5,7771.0,7770.25,7770.75,47.0,2026-08
2026-08-10 01:00:00,CME_MINI:ES1!,7770.75,7770.75,7769.75,7770.25,168.0,2026-08
2026-08-10 01:01:00,CME_MINI:ES1!,7770.5,7773.25,7770.5,7773.25,215.0,2026-08
2026-08-10 01:02:00,CME_MINI:ES1!,7773.25,7774.0,7772.75,7773.5,239.0,2026-08
2026-08-10 01:03:00,CME_MINI:ES1!,7773.0,7774.0,7773.0,7773.25,75.0,2026-08
2026-08-10 01:04:00,CME_MINI:ES1!,7773.0,7773.5,7772.25,7773.0,155.0,2026-08
2026-08-10 01:05:00,CME_MINI:ES1!,7773.0,7774.75,7773.0,7773.5,188.0,2026-08
2026-08-10 01:06:00,CME_MINI:ES1!,7773.5,7774.25,7772.75,7774.25,128.0,2026-08
2026-08-10 01:07:00,CME_MINI:ES1!,7774.0,7775.0,7774.0,7774.5,81.0,2026-08
2026-08-10 01:08:00,CME_MINI:ES1!,7775.0,7775.75,7774.0,7774.25,142.0,2026-08
2026-08-10 01:09:00,CME_MINI:ES1!,7774.25,7774.75,7774.0,7774.5,66.0,2026-08
2026-08-10 01:10:00,CME_MINI:ES1!,7774.5,7775.25,7774.25,7775.25,91.0,2026-08
2026-08-10 01:11:00,CME_MINI:ES1!,7775.0,7775.5,7774.75,7775.5,84.0,2026-08
2026-08-10 01:12:00,CME_MINI:ES1!,7775.25,7776.0,7775.0,7775.75,131.0,2026-08
2026-08-10 01:13:00,CME_MINI:ES1!,7775.75,7776.25,7775.5,7776.0,109.0,2026-08
2026-08-10 01:14:00,CME_MINI:ES1!,7776.0,7777.25,7775.75,7776.75,196.0,2026-08
2026-08-10 01:15:00,CME_MINI:ES1!,7777.0,7778.0,7776.5,7777.75,223.0,2026-08
2026-08-10 01:16:00,CME_MINI:ES1!,7777.75,7778.5,7777.25,7778.5,181.0,2026-08
2026-08-10 01:17:00,CME_MINI:ES1!,7778.25,7778.25,7777.5,7777.5,82.0,2026-08
2026-08-10 01:18:00,CME_MINI:ES1!,7778.0,7778.0,7777.0,7777.0,102.0,2026-08
2026-08-10 01:19:00,CME_MINI:ES1!,7777.25,7778.25,7777.25,7778.25,87.0,2026-08
2026-08-10 01:20:00,CME_MINI:ES1!,7778.5,7779.0,7777.5,7778.0,167.0,2026-08
2026-08-10 01:21:00,CME_MINI:ES1!,7777.75,7778.5,7777.25,7778.5,71.0,2026-08
2026-08-10 01:22:00,CME_MINI:ES1!,7778.75,7779.25,7778.0,7778.5,190.0,2026-08
2026-08-10 01:23:00,CME_MINI:ES1!,7778.5,7779.25,7778.5,7779.0,81.0,2026-08
2026-08-10 01:24:00,CME_MINI:ES1!,7779.0,7780.0,7778.75,7780.0,222.0,2026-08
2026-08-10 01:25:00,CME_MINI:ES1!,7780.0,7780.0,7779.0,7780.0,75.0,2026-08
2026-08-10 01:26:00,CME_MINI:ES1!,7780.0,7780.0,7779.75,7779.75,73.0,2026-08
2026-08-10 01:27:00,CME_MINI:ES1!,7779.5,7780.25,7779.5,7780.0,81.0,2026-08
2026-08-10 01:28:00,CME_MINI:ES1!,7780.0,7780.5,7779.5,7780.5,95.0,2026-08
2026-08-10 01:29:00,CME_MINI:ES1!,7780.25,7780.25,7779.25,7779.25,160.0,2026-08
2026-08-10 01:30:00,CME_MINI:ES1!,7779.25,7779.25,7778.0,7778.75,141.0,2026-08
2026-08-10 01:31:00,CME_MINI:ES1!,7778.5,7778.75,7776.0,7776.5,258.0,2026-08
2026-08-10 01:32:00,CME_MINI:ES1!,7776.75,7777.75,7776.25,7777.0,148.0,2026-08
2026-08-10 01:33:00,CME_MINI:ES1!,7777.0,7777.5,7776.5,7777.0,84.0,2026-08
2026-08-10 01:34:00,CME_MINI:ES1!,7777.25,7777.5,7777.0,7777.5,59.0,2026-08
2026-08-10 01:35:00,CME_MINI:ES1!,7777.5,7777.75,7776.5,7777.75,121.0,2026-08
2026-08-10 01:36:00,CME_MINI:ES1!,7777.5,7779.0,7777.5,7778.75,178.0,2026-08
2026-08-10 01:37:00,CME_MINI:ES1!,7778.75,7779.5,7778.25,7779.5,83.0,2026-08
2026-08-10 01:38:00,CME_MINI:ES1!,7779.5,7779.5,7778.5,7778.75,85.0,2026-08
2026-08-10 01:39:00,CME_MINI:ES1!,7779.0,7780.25,7778.75,7779.75,130.0,2026-08
2026-08-10 01:40:00,CME_MINI:ES1!,7780.0,7780.0,7778.0,7778.75,86.0,2026-08
2026-08-10 01:41:00,CME_MINI:ES1!,7778.5,7779.25,7778.0,7779.25,41.0,2026-08
2026-08-10 01:42:00,CME_MINI:ES1!,7779.0,7779.0,7778.0,7778.0,40.0,2026-08
2026-08-10 01:43:00,CME_MINI:ES1!,7778.25,7779.0,7778.0,7778.75,30.0,2026-08
2026-08-10 01:44:00,CME_MINI:ES1!,7779.0,7780.0,7778.75,7780.0,77.0,2026-08
2026-08-10 01:45:00,CME_MINI:ES1!,7780.0,7780.0,7779.25,7779.5,88.0,2026-08
2026-08-10 01:46:00,CME_MINI:ES1!,7779.75,7780.0,7779.25,7780.0,59.0,2026-08
2026-08-10 01:47:00,CME_MINI:ES1!,7780.0,7780.25,7780.0,7780.25,44.0,2026-08
2026-08-10 01:48:00,CME_MINI:ES1!,7780.25,7780.5,7779.5,7780.5,119.0,2026-08
2026-08-10 01:49:00,CME_MINI:ES1!,7780.5,7781.0,7780.0,7780.75,126.0,2026-08
2026-08-10 01:50:00,CME_MINI:ES1!,7780.75,7781.0,7780.75,7781.0,92.0,2026-08
2026-08-10 01:51:00,CME_MINI:ES1!,7781.0,7781.25,7780.75,7781.25,76.0,2026-08
2026-08-10 01:52:00,CME_MINI:ES1!,7781.25,7781.5,7780.5,7781.25,139.0,2026-08
2026-08-10 01:53:00,CME_MINI:ES1!,7781.0,7781.25,7780.75,7780.75,58.0,2026-08
2026-08-10 01:54:00,CME_MINI:ES1!,7780.75,7780.75,7780.25,7780.75,56.0,2026-08
2026-08-10 01:55:00,CME_MINI:ES1!,7780.75,7780.75,7780.25,7780.25,72.0,2026-08
2026-08-10 01:56:00,CME_MINI:ES1!,7780.5,7780.5,7780.25,7780.25,39.0,2026-08
2026-08-10 01:57:00,CME_MINI:ES1!,7780.25,7780.75,7780.25,7780.5,56.0,2026-08
2026-08-10 01:58:00,CME_MINI:ES1!,7780.25,7780.75,7780.25,7780.25,54.0,2026-08
2026-08-10 01:59:00,CME_MINI:ES1!,7780.5,7780.75,7780.25,7780.5,27.0,2026-08
2026-08-10 02:00:00,CME_MINI:ES1!,7780.5,7780.75,7780.0,7780.25,88.0,2026-08
2026-08-10 02:01:00,CME_MINI:ES1!,7780.25,7780.25,7780.0,7780.0,2.0,2026-08
